teacher_id,competence_code,competence_nom,domaine,current_level_t3,current_level_t2,current_level_t1,current_level_t,gap_next_3m,lag_gap_t3_t2,lag_gap_t2_t1,lag_gap_t1_t,rolling_tendance,days_since_last_training,training_frequency_per_month,is_long_absent,is_stagnant,avg_level,min_level,max_level,nb_level_5,nb_level_1,nb_savoirs,nb_competences,competency_coverage_rate,nb_formations_completed,nb_formations_in_progress,taux_assiduite,nb_besoins_exprimes,nb_besoins_approuves,avg_eval_score,nb_evaluations,months_since_last_training,engagement_score
ENS028,GC_STRU,Structure Batiment,GC,3,1,1,3,2,-2,0,2,0.0,144,0.08,0,0,2.0,1,3,0,2,3,1,1.0,5,0,0.77,0,0,2.69,2,4,22.23
ENS004,WEB_F,Developpement Web Front,WEB,3,3,1,3,1,0,-2,2,0.0,362,0.42,1,0,2.5,1,3,0,1,3,2,0.5,1,3,0.77,0,0,3.9,3,12,18.15
ENS015,WEB_B,Developpement Web Back,WEB,4,3,3,4,0,-1,0,1,0.0,224,0.0,1,0,3.5,3,4,0,0,2,2,0.5,4,2,0.86,3,2,2.75,4,7,26.8
ENS017,GC_STRU,Structure Batiment,GC,3,5,4,5,1,2,-1,1,0.67,325,0.08,1,0,4.25,3,5,2,0,3,1,1.0,0,1,0.85,0,0,4.23,4,10,18.71
ENS011,GC_STRU,Structure Batiment,GC,2,2,3,2,2,0,1,-1,0.0,211,0.08,1,0,2.25,2,3,0,0,3,2,0.5,5,0,0.77,1,2,3.96,2,7,25.77
ENS016,SEC,Securite Informatique,RT,3,3,3,4,1,0,0,1,0.33,196,0.0,1,0,3.25,3,4,0,0,1,1,1.0,2,3,0.62,1,2,4.25,3,6,21.1
ENS014,GC_STRU,Structure Batiment,GC,2,4,3,3,2,2,-1,0,0.33,103,0.17,0,0,3.0,2,4,0,0,1,1,1.0,5,2,0.84,3,2,3.3,2,3,26.8
ENS010,GC_STRU,Structure Batiment,GC,2,4,3,2,1,2,-1,-1,0.0,108,0.42,0,0,2.75,2,4,0,0,1,3,0.67,3,0,0.67,4,1,3.56,1,3,21.97
ENS015,WEB_B,Developpement Web Back,WEB,3,3,1,3,4,0,-2,2,0.0,358,0.17,1,0,2.5,1,3,0,1,1,2,0.5,3,1,0.7,2,2,4.02,1,11,21.04
ENS004,WEB_F,Developpement Web Front,WEB,4,3,4,4,2,-1,1,0,0.0,221,0.08,1,0,3.75,3,4,0,0,3,3,0.67,0,2,0.72,0,1,4.26,3,7,16.62
ENS016,PROG,Programmation,GL,2,2,2,4,2,0,0,2,0.67,278,0.0,1,0,2.5,2,4,0,0,3,1,1.0,1,3,0.93,1,1,3.56,4,9,20.77
ENS016,RESEAU,Reseaux,RT,1,3,3,3,2,2,0,0,0.67,189,0.25,1,0,2.5,1,3,0,1,3,3,0.67,2,3,0.9,3,0,3.0,1,6,19.0
ENS007,ALG,Algorithmique,GL,2,1,3,3,1,-1,2,0,0.33,142,0.0,0,0,2.25,1,3,0,1,1,3,0.67,5,0,0.6,0,1,2.64,2,4,21.28
ENS020,WEB_F,Developpement Web Front,WEB,2,3,2,1,3,1,-1,-1,-0.33,154,0.25,0,0,2.0,1,3,0,1,2,1,1.0,0,0,0.8,2,1,3.32,1,5,14.14
ENS007,ALG,Algorithmique,GL,3,3,3,1,1,0,0,-2,-0.67,203,0.0,1,1,2.5,1,3,0,1,1,1,1.0,1,3,0.56,1,1,3.43,1,6,14.16
ENS028,WEB_B,Developpement Web Back,WEB,4,5,3,3,1,1,-2,0,-0.33,77,0.08,0,0,3.75,3,5,1,0,1,2,0.5,3,3,0.6,3,0,2.83,1,2,19.16
ENS009,RESEAU,Reseaux,RT,2,2,2,2,4,0,0,0,0.0,109,0.08,0,0,2.0,2,2,0,0,2,1,1.0,0,0,0.84,0,0,3.67,2,3,14.54
ENS030,WEB_B,Developpement Web Back,WEB,3,5,3,3,0,2,-2,0,0.0,64,0.42,0,0,3.5,3,5,1,0,1,2,0.5,0,1,0.76,0,2,2.66,3,2,13.62
ENS028,GC_MAT,Matériaux,GC,3,2,4,4,1,-1,2,0,0.33,165,0.25,0,0,3.25,2,4,0,0,1,3,0.67,5,2,0.71,0,0,3.42,1,5,21.89
ENS022,PROG,Programmation,GL,3,5,3,5,0,2,-2,2,0.67,208,0.0,1,0,4.0,3,5,2,0,1,2,0.5,2,1,0.7,4,2,3.11,1,6,19.22
ENS001,GC_STRU,Structure Batiment,GC,5,5,4,5,0,0,-1,1,0.0,98,0.17,0,0,4.75,4,5,3,0,1,1,1.0,5,1,0.62,4,0,3.94,2,3,27.98
ENS001,PROG,Programmation,GL,5,5,4,5,1,0,-1,1,0.0,77,0.42,0,0,4.75,4,5,3,0,2,2,0.5,0,0,0.65,1,2,4.46,2,2,16.17
ENS014,ANG,Anglais Technique,SUP,3,2,3,3,2,-1,1,0,0.0,87,0.0,0,0,2.75,2,3,0,0,3,1,1.0,4,0,0.88,4,2,2.8,2,2,25.0
ENS030,PROG,Programmation,GL,2,3,3,2,2,1,0,-1,0.0,157,0.42,0,0,2.5,2,3,0,0,1,2,0.5,4,3,0.94,1,0,4.23,2,5,25.16
ENS021,BD,Bases de Donnees,INFO,1,1,1,2,3,0,0,1,0.33,157,0.17,0,0,1.25,1,2,0,3,1,3,0.67,0,3,0.89,3,0,2.9,4,5,19.25
ENS006,ANG,Anglais Technique,SUP,2,2,1,1,0,0,-1,0,-0.33,128,0.25,0,0,1.5,1,2,0,2,2,2,0.5,0,2,0.66,4,1,3.86,3,4,19.52
ENS026,BD,Bases de Donnees,INFO,1,1,2,1,2,0,1,-1,0.0,49,0.0,0,0,1.25,1,2,0,3,3,2,0.5,2,2,0.7,4,0,3.27,2,1,21.04
ENS026,PROG,Programmation,GL,3,2,4,3,1,-1,2,-1,0.0,305,0.42,1,0,3.0,2,4,0,0,3,3,0.67,5,1,0.66,0,2,4.34,3,10,26.48
ENS029,GC_STRU,Structure Batiment,GC,3,1,3,2,3,-2,2,-1,-0.33,197,0.25,1,0,2.25,1,3,0,1,3,2,0.5,4,1,0.59,3,2,4.0,2,6,24.95
ENS002,PROG,Programmation,GL,5,5,4,4,0,0,-1,0,-0.33,185,0.17,1,0,4.5,4,5,2,0,1,2,0.5,4,2,0.71,3,2,2.93,4,6,26.41
ENS010,ANG,Anglais Technique,SUP,3,1,3,1,0,-2,2,-2,-0.67,354,0.33,1,1,2.0,1,3,0,2,2,1,1.0,1,2,0.6,1,0,2.55,2,11,14.1
ENS001,PROG,Programmation,GL,3,4,2,3,2,1,-2,1,0.0,226,0.25,1,0,3.0,2,4,0,0,2,1,1.0,1,0,0.9,0,1,2.94,4,7,18.38
ENS015,WEB_B,Developpement Web Back,WEB,3,5,3,3,2,2,-2,0,0.0,301,0.33,1,0,3.5,3,5,1,0,3,2,0.5,3,3,0.87,4,1,4.29,4,10,28.93
ENS028,GC_STRU,Structure Batiment,GC,3,3,2,4,0,0,-1,2,0.33,296,0.25,1,0,3.0,2,4,0,0,3,1,1.0,2,3,0.53,2,0,3.04,3,9,19.23
ENS016,PED,Pedagogie,SUP,4,2,2,2,1,-2,0,0,-0.67,108,0.42,0,1,2.5,2,4,0,0,1,1,1.0,3,3,0.65,3,1,2.62,4,3,23.49
ENS017,WEB_B,Developpement Web Back,WEB,4,5,5,3,2,1,0,-2,-0.33,274,0.0,1,0,4.25,3,5,2,0,2,2,0.5,3,3,0.74,4,2,4.3,4,9,28.3
ENS008,WEB_B,Developpement Web Back,WEB,3,4,4,4,0,1,0,0,0.33,202,0.42,1,0,3.75,3,4,0,0,3,2,0.5,5,1,0.88,1,2,3.57,4,6,28.54
ENS006,SEC,Securite Informatique,RT,4,4,4,2,0,0,0,-2,-0.67,249,0.08,1,1,3.5,2,4,0,0,2,1,1.0,0,2,0.67,1,1,3.15,4,8,16.65
ENS029,GESTION,Gestion de Projet,SUP,3,3,3,2,0,0,0,-1,-0.33,209,0.08,1,0,2.75,2,3,0,0,3,1,1.0,5,0,0.84,1,0,4.18,2,6,26.56
ENS028,GC_MAT,Matériaux,GC,1,1,1,2,1,0,0,1,0.33,141,0.25,0,0,1.25,1,2,0,3,3,2,0.5,2,1,0.77,0,0,4.43,1,4,18.21
ENS010,GC_MAT,Matériaux,GC,4,2,3,4,3,-2,1,1,0.0,233,0.42,1,0,3.25,2,4,0,0,1,1,1.0,4,1,0.55,2,2,3.7,1,7,21.65
ENS023,GC_STRU,Structure Batiment,GC,3,1,2,3,3,-2,1,1,0.0,65,0.33,0,0,2.25,1,3,0,1,3,2,0.5,0,3,0.87,0,1,4.42,4,2,19.19
ENS019,RESEAU,Reseaux,RT,4,2,3,2,2,-2,1,-1,-0.67,345,0.33,1,1,2.75,2,4,0,0,2,2,0.5,3,2,0.65,1,0,3.06,4,11,22.37
ENS018,WEB_B,Developpement Web Back,WEB,1,1,2,2,3,0,1,0,0.33,44,0.25,0,0,1.5,1,2,0,2,2,1,1.0,3,1,0.66,2,1,3.06,3,1,21.92
ENS001,SEC,Securite Informatique,RT,4,2,4,2,0,-2,2,-2,-0.67,238,0.25,1,1,3.0,2,4,0,0,3,1,1.0,5,3,0.79,3,1,4.09,1,7,26.63
ENS003,PROG,Programmation,GL,3,2,3,4,1,-1,1,1,0.33,327,0.17,1,0,3.0,2,4,0,0,2,3,0.67,4,2,0.69,4,1,3.2,4,10,27.85
ENS011,SEC,Securite Informatique,RT,3,3,3,2,0,0,0,-1,-0.33,128,0.17,0,0,2.75,2,3,0,0,1,3,0.67,4,1,0.59,3,1,3.95,3,4,26.35
ENS020,ALG,Algorithmique,GL,1,1,1,1,3,0,0,0,0.0,184,0.0,1,0,1.0,1,1,0,4,3,3,0.67,1,2,0.52,0,2,3.08,2,6,13.76
ENS006,GC_STRU,Structure Batiment,GC,5,4,3,3,1,-1,-1,0,-0.67,275,0.25,1,1,3.75,3,5,1,0,2,1,1.0,0,2,0.92,3,0,4.14,4,9,21.88
ENS028,BD,Bases de Donnees,INFO,4,3,5,5,1,-1,2,0,0.33,106,0.33,0,0,4.25,3,5,2,0,2,1,1.0,1,0,0.75,3,2,3.69,2,3,19.13
ENS022,GESTION,Gestion de Projet,SUP,3,2,2,2,2,-1,0,0,-0.33,331,0.25,1,0,2.25,2,3,0,0,2,3,0.67,4,0,0.77,0,0,3.75,3,11,23.85
ENS010,ANG,Anglais Technique,SUP,3,1,1,1,1,-2,0,0,-0.67,68,0.08,0,1,1.5,1,3,0,3,1,2,0.5,3,3,0.63,1,1,3.91,4,2,23.97
ENS011,GESTION,Gestion de Projet,SUP,1,3,1,2,2,2,-2,1,0.33,247,0.0,1,0,1.75,1,3,0,2,3,1,1.0,5,1,0.91,1,0,2.62,3,8,25.29
ENS027,PED,Pedagogie,SUP,5,5,5,4,2,0,0,-1,-0.33,185,0.42,1,0,4.75,4,5,3,0,2,2,0.5,4,3,0.7,4,0,4.28,3,6,28.56
ENS005,GESTION,Gestion de Projet,SUP,3,2,1,1,2,-1,-1,0,-0.67,324,0.33,1,1,1.75,1,3,0,2,1,3,0.67,2,0,0.84,1,1,3.54,4,10,22.28
ENS008,PROG,Programmation,GL,3,2,4,3,3,-1,2,-1,0.0,76,0.25,0,0,3.0,2,4,0,0,2,2,0.5,2,2,0.8,1,1,3.32,4,2,21.64
ENS017,PED,Pedagogie,SUP,4,5,4,5,0,1,-1,1,0.33,75,0.17,0,0,4.5,4,5,2,0,2,2,0.5,0,3,0.89,0,2,4.24,4,2,18.93
ENS005,BD,Bases de Donnees,INFO,2,1,1,3,0,-1,0,2,0.33,285,0.42,1,0,1.75,1,3,0,2,2,1,1.0,1,2,0.75,2,1,4.26,4,9,22.27
ENS016,GC_STRU,Structure Batiment,GC,2,2,4,4,1,0,2,0,0.67,189,0.33,1,0,3.0,2,4,0,0,1,3,0.67,3,0,0.6,0,1,4.39,2,6,20.78
ENS030,PROG,Programmation,GL,4,5,4,5,2,1,-1,1,0.33,277,0.25,1,0,4.5,4,5,2,0,1,2,0.5,4,1,0.67,4,2,3.99,2,9,26.33
ENS001,WEB_F,Developpement Web Front,WEB,1,1,1,1,3,0,0,0,0.0,31,0.17,0,0,1.0,1,1,0,4,3,2,0.5,4,3,0.89,3,2,3.47,3,1,26.89
ENS027,GESTION,Gestion de Projet,SUP,4,4,3,3,0,0,-1,0,-0.33,152,0.33,0,0,3.5,3,4,0,0,2,1,1.0,3,0,0.64,3,2,4.33,4,5,26.86
ENS030,GESTION,Gestion de Projet,SUP,4,5,5,3,1,1,0,-2,-0.33,94,0.33,0,0,4.25,3,5,2,0,3,2,0.5,0,3,0.54,3,0,3.94,4,3,19.58
ENS029,ANG,Anglais Technique,SUP,5,4,4,5,1,-1,0,1,0.0,203,0.33,1,0,4.5,4,5,2,0,3,2,0.5,5,0,0.88,4,1,4.41,4,6,33.22
ENS021,PROG,Programmation,GL,5,3,5,3,0,-2,2,-2,-0.67,177,0.08,0,1,4.0,3,5,2,0,3,1,1.0,3,0,0.84,0,1,2.83,3,5,20.36
ENS020,PROG,Programmation,GL,2,2,3,2,1,0,1,-1,0.0,221,0.25,1,0,2.25,2,3,0,0,1,1,1.0,4,3,0.75,1,0,2.85,4,7,24.45
ENS028,RESEAU,Reseaux,RT,3,3,1,2,3,0,-2,1,-0.33,148,0.25,0,0,2.25,1,3,0,1,3,2,0.5,3,2,0.8,3,1,3.86,2,4,23.72
ENS030,GC_STRU,Structure Batiment,GC,1,2,2,3,1,1,0,1,0.67,247,0.42,1,0,2.0,1,3,0,1,2,2,0.5,2,1,0.95,3,0,2.97,3,8,22.19
ENS007,GESTION,Gestion de Projet,SUP,4,3,4,3,0,-1,1,-1,-0.33,232,0.17,1,0,3.5,3,4,0,0,1,3,0.67,5,0,0.91,3,1,4.05,2,7,28.65
ENS007,ANG,Anglais Technique,SUP,3,2,1,3,1,-1,-1,2,0.0,158,0.42,0,0,2.25,1,3,0,1,3,3,0.67,5,1,0.78,0,1,4.08,1,5,23.56
ENS001,GESTION,Gestion de Projet,SUP,3,2,3,1,1,-1,1,-2,-0.67,181,0.17,1,1,2.25,1,3,0,1,3,2,0.5,1,1,0.56,4,1,3.56,3,6,20.42
ENS027,RESEAU,Reseaux,RT,2,3,3,3,2,1,0,0,0.33,88,0.25,0,0,2.75,2,3,0,0,1,1,1.0,1,3,0.94,4,1,2.68,4,2,22.06
ENS030,RESEAU,Reseaux,RT,1,2,3,1,4,1,1,-2,0.0,329,0.25,1,0,1.75,1,3,0,2,3,2,0.5,0,1,0.71,4,2,3.16,2,10,16.87
ENS028,PED,Pedagogie,SUP,5,3,5,4,2,-2,2,-1,-0.33,362,0.25,1,0,4.25,3,5,2,0,1,1,1.0,0,0,0.64,3,0,2.69,2,12,14.58
ENS005,BD,Bases de Donnees,INFO,2,2,2,3,3,0,0,1,0.33,330,0.42,1,0,2.25,2,3,0,0,3,1,1.0,3,0,0.88,4,1,4.38,3,11,27.66
ENS006,WEB_F,Developpement Web Front,WEB,1,3,2,1,2,2,-1,-1,0.0,215,0.0,1,0,1.75,1,3,0,2,3,2,0.5,4,2,0.53,2,0,4.44,4,7,27.53
ENS001,BD,Bases de Donnees,INFO,3,5,3,5,1,2,-2,2,0.67,55,0.17,0,0,4.0,3,5,2,0,1,1,1.0,4,1,0.53,4,0,3.67,2,1,24.99
ENS005,GC_STRU,Structure Batiment,GC,3,2,4,2,0,-1,2,-2,-0.33,104,0.08,0,0,2.75,2,4,0,0,3,2,0.5,1,0,0.8,0,0,2.53,2,3,14.06
ENS013,GESTION,Gestion de Projet,SUP,3,2,1,1,1,-1,-1,0,-0.67,94,0.42,0,1,1.75,1,3,0,2,2,3,0.67,0,0,0.71,2,2,3.69,4,3,18.93
ENS030,SEC,Securite Informatique,RT,5,3,5,3,2,-2,2,-2,-0.67,264,0.42,1,1,4.0,3,5,2,0,1,1,1.0,3,3,0.69,0,1,3.92,4,8,23.29
ENS001,SEC,Securite Informatique,RT,2,2,3,4,0,0,1,1,0.67,94,0.17,0,0,2.75,2,4,0,0,3,3,0.67,4,2,0.67,4,2,3.09,4,3,27.53
ENS025,GESTION,Gestion de Projet,SUP,2,4,2,4,0,2,-2,2,0.67,250,0.25,1,0,3.0,2,4,0,0,1,2,0.5,2,3,0.68,0,1,3.35,3,8,18.6
ENS012,GC_STRU,Structure Batiment,GC,3,2,4,3,0,-1,2,-1,0.0,73,0.0,0,0,3.0,2,4,0,0,2,1,1.0,5,2,0.87,4,0,3.67,3,2,30.19
ENS014,GC_MAT,Matériaux,GC,4,2,3,3,1,-2,1,0,-0.33,56,0.17,0,0,3.0,2,4,0,0,3,2,0.5,2,0,0.76,1,0,3.81,2,1,19.42
ENS009,BD,Bases de Donnees,INFO,1,2,3,2,0,1,1,-1,0.33,172,0.33,0,0,2.0,1,3,0,1,1,2,0.5,4,0,0.77,2,0,2.86,3,5,24.07
ENS025,PROG,Programmation,GL,4,4,3,3,2,0,-1,0,-0.33,65,0.08,0,0,3.5,3,4,0,0,3,3,0.67,0,0,0.84,1,1,3.34,3,2,16.38
ENS014,RESEAU,Reseaux,RT,2,3,3,4,0,1,0,1,0.67,320,0.33,1,0,3.0,2,4,0,0,1,1,1.0,1,1,0.84,0,2,2.66,4,10,17.52
ENS028,GC_STRU,Structure Batiment,GC,3,2,2,3,3,-1,0,1,0.0,140,0.33,0,0,2.5,2,3,0,0,1,2,0.5,3,0,0.63,4,1,3.55,3,4,24.75
ENS008,BD,Bases de Donnees,INFO,1,1,2,3,0,0,1,1,0.67,134,0.17,0,0,1.75,1,3,0,2,1,1,1.0,2,2,0.65,0,1,3.99,2,4,18.23
ENS024,GC_MAT,Matériaux,GC,2,3,4,4,0,1,1,0,0.67,316,0.42,1,0,3.25,2,4,0,0,2,1,1.0,3,0,0.7,3,0,4.22,4,10,26.94
ENS014,SEC,Securite Informatique,RT,4,3,4,4,1,-1,1,0,0.0,237,0.0,1,0,3.75,3,4,0,0,2,1,1.0,4,3,0.87,2,0,3.37,1,7,22.59
ENS001,SEC,Securite Informatique,RT,2,3,4,3,3,1,1,-1,0.33,188,0.42,1,0,3.0,2,4,0,0,2,1,1.0,2,1,0.53,0,2,3.52,3,6,18.19
ENS015,PROG,Programmation,GL,4,5,5,3,0,1,0,-2,-0.33,104,0.17,0,0,4.25,3,5,2,0,1,1,1.0,4,1,0.84,0,0,4.4,4,3,27.0
ENS013,RESEAU,Reseaux,RT,3,4,4,3,2,1,0,-1,0.0,351,0.17,1,0,3.5,3,4,0,0,1,2,0.5,0,3,0.7,2,1,3.68,3,11,17.36
ENS017,ANG,Anglais Technique,SUP,3,1,2,2,2,-2,1,0,-0.33,218,0.17,1,0,2.0,1,3,0,1,1,3,0.67,0,3,0.71,4,2,4.29,4,7,22.13
ENS020,BD,Bases de Donnees,INFO,5,5,3,4,0,0,-2,1,-0.33,61,0.25,0,0,4.25,3,5,2,0,1,2,0.5,5,0,0.73,1,0,3.0,4,2,26.65
ENS002,RESEAU,Reseaux,RT,1,2,2,2,3,1,0,0,0.33,220,0.17,1,0,1.75,1,2,0,1,2,2,0.5,2,0,0.86,2,0,3.16,4,7,22.62
ENS003,PED,Pedagogie,SUP,2,2,3,3,3,0,1,0,0.33,200,0.0,1,0,2.5,2,3,0,0,3,3,0.67,1,2,0.64,3,0,3.69,1,6,17.08
ENS011,SEC,Securite Informatique,RT,3,4,3,4,1,1,-1,1,0.33,299,0.0,1,0,3.5,3,4,0,0,3,3,0.67,3,2,0.51,2,0,4.4,3,9,23.85
ENS003,ANG,Anglais Technique,SUP,2,1,1,1,0,-1,0,0,-0.33,181,0.0,1,0,1.25,1,2,0,3,3,3,0.67,5,0,0.8,4,0,3.69,2,6,28.38
ENS018,SEC,Securite Informatique,RT,2,2,4,4,0,0,2,0,0.67,254,0.0,1,0,3.0,2,4,0,0,2,2,0.5,5,1,0.94,4,1,4.0,4,8,32.7
ENS016,ALG,Algorithmique,GL,1,3,1,2,3,2,-2,1,0.33,129,0.17,0,0,1.75,1,3,0,2,3,3,0.67,3,3,0.85,3,2,3.55,2,4,23.35
ENS019,WEB_B,Developpement Web Back,WEB,1,3,1,2,2,2,-2,1,0.33,276,0.17,1,0,1.75,1,3,0,2,3,1,1.0,5,0,0.63,1,1,3.4,2,9,23.95
ENS002,GC_STRU,Structure Batiment,GC,3,2,2,3,1,-1,0,1,0.0,242,0.0,1,0,2.5,2,3,0,0,2,3,0.67,2,1,0.67,0,1,2.95,3,8,17.75
ENS028,PROG,Programmation,GL,3,5,5,4,1,2,0,-1,0.33,49,0.17,0,0,4.25,3,5,2,0,2,3,0.67,1,3,0.7,0,0,2.54,2,1,13.58
ENS013,ANG,Anglais Technique,SUP,1,3,3,3,1,2,0,0,0.67,177,0.08,0,0,2.5,1,3,0,1,2,1,1.0,0,1,0.69,4,1,2.63,4,5,18.71
ENS011,PED,Pedagogie,SUP,3,3,1,3,3,0,-2,2,0.0,103,0.17,0,0,2.5,1,3,0,1,2,1,1.0,4,2,0.61,3,0,3.83,1,3,23.21
ENS006,PED,Pedagogie,SUP,5,4,3,5,1,-1,-1,2,0.0,229,0.25,1,0,4.25,3,5,2,0,1,3,0.67,3,2,0.61,0,1,4.08,3,7,21.71
ENS011,GESTION,Gestion de Projet,SUP,2,4,4,4,0,2,0,0,0.67,327,0.42,1,0,3.5,2,4,0,0,2,1,1.0,0,2,0.75,1,2,3.43,4,10,17.61
ENS029,GESTION,Gestion de Projet,SUP,4,2,2,2,1,-2,0,0,-0.67,48,0.17,0,1,2.5,2,4,0,0,1,1,1.0,1,0,0.64,2,2,3.3,4,1,19.8
ENS021,BD,Bases de Donnees,INFO,2,1,3,1,0,-1,2,-2,-0.33,54,0.42,0,0,1.75,1,3,0,2,2,2,0.5,0,2,0.7,3,2,3.38,4,1,19.26
ENS018,PED,Pedagogie,SUP,4,3,4,5,2,-1,1,1,0.33,72,0.42,0,0,4.0,3,5,1,0,2,1,1.0,3,1,0.75,2,0,2.66,3,2,21.57
ENS008,SEC,Securite Informatique,RT,4,4,5,5,2,0,1,0,0.33,209,0.25,1,0,4.5,4,5,2,0,1,3,0.67,2,3,0.62,0,0,3.84,4,6,20.78
ENS018,ANG,Anglais Technique,SUP,2,3,3,3,1,1,0,0,0.33,45,0.08,0,0,2.75,2,3,0,0,3,3,0.67,3,0,0.56,1,2,3.23,4,1,22.26
ENS001,GC_STRU,Structure Batiment,GC,4,2,4,2,2,-2,2,-2,-0.67,220,0.25,1,1,3.0,2,4,0,0,1,3,0.67,1,2,0.68,2,0,4.42,1,7,17.74
ENS016,ALG,Algorithmique,GL,3,1,2,3,1,-2,1,1,0.0,317,0.0,1,0,2.25,1,3,0,1,2,2,0.5,5,3,0.6,4,1,3.89,4,10,30.78
ENS027,PROG,Programmation,GL,2,2,2,2,3,0,0,0,0.0,74,0.42,0,0,2.0,2,2,0,0,2,3,0.67,2,0,0.75,2,1,4.2,2,2,21.15
ENS025,WEB_F,Developpement Web Front,WEB,2,3,1,1,2,1,-2,0,-0.33,151,0.25,0,0,1.75,1,3,0,2,1,2,0.5,4,2,0.71,4,0,3.72,1,5,24.49
ENS009,WEB_F,Developpement Web Front,WEB,1,1,1,2,3,0,0,1,0.33,239,0.33,1,0,1.25,1,2,0,3,1,1,1.0,2,0,0.7,4,1,2.76,2,7,20.02
ENS013,PROG,Programmation,GL,3,4,5,3,1,1,1,-2,0.0,185,0.08,1,0,3.75,3,5,1,0,1,2,0.5,5,1,0.66,4,1,4.19,3,6,30.18
ENS012,BD,Bases de Donnees,INFO,1,3,3,2,1,2,0,-1,0.33,185,0.33,1,0,2.25,1,3,0,1,3,1,1.0,4,1,0.77,4,0,2.84,3,6,26.03
ENS013,WEB_B,Developpement Web Back,WEB,5,3,3,3,0,-2,0,0,-0.67,358,0.33,1,1,3.5,3,5,1,0,2,3,0.67,1,3,0.78,0,1,4.28,3,11,18.96
ENS013,GESTION,Gestion de Projet,SUP,3,2,2,1,4,-1,0,-1,-0.67,182,0.25,1,1,2.0,1,3,0,1,1,3,0.67,0,1,0.7,3,1,2.91,2,6,15.32
ENS011,PROG,Programmation,GL,4,5,4,5,1,1,-1,1,0.33,234,0.08,1,0,4.5,4,5,2,0,2,3,0.67,4,0,0.64,3,0,3.03,2,7,23.26
ENS011,GC_STRU,Structure Batiment,GC,1,1,1,2,3,0,0,1,0.33,157,0.08,0,0,1.25,1,2,0,3,2,3,0.67,5,2,0.59,1,1,4.49,4,5,28.93
ENS028,ANG,Anglais Technique,SUP,2,2,2,1,0,0,0,-1,-0.33,231,0.33,1,0,1.75,1,2,0,1,2,1,1.0,1,2,0.52,2,1,3.7,4,7,20.0
ENS012,PROG,Programmation,GL,3,4,2,2,3,1,-2,0,-0.33,217,0.25,1,0,2.75,2,4,0,0,2,1,1.0,3,0,0.76,1,1,3.61,1,7,19.52
ENS017,BD,Bases de Donnees,INFO,4,5,4,5,0,1,-1,1,0.33,349,0.42,1,0,4.5,4,5,2,0,3,1,1.0,1,0,0.68,2,2,4.38,2,11,19.16
ENS011,WEB_F,Developpement Web Front,WEB,1,2,2,1,3,1,0,-1,0.0,49,0.08,0,0,1.5,1,2,0,2,3,2,0.5,3,3,0.57,4,0,3.16,3,1,23.67
ENS014,GC_MAT,Matériaux,GC,2,3,4,4,3,1,1,0,0.67,289,0.33,1,0,3.25,2,4,0,0,3,2,0.5,5,2,0.71,0,1,3.16,1,9,21.37
ENS003,PED,Pedagogie,SUP,4,5,4,5,1,1,-1,1,0.33,335,0.25,1,0,4.5,4,5,2,0,2,3,0.67,4,1,0.82,4,1,2.84,4,11,27.78
ENS012,GC_STRU,Structure Batiment,GC,1,3,1,1,3,2,-2,0,0.0,127,0.0,0,0,1.5,1,3,0,3,2,2,0.5,3,1,0.69,1,1,3.5,4,4,23.45
ENS028,ANG,Anglais Technique,SUP,3,3,1,3,1,0,-2,2,0.0,136,0.33,0,0,2.5,1,3,0,1,2,3,0.67,3,3,0.64,1,1,4.32,3,4,23.34
ENS013,SEC,Securite Informatique,RT,4,3,4,4,3,-1,1,0,0.0,342,0.25,1,0,3.75,3,4,0,0,1,1,1.0,2,2,0.6,2,1,3.91,4,11,22.82
ENS015,PED,Pedagogie,SUP,3,3,3,4,3,0,0,1,0.33,177,0.0,0,0,3.25,3,4,0,0,3,3,0.67,4,3,0.9,3,1,4.41,2,5,27.32
ENS022,ANG,Anglais Technique,SUP,2,1,2,3,0,-1,1,1,0.33,256,0.42,1,0,2.0,1,3,0,1,2,3,0.67,3,1,0.59,4,1,4.37,3,8,26.19
ENS006,SEC,Securite Informatique,RT,3,3,5,5,1,0,2,0,0.67,55,0.42,0,0,4.0,3,5,2,0,3,1,1.0,5,1,0.52,3,1,3.93,1,1,24.96
ENS019,ANG,Anglais Technique,SUP,3,1,1,3,1,-2,0,2,0.0,238,0.42,1,0,2.0,1,3,0,2,2,2,0.5,5,1,0.84,2,1,3.07,1,7,23.84
ENS004,GC_STRU,Structure Batiment,GC,3,5,5,3,0,2,0,-2,0.0,119,0.25,0,0,4.0,3,5,2,0,1,1,1.0,3,3,0.58,2,0,2.52,1,3,17.44
ENS007,BD,Bases de Donnees,INFO,4,4,4,5,2,0,0,1,0.33,98,0.33,0,0,4.25,4,5,1,0,2,2,0.5,1,0,0.65,3,2,3.01,2,3,17.27
ENS008,WEB_B,Developpement Web Back,WEB,3,5,4,4,1,2,-1,0,0.33,119,0.33,0,0,4.0,3,5,1,0,3,2,0.5,3,2,0.54,0,0,4.46,4,3,23.62
ENS002,WEB_B,Developpement Web Back,WEB,4,3,3,4,0,-1,0,1,0.0,258,0.17,1,0,3.5,3,4,0,0,2,2,0.5,4,0,0.62,2,2,2.97,1,8,20.54
ENS015,BD,Bases de Donnees,INFO,2,2,1,2,3,0,-1,1,0.0,90,0.42,0,0,1.75,1,2,0,1,2,2,0.5,4,1,0.6,1,1,2.81,3,3,22.12
ENS005,BD,Bases de Donnees,INFO,2,3,3,2,2,1,0,-1,0.0,156,0.42,0,0,2.5,2,3,0,0,3,1,1.0,4,3,0.74,2,0,4.33,1,5,23.86
ENS024,ALG,Algorithmique,GL,1,3,3,1,2,2,0,-2,0.0,114,0.17,0,0,2.0,1,3,0,2,3,2,0.5,0,1,0.82,3,0,4.3,4,3,21.7
ENS002,GESTION,Gestion de Projet,SUP,1,2,1,3,2,1,-1,2,0.67,316,0.25,1,0,1.75,1,3,0,2,3,2,0.5,5,0,0.68,0,2,2.94,1,10,20.78
ENS001,PROG,Programmation,GL,3,4,4,5,0,1,0,1,0.67,60,0.0,0,0,4.0,3,5,1,0,2,1,1.0,2,3,0.58,1,2,4.46,4,2,22.82
ENS024,GC_STRU,Structure Batiment,GC,4,4,4,4,0,0,0,0,0.0,306,0.08,1,0,4.0,4,4,0,0,3,2,0.5,0,1,0.95,3,2,2.75,2,10,16.25
ENS007,PROG,Programmation,GL,3,3,4,4,0,0,1,0,0.33,302,0.25,1,0,3.5,3,4,0,0,1,1,1.0,3,2,0.57,1,2,4.03,1,10,19.41
ENS021,GC_STRU,Structure Batiment,GC,5,4,5,3,0,-1,1,-2,-0.67,64,0.0,0,1,4.25,3,5,2,0,3,1,1.0,3,0,0.61,0,1,3.38,2,2,18.81
ENS012,PROG,Programmation,GL,3,3,5,4,0,0,2,-1,0.33,324,0.17,1,0,3.75,3,5,1,0,3,3,0.67,5,2,0.61,1,2,3.54,4,10,27.13
ENS026,PROG,Programmation,GL,4,4,3,5,0,0,-1,2,0.33,350,0.42,1,0,4.0,3,5,1,0,2,3,0.67,3,0,0.94,3,2,3.14,4,11,25.98
ENS029,SEC,Securite Informatique,RT,3,2,3,3,0,-1,1,0,0.0,305,0.25,1,0,2.75,2,3,0,0,1,1,1.0,2,1,0.86,0,2,3.33,4,10,20.96
ENS023,PROG,Programmation,GL,5,5,3,4,0,0,-2,1,-0.33,134,0.17,0,0,4.25,3,5,2,0,3,1,1.0,3,2,0.54,1,0,3.04,1,4,17.28
ENS027,BD,Bases de Donnees,INFO,3,3,5,5,1,0,2,0,0.67,275,0.08,1,0,4.0,3,5,2,0,2,2,0.5,0,1,0.92,0,2,4.5,4,9,19.6
ENS005,PROG,Programmation,GL,3,5,5,5,0,2,0,0,0.67,152,0.33,0,0,4.5,3,5,3,0,2,2,0.5,3,3,0.74,2,1,3.02,4,5,23.74
ENS014,GC_MAT,Matériaux,GC,3,2,4,3,1,-1,2,-1,0.0,134,0.17,0,0,3.0,2,4,0,0,2,2,0.5,0,1,0.83,0,1,3.61,4,4,17.37
ENS002,GC_MAT,Matériaux,GC,2,1,1,2,2,-1,0,1,0.0,321,0.08,1,0,1.5,1,2,0,2,2,3,0.67,5,2,0.62,3,2,3.78,4,10,29.66
ENS011,ANG,Anglais Technique,SUP,5,4,5,5,0,-1,1,0,0.0,309,0.25,1,0,4.75,4,5,3,0,1,3,0.67,5,0,0.74,0,2,2.6,1,10,20.4
ENS009,RESEAU,Reseaux,RT,2,1,3,1,2,-1,2,-2,-0.33,107,0.0,0,0,1.75,1,3,0,2,1,3,0.67,3,2,0.53,4,1,3.82,1,3,21.79
ENS006,PROG,Programmation,GL,2,4,4,3,1,2,0,-1,0.33,301,0.42,1,0,3.25,2,4,0,0,2,3,0.67,2,0,0.73,3,0,2.71,1,10,17.57
ENS011,GC_STRU,Structure Batiment,GC,4,2,2,2,2,-2,0,0,-0.67,211,0.17,1,1,2.5,2,4,0,0,2,1,1.0,2,3,0.71,1,2,2.95,1,7,15.95
ENS016,RESEAU,Reseaux,RT,3,3,1,1,4,0,-2,0,-0.67,312,0.25,1,1,2.0,1,3,0,2,1,3,0.67,0,1,0.54,3,2,4.07,1,10,15.34
ENS017,ANG,Anglais Technique,SUP,5,4,4,4,1,-1,0,0,-0.33,168,0.0,0,0,4.25,4,5,1,0,1,3,0.67,2,0,0.58,2,0,4.42,2,5,20.74
ENS009,ALG,Algorithmique,GL,3,2,1,2,1,-1,-1,1,-0.33,153,0.33,0,0,2.0,1,3,0,1,2,3,0.67,4,2,0.67,1,2,3.95,3,5,24.75
ENS026,WEB_F,Developpement Web Front,WEB,2,2,3,2,3,0,1,-1,0.0,339,0.33,1,0,2.25,2,3,0,0,3,2,0.5,2,0,0.79,3,1,2.96,4,11,22.87
ENS004,GESTION,Gestion de Projet,SUP,2,1,3,3,3,-1,2,0,0.33,346,0.17,1,0,2.25,1,3,0,1,1,3,0.67,0,0,0.62,3,2,4.07,2,11,17.24
ENS027,GESTION,Gestion de Projet,SUP,5,4,4,4,0,-1,0,0,-0.33,32,0.17,0,0,4.25,4,5,1,0,2,2,0.5,2,0,0.56,1,1,3.4,4,1,20.6
ENS019,GC_STRU,Structure Batiment,GC,2,2,2,3,2,0,0,1,0.33,227,0.0,1,0,2.25,2,3,0,0,2,2,0.5,3,0,0.83,4,0,3.64,2,7,24.43
ENS009,GC_MAT,Matériaux,GC,4,3,2,2,0,-1,-1,0,-0.67,167,0.25,0,1,2.75,2,4,0,0,1,1,1.0,1,3,0.62,2,1,4.07,3,5,19.74
ENS010,SEC,Securite Informatique,RT,3,2,4,4,1,-1,2,0,0.33,264,0.0,1,0,3.25,2,4,0,0,1,2,0.5,0,3,0.65,4,1,4.11,3,8,19.97
ENS023,PROG,Programmation,GL,4,4,4,5,1,0,0,1,0.33,183,0.17,1,0,4.25,4,5,1,0,3,3,0.67,1,3,0.64,3,1,3.08,4,6,20.36
ENS011,PROG,Programmation,GL,4,2,3,3,1,-2,1,0,-0.33,231,0.17,1,0,3.0,2,4,0,0,1,3,0.67,1,1,0.81,4,0,4.41,4,7,24.87
ENS008,GC_STRU,Structure Batiment,GC,5,3,4,4,0,-2,1,0,-0.33,239,0.42,1,0,4.0,3,5,1,0,2,1,1.0,5,2,0.61,1,2,3.35,4,7,26.75
ENS009,PED,Pedagogie,SUP,1,2,3,2,4,1,1,-1,0.33,308,0.0,1,0,2.0,1,3,0,1,2,3,0.67,4,0,0.55,1,2,3.83,2,10,22.41
ENS010,RESEAU,Reseaux,RT,5,5,3,5,2,0,-2,2,0.0,199,0.25,1,0,4.5,3,5,3,0,1,1,1.0,0,2,0.6,4,2,3.66,2,6,17.32
ENS012,PROG,Programmation,GL,4,4,4,4,1,0,0,0,0.0,206,0.0,1,0,4.0,4,4,0,0,2,1,1.0,2,3,0.91,0,0,4.16,2,6,19.87
ENS009,GC_MAT,Matériaux,GC,1,1,1,1,2,0,0,0,0.0,208,0.25,1,0,1.0,1,1,0,4,1,2,0.5,5,3,0.64,2,0,4.12,1,6,24.94
ENS014,GC_STRU,Structure Batiment,GC,2,3,4,2,1,1,1,-2,0.0,154,0.33,0,0,2.75,2,4,0,0,1,3,0.67,1,2,0.75,3,0,4.1,2,5,19.95
ENS022,WEB_B,Developpement Web Back,WEB,3,5,5,4,0,2,0,-1,0.33,344,0.08,1,0,4.25,3,5,2,0,2,3,0.67,3,3,0.5,1,0,3.06,1,11,17.12
ENS001,PROG,Programmation,GL,5,3,5,3,0,-2,2,-2,-0.67,130,0.25,0,1,4.0,3,5,2,0,1,2,0.5,5,3,0.74,2,2,3.28,4,4,28.26
ENS016,WEB_F,Developpement Web Front,WEB,2,1,1,1,3,-1,0,0,-0.33,182,0.33,1,0,1.25,1,2,0,3,3,1,1.0,5,1,0.64,1,1,2.73,3,6,24.16
ENS006,PROG,Programmation,GL,4,2,4,3,2,-2,2,-1,-0.33,324,0.25,1,0,3.25,2,4,0,0,2,1,1.0,3,1,0.75,3,1,2.78,3,10,22.81
ENS018,GC_STRU,Structure Batiment,GC,4,5,3,4,1,1,-2,1,0.0,99,0.08,0,0,4.0,3,5,1,0,2,3,0.67,4,3,0.68,3,1,3.92,4,3,28.24
ENS027,ALG,Algorithmique,GL,3,2,2,4,0,-1,0,2,0.33,142,0.17,0,0,2.75,2,4,0,0,1,2,0.5,1,2,0.58,3,2,3.99,4,4,21.88
ENS022,ALG,Algorithmique,GL,2,2,1,2,3,0,-1,1,0.0,308,0.17,1,0,1.75,1,2,0,1,3,1,1.0,5,3,0.75,3,0,3.97,2,10,27.69
ENS029,ANG,Anglais Technique,SUP,5,4,5,5,0,-1,1,0,0.0,74,0.25,0,0,4.75,4,5,3,0,1,1,1.0,1,2,0.89,4,2,3.36,2,2,20.17
ENS022,SEC,Securite Informatique,RT,3,3,3,5,0,0,0,2,0.67,173,0.33,0,0,3.5,3,5,1,0,3,1,1.0,2,2,0.63,2,2,4.47,1,5,19.59
ENS020,ALG,Algorithmique,GL,1,1,1,1,4,0,0,0,0.0,97,0.08,0,0,1.0,1,1,0,4,1,3,0.67,2,1,0.84,3,1,2.78,3,3,21.26
ENS025,BD,Bases de Donnees,INFO,3,2,2,2,1,-1,0,0,-0.33,77,0.25,0,0,2.25,2,3,0,0,3,3,0.67,2,2,0.7,3,1,3.66,1,2,19.32
ENS002,WEB_F,Developpement Web Front,WEB,4,3,4,4,2,-1,1,0,0.0,303,0.25,1,0,3.75,3,4,0,0,1,2,0.5,1,3,0.62,2,1,3.59,2,10,17.28
ENS019,WEB_B,Developpement Web Back,WEB,2,1,1,2,3,-1,0,1,0.0,80,0.42,0,0,1.5,1,2,0,2,2,1,1.0,0,1,0.7,0,1,2.9,2,2,12.3
ENS012,GC_MAT,Matériaux,GC,4,3,2,3,1,-1,-1,1,-0.33,214,0.17,1,0,3.0,2,4,0,0,1,2,0.5,5,1,0.52,2,2,3.9,2,7,25.4
ENS001,PED,Pedagogie,SUP,4,5,3,5,0,1,-2,2,0.33,139,0.25,0,0,4.25,3,5,2,0,1,1,1.0,4,1,0.73,3,0,2.52,3,4,24.19
ENS021,GC_STRU,Structure Batiment,GC,1,2,3,1,2,1,1,-2,0.0,226,0.0,1,0,1.75,1,3,0,2,3,1,1.0,0,2,0.67,2,0,3.27,2,7,14.89
ENS027,PED,Pedagogie,SUP,5,5,3,3,1,0,-2,0,-0.67,342,0.42,1,1,4.0,3,5,2,0,1,2,0.5,2,1,0.78,1,1,3.73,4,11,22.36
ENS006,WEB_B,Developpement Web Back,WEB,3,3,3,3,2,0,0,0,0.0,209,0.25,1,0,3.0,3,3,0,0,2,1,1.0,1,2,0.79,1,2,3.7,3,6,18.85
ENS003,GESTION,Gestion de Projet,SUP,5,3,5,4,0,-2,2,-1,-0.33,340,0.33,1,0,4.25,3,5,2,0,1,3,0.67,3,2,0.79,1,1,3.27,2,11,20.49
ENS023,WEB_B,Developpement Web Back,WEB,1,2,2,1,3,1,0,-1,0.0,214,0.17,1,0,1.5,1,2,0,2,1,2,0.5,4,3,0.66,1,1,4.41,1,7,22.62
ENS019,GESTION,Gestion de Projet,SUP,1,3,1,1,2,2,-2,0,0.0,50,0.0,0,0,1.5,1,3,0,3,2,3,0.67,2,3,0.69,3,0,3.78,2,1,21.01
ENS002,GESTION,Gestion de Projet,SUP,3,2,3,2,0,-1,1,-1,-0.33,109,0.33,0,0,2.5,2,3,0,0,2,2,0.5,4,0,0.64,3,2,4.41,2,3,26.02
ENS021,RESEAU,Reseaux,RT,3,3,3,4,0,0,0,1,0.33,343,0.33,1,0,3.25,3,4,0,0,1,2,0.5,5,1,0.55,1,2,2.52,4,11,24.79
ENS012,GC_STRU,Structure Batiment,GC,2,3,3,3,1,1,0,0,0.33,220,0.08,1,0,2.75,2,3,0,0,3,2,0.5,5,0,0.85,0,1,4.11,3,7,26.97
ENS013,ANG,Anglais Technique,SUP,3,1,2,3,2,-2,1,1,0.0,284,0.25,1,0,2.25,1,3,0,1,3,2,0.5,0,3,0.89,1,1,2.81,1,9,12.57
ENS015,ANG,Anglais Technique,SUP,3,3,3,1,1,0,0,-2,-0.67,290,0.0,1,1,2.5,1,3,0,1,1,1,1.0,1,0,0.71,3,0,2.86,1,9,15.77
ENS007,GC_MAT,Matériaux,GC,2,2,2,2,2,0,0,0,0.0,157,0.25,0,0,2.0,2,2,0,0,3,2,0.5,2,0,0.76,0,2,3.85,1,5,17.0
ENS018,GESTION,Gestion de Projet,SUP,1,1,3,1,2,0,2,-2,0.0,268,0.17,1,0,1.5,1,3,0,3,2,2,0.5,0,3,0.5,1,1,3.63,3,8,15.26
ENS028,BD,Bases de Donnees,INFO,3,3,1,2,0,0,-2,1,-0.33,282,0.08,1,0,2.25,1,3,0,1,3,3,0.67,1,1,0.5,3,0,2.97,3,9,17.94
ENS002,GESTION,Gestion de Projet,SUP,3,3,1,2,2,0,-2,1,-0.33,222,0.42,1,0,2.25,1,3,0,1,3,2,0.5,0,1,0.74,1,1,3.48,1,7,13.16
ENS025,ANG,Anglais Technique,SUP,1,3,2,1,1,2,-1,-1,0.0,148,0.33,0,0,1.75,1,3,0,2,2,3,0.67,2,3,0.94,0,2,2.69,2,4,17.08
ENS026,PROG,Programmation,GL,5,4,3,5,2,-1,-1,2,0.0,96,0.08,0,0,4.25,3,5,2,0,2,2,0.5,2,3,0.82,2,1,3.41,2,3,19.92
ENS030,GC_MAT,Matériaux,GC,1,1,1,2,1,0,0,1,0.33,84,0.08,0,0,1.25,1,2,0,3,2,2,0.5,2,3,0.55,2,0,3.4,4,2,21.55
ENS030,GC_STRU,Structure Batiment,GC,2,1,1,1,3,-1,0,0,-0.33,338,0.0,1,0,1.25,1,2,0,3,1,2,0.5,1,0,0.82,2,1,3.53,3,11,19.66
ENS012,WEB_B,Developpement Web Back,WEB,4,3,3,4,1,-1,0,1,0.0,78,0.25,0,0,3.5,3,4,0,0,1,1,1.0,0,0,0.53,1,0,2.9,4,2,15.45
ENS027,PED,Pedagogie,SUP,2,3,3,3,2,1,0,0,0.33,330,0.17,1,0,2.75,2,3,0,0,1,1,1.0,0,1,0.91,3,0,2.68,3,11,17.41
ENS012,RESEAU,Reseaux,RT,1,1,1,1,3,0,0,0,0.0,323,0.25,1,0,1.0,1,1,0,4,3,2,0.5,3,0,0.67,3,0,3.21,2,10,21.77
ENS021,BD,Bases de Donnees,INFO,2,2,2,1,0,0,0,-1,-0.33,347,0.33,1,0,1.75,1,2,0,1,1,3,0.67,2,3,0.69,4,1,2.62,3,11,21.19
ENS004,ALG,Algorithmique,GL,2,1,2,1,2,-1,1,-1,-0.33,352,0.33,1,0,1.5,1,2,0,2,1,2,0.5,5,2,0.72,3,1,4.33,3,11,29.76
ENS017,GESTION,Gestion de Projet,SUP,2,2,1,1,2,0,-1,0,-0.33,142,0.0,0,0,1.5,1,2,0,2,2,1,1.0,3,2,0.85,1,0,2.7,2,4,19.65
ENS022,ALG,Algorithmique,GL,2,3,3,1,2,1,0,-2,-0.33,324,0.25,1,0,2.25,1,3,0,1,2,1,1.0,1,1,0.77,2,2,2.56,3,10,17.47
ENS018,RESEAU,Reseaux,RT,5,5,3,5,2,0,-2,2,0.0,307,0.17,1,0,4.5,3,5,3,0,1,2,0.5,0,0,0.53,4,0,2.54,4,10,17.73
ENS027,WEB_B,Developpement Web Back,WEB,1,1,2,1,3,0,1,-1,0.0,120,0.17,0,0,1.25,1,2,0,3,1,1,1.0,1,1,0.85,4,1,4.42,3,4,23.59
ENS018,BD,Bases de Donnees,INFO,3,3,2,3,1,0,-1,1,0.0,184,0.17,1,0,2.75,2,3,0,0,1,1,1.0,5,3,0.86,3,2,3.13,3,6,28.06
ENS016,WEB_F,Developpement Web Front,WEB,1,2,2,1,2,1,0,-1,0.0,180,0.08,0,0,1.5,1,2,0,2,1,3,0.67,0,3,0.88,4,0,2.86,3,6,18.62
ENS007,WEB_B,Developpement Web Back,WEB,5,3,5,5,0,-2,2,0,0.0,284,0.08,1,0,4.5,3,5,3,0,2,3,0.67,0,1,0.66,2,0,3.77,1,9,14.34
ENS016,RESEAU,Reseaux,RT,4,4,4,4,2,0,0,0,0.0,35,0.17,0,0,4.0,4,4,0,0,1,1,1.0,5,0,0.66,0,2,2.5,4,1,24.3
ENS009,RESEAU,Reseaux,RT,2,3,2,1,4,1,-1,-1,-0.33,223,0.17,1,0,2.0,1,3,0,1,3,2,0.5,0,3,0.85,4,2,4.02,2,7,19.29
ENS023,ANG,Anglais Technique,SUP,1,2,1,1,1,1,-1,0,0.0,193,0.17,1,0,1.25,1,2,0,3,1,1,1.0,2,1,0.9,1,2,2.65,1,6,16.3
ENS026,PROG,Programmation,GL,4,5,5,4,1,1,0,-1,0.0,364,0.08,1,0,4.5,4,5,2,0,3,2,0.5,1,0,0.55,1,0,3.32,3,12,16.89
ENS008,GC_STRU,Structure Batiment,GC,4,3,3,2,0,-1,0,-1,-0.67,231,0.33,1,1,3.0,2,4,0,0,3,2,0.5,1,0,0.66,3,0,3.09,4,7,20.48
ENS022,PED,Pedagogie,SUP,3,3,3,3,0,0,0,0,0.0,179,0.0,0,0,3.0,3,3,0,0,2,1,1.0,2,3,0.71,2,0,3.78,4,5,23.11
ENS024,GC_MAT,Matériaux,GC,2,3,3,3,1,1,0,0,0.33,52,0.17,0,0,2.75,2,3,0,0,2,2,0.5,2,1,0.88,4,0,2.8,1,1,19.5
ENS016,GC_STRU,Structure Batiment,GC,2,4,3,4,1,2,-1,1,0.67,313,0.0,1,0,3.25,2,4,0,0,2,3,0.67,3,3,0.76,1,1,3.1,4,10,23.0
ENS023,BD,Bases de Donnees,INFO,3,1,3,3,2,-2,2,0,0.0,91,0.25,0,0,2.5,1,3,0,1,1,1,1.0,1,1,0.56,3,0,4.48,4,3,22.76
ENS029,PROG,Programmation,GL,3,5,3,5,0,2,-2,2,0.67,64,0.0,0,0,4.0,3,5,2,0,2,3,0.67,3,2,0.89,4,1,4.33,1,2,24.61
ENS011,PED,Pedagogie,SUP,5,5,5,5,0,0,0,0,0.0,242,0.08,1,0,5.0,5,5,4,0,1,3,0.67,4,0,0.92,4,0,4.07,3,8,29.24
ENS007,RESEAU,Reseaux,RT,3,3,3,4,2,0,0,1,0.33,49,0.08,0,0,3.25,3,4,0,0,2,2,0.5,1,3,0.52,2,2,2.98,4,1,18.56
ENS020,GC_STRU,Structure Batiment,GC,2,2,1,2,4,0,-1,1,0.0,189,0.17,1,0,1.75,1,2,0,1,2,3,0.67,5,0,0.94,1,0,3.1,4,6,27.9
ENS019,WEB_B,Developpement Web Back,WEB,4,4,5,4,1,0,1,-1,0.0,126,0.25,0,0,4.25,4,5,1,0,1,2,0.5,5,3,0.84,2,0,3.53,2,4,26.26
ENS023,ANG,Anglais Technique,SUP,1,2,3,3,1,1,1,0,0.67,118,0.08,0,0,2.25,1,3,0,1,1,1,1.0,1,0,0.71,2,2,2.9,3,3,17.85
ENS005,SEC,Securite Informatique,RT,3,4,3,4,1,1,-1,1,0.33,153,0.17,0,0,3.5,3,4,0,0,2,3,0.67,3,1,0.93,3,2,3.6,3,5,25.35
ENS028,ALG,Algorithmique,GL,1,1,2,2,3,0,1,0,0.33,44,0.25,0,0,1.5,1,2,0,2,1,1,1.0,4,1,0.89,1,2,2.91,4,1,25.27
ENS028,PED,Pedagogie,SUP,4,2,4,2,2,-2,2,-2,-0.67,361,0.08,1,1,3.0,2,4,0,0,3,1,1.0,1,2,0.77,2,2,4.43,3,12,21.21
ENS001,WEB_F,Developpement Web Front,WEB,3,3,3,3,1,0,0,0,0.0,268,0.17,1,0,3.0,3,3,0,0,3,3,0.67,4,3,0.76,0,2,4.5,3,8,25.3
ENS007,GESTION,Gestion de Projet,SUP,5,5,5,5,0,0,0,0,0.0,85,0.25,0,0,5.0,5,5,4,0,1,2,0.5,2,2,0.89,2,2,3.92,3,2,22.79
ENS011,GC_STRU,Structure Batiment,GC,2,2,4,2,2,0,2,-2,0.0,193,0.42,1,0,2.5,2,4,0,0,1,3,0.67,0,3,0.95,2,1,3.31,1,6,14.87
ENS003,PROG,Programmation,GL,5,5,5,3,0,0,0,-2,-0.67,143,0.42,0,1,4.5,3,5,3,0,3,3,0.67,3,2,0.73,1,2,4.25,2,4,22.15
ENS022,PROG,Programmation,GL,3,2,3,2,2,-1,1,-1,-0.33,201,0.42,1,0,2.5,2,3,0,0,1,1,1.0,2,1,0.83,2,1,4.08,3,6,22.81
ENS022,RESEAU,Reseaux,RT,2,2,3,2,3,0,1,-1,0.0,270,0.0,1,0,2.25,2,3,0,0,3,3,0.67,4,0,0.71,1,2,2.74,4,9,24.03
ENS021,GESTION,Gestion de Projet,SUP,3,2,2,1,2,-1,0,-1,-0.67,100,0.08,0,1,2.0,1,3,0,1,2,2,0.5,4,3,0.56,1,0,3.48,2,3,21.76
ENS018,RESEAU,Reseaux,RT,2,3,1,1,3,1,-2,0,-0.33,116,0.33,0,0,1.75,1,3,0,2,1,2,0.5,0,1,0.78,3,1,3.36,4,3,19.62
ENS012,BD,Bases de Donnees,INFO,2,1,1,3,0,-1,0,2,0.33,221,0.0,1,0,1.75,1,3,0,2,2,3,0.67,1,0,0.8,1,0,3.89,3,7,19.28
ENS003,ANG,Anglais Technique,SUP,2,1,1,2,3,-1,0,1,0.0,115,0.0,0,0,1.5,1,2,0,2,1,2,0.5,2,3,0.83,4,2,3.18,2,3,21.51
ENS013,RESEAU,Reseaux,RT,3,3,3,2,0,0,0,-1,-0.33,236,0.0,1,0,2.75,2,3,0,0,1,1,1.0,5,1,0.6,0,2,3.51,1,7,21.52
ENS023,WEB_F,Developpement Web Front,WEB,3,4,4,2,1,1,0,-2,-0.33,357,0.17,1,0,3.25,2,4,0,0,3,3,0.67,0,0,0.8,0,0,3.88,4,11,17.76
ENS027,GESTION,Gestion de Projet,SUP,4,4,3,5,0,0,-1,2,0.33,108,0.08,0,0,4.0,3,5,1,0,3,3,0.67,5,0,0.64,0,2,3.54,2,3,23.28
ENS030,RESEAU,Reseaux,RT,2,1,3,3,4,-1,2,0,0.33,88,0.0,0,0,2.25,1,3,0,1,2,1,1.0,4,1,0.85,4,0,3.22,4,2,28.69
ENS008,GC_STRU,Structure Batiment,GC,3,2,2,4,1,-1,0,2,0.33,276,0.17,1,0,2.75,2,4,0,0,1,1,1.0,0,0,0.91,4,2,3.49,1,9,17.03
ENS011,ANG,Anglais Technique,SUP,3,1,3,3,0,-2,2,0,0.0,161,0.42,0,0,2.5,1,3,0,1,1,2,0.5,2,2,0.71,0,0,4.25,3,5,20.55
ENS010,PROG,Programmation,GL,3,4,3,3,2,1,-1,0,0.0,53,0.0,0,0,3.25,3,4,0,0,1,3,0.67,5,1,0.65,3,2,3.04,1,1,23.83
ENS002,ALG,Algorithmique,GL,1,1,1,1,4,0,0,0,0.0,169,0.25,0,0,1.0,1,1,0,4,3,2,0.5,3,1,0.55,0,0,2.71,4,5,20.17
ENS018,GC_STRU,Structure Batiment,GC,4,4,3,2,2,0,-1,-1,-0.67,343,0.0,1,1,3.25,2,4,0,0,3,3,0.67,1,3,0.91,0,1,3.38,1,11,14.81
ENS030,BD,Bases de Donnees,INFO,2,3,2,1,2,1,-1,-1,-0.33,203,0.33,1,0,2.0,1,3,0,1,3,3,0.67,5,0,0.69,1,1,3.19,4,6,26.83
ENS017,GESTION,Gestion de Projet,SUP,3,5,5,3,0,2,0,-2,0.0,110,0.33,0,0,4.0,3,5,2,0,2,2,0.5,1,0,0.84,2,0,3.16,3,3,19.02
ENS025,PROG,Programmation,GL,2,4,2,4,3,2,-2,2,0.67,150,0.0,0,0,3.0,2,4,0,0,2,2,0.5,4,3,0.54,3,1,3.13,4,5,25.96
ENS028,BD,Bases de Donnees,INFO,2,2,1,1,3,0,-1,0,-0.33,315,0.33,1,0,1.5,1,2,0,2,1,1,1.0,4,2,0.9,4,0,3.81,4,10,30.12
ENS023,GC_STRU,Structure Batiment,GC,3,3,2,2,2,0,-1,0,-0.33,316,0.33,1,0,2.5,2,3,0,0,3,2,0.5,5,2,0.82,0,0,4.02,2,10,25.14
ENS029,RESEAU,Reseaux,RT,3,4,4,5,2,1,0,1,0.67,310,0.33,1,0,4.0,3,5,1,0,2,3,0.67,0,0,0.9,3,0,4.14,4,10,21.78
ENS020,RESEAU,Reseaux,RT,2,3,4,2,0,1,1,-2,0.0,231,0.08,1,0,2.75,2,4,0,0,2,1,1.0,5,2,0.55,3,0,4.35,1,7,25.95
ENS013,WEB_F,Developpement Web Front,WEB,2,2,3,3,2,0,1,0,0.33,285,0.0,1,0,2.5,2,3,0,0,3,3,0.67,0,3,0.88,3,2,4.06,2,9,18.52
ENS016,ANG,Anglais Technique,SUP,3,3,1,3,2,0,-2,2,0.0,228,0.42,1,0,2.5,1,3,0,1,3,3,0.67,2,3,0.69,4,2,4.02,3,7,23.99
ENS008,GC_STRU,Structure Batiment,GC,2,2,2,2,2,0,0,0,0.0,241,0.33,1,0,2.0,2,2,0,0,3,3,0.67,4,2,0.88,4,1,3.92,2,8,27.24
ENS010,PED,Pedagogie,SUP,2,2,4,4,1,0,2,0,0.67,206,0.42,1,0,3.0,2,4,0,0,1,3,0.67,5,1,0.73,2,2,2.73,3,6,25.61
ENS003,WEB_F,Developpement Web Front,WEB,4,3,4,4,3,-1,1,0,0.0,303,0.17,1,0,3.75,3,4,0,0,2,1,1.0,4,0,0.51,1,0,3.84,2,10,22.23
ENS022,RESEAU,Reseaux,RT,3,2,3,4,0,-1,1,1,0.33,61,0.42,0,0,3.0,2,4,0,0,2,1,1.0,4,0,0.66,3,0,3.73,2,2,24.76
ENS030,RESEAU,Reseaux,RT,3,3,3,2,2,0,0,-1,-0.33,177,0.42,0,0,2.75,2,3,0,0,3,1,1.0,3,3,0.69,2,2,2.61,3,5,21.17
ENS025,ALG,Algorithmique,GL,2,4,3,2,2,2,-1,-1,0.0,331,0.33,1,0,2.75,2,4,0,0,3,3,0.67,1,1,0.63,1,2,2.65,2,11,14.45
ENS020,PROG,Programmation,GL,5,5,3,4,0,0,-2,1,-0.33,172,0.33,0,0,4.25,3,5,2,0,2,1,1.0,1,2,0.5,3,2,4.37,1,5,17.74
ENS010,ANG,Anglais Technique,SUP,1,2,3,1,3,1,1,-2,0.0,281,0.33,1,0,1.75,1,3,0,2,3,2,0.5,0,2,0.74,1,2,2.64,2,9,12.98
ENS002,BD,Bases de Donnees,INFO,2,3,3,2,0,1,0,-1,0.0,143,0.08,0,0,2.5,2,3,0,0,3,2,0.5,2,2,0.63,4,2,3.45,1,4,19.55
ENS030,PED,Pedagogie,SUP,1,3,2,2,2,2,-1,0,0.33,358,0.33,1,0,2.0,1,3,0,1,3,1,1.0,0,2,0.67,0,1,3.01,3,11,13.87
ENS024,WEB_F,Developpement Web Front,WEB,2,4,3,4,3,2,-1,1,0.67,279,0.0,1,0,3.25,2,4,0,0,2,3,0.67,1,2,0.73,0,0,4.44,1,9,16.03
ENS024,PED,Pedagogie,SUP,5,3,3,5,0,-2,0,2,0.0,247,0.0,1,0,4.0,3,5,2,0,1,3,0.67,5,3,0.79,0,2,3.87,1,8,23.19
ENS019,PED,Pedagogie,SUP,4,5,4,3,0,1,-1,-1,-0.33,57,0.08,0,0,4.0,3,5,1,0,2,3,0.67,0,1,0.91,3,1,3.4,4,1,20.35
ENS005,GC_MAT,Matériaux,GC,2,2,1,2,3,0,-1,1,0.0,358,0.42,1,0,1.75,1,2,0,1,3,1,1.0,5,0,0.82,0,1,4.36,1,11,24.32
ENS030,PROG,Programmation,GL,3,4,3,4,1,1,-1,1,0.33,254,0.25,1,0,3.5,3,4,0,0,2,3,0.67,0,3,0.57,1,0,3.99,3,8,16.33
ENS030,GESTION,Gestion de Projet,SUP,4,2,3,4,1,-2,1,1,0.0,35,0.33,0,0,3.25,2,4,0,0,3,1,1.0,0,0,0.5,4,1,3.57,1,1,15.14
ENS013,SEC,Securite Informatique,RT,3,2,4,4,2,-1,2,0,0.33,138,0.25,0,0,3.25,2,4,0,0,3,3,0.67,1,1,0.58,4,1,2.89,2,4,17.68
ENS021,GC_MAT,Matériaux,GC,3,3,1,3,3,0,-2,2,0.0,178,0.42,0,0,2.5,1,3,0,1,1,2,0.5,0,1,0.83,3,1,3.21,2,5,16.57
ENS005,GC_STRU,Structure Batiment,GC,2,3,4,2,2,1,1,-2,0.0,278,0.25,1,0,2.75,2,4,0,0,2,3,0.67,5,2,0.81,1,2,3.63,3,9,26.81
ENS013,SEC,Securite Informatique,RT,3,2,2,3,0,-1,0,1,0.0,143,0.42,0,0,2.5,2,3,0,0,3,3,0.67,3,2,0.88,1,2,3.97,4,4,25.34
ENS011,SEC,Securite Informatique,RT,3,3,3,3,1,0,0,0,0.0,119,0.42,0,0,3.0,3,3,0,0,3,1,1.0,2,1,0.9,1,1,3.97,1,3,18.94
ENS011,PROG,Programmation,GL,5,3,3,5,1,-2,0,2,0.0,332,0.08,1,0,4.0,3,5,2,0,1,3,0.67,2,3,0.79,1,1,3.28,3,11,20.01
ENS009,WEB_F,Developpement Web Front,WEB,1,2,3,3,1,1,1,0,0.67,216,0.33,1,0,2.25,1,3,0,1,1,3,0.67,1,1,0.84,1,1,2.82,2,7,15.84
ENS012,GC_STRU,Structure Batiment,GC,3,3,2,2,1,0,-1,0,-0.33,279,0.08,1,0,2.5,2,3,0,0,1,2,0.5,2,1,0.52,1,2,4.32,3,9,20.74
ENS007,WEB_B,Developpement Web Back,WEB,4,4,4,3,0,0,0,-1,-0.33,362,0.17,1,0,3.75,3,4,0,0,1,3,0.67,4,2,0.88,2,2,3.59,2,12,24.58
ENS018,RESEAU,Reseaux,RT,3,4,3,3,1,1,-1,0,0.0,294,0.17,1,0,3.25,3,4,0,0,2,1,1.0,4,3,0.66,2,1,4.09,1,9,22.98
ENS027,SEC,Securite Informatique,RT,5,3,4,3,0,-2,1,-1,-0.67,293,0.42,1,1,3.75,3,5,1,0,2,1,1.0,1,1,0.57,4,2,4.13,2,9,20.11
ENS028,WEB_B,Developpement Web Back,WEB,4,4,5,3,2,0,1,-2,-0.33,275,0.08,1,0,4.0,3,5,1,0,3,1,1.0,5,3,0.51,0,0,3.65,2,9,22.85
ENS009,GC_STRU,Structure Batiment,GC,3,5,5,3,0,2,0,-2,0.0,58,0.08,0,0,4.0,3,5,2,0,2,1,1.0,4,3,0.77,4,2,2.54,3,1,25.43
ENS003,GC_STRU,Structure Batiment,GC,1,1,2,3,3,0,1,1,0.67,117,0.08,0,0,1.75,1,3,0,2,2,3,0.67,1,1,0.78,4,1,2.84,3,3,20.08
ENS018,GC_STRU,Structure Batiment,GC,2,3,3,1,1,1,0,-2,-0.33,227,0.08,1,0,2.25,1,3,0,1,1,1,1.0,1,3,0.87,4,0,2.85,1,7,17.55
ENS017,PROG,Programmation,GL,5,5,3,3,1,0,-2,0,-0.67,338,0.33,1,1,4.0,3,5,2,0,1,3,0.67,5,3,0.73,2,0,3.9,4,11,29.45
ENS027,GC_STRU,Structure Batiment,GC,1,2,2,2,2,1,0,0,0.33,247,0.08,1,0,1.75,1,2,0,1,2,2,0.5,1,0,0.63,4,1,3.02,1,8,16.69
ENS020,ANG,Anglais Technique,SUP,5,5,4,5,0,0,-1,1,0.0,222,0.42,1,0,4.75,4,5,3,0,1,3,0.67,2,3,0.66,1,1,3.8,3,7,20.4
ENS022,GC_MAT,Matériaux,GC,3,4,3,4,1,1,-1,1,0.33,171,0.42,0,0,3.5,3,4,0,0,2,1,1.0,3,3,0.58,4,2,3.47,3,5,24.34
ENS005,WEB_B,Developpement Web Back,WEB,5,4,5,4,1,-1,1,-1,-0.33,147,0.25,0,0,4.5,4,5,2,0,3,1,1.0,0,1,0.73,2,2,3.73,1,4,14.61
ENS017,PROG,Programmation,GL,3,4,5,3,0,1,1,-2,0.0,271,0.33,1,0,3.75,3,5,1,0,2,1,1.0,0,2,0.6,0,2,2.58,4,9,14.16
ENS005,GC_STRU,Structure Batiment,GC,2,3,3,3,2,1,0,0,0.33,335,0.0,1,0,2.75,2,3,0,0,1,3,0.67,3,3,0.5,4,1,2.89,2,11,21.28
ENS011,ANG,Anglais Technique,SUP,3,1,3,1,1,-2,2,-2,-0.67,365,0.0,1,1,2.0,1,3,0,2,1,1,1.0,2,3,0.66,3,1,3.67,1,12,19.14
ENS009,PROG,Programmation,GL,4,4,2,2,3,0,-2,0,-0.67,207,0.17,1,1,3.0,2,4,0,0,1,3,0.67,1,3,0.92,4,0,3.02,4,6,22.64
ENS022,SEC,Securite Informatique,RT,4,2,4,2,3,-2,2,-2,-0.67,89,0.33,0,1,3.0,2,4,0,0,2,3,0.67,4,2,0.81,3,2,3.47,2,2,24.99
ENS009,WEB_B,Developpement Web Back,WEB,1,1,2,1,3,0,1,-1,0.0,276,0.0,1,0,1.25,1,2,0,3,2,1,1.0,3,1,0.8,1,1,3.32,3,9,22.14
ENS003,PED,Pedagogie,SUP,5,5,3,5,0,0,-2,2,0.0,177,0.0,0,0,4.5,3,5,3,0,2,3,0.67,5,2,0.53,1,1,3.13,2,5,22.91
ENS001,BD,Bases de Donnees,INFO,5,4,3,5,1,-1,-1,2,0.0,285,0.42,1,0,4.25,3,5,2,0,1,1,1.0,5,1,0.89,1,0,2.91,2,9,24.27
ENS024,PED,Pedagogie,SUP,5,4,3,3,0,-1,-1,0,-0.67,70,0.42,0,1,3.75,3,5,1,0,3,2,0.5,4,0,0.84,4,0,4.2,3,2,29.1
ENS022,BD,Bases de Donnees,INFO,3,2,2,3,2,-1,0,1,0.0,123,0.33,0,0,2.5,2,3,0,0,2,2,0.5,1,1,0.52,3,1,4.38,1,4,17.86
ENS012,PED,Pedagogie,SUP,4,3,3,4,3,-1,0,1,0.0,91,0.42,0,0,3.5,3,4,0,0,3,2,0.5,2,0,0.51,1,1,3.66,3,3,19.37
ENS013,WEB_F,Developpement Web Front,WEB,1,2,1,1,3,1,-1,0,0.0,167,0.25,0,0,1.25,1,2,0,3,3,2,0.5,2,1,0.72,1,1,3.9,3,5,20.9
ENS025,RESEAU,Reseaux,RT,4,4,4,4,0,0,0,0,0.0,97,0.33,0,0,4.0,4,4,0,0,3,1,1.0,0,2,0.86,4,1,4.21,2,3,19.72
ENS027,SEC,Securite Informatique,RT,2,4,2,3,1,2,-2,1,0.33,245,0.25,1,0,2.75,2,4,0,0,1,3,0.67,4,2,0.85,2,1,3.62,1,8,22.99
ENS021,BD,Bases de Donnees,INFO,4,3,5,3,0,-1,2,-2,-0.33,160,0.25,0,0,3.75,3,5,1,0,3,1,1.0,3,2,0.62,2,2,3.61,3,5,22.82
ENS019,RESEAU,Reseaux,RT,3,2,3,2,0,-1,1,-1,-0.33,340,0.08,1,0,2.5,2,3,0,0,3,3,0.67,5,1,0.94,2,1,3.15,4,11,29.0
ENS030,ALG,Algorithmique,GL,4,3,2,3,2,-1,-1,1,-0.33,353,0.08,1,0,3.0,2,4,0,0,1,3,0.67,2,3,0.78,4,1,4.2,1,11,21.8
ENS017,WEB_B,Developpement Web Back,WEB,3,3,4,3,0,0,1,-1,0.0,364,0.17,1,0,3.25,3,4,0,0,3,2,0.5,4,3,0.62,3,1,4.0,4,12,28.1
ENS029,BD,Bases de Donnees,INFO,4,3,3,3,0,-1,0,0,-0.33,150,0.42,0,0,3.25,3,4,0,0,2,3,0.67,5,0,0.59,3,0,2.69,4,5,27.33
ENS018,PROG,Programmation,GL,4,2,2,3,2,-2,0,1,-0.33,83,0.17,0,0,2.75,2,4,0,0,3,1,1.0,0,3,0.64,1,2,3.07,2,2,13.34
ENS029,WEB_B,Developpement Web Back,WEB,1,2,1,1,2,1,-1,0,0.0,212,0.17,1,0,1.25,1,2,0,3,2,2,0.5,4,2,0.75,1,2,3.58,4,7,25.91
ENS017,SEC,Securite Informatique,RT,4,4,4,4,3,0,0,0,0.0,207,0.25,1,0,4.0,4,4,0,0,3,1,1.0,0,3,0.64,3,1,2.81,1,6,13.32
ENS002,PED,Pedagogie,SUP,3,5,3,4,0,2,-2,1,0.33,303,0.0,1,0,3.75,3,5,1,0,3,2,0.5,3,2,0.5,3,1,3.69,1,10,20.38
ENS027,RESEAU,Reseaux,RT,3,2,1,2,4,-1,-1,1,-0.33,232,0.08,1,0,2.0,1,3,0,1,1,3,0.67,5,3,0.87,1,1,2.66,2,7,23.67
ENS015,BD,Bases de Donnees,INFO,3,3,3,3,1,0,0,0,0.0,362,0.42,1,0,3.0,3,3,0,0,3,2,0.5,3,1,0.88,1,0,3.08,4,12,23.56
ENS007,BD,Bases de Donnees,INFO,3,2,2,3,1,-1,0,1,0.0,194,0.0,1,0,2.5,2,3,0,0,1,1,1.0,4,0,0.58,0,1,3.04,4,6,22.98
ENS020,ANG,Anglais Technique,SUP,5,4,4,4,0,-1,0,0,-0.33,282,0.08,1,0,4.25,4,5,1,0,2,2,0.5,2,3,0.95,3,2,4.08,3,9,24.41
ENS024,SEC,Securite Informatique,RT,2,2,2,3,0,0,0,1,0.33,308,0.25,1,0,2.25,2,3,0,0,1,1,1.0,2,3,0.87,0,2,3.0,4,10,20.35
ENS008,GC_MAT,Matériaux,GC,2,4,2,2,0,2,-2,0,0.0,296,0.42,1,0,2.5,2,4,0,0,1,2,0.5,3,2,0.92,1,2,3.96,1,9,21.02
ENS012,GESTION,Gestion de Projet,SUP,2,2,3,2,2,0,1,-1,0.0,56,0.42,0,0,2.25,2,3,0,0,1,1,1.0,1,3,0.65,1,1,3.67,4,1,19.59
ENS010,GC_MAT,Matériaux,GC,2,2,2,4,1,0,0,2,0.67,335,0.08,1,0,2.5,2,4,0,0,2,1,1.0,1,1,0.72,4,1,4.36,1,11,19.82
ENS009,ALG,Algorithmique,GL,1,1,2,1,4,0,1,-1,0.0,94,0.25,0,0,1.25,1,2,0,3,1,2,0.5,4,2,0.86,3,2,2.89,4,3,27.08
ENS001,PROG,Programmation,GL,3,4,2,3,3,1,-2,1,0.0,254,0.33,1,0,3.0,2,4,0,0,2,3,0.67,5,3,0.59,1,2,3.2,4,8,26.35
ENS029,PROG,Programmation,GL,4,5,5,3,0,1,0,-2,-0.33,109,0.25,0,0,4.25,3,5,2,0,2,2,0.5,4,2,0.7,4,1,3.97,1,3,24.94
ENS006,SEC,Securite Informatique,RT,5,4,5,3,0,-1,1,-2,-0.67,62,0.42,0,1,4.25,3,5,2,0,3,2,0.5,1,3,0.84,1,2,3.07,4,2,19.34
ENS003,BD,Bases de Donnees,INFO,5,4,3,3,0,-1,-1,0,-0.67,52,0.08,0,1,3.75,3,5,1,0,1,1,1.0,1,0,0.72,0,0,3.64,4,1,18.88
ENS028,GC_MAT,Matériaux,GC,4,3,4,4,1,-1,1,0,0.0,55,0.17,0,0,3.75,3,4,0,0,1,3,0.67,5,0,0.51,1,2,3.48,1,1,22.01
ENS029,WEB_F,Developpement Web Front,WEB,1,2,1,1,3,1,-1,0,0.0,218,0.42,1,0,1.25,1,2,0,3,1,3,0.67,2,0,0.83,2,0,4.39,1,7,20.43
ENS027,BD,Bases de Donnees,INFO,3,5,3,5,0,2,-2,2,0.67,128,0.33,0,0,4.0,3,5,2,0,3,1,1.0,4,1,0.75,4,1,3.99,3,4,28.23
ENS014,BD,Bases de Donnees,INFO,2,1,2,2,3,-1,1,0,0.0,115,0.08,0,0,1.75,1,2,0,1,3,2,0.5,4,2,0.8,4,2,3.39,3,3,27.28
ENS026,GESTION,Gestion de Projet,SUP,3,4,3,3,1,1,-1,0,0.0,195,0.33,1,0,3.25,3,4,0,0,1,3,0.67,4,1,0.67,4,2,3.01,4,6,27.37
ENS020,RESEAU,Reseaux,RT,2,2,1,3,2,0,-1,2,0.33,175,0.33,0,0,2.0,1,3,0,1,1,3,0.67,1,2,0.5,1,0,4.21,1,5,15.42
ENS025,WEB_F,Developpement Web Front,WEB,3,2,3,3,2,-1,1,0,0.0,78,0.0,0,0,2.75,2,3,0,0,2,2,0.5,1,1,0.62,4,0,2.97,3,2,19.54
ENS016,GESTION,Gestion de Projet,SUP,1,3,2,3,3,2,-1,1,0.67,196,0.25,1,0,2.25,1,3,0,1,1,2,0.5,5,0,0.77,2,0,3.96,4,6,29.77
ENS020,GC_MAT,Matériaux,GC,2,2,3,3,3,0,1,0,0.33,243,0.0,1,0,2.5,2,3,0,0,1,3,0.67,5,0,0.79,3,0,3.11,1,8,24.67
ENS022,BD,Bases de Donnees,INFO,2,3,3,1,1,1,0,-2,-0.33,143,0.08,0,0,2.25,1,3,0,1,1,3,0.67,5,3,0.94,4,2,3.51,2,4,28.72
ENS022,ANG,Anglais Technique,SUP,5,5,5,4,0,0,0,-1,-0.33,72,0.25,0,0,4.75,4,5,3,0,3,3,0.67,0,3,0.62,3,2,3.37,2,2,15.84
ENS020,SEC,Securite Informatique,RT,2,3,4,2,2,1,1,-2,0.0,317,0.33,1,0,2.75,2,4,0,0,3,3,0.67,1,1,0.53,3,1,3.87,1,10,16.89
ENS015,BD,Bases de Donnees,INFO,1,3,2,2,0,2,-1,0,0.33,127,0.17,0,0,2.0,1,3,0,1,2,3,0.67,5,0,0.85,1,1,3.73,4,4,28.71
ENS019,GC_MAT,Matériaux,GC,4,2,3,2,2,-2,1,-1,-0.67,132,0.42,0,1,2.75,2,4,0,0,2,1,1.0,5,0,0.55,0,0,4.4,2,4,24.55
ENS026,WEB_B,Developpement Web Back,WEB,4,3,4,5,2,-1,1,1,0.33,260,0.25,1,0,4.0,3,5,1,0,1,2,0.5,1,1,0.59,4,1,3.6,2,8,19.15
ENS006,SEC,Securite Informatique,RT,5,5,5,3,0,0,0,-2,-0.67,299,0.0,1,1,4.5,3,5,3,0,2,1,1.0,0,2,0.59,4,1,2.61,1,9,13.67
ENS023,WEB_B,Developpement Web Back,WEB,1,1,2,1,3,0,1,-1,0.0,85,0.0,0,0,1.25,1,2,0,3,2,3,0.67,3,1,0.94,4,2,2.7,3,2,24.6
ENS026,PROG,Programmation,GL,4,5,5,3,0,1,0,-2,-0.33,286,0.25,1,0,4.25,3,5,2,0,3,3,0.67,0,0,0.61,4,1,3.17,4,9,19.39
ENS017,RESEAU,Reseaux,RT,2,1,1,1,4,-1,0,0,-0.33,350,0.17,1,0,1.25,1,2,0,3,1,3,0.67,2,0,0.78,3,0,4.39,3,11,24.18
ENS022,ANG,Anglais Technique,SUP,1,1,2,2,1,0,1,0,0.33,225,0.33,1,0,1.5,1,2,0,2,3,3,0.67,5,1,0.69,4,0,3.35,3,7,28.65
ENS014,GC_STRU,Structure Batiment,GC,3,2,2,3,2,-1,0,1,0.0,364,0.08,1,0,2.5,2,3,0,0,3,3,0.67,5,1,0.89,2,2,3.91,2,12,27.27
ENS010,GC_STRU,Structure Batiment,GC,3,2,4,4,2,-1,2,0,0.33,64,0.33,0,0,3.25,2,4,0,0,3,3,0.67,0,1,0.64,1,2,2.56,3,2,13.82
ENS006,PROG,Programmation,GL,4,4,4,4,2,0,0,0,0.0,107,0.08,0,0,4.0,4,4,0,0,1,1,1.0,1,0,0.84,4,2,3.03,2,3,19.26
ENS030,PED,Pedagogie,SUP,3,1,1,3,2,-2,0,2,0.0,70,0.42,0,0,2.0,1,3,0,2,2,1,1.0,4,3,0.82,2,0,4.2,4,2,28.5
ENS028,RESEAU,Reseaux,RT,2,1,1,1,2,-1,0,0,-0.33,239,0.0,1,0,1.25,1,2,0,3,2,2,0.5,1,1,0.84,0,0,4.35,4,7,20.9
ENS020,WEB_B,Developpement Web Back,WEB,5,4,5,4,1,-1,1,-1,-0.33,248,0.25,1,0,4.5,4,5,2,0,1,3,0.67,5,3,0.82,3,2,4.38,1,8,27.36
ENS023,BD,Bases de Donnees,INFO,2,1,1,1,3,-1,0,0,-0.33,155,0.33,0,0,1.25,1,2,0,3,3,2,0.5,5,0,0.75,4,2,4.43,2,5,29.61
ENS002,BD,Bases de Donnees,INFO,1,1,1,1,3,0,0,0,0.0,266,0.08,1,0,1.0,1,1,0,4,2,2,0.5,4,0,0.81,1,1,4.16,4,8,27.37
ENS004,GC_STRU,Structure Batiment,GC,2,4,4,2,0,2,0,-2,0.0,329,0.42,1,0,3.0,2,4,0,0,3,1,1.0,3,3,0.65,0,0,3.41,2,10,19.07
ENS019,WEB_B,Developpement Web Back,WEB,4,3,4,4,1,-1,1,0,0.0,93,0.0,0,0,3.75,3,4,0,0,1,3,0.67,3,2,0.54,3,2,4.08,2,3,22.86
ENS012,GC_MAT,Matériaux,GC,2,3,2,1,4,1,-1,-1,-0.33,319,0.42,1,0,2.0,1,3,0,1,1,1,1.0,1,1,0.85,0,1,3.12,4,10,18.49
ENS016,GC_MAT,Matériaux,GC,1,2,1,1,2,1,-1,0,0.0,31,0.33,0,0,1.25,1,2,0,3,2,1,1.0,3,3,0.88,4,0,3.72,4,1,27.84
ENS025,GESTION,Gestion de Projet,SUP,1,1,3,3,4,0,2,0,0.67,256,0.0,1,0,2.0,1,3,0,2,3,3,0.67,0,1,0.9,2,2,3.76,2,8,17.02
ENS024,WEB_B,Developpement Web Back,WEB,1,1,1,1,3,0,0,0,0.0,104,0.0,0,0,1.0,1,1,0,4,3,3,0.67,4,2,0.65,0,0,2.72,2,3,19.69
ENS003,PED,Pedagogie,SUP,2,4,3,4,2,2,-1,1,0.67,263,0.42,1,0,3.25,2,4,0,0,3,2,0.5,0,0,0.85,2,1,4.3,1,8,16.35
ENS029,PED,Pedagogie,SUP,2,3,1,2,3,1,-2,1,0.0,170,0.17,0,0,2.0,1,3,0,1,3,2,0.5,4,1,0.81,4,0,2.72,1,5,22.99
ENS001,WEB_B,Developpement Web Back,WEB,2,3,3,3,4,1,0,0,0.33,248,0.33,1,0,2.75,2,3,0,0,2,2,0.5,4,2,0.92,4,2,3.49,4,8,29.58
ENS027,ANG,Anglais Technique,SUP,2,1,3,1,2,-1,2,-2,-0.33,30,0.0,0,0,1.75,1,3,0,2,1,2,0.5,5,0,0.83,1,2,4.5,4,1,30.15
ENS008,BD,Bases de Donnees,INFO,3,4,4,5,1,1,0,1,0.67,35,0.42,0,0,4.0,3,5,1,0,1,3,0.67,2,2,0.86,2,1,3.51,3,1,21.82
ENS012,WEB_B,Developpement Web Back,WEB,3,3,5,4,0,0,2,-1,0.33,321,0.33,1,0,3.75,3,5,1,0,1,1,1.0,1,2,0.88,3,1,4.09,2,10,20.58
ENS007,GESTION,Gestion de Projet,SUP,2,1,3,2,3,-1,2,-1,0.0,266,0.25,1,0,2.0,1,3,0,1,3,1,1.0,4,2,0.75,2,2,3.57,2,8,23.89
ENS016,PROG,Programmation,GL,5,5,4,4,0,0,-1,0,-0.33,106,0.17,0,0,4.5,4,5,2,0,1,2,0.5,3,1,0.76,3,0,3.69,3,3,24.68
ENS013,GC_MAT,Matériaux,GC,4,3,4,2,0,-1,1,-2,-0.67,74,0.25,0,1,3.25,2,4,0,0,1,2,0.5,3,2,0.6,2,0,2.72,1,2,17.94
ENS026,GC_STRU,Structure Batiment,GC,2,2,3,4,0,0,1,1,0.67,277,0.33,1,0,2.75,2,4,0,0,1,1,1.0,2,3,0.83,4,1,4.05,2,9,23.25
ENS010,ANG,Anglais Technique,SUP,1,3,3,1,1,2,0,-2,0.0,48,0.25,0,0,2.0,1,3,0,2,2,3,0.67,4,0,0.5,0,2,4.2,1,1,20.4
ENS020,ANG,Anglais Technique,SUP,2,2,1,1,2,0,-1,0,-0.33,41,0.33,0,0,1.5,1,2,0,2,2,3,0.67,1,2,0.59,2,1,3.56,4,1,20.07
ENS008,GC_STRU,Structure Batiment,GC,3,1,2,1,1,-2,1,-1,-0.67,88,0.0,0,1,1.75,1,3,0,2,3,3,0.67,4,0,0.59,2,2,3.14,2,2,22.23
ENS017,WEB_F,Developpement Web Front,WEB,2,1,2,1,2,-1,1,-1,-0.33,189,0.33,1,0,1.5,1,2,0,2,2,3,0.67,3,0,0.56,3,2,2.6,4,6,23.0
ENS015,WEB_B,Developpement Web Back,WEB,1,1,2,2,2,0,1,0,0.33,335,0.33,1,0,1.5,1,2,0,2,3,3,0.67,5,3,0.78,2,1,4.13,1,11,25.66
ENS007,GESTION,Gestion de Projet,SUP,2,3,1,1,3,1,-2,0,-0.33,79,0.25,0,0,1.75,1,3,0,2,2,3,0.67,5,3,0.71,1,0,4.22,3,2,27.49
ENS023,BD,Bases de Donnees,INFO,2,2,1,3,2,0,-1,2,0.33,196,0.25,1,0,2.0,1,3,0,1,2,1,1.0,0,3,0.55,3,1,4.19,3,6,18.63
ENS007,PED,Pedagogie,SUP,4,5,5,3,2,1,0,-2,-0.33,84,0.17,0,0,4.25,3,5,2,0,3,3,0.67,0,2,0.74,3,2,3.33,2,2,16.36
ENS015,ANG,Anglais Technique,SUP,3,1,2,2,0,-2,1,0,-0.33,136,0.42,0,0,2.0,1,3,0,1,3,2,0.5,3,2,0.75,1,0,3.83,1,4,19.91
ENS014,PROG,Programmation,GL,5,5,5,4,0,0,0,-1,-0.33,335,0.25,1,0,4.75,4,5,3,0,2,3,0.67,0,3,0.58,3,0,3.7,4,11,19.3
ENS010,PED,Pedagogie,SUP,4,4,5,5,0,0,1,0,0.33,141,0.08,0,0,4.5,4,5,2,0,3,3,0.67,0,1,0.8,3,2,3.08,4,4,19.16
ENS018,GC_MAT,Matériaux,GC,1,1,3,2,2,0,2,-1,0.33,185,0.25,1,0,1.75,1,3,0,2,3,2,0.5,0,0,0.78,4,1,4.2,3,6,20.8
ENS010,ALG,Algorithmique,GL,1,1,2,1,3,0,1,-1,0.0,316,0.17,1,0,1.25,1,2,0,3,1,2,0.5,0,1,0.69,4,1,3.75,4,10,20.95
ENS022,GESTION,Gestion de Projet,SUP,4,4,4,5,0,0,0,1,0.33,118,0.25,0,0,4.25,4,5,1,0,1,1,1.0,4,3,0.88,2,1,2.81,2,3,23.02
ENS024,GC_MAT,Matériaux,GC,1,1,1,3,2,0,0,2,0.67,279,0.42,1,0,1.5,1,3,0,3,2,1,1.0,0,1,0.79,3,1,4.29,4,9,21.53
ENS009,BD,Bases de Donnees,INFO,2,1,1,2,3,-1,0,1,0.0,226,0.17,1,0,1.5,1,2,0,2,1,1,1.0,3,0,0.76,1,2,3.5,4,7,23.8
ENS026,RESEAU,Reseaux,RT,4,4,3,2,2,0,-1,-1,-0.67,218,0.0,1,1,3.25,2,4,0,0,3,2,0.5,5,0,0.56,4,1,3.43,1,7,25.16
ENS007,WEB_B,Developpement Web Back,WEB,5,5,3,3,1,0,-2,0,-0.67,354,0.33,1,1,4.0,3,5,2,0,3,2,0.5,4,0,0.91,4,0,3.44,4,11,29.43
ENS027,SEC,Securite Informatique,RT,4,4,3,3,0,0,-1,0,-0.33,180,0.17,0,0,3.5,3,4,0,0,1,1,1.0,5,2,0.83,4,1,2.62,4,6,29.39
ENS009,ANG,Anglais Technique,SUP,3,1,3,1,3,-2,2,-2,-0.67,349,0.0,1,1,2.0,1,3,0,2,2,2,0.5,0,1,0.73,2,1,2.77,3,11,15.69
ENS021,ANG,Anglais Technique,SUP,2,2,1,3,1,0,-1,2,0.33,119,0.33,0,0,2.0,1,3,0,1,3,1,1.0,5,3,0.67,1,1,4.07,2,3,25.49
ENS016,WEB_B,Developpement Web Back,WEB,2,1,3,1,2,-1,2,-2,-0.33,73,0.08,0,0,1.75,1,3,0,2,3,1,1.0,3,3,0.85,1,2,3.38,2,2,21.01
ENS013,GC_STRU,Structure Batiment,GC,2,4,4,3,0,2,0,-1,0.33,165,0.0,0,0,3.25,2,4,0,0,1,1,1.0,3,3,0.71,3,2,4.4,2,5,24.35
ENS003,GESTION,Gestion de Projet,SUP,4,5,5,4,1,1,0,-1,0.0,301,0.25,1,0,4.5,4,5,2,0,1,2,0.5,3,3,0.81,4,2,4.41,1,10,24.37
ENS009,PED,Pedagogie,SUP,5,5,4,4,2,0,-1,0,-0.33,201,0.17,1,0,4.5,4,5,2,0,2,1,1.0,2,3,0.71,1,2,3.84,2,6,19.23
ENS014,WEB_B,Developpement Web Back,WEB,5,4,5,5,2,-1,1,0,0.0,310,0.0,1,0,4.75,4,5,3,0,3,1,1.0,0,0,0.69,4,0,3.87,3,10,19.69
ENS028,SEC,Securite Informatique,RT,3,5,4,4,0,2,-1,0,0.33,42,0.33,0,0,4.0,3,5,1,0,1,1,1.0,4,1,0.93,0,2,4.42,1,1,22.99
ENS011,SEC,Securite Informatique,RT,4,2,3,4,2,-2,1,1,0.0,86,0.42,0,0,3.25,2,4,0,0,1,2,0.5,2,3,0.8,0,2,3.41,3,2,19.32
ENS025,WEB_F,Developpement Web Front,WEB,2,3,3,2,1,1,0,-1,0.0,67,0.17,0,0,2.5,2,3,0,0,1,2,0.5,3,2,0.95,2,1,2.86,1,2,19.97
ENS028,BD,Bases de Donnees,INFO,4,3,5,4,0,-1,2,-1,0.0,281,0.0,1,0,4.0,3,5,1,0,1,3,0.67,3,1,0.78,0,1,3.93,1,9,19.26
ENS016,PROG,Programmation,GL,3,3,3,5,2,0,0,2,0.67,39,0.25,0,0,3.5,3,5,1,0,1,3,0.67,5,0,0.92,3,1,2.8,3,1,27.7
ENS002,ANG,Anglais Technique,SUP,2,3,1,3,3,1,-2,2,0.33,274,0.25,1,0,2.25,1,3,0,1,2,3,0.67,0,1,0.5,3,0,3.63,3,9,17.26
ENS003,RESEAU,Reseaux,RT,3,4,3,3,0,1,-1,0,0.0,361,0.0,1,0,3.25,3,4,0,0,2,3,0.67,2,0,0.88,2,2,2.91,1,12,17.72
ENS027,SEC,Securite Informatique,RT,3,4,2,3,0,1,-2,1,0.0,352,0.42,1,0,3.0,2,4,0,0,2,2,0.5,0,3,0.83,1,0,2.89,2,11,13.93
ENS020,ANG,Anglais Technique,SUP,2,2,1,3,2,0,-1,2,0.33,303,0.25,1,0,2.0,1,3,0,1,1,1,1.0,2,0,0.65,0,1,2.74,4,10,18.73
ENS020,GC_MAT,Matériaux,GC,3,3,1,3,3,0,-2,2,0.0,48,0.42,0,0,2.5,1,3,0,1,1,2,0.5,5,0,0.71,4,0,2.99,2,1,26.53
ENS008,RESEAU,Reseaux,RT,1,1,2,1,4,0,1,-1,0.0,263,0.33,1,0,1.25,1,2,0,3,1,3,0.67,0,0,0.55,4,2,2.94,2,8,15.63
ENS014,WEB_B,Developpement Web Back,WEB,4,4,5,5,1,0,1,0,0.33,324,0.33,1,0,4.5,4,5,2,0,1,2,0.5,1,0,0.77,2,0,2.74,2,10,16.33
ENS010,ALG,Algorithmique,GL,1,1,2,1,4,0,1,-1,0.0,154,0.33,0,0,1.25,1,2,0,3,1,1,1.0,0,3,0.85,0,1,2.66,1,5,11.07
ENS004,BD,Bases de Donnees,INFO,1,1,3,3,3,0,2,0,0.67,243,0.42,1,0,2.0,1,3,0,2,2,3,0.67,1,1,0.56,2,2,3.4,2,8,16.6
ENS013,PED,Pedagogie,SUP,3,5,5,3,2,2,0,-2,0.0,343,0.0,1,0,4.0,3,5,2,0,3,2,0.5,2,3,0.5,1,0,2.74,1,11,14.48
ENS028,ALG,Algorithmique,GL,4,3,4,4,0,-1,1,0,0.0,350,0.42,1,0,3.75,3,4,0,0,1,2,0.5,0,1,0.55,1,2,4.19,4,11,18.13
ENS029,ALG,Algorithmique,GL,3,2,2,4,1,-1,0,2,0.33,360,0.17,1,0,2.75,2,4,0,0,2,1,1.0,3,2,0.65,3,0,2.71,1,12,19.17
ENS020,GESTION,Gestion de Projet,SUP,3,1,1,1,2,-2,0,0,-0.67,66,0.08,0,1,1.5,1,3,0,3,3,2,0.5,4,2,0.69,2,0,4.06,3,2,26.07
ENS008,PROG,Programmation,GL,2,2,2,4,2,0,0,2,0.67,222,0.08,1,0,2.5,2,4,0,0,1,2,0.5,4,3,0.52,3,0,2.93,4,7,25.46
ENS025,WEB_B,Developpement Web Back,WEB,3,4,4,3,1,1,0,-1,0.0,353,0.17,1,0,3.5,3,4,0,0,2,1,1.0,2,1,0.51,4,0,3.06,1,11,18.17
ENS013,PROG,Programmation,GL,3,3,3,2,2,0,0,-1,-0.33,181,0.33,1,0,2.75,2,3,0,0,1,3,0.67,4,1,0.76,4,0,2.67,4,6,27.14
ENS011,BD,Bases de Donnees,INFO,1,3,2,2,0,2,-1,0,0.33,249,0.42,1,0,2.0,1,3,0,1,1,1,1.0,2,3,0.76,4,0,4.33,1,8,21.96
ENS028,PED,Pedagogie,SUP,4,3,3,4,0,-1,0,1,0.0,247,0.33,1,0,3.5,3,4,0,0,2,2,0.5,5,0,0.7,1,0,3.62,1,8,23.24
ENS024,ANG,Anglais Technique,SUP,5,5,5,4,0,0,0,-1,-0.33,181,0.08,1,0,4.75,4,5,3,0,3,1,1.0,0,3,0.8,1,2,3.42,1,6,13.34
ENS030,ANG,Anglais Technique,SUP,2,2,1,3,2,0,-1,2,0.33,350,0.25,1,0,2.0,1,3,0,1,3,3,0.67,0,0,0.67,2,2,2.57,4,11,16.49
ENS001,GESTION,Gestion de Projet,SUP,4,5,5,5,1,1,0,0,0.33,71,0.33,0,0,4.75,4,5,3,0,2,3,0.67,0,2,0.9,0,1,3.23,1,2,12.46
ENS023,GC_MAT,Matériaux,GC,1,1,1,2,2,0,0,1,0.33,317,0.42,1,0,1.25,1,2,0,3,1,1,1.0,2,1,0.74,3,2,4.38,2,10,22.46
ENS025,ALG,Algorithmique,GL,2,1,1,1,4,-1,0,0,-0.33,171,0.0,0,0,1.25,1,2,0,3,1,2,0.5,2,3,0.72,4,0,3.44,3,5,22.98
ENS020,SEC,Securite Informatique,RT,4,5,4,5,1,1,-1,1,0.33,126,0.25,0,0,4.5,4,5,2,0,1,1,1.0,3,1,0.63,0,0,2.83,1,4,16.31
ENS006,RESEAU,Reseaux,RT,5,3,4,3,1,-2,1,-1,-0.67,180,0.25,0,1,3.75,3,5,1,0,3,3,0.67,1,3,0.66,3,2,3.79,3,6,20.38
ENS028,ALG,Algorithmique,GL,2,2,2,2,2,0,0,0,0.0,240,0.33,1,0,2.0,2,2,0,0,2,3,0.67,5,2,0.72,4,2,3.39,3,8,28.88
ENS029,GC_MAT,Matériaux,GC,3,1,2,1,3,-2,1,-1,-0.67,277,0.17,1,1,1.75,1,3,0,2,2,1,1.0,1,2,0.63,1,2,4.35,3,9,19.35
ENS022,WEB_B,Developpement Web Back,WEB,3,3,5,5,1,0,2,0,0.67,112,0.08,0,0,4.0,3,5,2,0,1,1,1.0,2,1,0.7,2,0,2.91,1,3,16.82
ENS013,RESEAU,Reseaux,RT,5,4,4,3,0,-1,0,-1,-0.67,306,0.08,1,1,4.0,3,5,1,0,3,2,0.5,0,0,0.68,3,0,4.4,3,10,19.7
ENS019,PED,Pedagogie,SUP,1,1,3,3,4,0,2,0,0.67,361,0.42,1,0,2.0,1,3,0,2,2,2,0.5,2,1,0.86,3,1,3.88,4,12,25.06
ENS007,GC_STRU,Structure Batiment,GC,3,3,5,5,0,0,2,0,0.67,42,0.25,0,0,4.0,3,5,2,0,3,1,1.0,3,2,0.54,0,2,3.78,2,1,19.26
ENS005,RESEAU,Reseaux,RT,3,2,2,2,2,-1,0,0,-0.33,74,0.33,0,0,2.25,2,3,0,0,2,1,1.0,3,2,0.77,4,0,4.32,3,2,26.99
ENS015,PROG,Programmation,GL,4,3,5,4,0,-1,2,-1,0.0,220,0.0,1,0,4.0,3,5,1,0,2,2,0.5,2,2,0.94,4,0,2.93,4,7,24.56
ENS001,GC_STRU,Structure Batiment,GC,3,2,2,2,1,-1,0,0,-0.33,247,0.42,1,0,2.25,2,3,0,0,2,1,1.0,4,0,0.56,2,1,4.48,3,8,26.26
ENS024,PED,Pedagogie,SUP,1,3,2,1,2,2,-1,-1,0.0,357,0.17,1,0,1.75,1,3,0,2,2,1,1.0,4,3,0.82,1,0,2.87,4,11,24.84
ENS007,BD,Bases de Donnees,INFO,2,3,2,1,2,1,-1,-1,-0.33,329,0.17,1,0,2.0,1,3,0,1,2,3,0.67,5,3,0.6,0,0,3.03,4,10,25.06
ENS022,PROG,Programmation,GL,3,5,5,4,1,2,0,-1,0.33,360,0.08,1,0,4.25,3,5,2,0,1,1,1.0,2,3,0.95,0,2,3.99,4,12,22.73
ENS019,SEC,Securite Informatique,RT,4,3,3,4,0,-1,0,1,0.0,221,0.33,1,0,3.5,3,4,0,0,3,3,0.67,0,2,0.57,0,0,3.14,2,7,12.13
ENS020,GC_STRU,Structure Batiment,GC,3,2,2,3,0,-1,0,1,0.0,355,0.17,1,0,2.5,2,3,0,0,1,2,0.5,2,0,0.73,1,0,3.7,2,11,19.05
ENS010,GC_STRU,Structure Batiment,GC,3,2,2,3,3,-1,0,1,0.0,215,0.0,1,0,2.5,2,3,0,0,3,3,0.67,2,1,0.51,4,1,3.25,4,7,23.05
ENS027,WEB_F,Developpement Web Front,WEB,1,1,1,1,2,0,0,0,0.0,287,0.08,1,0,1.0,1,1,0,4,1,3,0.67,4,0,0.69,0,0,4.14,1,9,21.23
ENS003,BD,Bases de Donnees,INFO,4,4,4,5,0,0,0,1,0.33,256,0.33,1,0,4.25,4,5,1,0,3,2,0.5,1,2,0.51,0,0,2.76,2,8,13.07
ENS015,SEC,Securite Informatique,RT,5,3,4,3,0,-2,1,-1,-0.67,70,0.25,0,1,3.75,3,5,1,0,3,1,1.0,0,0,0.85,3,0,2.89,1,2,14.53
ENS002,PROG,Programmation,GL,5,5,5,3,1,0,0,-2,-0.67,52,0.0,0,1,4.5,3,5,3,0,2,3,0.67,0,0,0.85,4,0,3.68,2,1,18.61
ENS001,GC_STRU,Structure Batiment,GC,2,4,3,2,0,2,-1,-1,0.0,172,0.33,0,0,2.75,2,4,0,0,2,2,0.5,1,1,0.73,0,0,4.14,1,5,15.43
ENS018,GC_STRU,Structure Batiment,GC,4,2,4,2,1,-2,2,-2,-0.67,305,0.0,1,1,3.0,2,4,0,0,3,1,1.0,1,3,0.66,4,0,3.38,1,10,17.56
ENS012,RESEAU,Reseaux,RT,1,2,2,2,2,1,0,0,0.33,146,0.25,0,0,1.75,1,2,0,1,1,2,0.5,0,3,0.55,1,1,4.02,3,4,16.29
ENS011,ANG,Anglais Technique,SUP,3,3,1,1,1,0,-2,0,-0.67,89,0.25,0,1,2.0,1,3,0,2,2,2,0.5,4,2,0.81,3,0,3.61,3,2,26.77
ENS014,BD,Bases de Donnees,INFO,4,3,3,4,2,-1,0,1,0.0,121,0.0,0,0,3.5,3,4,0,0,3,2,0.5,5,0,0.68,4,2,3.85,1,4,26.6
ENS013,SEC,Securite Informatique,RT,2,3,3,4,0,1,0,1,0.67,116,0.0,0,0,3.0,2,4,0,0,2,1,1.0,2,1,0.77,3,0,2.97,4,3,22.79
ENS012,WEB_B,Developpement Web Back,WEB,5,4,4,5,2,-1,0,1,0.0,359,0.25,1,0,4.5,4,5,2,0,2,2,0.5,5,3,0.94,4,1,2.79,4,11,30.28
ENS007,RESEAU,Reseaux,RT,1,1,2,2,3,0,1,0,0.33,45,0.0,0,0,1.5,1,2,0,2,3,1,1.0,0,3,0.81,1,1,3.71,3,1,16.97
ENS005,GC_STRU,Structure Batiment,GC,2,3,4,4,0,1,1,0,0.67,69,0.42,0,0,3.25,2,4,0,0,3,2,0.5,3,1,0.63,3,1,3.51,3,2,23.67
ENS006,RESEAU,Reseaux,RT,3,3,1,1,3,0,-2,0,-0.67,226,0.25,1,1,2.0,1,3,0,2,2,2,0.5,3,3,0.52,1,2,3.82,3,7,21.74
ENS025,SEC,Securite Informatique,RT,4,2,3,3,1,-2,1,0,-0.33,229,0.25,1,0,3.0,2,4,0,0,1,3,0.67,5,3,0.8,4,2,3.44,2,7,27.88
ENS005,GESTION,Gestion de Projet,SUP,3,1,2,2,3,-2,1,0,-0.33,345,0.42,1,0,2.0,1,3,0,1,2,2,0.5,2,0,0.51,0,0,4.17,3,11,19.39
ENS024,GESTION,Gestion de Projet,SUP,3,3,1,3,1,0,-2,2,0.0,79,0.25,0,0,2.5,1,3,0,1,2,2,0.5,3,2,0.53,1,0,2.97,3,2,20.09
ENS005,SEC,Securite Informatique,RT,4,2,4,2,1,-2,2,-2,-0.67,202,0.08,1,1,3.0,2,4,0,0,1,3,0.67,2,0,0.71,3,2,3.53,4,6,23.61
ENS007,SEC,Securite Informatique,RT,4,3,5,4,2,-1,2,-1,0.0,223,0.33,1,0,4.0,3,5,1,0,2,2,0.5,4,0,0.86,0,2,3.85,3,7,24.5
ENS013,GESTION,Gestion de Projet,SUP,2,3,3,2,2,1,0,-1,0.0,183,0.17,1,0,2.5,2,3,0,0,2,1,1.0,3,0,0.88,4,0,3.07,1,6,22.04
ENS026,ANG,Anglais Technique,SUP,2,3,2,1,2,1,-1,-1,-0.33,326,0.0,1,0,2.0,1,3,0,1,3,2,0.5,2,0,0.75,4,1,3.35,3,10,22.95
ENS020,RESEAU,Reseaux,RT,3,5,4,5,2,2,-1,1,0.67,306,0.17,1,0,4.25,3,5,2,0,1,2,0.5,3,2,0.78,3,2,4.03,2,10,23.96
ENS023,ANG,Anglais Technique,SUP,1,3,3,3,2,2,0,0,0.67,139,0.42,0,0,2.5,1,3,0,1,3,2,0.5,2,3,0.92,0,2,2.9,4,4,20.4
ENS027,WEB_B,Developpement Web Back,WEB,1,1,1,2,3,0,0,1,0.33,252,0.25,1,0,1.25,1,2,0,3,2,1,1.0,5,1,0.88,2,1,3.79,3,8,28.48
ENS011,GC_MAT,Matériaux,GC,4,4,2,3,0,0,-2,1,-0.33,106,0.08,0,0,3.25,2,4,0,0,1,1,1.0,2,3,0.72,3,1,3.79,1,3,19.68
ENS028,PED,Pedagogie,SUP,3,3,4,3,0,0,1,-1,0.0,172,0.42,0,0,3.25,3,4,0,0,3,1,1.0,5,0,0.93,3,0,2.61,1,5,24.37
ENS016,WEB_B,Developpement Web Back,WEB,1,2,1,1,3,1,-1,0,0.0,216,0.42,1,0,1.25,1,2,0,3,3,1,1.0,3,1,0.61,4,2,3.5,1,7,21.55
ENS022,WEB_B,Developpement Web Back,WEB,5,5,5,5,0,0,0,0,0.0,76,0.08,0,0,5.0,5,5,4,0,3,1,1.0,2,2,0.87,3,2,3.99,4,2,25.33
ENS002,SEC,Securite Informatique,RT,3,3,3,3,0,0,0,0,0.0,170,0.25,0,0,3.0,3,3,0,0,2,2,0.5,4,0,0.72,2,2,4.4,3,5,26.9
ENS013,RESEAU,Reseaux,RT,3,2,2,3,2,-1,0,1,0.0,172,0.08,0,0,2.5,2,3,0,0,2,2,0.5,5,2,0.87,0,2,4.43,1,5,24.71
ENS025,GC_MAT,Matériaux,GC,2,2,1,2,2,0,-1,1,0.0,159,0.33,0,0,1.75,1,2,0,1,2,2,0.5,5,2,0.91,0,2,4.23,4,5,29.01
ENS008,WEB_B,Developpement Web Back,WEB,4,3,4,4,0,-1,1,0,0.0,150,0.17,0,0,3.75,3,4,0,0,1,1,1.0,3,2,0.9,3,0,3.05,1,5,21.1
ENS007,WEB_F,Developpement Web Front,WEB,1,1,2,1,3,0,1,-1,0.0,246,0.0,1,0,1.25,1,2,0,3,1,3,0.67,2,0,0.66,4,2,4.13,3,8,24.06
ENS013,BD,Bases de Donnees,INFO,2,3,1,1,1,1,-2,0,-0.33,352,0.25,1,0,1.75,1,3,0,2,3,1,1.0,0,3,0.59,2,1,3.65,1,11,13.75
ENS020,SEC,Securite Informatique,RT,2,2,4,4,1,0,2,0,0.67,334,0.42,1,0,3.0,2,4,0,0,2,2,0.5,3,3,0.89,1,1,2.85,3,11,21.65
ENS015,GC_STRU,Structure Batiment,GC,3,2,2,3,0,-1,0,1,0.0,231,0.25,1,0,2.5,2,3,0,0,3,1,1.0,0,0,0.92,4,2,2.96,1,7,16.02
ENS001,ALG,Algorithmique,GL,2,1,2,3,2,-1,1,1,0.33,235,0.33,1,0,2.0,1,3,0,1,2,3,0.67,2,1,0.54,2,0,4.39,1,7,18.98
ENS015,PROG,Programmation,GL,3,5,5,4,1,2,0,-1,0.33,283,0.0,1,0,4.25,3,5,2,0,1,3,0.67,1,1,0.93,2,1,3.99,4,9,22.63
ENS012,ANG,Anglais Technique,SUP,1,2,1,3,1,1,-1,2,0.67,174,0.42,0,0,1.75,1,3,0,2,3,1,1.0,3,1,0.68,1,0,3.08,3,5,21.06
ENS018,GESTION,Gestion de Projet,SUP,3,5,4,3,0,2,-1,-1,0.0,361,0.25,1,0,3.75,3,5,1,0,1,1,1.0,3,1,0.89,3,2,2.92,4,12,25.29
ENS029,BD,Bases de Donnees,INFO,5,4,5,5,0,-1,1,0,0.0,78,0.33,0,0,4.75,4,5,3,0,1,1,1.0,2,1,0.71,2,2,4.38,1,2,19.81
ENS004,BD,Bases de Donnees,INFO,3,4,5,5,0,1,1,0,0.67,232,0.42,1,0,4.25,3,5,2,0,2,1,1.0,4,0,0.76,2,0,3.51,3,7,25.32
ENS008,SEC,Securite Informatique,RT,3,2,2,3,2,-1,0,1,0.0,102,0.17,0,0,2.5,2,3,0,0,1,2,0.5,0,1,0.72,2,2,3.22,4,3,18.04
ENS022,SEC,Securite Informatique,RT,3,3,4,3,2,0,1,-1,0.0,114,0.17,0,0,3.25,3,4,0,0,3,2,0.5,1,3,0.52,1,0,2.96,1,3,13.02
ENS019,PED,Pedagogie,SUP,4,4,3,5,1,0,-1,2,0.33,283,0.0,1,0,4.0,3,5,1,0,2,2,0.5,5,3,0.71,0,2,4.23,1,9,23.51
ENS030,RESEAU,Reseaux,RT,3,2,2,3,0,-1,0,1,0.0,116,0.42,0,0,2.5,2,3,0,0,3,2,0.5,4,1,0.76,0,2,4.03,2,3,22.86
ENS030,BD,Bases de Donnees,INFO,2,1,1,2,3,-1,0,1,0.0,43,0.17,0,0,1.5,1,2,0,2,3,3,0.67,0,3,0.67,0,1,2.81,1,1,10.47
ENS014,ANG,Anglais Technique,SUP,5,5,5,5,1,0,0,0,0.0,334,0.42,1,0,5.0,5,5,4,0,1,2,0.5,0,3,0.65,4,0,2.92,1,11,14.59
ENS006,BD,Bases de Donnees,INFO,2,1,1,1,3,-1,0,0,-0.33,77,0.25,0,0,1.25,1,2,0,3,2,1,1.0,1,3,0.54,1,0,3.28,4,2,18.26
ENS022,PROG,Programmation,GL,3,4,4,2,1,1,0,-2,-0.33,281,0.25,1,0,3.25,2,4,0,0,3,2,0.5,5,1,0.66,0,1,3.53,4,9,26.36
ENS008,RESEAU,Reseaux,RT,4,4,4,4,2,0,0,0,0.0,76,0.25,0,0,4.0,4,4,0,0,2,3,0.67,1,3,0.78,0,0,3.53,4,2,18.96
ENS017,GESTION,Gestion de Projet,SUP,3,1,3,3,3,-2,2,0,0.0,299,0.42,1,0,2.5,1,3,0,1,3,3,0.67,0,2,0.71,0,1,3.1,2,9,12.75
ENS007,RESEAU,Reseaux,RT,2,1,1,2,4,-1,0,1,0.0,312,0.0,1,0,1.5,1,2,0,2,1,3,0.67,0,3,0.69,3,2,3.94,3,10,18.83
ENS014,SEC,Securite Informatique,RT,4,4,5,3,1,0,1,-2,-0.33,88,0.42,0,0,4.0,3,5,1,0,3,2,0.5,1,1,0.88,0,0,3.33,3,2,17.56
ENS020,WEB_B,Developpement Web Back,WEB,4,5,5,4,2,1,0,-1,0.0,349,0.17,1,0,4.5,4,5,2,0,2,1,1.0,1,1,0.54,4,1,4.24,1,11,18.68
ENS015,PROG,Programmation,GL,3,4,2,2,1,1,-2,0,-0.33,36,0.08,0,0,2.75,2,4,0,0,3,2,0.5,3,3,0.89,4,2,3.47,3,1,25.89
ENS019,PED,Pedagogie,SUP,3,3,3,3,2,0,0,0,0.0,184,0.0,1,0,3.0,3,3,0,0,1,1,1.0,0,1,0.55,0,2,4.44,1,6,13.13
ENS026,RESEAU,Reseaux,RT,1,2,3,1,4,1,1,-2,0.0,350,0.33,1,0,1.75,1,3,0,2,1,1,1.0,2,3,0.57,3,0,2.73,2,11,18.31
ENS006,GESTION,Gestion de Projet,SUP,3,3,2,2,3,0,-1,0,-0.33,329,0.08,1,0,2.5,2,3,0,0,1,2,0.5,4,3,0.52,0,0,3.76,4,10,24.12
ENS004,GC_MAT,Matériaux,GC,3,3,4,4,3,0,1,0,0.33,48,0.25,0,0,3.5,3,4,0,0,2,2,0.5,4,3,0.6,0,2,2.54,3,1,20.58
ENS027,WEB_F,Developpement Web Front,WEB,4,2,3,4,3,-2,1,1,0.0,89,0.25,0,0,3.25,2,4,0,0,3,3,0.67,2,3,0.81,0,0,3.08,2,2,17.21
ENS008,PED,Pedagogie,SUP,4,4,4,3,1,0,0,-1,-0.33,338,0.42,1,0,3.75,3,4,0,0,3,2,0.5,1,2,0.83,3,1,4.17,3,11,21.99
ENS017,ALG,Algorithmique,GL,3,2,4,2,0,-1,2,-2,-0.33,74,0.42,0,0,2.75,2,4,0,0,2,1,1.0,1,1,0.57,3,0,4.09,4,2,22.03
ENS017,ALG,Algorithmique,GL,3,2,2,4,0,-1,0,2,0.33,39,0.17,0,0,2.75,2,4,0,0,2,2,0.5,5,1,0.58,4,0,4.11,3,1,29.62
ENS025,ANG,Anglais Technique,SUP,2,1,3,1,0,-1,2,-2,-0.33,144,0.25,0,0,1.75,1,3,0,2,2,2,0.5,2,0,0.85,4,1,4.29,1,4,22.33
ENS009,WEB_B,Developpement Web Back,WEB,5,3,4,4,1,-2,1,0,-0.33,84,0.33,0,0,4.0,3,5,1,0,3,1,1.0,4,0,0.73,1,2,2.74,2,2,21.13
ENS012,PROG,Programmation,GL,4,3,5,4,2,-1,2,-1,0.0,80,0.08,0,0,4.0,3,5,1,0,3,2,0.5,2,1,0.56,1,1,4.44,1,2,18.18
ENS030,GESTION,Gestion de Projet,SUP,2,3,3,3,0,1,0,0,0.33,166,0.17,0,0,2.75,2,3,0,0,3,2,0.5,2,1,0.57,4,1,4.07,2,5,21.99
ENS007,RESEAU,Reseaux,RT,1,1,1,1,4,0,0,0,0.0,45,0.25,0,0,1.0,1,1,0,4,1,1,1.0,5,0,0.54,2,1,4.46,2,1,26.62
ENS022,PROG,Programmation,GL,3,2,3,2,2,-1,1,-1,-0.33,324,0.0,1,0,2.5,2,3,0,0,3,3,0.67,5,2,0.69,4,1,3.94,3,10,29.83
ENS010,PED,Pedagogie,SUP,4,3,4,5,0,-1,1,1,0.33,236,0.25,1,0,4.0,3,5,1,0,3,1,1.0,4,3,0.81,3,0,4.26,1,7,25.07
ENS025,ALG,Algorithmique,GL,1,2,1,1,4,1,-1,0,0.0,296,0.33,1,0,1.25,1,2,0,3,2,1,1.0,0,2,0.73,1,0,2.56,3,9,14.27
ENS017,PROG,Programmation,GL,3,4,5,4,1,1,1,-1,0.33,60,0.17,0,0,4.0,3,5,1,0,2,3,0.67,4,2,0.56,0,1,3.1,1,2,18.5
ENS006,BD,Bases de Donnees,INFO,1,1,1,2,3,0,0,1,0.33,209,0.17,1,0,1.25,1,2,0,3,2,3,0.67,5,1,0.82,4,2,3.0,3,6,28.6
ENS030,ANG,Anglais Technique,SUP,3,3,1,2,1,0,-2,1,-0.33,247,0.25,1,0,2.25,1,3,0,1,1,1,1.0,0,3,0.9,3,0,3.39,3,8,18.78
ENS024,GC_STRU,Structure Batiment,GC,5,5,4,5,1,0,-1,1,0.0,165,0.33,0,0,4.75,4,5,3,0,2,3,0.67,3,3,0.81,3,2,4.45,2,5,24.95
ENS029,PROG,Programmation,GL,3,5,3,4,1,2,-2,1,0.33,292,0.33,1,0,3.75,3,5,1,0,1,3,0.67,1,3,0.71,1,2,3.24,1,9,14.53
ENS010,GESTION,Gestion de Projet,SUP,4,3,2,2,0,-1,-1,0,-0.67,178,0.0,0,1,2.75,2,4,0,0,3,1,1.0,0,2,0.64,2,1,3.09,1,5,12.88
ENS011,GC_MAT,Matériaux,GC,1,1,3,2,2,0,2,-1,0.33,186,0.17,1,0,1.75,1,3,0,2,1,1,1.0,5,3,0.5,4,1,2.64,1,6,23.28
ENS005,PED,Pedagogie,SUP,2,2,3,2,4,0,1,-1,0.0,223,0.25,1,0,2.25,2,3,0,0,3,3,0.67,1,1,0.73,3,1,3.83,2,7,19.31
ENS007,BD,Bases de Donnees,INFO,5,4,3,5,2,-1,-1,2,0.0,228,0.08,1,0,4.25,3,5,2,0,2,2,0.5,4,0,0.93,3,2,3.05,1,7,23.25
ENS021,BD,Bases de Donnees,INFO,1,2,1,2,3,1,-1,1,0.33,317,0.42,1,0,1.5,1,2,0,2,1,3,0.67,4,0,0.59,4,2,3.65,1,10,23.75
ENS025,GC_MAT,Matériaux,GC,4,4,2,3,0,0,-2,1,-0.33,91,0.42,0,0,3.25,2,4,0,0,3,1,1.0,0,2,0.85,1,2,4.18,4,3,19.61
ENS025,GC_MAT,Matériaux,GC,1,2,2,1,2,1,0,-1,0.0,281,0.0,1,0,1.5,1,2,0,2,2,2,0.5,1,3,0.51,4,1,3.26,1,9,16.57
ENS001,BD,Bases de Donnees,INFO,3,3,5,3,0,0,2,-2,0.0,123,0.17,0,0,3.5,3,5,1,0,1,1,1.0,2,3,0.81,0,2,4.42,2,4,19.89
ENS012,WEB_B,Developpement Web Back,WEB,1,2,1,1,2,1,-1,0,0.0,193,0.08,1,0,1.25,1,2,0,3,2,2,0.5,2,3,0.92,0,0,2.91,2,6,17.42
ENS008,WEB_F,Developpement Web Front,WEB,2,3,3,2,3,1,0,-1,0.0,61,0.17,0,0,2.5,2,3,0,0,2,3,0.67,3,0,0.72,3,2,2.97,1,2,20.04
ENS003,SEC,Securite Informatique,RT,3,4,4,4,1,1,0,0,0.33,314,0.42,1,0,3.75,3,4,0,0,1,2,0.5,4,3,0.7,4,0,4.07,2,10,26.64
ENS004,WEB_F,Developpement Web Front,WEB,3,4,2,2,3,1,-2,0,-0.33,314,0.25,1,0,2.75,2,4,0,0,1,1,1.0,3,2,0.79,1,0,2.62,4,10,22.19
ENS026,GESTION,Gestion de Projet,SUP,4,5,4,5,0,1,-1,1,0.33,209,0.42,1,0,4.5,4,5,2,0,1,3,0.67,4,2,0.52,4,2,2.64,1,6,21.38
ENS002,RESEAU,Reseaux,RT,2,3,1,1,4,1,-2,0,-0.33,251,0.08,1,0,1.75,1,3,0,2,3,3,0.67,2,2,0.79,3,1,2.99,3,8,21.43
ENS016,PROG,Programmation,GL,4,3,4,5,0,-1,1,1,0.33,98,0.42,0,0,4.0,3,5,1,0,1,3,0.67,3,0,0.91,1,1,3.61,4,3,24.77
ENS002,PED,Pedagogie,SUP,3,4,2,4,2,1,-2,2,0.33,257,0.42,1,0,3.25,2,4,0,0,1,2,0.5,3,2,0.67,0,0,3.43,2,8,19.21
ENS002,ALG,Algorithmique,GL,1,1,1,2,3,0,0,1,0.33,173,0.42,0,0,1.25,1,2,0,3,3,2,0.5,1,0,0.87,2,2,2.94,4,5,20.23
ENS008,BD,Bases de Donnees,INFO,1,1,1,1,3,0,0,0,0.0,33,0.08,0,0,1.0,1,1,0,4,3,2,0.5,0,2,0.76,3,0,3.6,2,1,17.0
ENS028,RESEAU,Reseaux,RT,1,3,1,3,2,2,-2,2,0.67,162,0.33,0,0,2.0,1,3,0,2,1,3,0.67,5,2,0.59,0,2,3.86,3,5,25.17
ENS002,PROG,Programmation,GL,5,5,4,3,0,0,-1,-1,-0.67,195,0.25,1,1,4.25,3,5,2,0,2,2,0.5,0,3,0.72,4,0,4.27,2,6,19.14
ENS012,GC_STRU,Structure Batiment,GC,2,3,3,4,1,1,0,1,0.67,230,0.08,1,0,3.0,2,4,0,0,2,1,1.0,4,0,0.95,1,2,3.35,1,7,21.95
ENS001,GC_STRU,Structure Batiment,GC,1,1,1,2,2,0,0,1,0.33,350,0.42,1,0,1.25,1,2,0,3,1,1,1.0,3,3,0.86,4,2,4.37,3,11,27.54
ENS029,ANG,Anglais Technique,SUP,1,1,2,1,2,0,1,-1,0.0,200,0.33,1,0,1.25,1,2,0,3,1,1,1.0,4,3,0.84,3,2,2.75,1,6,22.2
ENS026,WEB_B,Developpement Web Back,WEB,1,2,2,3,2,1,0,1,0.67,95,0.0,0,0,2.0,1,3,0,1,2,1,1.0,2,3,0.53,0,2,2.6,4,3,17.85
ENS013,SEC,Securite Informatique,RT,4,3,5,4,0,-1,2,-1,0.0,336,0.42,1,0,4.0,3,5,1,0,3,1,1.0,3,3,0.71,3,2,3.74,3,11,24.53
ENS011,GC_STRU,Structure Batiment,GC,3,3,1,2,3,0,-2,1,-0.33,85,0.0,0,0,2.25,1,3,0,1,1,3,0.67,5,0,0.77,1,2,2.75,3,2,24.85
ENS008,PROG,Programmation,GL,3,3,3,4,2,0,0,1,0.33,154,0.08,0,0,3.25,3,4,0,0,1,1,1.0,1,2,0.76,4,2,4.01,3,5,22.32
ENS007,RESEAU,Reseaux,RT,3,3,1,1,4,0,-2,0,-0.67,179,0.17,0,1,2.0,1,3,0,2,1,3,0.67,4,1,0.53,4,2,4.22,4,5,29.09
ENS005,ALG,Algorithmique,GL,2,1,1,3,2,-1,0,2,0.33,204,0.08,1,0,1.75,1,3,0,2,3,2,0.5,5,3,0.77,2,2,3.63,3,6,27.61
ENS013,GC_STRU,Structure Batiment,GC,3,2,2,2,2,-1,0,0,-0.33,262,0.0,1,0,2.25,2,3,0,0,2,1,1.0,0,1,0.81,3,2,2.93,4,8,18.91
ENS011,GC_STRU,Structure Batiment,GC,5,4,5,4,0,-1,1,-1,-0.33,124,0.0,0,0,4.5,4,5,2,0,2,1,1.0,0,2,0.51,0,0,3.08,2,4,11.71
ENS012,PROG,Programmation,GL,5,5,4,3,1,0,-1,-1,-0.67,131,0.17,0,1,4.25,3,5,2,0,1,1,1.0,2,1,0.65,4,0,2.86,1,4,18.47
ENS008,GESTION,Gestion de Projet,SUP,2,3,2,2,0,1,-1,0,0.0,224,0.42,1,0,2.25,2,3,0,0,1,2,0.5,1,2,0.71,2,1,3.82,4,7,21.19
ENS021,GC_MAT,Matériaux,GC,4,2,2,2,0,-2,0,0,-0.67,127,0.08,0,1,2.5,2,4,0,0,3,2,0.5,5,2,0.64,3,2,2.99,1,4,23.68
ENS019,ANG,Anglais Technique,SUP,5,5,4,5,0,0,-1,1,0.0,106,0.17,0,0,4.75,4,5,3,0,1,1,1.0,5,2,0.89,4,2,4.27,2,3,29.99
ENS010,WEB_B,Developpement Web Back,WEB,5,3,4,5,1,-2,1,1,0.0,290,0.25,1,0,4.25,3,5,2,0,3,3,0.67,2,3,0.73,1,1,3.92,4,9,22.49
ENS015,PED,Pedagogie,SUP,4,3,3,3,2,-1,0,0,-0.33,136,0.08,0,0,3.25,3,4,0,0,1,2,0.5,1,3,0.6,3,1,3.64,3,4,19.78
ENS012,BD,Bases de Donnees,INFO,2,3,1,1,3,1,-2,0,-0.33,257,0.33,1,0,1.75,1,3,0,2,2,1,1.0,4,0,0.71,4,1,3.35,4,8,28.25
ENS025,GC_STRU,Structure Batiment,GC,4,4,4,4,0,0,0,0,0.0,225,0.0,1,0,4.0,4,4,0,0,1,2,0.5,1,2,0.79,2,0,3.09,1,7,15.63
ENS027,GC_MAT,Matériaux,GC,3,2,2,2,1,-1,0,0,-0.33,49,0.33,0,0,2.25,2,3,0,0,1,2,0.5,1,2,0.61,2,0,3.91,2,1,17.87
ENS016,GESTION,Gestion de Projet,SUP,4,4,4,3,0,0,0,-1,-0.33,183,0.17,1,0,3.75,3,4,0,0,2,2,0.5,3,0,0.71,4,0,4.23,2,6,25.01
ENS021,GC_STRU,Structure Batiment,GC,1,3,3,1,4,2,0,-2,0.0,266,0.17,1,0,2.0,1,3,0,2,1,2,0.5,1,3,0.85,3,0,3.38,1,8,17.51
ENS011,GESTION,Gestion de Projet,SUP,4,3,5,3,0,-1,2,-2,-0.33,34,0.25,0,0,3.75,3,5,1,0,3,2,0.5,2,1,0.69,3,2,3.58,3,1,22.11
ENS027,ANG,Anglais Technique,SUP,5,4,5,4,0,-1,1,-1,-0.33,199,0.33,1,0,4.5,4,5,2,0,3,3,0.67,4,3,0.94,1,1,2.63,4,6,24.96
ENS030,GC_MAT,Matériaux,GC,1,2,1,2,4,1,-1,1,0.33,357,0.17,1,0,1.5,1,2,0,2,1,1,1.0,0,1,0.51,4,1,2.55,2,11,14.65
ENS021,PROG,Programmation,GL,3,4,4,3,0,1,0,-1,0.0,298,0.0,1,0,3.5,3,4,0,0,2,1,1.0,2,0,0.58,3,1,2.81,1,9,17.02
ENS008,RESEAU,Reseaux,RT,3,5,4,4,2,2,-1,0,0.33,135,0.08,0,0,4.0,3,5,1,0,1,2,0.5,3,3,0.57,4,1,3.67,4,4,26.19
ENS001,WEB_B,Developpement Web Back,WEB,4,3,3,3,2,-1,0,0,-0.33,339,0.08,1,0,3.25,3,4,0,0,3,2,0.5,4,3,0.71,4,0,3.97,3,11,27.99
ENS019,GC_STRU,Structure Batiment,GC,5,4,4,5,1,-1,0,1,0.0,230,0.33,1,0,4.5,4,5,2,0,1,2,0.5,1,1,0.9,3,1,3.27,2,7,19.04
ENS010,SEC,Securite Informatique,RT,4,4,2,3,1,0,-2,1,-0.33,152,0.08,0,0,3.25,2,4,0,0,2,3,0.67,4,2,0.8,0,2,3.95,2,5,22.9
ENS003,PROG,Programmation,GL,3,3,4,2,2,0,1,-2,-0.33,83,0.33,0,0,3.0,2,4,0,0,2,2,0.5,3,1,0.61,4,0,3.42,1,2,21.39
ENS013,GC_MAT,Matériaux,GC,4,4,4,4,1,0,0,0,0.0,234,0.08,1,0,4.0,4,4,0,0,2,1,1.0,0,2,0.55,1,1,3.84,4,7,17.43
ENS022,PROG,Programmation,GL,4,4,3,3,0,0,-1,0,-0.33,254,0.08,1,0,3.5,3,4,0,0,2,2,0.5,1,1,0.88,4,0,2.85,1,8,17.6
ENS017,ANG,Anglais Technique,SUP,3,3,2,1,1,0,-1,-1,-0.67,35,0.42,0,1,2.25,1,3,0,1,2,1,1.0,3,2,0.58,0,2,3.56,4,1,22.02
ENS009,RESEAU,Reseaux,RT,4,2,4,4,1,-2,2,0,0.0,229,0.42,1,0,3.5,2,4,0,0,2,2,0.5,0,0,0.52,3,0,4.36,3,7,18.82
ENS005,PROG,Programmation,GL,2,2,2,2,2,0,0,0,0.0,202,0.08,1,0,2.0,2,2,0,0,3,3,0.67,0,1,0.93,0,2,2.84,2,6,13.33
ENS002,RESEAU,Reseaux,RT,3,4,5,3,2,1,1,-2,0.0,317,0.42,1,0,3.75,3,5,1,0,1,3,0.67,1,3,0.92,0,0,2.93,3,10,16.96
ENS011,ANG,Anglais Technique,SUP,5,4,4,5,0,-1,0,1,0.0,229,0.08,1,0,4.5,4,5,2,0,2,1,1.0,0,2,0.79,2,0,2.63,2,7,14.21
ENS008,GC_MAT,Matériaux,GC,3,3,4,3,0,0,1,-1,0.0,304,0.33,1,0,3.25,3,4,0,0,1,2,0.5,0,2,0.94,3,2,4.35,2,10,19.4
ENS020,GC_STRU,Structure Batiment,GC,2,1,3,3,2,-1,2,0,0.33,276,0.0,1,0,2.25,1,3,0,1,2,1,1.0,4,3,0.67,1,2,3.67,1,9,21.19
ENS013,PED,Pedagogie,SUP,3,3,5,3,0,0,2,-2,0.0,249,0.08,1,0,3.5,3,5,1,0,3,1,1.0,0,1,0.67,2,0,2.8,2,8,13.95
ENS024,GESTION,Gestion de Projet,SUP,5,3,3,5,2,-2,0,2,0.0,198,0.08,1,0,4.0,3,5,2,0,2,2,0.5,5,0,0.73,3,2,4.13,1,6,26.41
ENS007,GC_STRU,Structure Batiment,GC,2,4,3,3,0,2,-1,0,0.33,306,0.0,1,0,3.0,2,4,0,0,3,1,1.0,5,1,0.77,3,2,3.14,4,10,29.13
ENS022,ALG,Algorithmique,GL,4,2,2,3,0,-2,0,1,-0.33,128,0.0,0,0,2.75,2,4,0,0,3,1,1.0,1,1,0.54,4,2,4.16,2,4,20.02
ENS003,SEC,Securite Informatique,RT,3,5,3,4,2,2,-2,1,0.33,114,0.42,0,0,3.75,3,5,1,0,1,1,1.0,3,1,0.77,2,1,3.65,2,3,22.15
ENS003,WEB_B,Developpement Web Back,WEB,1,1,1,1,2,0,0,0,0.0,115,0.25,0,0,1.0,1,1,0,4,2,2,0.5,4,3,0.84,3,0,4.02,4,3,29.24
ENS021,BD,Bases de Donnees,INFO,1,2,3,3,1,1,1,0,0.67,119,0.17,0,0,2.25,1,3,0,1,2,2,0.5,2,3,0.63,4,2,3.46,3,3,22.57
ENS015,ANG,Anglais Technique,SUP,1,3,2,1,1,2,-1,-1,0.0,127,0.0,0,0,1.75,1,3,0,2,1,3,0.67,5,2,0.72,3,1,4.44,3,4,29.98
ENS007,PED,Pedagogie,SUP,4,4,4,5,1,0,0,1,0.33,239,0.0,1,0,4.25,4,5,1,0,1,2,0.5,4,1,0.59,3,1,4.04,3,7,26.53
ENS030,GC_STRU,Structure Batiment,GC,4,4,3,4,1,0,-1,1,0.0,363,0.25,1,0,3.75,3,4,0,0,2,3,0.67,1,1,0.71,2,2,3.91,1,12,16.87
ENS018,ALG,Algorithmique,GL,4,4,4,2,0,0,0,-2,-0.67,263,0.42,1,1,3.5,2,4,0,0,1,2,0.5,1,1,0.51,0,2,3.92,4,8,18.39
ENS015,GC_STRU,Structure Batiment,GC,3,4,4,2,1,1,0,-2,-0.33,246,0.08,1,0,3.25,2,4,0,0,2,2,0.5,5,2,0.73,4,2,4.27,3,8,30.69
ENS026,ALG,Algorithmique,GL,2,1,2,1,3,-1,1,-1,-0.33,323,0.17,1,0,1.5,1,2,0,2,1,2,0.5,5,1,0.92,3,2,3.12,2,10,26.84
ENS022,ANG,Anglais Technique,SUP,5,4,4,4,1,-1,0,0,-0.33,298,0.25,1,0,4.25,4,5,1,0,3,2,0.5,5,3,0.58,2,0,3.91,2,9,25.72
ENS019,WEB_F,Developpement Web Front,WEB,3,2,4,2,2,-1,2,-2,-0.33,125,0.08,0,0,2.75,2,4,0,0,1,3,0.67,1,1,0.62,3,1,3.75,1,4,17.1
ENS001,RESEAU,Reseaux,RT,3,1,1,2,2,-2,0,1,-0.33,93,0.17,0,0,1.75,1,3,0,2,1,2,0.5,0,1,0.72,0,0,2.62,1,3,10.34
ENS007,WEB_B,Developpement Web Back,WEB,3,3,1,1,2,0,-2,0,-0.67,33,0.25,0,1,2.0,1,3,0,2,3,3,0.67,2,3,0.71,2,2,3.36,3,1,20.77
ENS015,GESTION,Gestion de Projet,SUP,3,2,2,1,3,-1,0,-1,-0.67,223,0.33,1,1,2.0,1,3,0,1,1,2,0.5,2,0,0.5,3,2,4.17,2,7,20.84
ENS029,GC_MAT,Matériaux,GC,1,3,1,3,2,2,-2,2,0.67,157,0.17,0,0,2.0,1,3,0,2,2,3,0.67,5,3,0.73,1,0,4.47,3,5,28.09
ENS003,WEB_B,Developpement Web Back,WEB,3,5,4,3,2,2,-1,-1,0.0,257,0.08,1,0,3.75,3,5,1,0,3,2,0.5,3,0,0.66,3,2,4.21,1,8,22.22
ENS025,BD,Bases de Donnees,INFO,3,2,2,3,1,-1,0,1,0.0,103,0.33,0,0,2.5,2,3,0,0,3,3,0.67,4,0,0.56,0,1,4.16,4,3,25.12
ENS011,PED,Pedagogie,SUP,2,3,2,3,2,1,-1,1,0.33,154,0.08,0,0,2.5,2,3,0,0,1,3,0.67,5,0,0.55,0,0,4.36,3,5,25.97
ENS017,GC_MAT,Matériaux,GC,3,3,2,4,1,0,-1,2,0.33,273,0.42,1,0,3.0,2,4,0,0,1,3,0.67,1,3,0.54,2,0,4.36,1,9,16.92
ENS023,WEB_B,Developpement Web Back,WEB,5,4,4,5,2,-1,0,1,0.0,364,0.42,1,0,4.5,4,5,2,0,3,2,0.5,1,1,0.62,2,0,2.72,3,12,17.04
ENS019,ANG,Anglais Technique,SUP,3,3,1,3,2,0,-2,2,0.0,95,0.17,0,0,2.5,1,3,0,1,2,3,0.67,5,0,0.64,4,2,2.88,4,3,28.96
ENS026,WEB_F,Developpement Web Front,WEB,2,2,2,3,2,0,0,1,0.33,296,0.42,1,0,2.25,2,3,0,0,3,3,0.67,1,0,0.68,4,1,3.13,3,9,20.16
ENS009,GC_STRU,Structure Batiment,GC,2,3,4,3,0,1,1,-1,0.33,175,0.08,0,0,3.0,2,4,0,0,3,3,0.67,5,0,0.77,2,2,4.48,1,5,26.31
ENS020,BD,Bases de Donnees,INFO,4,5,5,4,0,1,0,-1,0.0,283,0.17,1,0,4.5,4,5,2,0,3,2,0.5,0,2,0.57,1,2,4.37,2,9,15.59
ENS013,GC_STRU,Structure Batiment,GC,3,3,1,1,3,0,-2,0,-0.67,183,0.42,1,1,2.0,1,3,0,2,1,1,1.0,4,3,0.65,3,1,4.02,4,6,28.29
ENS021,BD,Bases de Donnees,INFO,3,5,5,4,0,2,0,-1,0.33,129,0.42,0,0,4.25,3,5,2,0,3,2,0.5,0,1,0.65,4,0,4.2,3,4,20.15
ENS012,RESEAU,Reseaux,RT,2,3,1,3,2,1,-2,2,0.33,277,0.17,1,0,2.25,1,3,0,1,1,1,1.0,1,1,0.83,0,1,3.95,1,9,15.55
ENS027,ALG,Algorithmique,GL,4,2,3,3,1,-2,1,0,-0.33,58,0.0,0,0,3.0,2,4,0,0,2,2,0.5,1,0,0.55,4,2,3.18,4,1,21.11
ENS014,ANG,Anglais Technique,SUP,1,3,3,2,1,2,0,-1,0.33,90,0.08,0,0,2.25,1,3,0,1,2,2,0.5,2,1,0.79,3,2,4.48,1,3,21.41
ENS022,SEC,Securite Informatique,RT,3,4,3,3,1,1,-1,0,0.0,218,0.0,1,0,3.25,3,4,0,0,1,1,1.0,0,0,0.72,4,0,2.55,4,7,18.7
ENS006,GC_STRU,Structure Batiment,GC,3,4,4,2,1,1,0,-2,-0.33,226,0.25,1,0,3.25,2,4,0,0,3,3,0.67,3,2,0.76,0,1,2.63,2,7,18.06
ENS014,PED,Pedagogie,SUP,2,3,1,2,4,1,-2,1,0.0,62,0.33,0,0,2.0,1,3,0,1,3,3,0.67,5,0,0.84,1,2,4.3,2,2,26.8
ENS013,PED,Pedagogie,SUP,5,5,3,3,2,0,-2,0,-0.67,92,0.0,0,1,4.0,3,5,2,0,1,3,0.67,1,1,0.54,2,0,2.67,1,3,13.54
ENS005,PROG,Programmation,GL,5,4,4,5,0,-1,0,1,0.0,30,0.08,0,0,4.5,4,5,2,0,2,1,1.0,4,2,0.8,3,0,3.65,3,1,26.8
ENS009,GC_MAT,Matériaux,GC,4,3,4,4,2,-1,1,0,0.0,52,0.08,0,0,3.75,3,4,0,0,1,1,1.0,1,2,0.89,1,0,3.7,2,1,17.85
ENS014,GC_STRU,Structure Batiment,GC,5,4,4,3,1,-1,0,-1,-0.67,68,0.33,0,1,4.0,3,5,1,0,2,2,0.5,3,1,0.68,0,1,3.85,2,2,20.1
ENS022,RESEAU,Reseaux,RT,5,3,3,5,1,-2,0,2,0.0,220,0.33,1,0,4.0,3,5,2,0,3,3,0.67,4,1,0.69,1,1,4.48,4,7,27.41
ENS019,BD,Bases de Donnees,INFO,2,1,3,1,1,-1,2,-2,-0.33,93,0.33,0,0,1.75,1,3,0,2,1,3,0.67,4,3,0.53,0,1,4.32,3,3,23.79
ENS025,RESEAU,Reseaux,RT,1,1,2,1,2,0,1,-1,0.0,143,0.25,0,0,1.25,1,2,0,3,1,1,1.0,1,2,0.76,3,0,3.56,3,4,20.42
ENS029,GC_STRU,Structure Batiment,GC,3,2,3,1,2,-1,1,-2,-0.67,192,0.25,1,1,2.25,1,3,0,1,1,2,0.5,5,3,0.71,1,1,2.52,2,6,22.59
ENS009,BD,Bases de Donnees,INFO,5,3,3,4,1,-2,0,1,-0.33,57,0.42,0,0,3.75,3,5,1,0,3,2,0.5,5,1,0.81,3,2,3.42,4,1,29.89
ENS001,GC_MAT,Matériaux,GC,3,3,4,3,0,0,1,-1,0.0,249,0.33,1,0,3.25,3,4,0,0,3,1,1.0,2,0,0.93,3,1,4.19,1,8,21.53
ENS004,WEB_B,Developpement Web Back,WEB,3,5,3,3,0,2,-2,0,0.0,59,0.0,0,0,3.5,3,5,1,0,3,2,0.5,4,3,0.86,0,1,3.85,2,1,23.0
ENS014,PROG,Programmation,GL,3,3,4,4,2,0,1,0,0.33,237,0.0,1,0,3.5,3,4,0,0,3,1,1.0,5,0,0.82,4,2,3.19,1,7,25.98
ENS005,BD,Bases de Donnees,INFO,5,4,3,5,0,-1,-1,2,0.0,119,0.0,0,0,4.25,3,5,2,0,2,1,1.0,4,2,0.93,3,1,3.26,3,3,26.67
ENS015,PED,Pedagogie,SUP,1,2,3,1,3,1,1,-2,0.0,178,0.17,0,0,1.75,1,3,0,2,2,2,0.5,2,1,0.5,4,1,2.93,3,5,20.86
ENS005,PED,Pedagogie,SUP,5,5,3,4,1,0,-2,1,-0.33,59,0.17,0,0,4.25,3,5,2,0,1,3,0.67,3,2,0.63,0,0,3.2,2,1,18.55
ENS012,BD,Bases de Donnees,INFO,4,4,3,3,1,0,-1,0,-0.33,73,0.33,0,0,3.5,3,4,0,0,3,1,1.0,3,0,0.91,0,0,4.04,3,2,23.13
ENS004,SEC,Securite Informatique,RT,2,3,3,3,0,1,0,0,0.33,249,0.08,1,0,2.75,2,3,0,0,3,2,0.5,0,3,0.8,3,0,2.78,4,8,18.56
ENS025,GC_STRU,Structure Batiment,GC,2,3,4,2,0,1,1,-2,0.0,175,0.0,0,0,2.75,2,4,0,0,1,2,0.5,3,2,0.91,1,2,2.9,4,5,23.35
ENS028,PROG,Programmation,GL,5,4,3,4,1,-1,-1,1,-0.33,95,0.17,0,0,4.0,3,5,1,0,2,3,0.67,5,3,0.56,0,0,2.75,3,3,22.8
ENS027,SEC,Securite Informatique,RT,4,2,4,2,0,-2,2,-2,-0.67,205,0.25,1,1,3.0,2,4,0,0,3,3,0.67,0,3,0.72,2,1,2.67,4,6,16.94
ENS003,GESTION,Gestion de Projet,SUP,1,3,1,3,3,2,-2,2,0.67,173,0.0,0,0,2.0,1,3,0,2,2,3,0.67,1,3,0.59,0,2,3.96,2,5,15.87
ENS001,ANG,Anglais Technique,SUP,1,3,3,3,0,2,0,0,0.67,91,0.08,0,0,2.5,1,3,0,1,2,1,1.0,2,1,0.92,3,0,3.73,1,3,20.56
ENS021,ANG,Anglais Technique,SUP,1,2,2,3,0,1,0,1,0.67,354,0.08,1,0,2.0,1,3,0,1,1,2,0.5,3,3,0.53,3,2,2.6,1,11,18.35
ENS019,PROG,Programmation,GL,3,3,3,3,2,0,0,0,0.0,193,0.0,1,0,3.0,3,3,0,0,1,1,1.0,0,0,0.8,2,0,3.07,3,6,16.64
ENS027,RESEAU,Reseaux,RT,5,3,4,3,0,-2,1,-1,-0.67,281,0.17,1,1,3.75,3,5,1,0,2,2,0.5,0,0,0.8,4,0,3.16,3,9,18.82
ENS005,PROG,Programmation,GL,5,5,5,5,0,0,0,0,0.0,362,0.17,1,0,5.0,5,5,4,0,1,3,0.67,3,0,0.9,1,2,3.99,1,12,20.98
ENS002,GESTION,Gestion de Projet,SUP,1,3,3,1,1,2,0,-2,0.0,258,0.0,1,0,2.0,1,3,0,2,1,3,0.67,4,2,0.64,3,0,3.57,2,8,24.34
ENS007,PROG,Programmation,GL,2,2,2,3,3,0,0,1,0.33,316,0.17,1,0,2.25,2,3,0,0,2,2,0.5,5,0,0.91,0,1,3.34,1,10,22.73
ENS029,WEB_B,Developpement Web Back,WEB,1,2,1,2,3,1,-1,1,0.33,53,0.33,0,0,1.5,1,2,0,2,1,3,0.67,1,3,0.72,4,2,4.44,2,1,21.48
ENS026,WEB_F,Developpement Web Front,WEB,1,2,1,2,3,1,-1,1,0.33,340,0.17,1,0,1.5,1,2,0,2,1,1,1.0,0,1,0.76,4,2,2.52,4,11,18.84
ENS008,GC_MAT,Matériaux,GC,4,4,4,4,0,0,0,0,0.0,142,0.17,0,0,4.0,4,4,0,0,3,2,0.5,4,0,0.58,0,2,2.98,1,4,18.36
ENS005,PROG,Programmation,GL,4,2,3,2,1,-2,1,-1,-0.67,56,0.42,0,1,2.75,2,4,0,0,1,1,1.0,4,0,0.5,2,2,3.71,3,1,24.42
ENS015,WEB_F,Developpement Web Front,WEB,1,1,2,2,2,0,1,0,0.33,98,0.25,0,0,1.5,1,2,0,2,3,2,0.5,2,0,0.78,0,1,2.94,3,3,18.28
ENS020,BD,Bases de Donnees,INFO,1,1,1,2,3,0,0,1,0.33,225,0.42,1,0,1.25,1,2,0,3,2,3,0.67,5,1,0.87,1,1,3.04,4,7,27.43
ENS020,PROG,Programmation,GL,3,4,3,5,1,1,-1,2,0.67,105,0.25,0,0,3.75,3,5,1,0,1,2,0.5,1,3,0.58,1,0,3.64,2,3,16.18
ENS019,ALG,Algorithmique,GL,3,2,1,2,1,-1,-1,1,-0.33,120,0.25,0,0,2.0,1,3,0,1,3,3,0.67,1,0,0.56,3,0,3.41,4,4,20.62
ENS019,WEB_B,Developpement Web Back,WEB,3,5,5,3,1,2,0,-2,0.0,338,0.0,1,0,4.0,3,5,2,0,2,2,0.5,0,0,0.87,0,0,3.0,1,11,11.85
ENS003,PROG,Programmation,GL,4,3,5,5,0,-1,2,0,0.33,34,0.0,0,0,4.25,3,5,2,0,3,3,0.67,2,0,0.59,3,2,4.28,2,1,21.51
ENS009,BD,Bases de Donnees,INFO,4,4,4,3,0,0,0,-1,-0.33,308,0.42,1,0,3.75,3,4,0,0,2,3,0.67,4,0,0.51,0,0,3.59,1,10,19.23
ENS025,PROG,Programmation,GL,4,3,2,2,2,-1,-1,0,-0.67,146,0.25,0,1,2.75,2,4,0,0,2,1,1.0,2,2,0.6,3,2,4.27,1,4,20.04
ENS023,RESEAU,Reseaux,RT,3,2,2,2,0,-1,0,0,-0.33,174,0.17,0,0,2.25,2,3,0,0,1,3,0.67,2,0,0.66,0,0,3.71,2,5,17.72
ENS002,WEB_F,Developpement Web Front,WEB,3,4,3,4,1,1,-1,1,0.33,247,0.08,1,0,3.5,3,4,0,0,3,3,0.67,2,2,0.66,0,1,4.33,3,8,20.46
ENS030,GC_MAT,Matériaux,GC,2,3,1,1,3,1,-2,0,-0.33,365,0.08,1,0,1.75,1,3,0,2,2,1,1.0,3,3,0.82,3,0,2.73,4,12,24.56
ENS017,WEB_F,Developpement Web Front,WEB,2,1,1,1,2,-1,0,0,-0.33,95,0.08,0,0,1.25,1,2,0,3,2,2,0.5,2,3,0.69,3,2,4.09,3,3,23.13
ENS027,WEB_B,Developpement Web Back,WEB,1,3,1,2,4,2,-2,1,0.33,305,0.33,1,0,1.75,1,3,0,2,2,3,0.67,4,1,0.67,4,2,3.34,2,10,25.03
ENS023,RESEAU,Reseaux,RT,3,1,1,2,2,-2,0,1,-0.33,38,0.17,0,0,1.75,1,3,0,2,3,2,0.5,1,0,0.53,2,1,4.2,2,1,18.05
ENS019,GESTION,Gestion de Projet,SUP,2,2,1,3,4,0,-1,2,0.33,154,0.08,0,0,2.0,1,3,0,1,1,1,1.0,5,1,0.55,1,1,3.97,4,5,27.69
ENS011,WEB_F,Developpement Web Front,WEB,2,1,3,1,2,-1,2,-2,-0.33,274,0.33,1,0,1.75,1,3,0,2,1,1,1.0,1,2,0.56,1,0,2.52,4,9,16.84
ENS018,GC_MAT,Matériaux,GC,2,2,3,4,1,0,1,1,0.67,300,0.42,1,0,2.75,2,4,0,0,2,2,0.5,3,2,0.7,0,1,2.72,1,10,16.44
ENS028,PED,Pedagogie,SUP,4,2,4,2,2,-2,2,-2,-0.67,232,0.25,1,1,3.0,2,4,0,0,3,2,0.5,4,2,0.91,4,1,3.92,4,7,30.39
ENS012,RESEAU,Reseaux,RT,3,4,3,5,0,1,-1,2,0.67,94,0.42,0,0,3.75,3,5,1,0,1,2,0.5,4,0,0.6,1,2,4.45,1,3,22.4
ENS015,PROG,Programmation,GL,4,3,3,3,3,-1,0,0,-0.33,224,0.08,1,0,3.25,3,4,0,0,1,2,0.5,5,3,0.59,0,0,2.66,3,7,22.77
ENS029,GC_MAT,Matériaux,GC,2,2,3,2,2,0,1,-1,0.0,138,0.33,0,0,2.25,2,3,0,0,1,2,0.5,1,1,0.79,0,0,3.04,1,4,13.53
ENS013,WEB_F,Developpement Web Front,WEB,2,1,1,1,2,-1,0,0,-0.33,188,0.0,1,0,1.25,1,2,0,3,2,2,0.5,3,1,0.64,3,2,3.21,2,6,21.62
ENS024,WEB_F,Developpement Web Front,WEB,3,3,1,2,2,0,-2,1,-0.33,287,0.08,1,0,2.25,1,3,0,1,1,3,0.67,3,3,0.76,0,1,2.82,4,9,21.44
ENS019,GESTION,Gestion de Projet,SUP,1,3,1,3,2,2,-2,2,0.67,140,0.42,0,0,2.0,1,3,0,2,3,1,1.0,5,1,0.95,4,2,4.48,3,4,32.21
ENS013,GC_STRU,Structure Batiment,GC,2,1,2,2,2,-1,1,0,0.0,250,0.0,1,0,1.75,1,2,0,1,3,3,0.67,3,1,0.59,4,2,2.65,2,8,21.25
ENS019,ANG,Anglais Technique,SUP,3,3,2,1,1,0,-1,-1,-0.67,188,0.33,1,1,2.25,1,3,0,1,1,2,0.5,0,3,0.64,2,0,2.64,3,6,14.98
ENS015,PED,Pedagogie,SUP,4,3,3,3,2,-1,0,0,-0.33,162,0.25,0,0,3.25,3,4,0,0,2,2,0.5,5,1,0.92,4,1,2.58,3,5,28.26
ENS010,WEB_B,Developpement Web Back,WEB,4,4,5,5,0,0,1,0,0.33,217,0.33,1,0,4.5,4,5,2,0,3,2,0.5,2,0,0.81,4,1,3.03,1,7,19.61
ENS013,GESTION,Gestion de Projet,SUP,4,4,2,4,0,0,-2,2,0.0,109,0.0,0,0,3.5,2,4,0,0,2,2,0.5,1,3,0.88,1,1,4.25,1,3,17.4
ENS005,GESTION,Gestion de Projet,SUP,2,2,2,3,4,0,0,1,0.33,85,0.0,0,0,2.25,2,3,0,0,1,3,0.67,0,3,0.85,1,1,3.16,3,2,16.07
ENS016,RESEAU,Reseaux,RT,2,3,2,1,4,1,-1,-1,-0.33,88,0.17,0,0,2.0,1,3,0,1,2,1,1.0,4,1,0.93,1,2,2.93,1,2,21.01
ENS023,GC_MAT,Matériaux,GC,4,3,2,3,1,-1,-1,1,-0.33,139,0.0,0,0,3.0,2,4,0,0,1,1,1.0,5,3,0.62,1,0,2.78,3,4,24.16
ENS003,BD,Bases de Donnees,INFO,1,1,1,2,3,0,0,1,0.33,298,0.08,1,0,1.25,1,2,0,3,3,2,0.5,1,0,0.54,3,1,4.43,3,9,21.06
ENS025,BD,Bases de Donnees,INFO,3,3,4,4,0,0,1,0,0.33,253,0.17,1,0,3.5,3,4,0,0,3,3,0.67,3,0,0.75,4,0,2.66,2,8,22.07
ENS025,GESTION,Gestion de Projet,SUP,3,4,4,4,1,1,0,0,0.33,37,0.08,0,0,3.75,3,4,0,0,2,1,1.0,3,2,0.55,3,1,3.54,1,1,20.33
ENS012,PROG,Programmation,GL,4,3,5,4,1,-1,2,-1,0.0,48,0.08,0,0,4.0,3,5,1,0,3,1,1.0,3,1,0.77,1,1,2.92,2,1,19.69
ENS009,GC_STRU,Structure Batiment,GC,4,4,2,3,1,0,-2,1,-0.33,184,0.17,1,0,3.25,2,4,0,0,3,1,1.0,5,3,0.79,3,1,3.32,3,6,28.09
ENS016,BD,Bases de Donnees,INFO,5,4,5,4,0,-1,1,-1,-0.33,120,0.25,0,0,4.5,4,5,2,0,2,2,0.5,1,1,0.74,3,1,4.19,4,4,23.08
ENS026,GESTION,Gestion de Projet,SUP,3,2,3,3,3,-1,1,0,0.0,74,0.0,0,0,2.75,2,3,0,0,1,3,0.67,0,3,0.55,4,2,2.7,4,2,18.15
ENS008,GC_STRU,Structure Batiment,GC,3,3,1,3,1,0,-2,2,0.0,245,0.08,1,0,2.5,1,3,0,1,1,2,0.5,4,3,0.55,3,0,3.2,4,8,26.15
ENS014,GC_STRU,Structure Batiment,GC,4,5,5,5,0,1,0,0,0.33,221,0.08,1,0,4.75,4,5,3,0,3,2,0.5,2,2,0.64,3,2,2.98,4,7,22.16
ENS017,BD,Bases de Donnees,INFO,3,3,3,3,1,0,0,0,0.0,201,0.08,1,0,3.0,3,3,0,0,3,2,0.5,1,3,0.59,3,0,4.1,4,6,22.15
ENS004,PROG,Programmation,GL,3,5,4,5,0,2,-1,1,0.67,192,0.33,1,0,4.25,3,5,2,0,1,2,0.5,1,0,0.82,1,2,2.74,4,6,18.58
ENS003,BD,Bases de Donnees,INFO,2,1,2,1,3,-1,1,-1,-0.33,77,0.0,0,0,1.5,1,2,0,2,1,2,0.5,0,1,0.51,4,0,3.64,1,2,15.33
ENS012,ALG,Algorithmique,GL,3,3,1,2,3,0,-2,1,-0.33,125,0.08,0,0,2.25,1,3,0,1,3,1,1.0,2,1,0.74,1,2,4.06,4,4,22.82
ENS006,WEB_B,Developpement Web Back,WEB,2,3,1,2,2,1,-2,1,0.0,103,0.42,0,0,2.0,1,3,0,1,1,3,0.67,4,0,0.55,4,0,2.71,3,3,24.67
ENS011,PED,Pedagogie,SUP,4,3,3,3,2,-1,0,0,-0.33,136,0.25,0,0,3.25,3,4,0,0,1,2,0.5,0,3,0.53,0,0,3.87,4,4,16.39
ENS027,GC_STRU,Structure Batiment,GC,3,4,3,2,0,1,-1,-1,-0.33,35,0.08,0,0,3.0,2,4,0,0,3,3,0.67,5,0,0.55,2,1,3.47,1,1,23.19
ENS017,GC_STRU,Structure Batiment,GC,2,4,4,3,1,2,0,-1,0.33,340,0.0,1,0,3.25,2,4,0,0,3,1,1.0,4,1,0.6,2,0,4.3,1,11,23.1
ENS026,WEB_B,Developpement Web Back,WEB,1,1,1,1,3,0,0,0,0.0,167,0.17,0,0,1.0,1,1,0,4,2,1,1.0,0,2,0.82,2,1,3.99,4,5,20.08
ENS028,WEB_B,Developpement Web Back,WEB,2,3,2,1,2,1,-1,-1,-0.33,131,0.42,0,0,2.0,1,3,0,1,3,2,0.5,3,0,0.76,4,1,2.83,2,4,22.46
ENS019,WEB_B,Developpement Web Back,WEB,3,2,2,2,4,-1,0,0,-0.33,193,0.33,1,0,2.25,2,3,0,0,1,3,0.67,3,3,0.59,2,1,4.3,1,6,21.05
ENS025,GC_MAT,Matériaux,GC,3,2,2,4,0,-1,0,2,0.33,239,0.17,1,0,2.75,2,4,0,0,3,3,0.67,4,2,0.68,0,0,4.12,4,7,25.64
ENS018,PED,Pedagogie,SUP,3,4,3,3,0,1,-1,0,0.0,220,0.17,1,0,3.25,3,4,0,0,1,2,0.5,0,0,0.64,0,2,3.16,4,7,15.52
ENS020,PED,Pedagogie,SUP,4,3,2,4,1,-1,-1,2,0.0,175,0.33,0,0,3.25,2,4,0,0,1,3,0.67,1,0,0.75,4,2,2.65,4,5,21.05
ENS020,GC_MAT,Matériaux,GC,3,2,2,2,2,-1,0,0,-0.33,55,0.25,0,0,2.25,2,3,0,0,2,1,1.0,2,3,0.55,3,0,3.7,4,1,23.15
ENS003,RESEAU,Reseaux,RT,1,2,1,1,3,1,-1,0,0.0,324,0.0,1,0,1.25,1,2,0,3,2,2,0.5,1,3,0.52,4,2,2.58,1,10,15.26
ENS005,PROG,Programmation,GL,3,4,3,4,2,1,-1,1,0.33,192,0.17,1,0,3.5,3,4,0,0,2,1,1.0,4,2,0.72,0,1,3.1,4,6,23.8
ENS012,PED,Pedagogie,SUP,4,5,3,4,0,1,-2,1,0.0,44,0.08,0,0,4.0,3,5,1,0,1,1,1.0,1,0,0.95,3,0,2.84,2,1,18.43
ENS013,WEB_B,Developpement Web Back,WEB,5,4,5,3,1,-1,1,-2,-0.67,162,0.0,0,1,4.25,3,5,2,0,1,1,1.0,2,0,0.62,4,1,3.04,2,5,20.18
ENS024,PED,Pedagogie,SUP,1,3,2,1,2,2,-1,-1,0.0,105,0.33,0,0,1.75,1,3,0,2,2,3,0.67,3,0,0.73,1,2,3.46,4,3,23.57
ENS016,ANG,Anglais Technique,SUP,2,2,3,2,0,0,1,-1,0.0,165,0.17,0,0,2.25,2,3,0,0,3,1,1.0,2,1,0.8,1,2,2.66,4,5,20.32
ENS018,BD,Bases de Donnees,INFO,1,1,1,3,1,0,0,2,0.67,227,0.08,1,0,1.5,1,3,0,3,2,1,1.0,2,1,0.87,4,2,4.22,3,7,25.29
ENS009,WEB_B,Developpement Web Back,WEB,5,4,5,3,1,-1,1,-2,-0.67,96,0.08,0,1,4.25,3,5,2,0,2,2,0.5,3,1,0.85,1,0,3.06,2,3,20.37
ENS027,PROG,Programmation,GL,5,4,5,5,0,-1,1,0,0.0,266,0.0,1,0,4.75,4,5,3,0,3,1,1.0,1,0,0.9,1,1,2.56,4,8,18.62
ENS023,PROG,Programmation,GL,3,3,2,4,1,0,-1,2,0.33,250,0.08,1,0,3.0,2,4,0,0,1,2,0.5,4,3,0.73,0,1,3.05,1,8,19.25
ENS004,BD,Bases de Donnees,INFO,3,5,4,5,1,2,-1,1,0.67,180,0.08,0,0,4.25,3,5,2,0,2,1,1.0,4,2,0.74,3,2,3.37,1,6,22.94
ENS029,ANG,Anglais Technique,SUP,5,4,4,4,0,-1,0,0,-0.33,48,0.33,0,0,4.25,4,5,1,0,2,1,1.0,0,0,0.62,4,2,3.93,4,1,20.96
ENS018,ALG,Algorithmique,GL,3,2,2,4,2,-1,0,2,0.33,283,0.08,1,0,2.75,2,4,0,0,1,1,1.0,2,2,0.82,2,2,2.51,2,9,18.12
ENS008,SEC,Securite Informatique,RT,4,4,4,3,2,0,0,-1,-0.33,117,0.17,0,0,3.75,3,4,0,0,3,1,1.0,1,1,0.65,3,0,4.42,4,3,23.09
ENS012,GC_STRU,Structure Batiment,GC,4,4,3,3,0,0,-1,0,-0.33,117,0.42,0,0,3.5,3,4,0,0,1,3,0.67,2,3,0.76,3,0,3.45,1,3,19.2
ENS006,GC_MAT,Matériaux,GC,1,3,3,2,3,2,0,-1,0.33,105,0.0,0,0,2.25,1,3,0,1,1,2,0.5,5,2,0.7,2,2,3.01,4,3,27.52
ENS004,WEB_F,Developpement Web Front,WEB,2,2,2,1,3,0,0,-1,-0.33,200,0.33,1,0,1.75,1,2,0,1,3,3,0.67,3,0,0.62,4,2,3.78,2,6,23.66
ENS029,GC_STRU,Structure Batiment,GC,2,1,3,1,1,-1,2,-2,-0.33,45,0.08,0,0,1.75,1,3,0,2,3,3,0.67,5,3,0.66,0,0,4.34,4,1,27.98
ENS008,RESEAU,Reseaux,RT,5,3,4,5,2,-2,1,1,0.0,299,0.08,1,0,4.25,3,5,2,0,2,3,0.67,2,2,0.68,3,1,3.12,1,9,18.14
ENS026,PROG,Programmation,GL,4,4,4,3,2,0,0,-1,-0.33,251,0.25,1,0,3.75,3,4,0,0,3,2,0.5,2,0,0.94,3,2,2.79,2,8,20.28
ENS028,WEB_F,Developpement Web Front,WEB,4,3,4,4,3,-1,1,0,0.0,279,0.17,1,0,3.75,3,4,0,0,1,2,0.5,0,3,0.52,2,2,2.75,4,9,16.1
ENS007,WEB_B,Developpement Web Back,WEB,1,1,1,1,3,0,0,0,0.0,55,0.17,0,0,1.0,1,1,0,4,1,2,0.5,2,1,0.93,2,0,4.49,2,1,22.63
ENS009,WEB_B,Developpement Web Back,WEB,4,5,3,4,0,1,-2,1,0.0,272,0.17,1,0,4.0,3,5,1,0,1,3,0.67,5,3,0.69,0,1,4.34,3,9,26.63
ENS002,SEC,Securite Informatique,RT,2,4,3,4,0,2,-1,1,0.67,132,0.17,0,0,3.25,2,4,0,0,1,2,0.5,4,1,0.64,0,1,3.63,4,4,24.46
ENS018,RESEAU,Reseaux,RT,3,1,2,2,2,-2,1,0,-0.33,299,0.25,1,0,2.0,1,3,0,1,3,2,0.5,4,2,0.71,3,1,3.34,4,9,27.23
ENS008,GC_STRU,Structure Batiment,GC,4,3,5,3,1,-1,2,-2,-0.33,75,0.08,0,0,3.75,3,5,1,0,3,2,0.5,1,2,0.56,4,2,4.26,1,2,18.82
ENS004,WEB_F,Developpement Web Front,WEB,2,1,2,3,1,-1,1,1,0.33,295,0.25,1,0,2.0,1,3,0,1,1,1,1.0,0,2,0.87,0,1,3.69,3,9,16.23
ENS028,PROG,Programmation,GL,4,3,4,3,2,-1,1,-1,-0.33,329,0.42,1,0,3.5,3,4,0,0,3,3,0.67,5,0,0.82,4,0,3.62,4,10,31.34
ENS004,PED,Pedagogie,SUP,2,2,4,4,3,0,2,0,0.67,351,0.17,1,0,3.0,2,4,0,0,3,1,1.0,3,1,0.55,0,0,3.71,1,11,17.67
ENS018,ALG,Algorithmique,GL,2,1,1,1,3,-1,0,0,-0.33,42,0.33,0,0,1.25,1,2,0,3,2,2,0.5,0,0,0.63,3,0,4.14,3,1,18.93
ENS015,GC_STRU,Structure Batiment,GC,5,5,4,5,1,0,-1,1,0.0,104,0.42,0,0,4.75,4,5,3,0,1,1,1.0,1,1,0.58,4,0,3.45,3,3,20.3
ENS007,PROG,Programmation,GL,4,5,3,5,0,1,-2,2,0.33,230,0.25,1,0,4.25,3,5,2,0,3,1,1.0,3,3,0.87,1,0,3.07,1,7,18.99
ENS001,GC_STRU,Structure Batiment,GC,3,2,1,3,1,-1,-1,2,0.0,360,0.42,1,0,2.25,1,3,0,1,3,3,0.67,3,0,0.91,2,0,3.44,4,12,25.43
ENS019,WEB_F,Developpement Web Front,WEB,1,1,1,1,3,0,0,0,0.0,208,0.42,1,0,1.0,1,1,0,4,3,2,0.5,4,0,0.58,1,1,3.81,3,6,24.02
ENS012,PROG,Programmation,GL,3,4,2,3,3,1,-2,1,0.0,231,0.0,1,0,3.0,2,4,0,0,3,2,0.5,3,3,0.77,1,2,3.92,3,7,23.19
ENS021,GC_MAT,Matériaux,GC,2,4,3,4,1,2,-1,1,0.67,329,0.33,1,0,3.25,2,4,0,0,2,1,1.0,0,0,0.88,1,0,2.69,1,10,12.28
ENS014,BD,Bases de Donnees,INFO,2,3,2,2,1,1,-1,0,0.0,83,0.08,0,0,2.25,2,3,0,0,3,2,0.5,3,0,0.53,2,0,2.57,1,2,17.29
ENS014,PROG,Programmation,GL,4,4,5,5,1,0,1,0,0.33,194,0.0,1,0,4.5,4,5,2,0,3,2,0.5,3,1,0.94,4,2,2.9,3,6,25.0
ENS008,ALG,Algorithmique,GL,1,1,2,1,3,0,1,-1,0.0,112,0.25,0,0,1.25,1,2,0,3,3,1,1.0,0,0,0.78,0,0,2.57,2,3,12.04
ENS019,GC_STRU,Structure Batiment,GC,1,2,2,3,2,1,0,1,0.67,204,0.08,1,0,2.0,1,3,0,1,3,3,0.67,5,3,0.59,1,2,4.16,3,6,26.77
ENS002,PED,Pedagogie,SUP,2,3,3,1,4,1,0,-2,-0.33,248,0.42,1,0,2.25,1,3,0,1,2,1,1.0,4,0,0.56,4,1,2.7,4,8,26.2
ENS007,ANG,Anglais Technique,SUP,4,4,5,5,0,0,1,0,0.33,144,0.17,0,0,4.5,4,5,2,0,2,2,0.5,5,2,0.53,1,1,2.65,2,4,21.95
ENS013,WEB_F,Developpement Web Front,WEB,2,2,2,1,2,0,0,-1,-0.33,59,0.33,0,0,1.75,1,2,0,1,3,1,1.0,4,3,0.92,2,2,2.56,3,1,24.22
ENS027,WEB_F,Developpement Web Front,WEB,1,1,1,1,3,0,0,0,0.0,101,0.08,0,0,1.0,1,1,0,4,3,3,0.67,2,0,0.61,0,2,4.31,1,3,17.17
ENS006,ALG,Algorithmique,GL,1,1,1,2,4,0,0,1,0.33,312,0.25,1,0,1.25,1,2,0,3,1,2,0.5,5,0,0.55,3,2,2.95,3,10,26.15
ENS027,RESEAU,Reseaux,RT,1,1,1,1,3,0,0,0,0.0,58,0.0,0,0,1.0,1,1,0,4,1,3,0.67,4,3,0.81,0,2,3.46,4,1,24.97
ENS027,GC_STRU,Structure Batiment,GC,2,3,1,2,3,1,-2,1,0.0,89,0.25,0,0,2.0,1,3,0,1,1,3,0.67,2,2,0.59,3,0,2.98,1,2,17.41
ENS016,PROG,Programmation,GL,5,3,3,4,0,-2,0,1,-0.33,37,0.42,0,0,3.75,3,5,1,0,1,1,1.0,0,0,0.56,1,1,2.59,3,1,13.48
ENS018,GC_MAT,Matériaux,GC,4,4,2,3,1,0,-2,1,-0.33,233,0.25,1,0,3.25,2,4,0,0,3,1,1.0,5,0,0.53,4,0,3.49,3,7,28.13
ENS024,RESEAU,Reseaux,RT,1,1,2,1,4,0,1,-1,0.0,364,0.08,1,0,1.25,1,2,0,3,3,2,0.5,2,0,0.52,3,2,4.4,4,12,24.4
ENS011,GC_STRU,Structure Batiment,GC,3,2,2,2,1,-1,0,0,-0.33,186,0.42,1,0,2.25,2,3,0,0,3,1,1.0,0,2,0.83,1,0,4.46,4,6,20.07
ENS001,GC_STRU,Structure Batiment,GC,5,4,3,3,0,-1,-1,0,-0.67,168,0.17,0,1,3.75,3,5,1,0,3,2,0.5,2,0,0.53,4,1,3.49,4,5,23.63
ENS023,ALG,Algorithmique,GL,2,2,1,1,1,0,-1,0,-0.33,124,0.42,0,0,1.5,1,2,0,2,2,3,0.67,0,2,0.51,2,0,4.32,3,4,17.69
ENS003,GESTION,Gestion de Projet,SUP,3,4,2,2,0,1,-2,0,-0.33,348,0.25,1,0,2.75,2,4,0,0,2,3,0.67,5,0,0.86,4,1,4.4,3,11,31.6
ENS001,BD,Bases de Donnees,INFO,3,2,2,3,2,-1,0,1,0.0,113,0.25,0,0,2.5,2,3,0,0,2,3,0.67,1,1,0.91,2,2,4.4,1,3,18.85
ENS025,GC_MAT,Matériaux,GC,1,3,2,2,3,2,-1,0,0.33,345,0.17,1,0,2.0,1,3,0,1,2,2,0.5,5,2,0.85,4,0,2.75,3,11,28.25
ENS017,ANG,Anglais Technique,SUP,5,4,5,5,0,-1,1,0,0.0,34,0.25,0,0,4.75,4,5,3,0,1,2,0.5,3,1,0.68,4,0,3.05,3,1,24.0
ENS021,RESEAU,Reseaux,RT,2,3,2,3,2,1,-1,1,0.33,162,0.25,0,0,2.5,2,3,0,0,1,1,1.0,5,1,0.57,4,2,2.6,1,5,23.55
ENS003,GC_MAT,Matériaux,GC,4,2,2,4,3,-2,0,2,0.0,326,0.17,1,0,3.0,2,4,0,0,1,3,0.67,5,1,0.53,2,1,2.53,3,10,24.21
ENS010,GC_MAT,Matériaux,GC,3,3,1,3,2,0,-2,2,0.0,85,0.0,0,0,2.5,1,3,0,1,3,2,0.5,0,0,0.61,2,2,3.24,4,2,17.53
ENS023,PROG,Programmation,GL,3,5,4,4,0,2,-1,0,0.33,197,0.33,1,0,4.0,3,5,1,0,2,2,0.5,3,2,0.71,2,2,2.56,3,6,21.17
ENS015,ALG,Algorithmique,GL,1,1,1,2,3,0,0,1,0.33,341,0.08,1,0,1.25,1,2,0,3,2,3,0.67,5,2,0.92,3,2,2.57,2,11,25.74
ENS020,ANG,Anglais Technique,SUP,5,5,4,4,0,0,-1,0,-0.33,319,0.33,1,0,4.5,4,5,2,0,3,3,0.67,4,3,0.74,0,2,4.1,4,10,25.9
ENS023,PROG,Programmation,GL,4,4,4,3,1,0,0,-1,-0.33,129,0.33,0,0,3.75,3,4,0,0,2,1,1.0,2,1,0.86,2,0,3.41,1,4,18.62
ENS008,ANG,Anglais Technique,SUP,3,1,2,3,3,-2,1,1,0.0,215,0.0,1,0,2.25,1,3,0,1,2,3,0.67,4,0,0.91,3,2,2.96,4,7,27.47
ENS015,GESTION,Gestion de Projet,SUP,1,3,1,3,1,2,-2,2,0.67,238,0.42,1,0,2.0,1,3,0,2,3,3,0.67,1,2,0.86,2,1,2.74,4,7,19.78
ENS004,WEB_F,Developpement Web Front,WEB,3,4,2,4,2,1,-2,2,0.33,122,0.25,0,0,3.25,2,4,0,0,1,1,1.0,0,3,0.62,4,2,4.36,1,4,17.32
ENS003,GC_STRU,Structure Batiment,GC,1,1,2,1,2,0,1,-1,0.0,97,0.33,0,0,1.25,1,2,0,3,3,2,0.5,3,2,0.56,4,0,3.92,1,3,22.14
ENS001,PROG,Programmation,GL,4,4,5,5,1,0,1,0,0.33,67,0.42,0,0,4.5,4,5,2,0,2,2,0.5,3,3,0.83,3,1,4.02,2,2,24.19
ENS016,GESTION,Gestion de Projet,SUP,5,3,5,5,1,-2,2,0,0.0,107,0.0,0,0,4.5,3,5,3,0,3,3,0.67,2,3,0.67,3,0,3.52,3,3,21.89
ENS010,GC_STRU,Structure Batiment,GC,3,3,4,4,0,0,1,0,0.33,318,0.33,1,0,3.5,3,4,0,0,3,3,0.67,4,3,0.63,3,1,4.01,2,10,25.17
ENS015,GC_MAT,Matériaux,GC,1,2,2,1,2,1,0,-1,0.0,324,0.33,1,0,1.5,1,2,0,2,2,1,1.0,2,2,0.57,2,1,3.47,2,10,18.79
ENS028,GC_MAT,Matériaux,GC,2,3,3,4,2,1,0,1,0.67,172,0.08,0,0,3.0,2,4,0,0,1,1,1.0,4,1,0.51,0,2,3.58,2,5,20.71
ENS013,PED,Pedagogie,SUP,3,4,3,4,0,1,-1,1,0.33,322,0.25,1,0,3.5,3,4,0,0,3,2,0.5,4,1,0.87,2,0,3.93,1,10,23.71
ENS014,BD,Bases de Donnees,INFO,1,1,1,1,2,0,0,0,0.0,100,0.17,0,0,1.0,1,1,0,4,3,3,0.67,0,2,0.86,1,2,2.65,2,3,13.6
ENS019,ANG,Anglais Technique,SUP,3,2,2,2,2,-1,0,0,-0.33,191,0.0,1,0,2.25,2,3,0,0,2,1,1.0,5,2,0.59,4,2,4.18,1,6,26.81
ENS005,WEB_B,Developpement Web Back,WEB,3,3,1,1,2,0,-2,0,-0.67,222,0.08,1,1,2.0,1,3,0,2,3,1,1.0,2,3,0.57,1,2,3.49,2,7,17.83
ENS008,ALG,Algorithmique,GL,2,4,2,4,1,2,-2,2,0.67,31,0.25,0,0,3.0,2,4,0,0,1,2,0.5,4,1,0.82,0,1,3.88,4,1,25.86
ENS006,GESTION,Gestion de Projet,SUP,4,4,2,4,0,0,-2,2,0.0,301,0.42,1,0,3.5,2,4,0,0,1,2,0.5,1,2,0.8,3,2,3.28,3,10,20.06
ENS030,PED,Pedagogie,SUP,5,4,4,3,0,-1,0,-1,-0.67,177,0.25,0,1,4.0,3,5,1,0,2,2,0.5,1,3,0.55,3,1,3.82,3,5,19.89
ENS029,GC_MAT,Matériaux,GC,3,2,3,1,4,-1,1,-2,-0.67,280,0.33,1,1,2.25,1,3,0,1,2,3,0.67,1,0,0.63,4,0,4.28,4,9,23.71
ENS025,PROG,Programmation,GL,3,5,4,4,2,2,-1,0,0.33,230,0.25,1,0,4.0,3,5,1,0,2,2,0.5,2,0,0.62,1,1,3.77,1,7,17.14
ENS005,ALG,Algorithmique,GL,3,3,3,2,1,0,0,-1,-0.33,304,0.08,1,0,2.75,2,3,0,0,3,1,1.0,4,2,0.56,4,0,4.4,1,10,25.1
ENS011,GC_STRU,Structure Batiment,GC,2,1,3,2,2,-1,2,-1,0.0,365,0.0,1,0,2.0,1,3,0,1,3,1,1.0,2,1,0.94,4,1,4.22,2,12,24.14
ENS011,GC_STRU,Structure Batiment,GC,2,1,2,2,3,-1,1,0,0.0,36,0.0,0,0,1.75,1,2,0,1,1,3,0.67,0,3,0.86,0,0,3.07,1,1,11.94
ENS009,PED,Pedagogie,SUP,2,4,4,2,1,2,0,-2,0.0,93,0.25,0,0,3.0,2,4,0,0,3,2,0.5,1,2,0.89,0,0,3.51,4,3,19.47
ENS017,GESTION,Gestion de Projet,SUP,2,2,4,4,0,0,2,0,0.67,78,0.42,0,0,3.0,2,4,0,0,3,2,0.5,1,2,0.85,3,2,3.99,3,2,21.73
ENS017,BD,Bases de Donnees,INFO,4,4,3,3,0,0,-1,0,-0.33,365,0.33,1,0,3.5,3,4,0,0,2,2,0.5,2,3,0.54,3,2,3.06,3,12,20.32
ENS030,PROG,Programmation,GL,5,5,5,3,0,0,0,-2,-0.67,284,0.42,1,1,4.5,3,5,3,0,2,2,0.5,4,0,0.7,4,0,3.29,2,9,25.08
ENS028,BD,Bases de Donnees,INFO,1,1,1,2,2,0,0,1,0.33,189,0.17,1,0,1.25,1,2,0,3,1,3,0.67,0,0,0.75,1,1,3.69,1,6,13.63
ENS025,ANG,Anglais Technique,SUP,4,5,5,5,0,1,0,0,0.33,60,0.25,0,0,4.75,4,5,3,0,2,2,0.5,2,2,0.88,0,1,3.88,4,2,22.16
ENS028,SEC,Securite Informatique,RT,2,3,4,2,1,1,1,-2,0.0,309,0.25,1,0,2.75,2,4,0,0,2,3,0.67,1,2,0.71,3,2,3.61,1,10,17.27
ENS010,PED,Pedagogie,SUP,1,2,3,1,2,1,1,-2,0.0,36,0.08,0,0,1.75,1,3,0,2,3,3,0.67,0,1,0.59,0,0,4.27,4,1,17.49
ENS016,GC_STRU,Structure Batiment,GC,2,4,4,3,0,2,0,-1,0.33,310,0.25,1,0,3.25,2,4,0,0,2,1,1.0,2,0,0.7,2,2,4.34,3,10,22.68
ENS027,GC_STRU,Structure Batiment,GC,4,3,4,3,1,-1,1,-1,-0.33,102,0.17,0,0,3.5,3,4,0,0,3,3,0.67,1,2,0.73,2,1,3.43,3,3,19.01
ENS024,WEB_B,Developpement Web Back,WEB,2,2,1,1,3,0,-1,0,-0.33,35,0.17,0,0,1.5,1,2,0,2,2,1,1.0,1,3,0.53,0,1,3.9,2,1,15.45
ENS026,WEB_F,Developpement Web Front,WEB,2,1,2,1,2,-1,1,-1,-0.33,61,0.33,0,0,1.5,1,2,0,2,2,3,0.67,1,0,0.66,4,0,3.19,1,2,17.18
ENS029,RESEAU,Reseaux,RT,1,2,2,2,4,1,0,0,0.33,218,0.33,1,0,1.75,1,2,0,1,2,2,0.5,4,1,0.53,1,0,3.96,3,7,24.07
ENS016,PROG,Programmation,GL,2,3,4,2,1,1,1,-2,0.0,297,0.33,1,0,2.75,2,4,0,0,3,2,0.5,2,2,0.93,4,2,4.32,2,9,24.29
ENS029,PED,Pedagogie,SUP,3,3,3,3,0,0,0,0,0.0,344,0.08,1,0,3.0,3,3,0,0,1,1,1.0,3,0,0.65,0,0,3.52,4,11,22.29
ENS018,GC_STRU,Structure Batiment,GC,2,3,2,2,2,1,-1,0,0.0,90,0.08,0,0,2.25,2,3,0,0,3,2,0.5,3,3,0.82,2,1,4.18,3,3,24.96
ENS027,WEB_F,Developpement Web Front,WEB,2,1,2,1,3,-1,1,-1,-0.33,103,0.25,0,0,1.5,1,2,0,2,3,2,0.5,3,2,0.81,4,1,3.8,2,3,24.65
ENS002,ALG,Algorithmique,GL,1,2,2,3,1,1,0,1,0.67,247,0.08,1,0,2.0,1,3,0,1,3,3,0.67,1,3,0.67,0,0,3.38,2,8,15.11
ENS021,RESEAU,Reseaux,RT,1,3,2,2,2,2,-1,0,0.33,218,0.17,1,0,2.0,1,3,0,1,3,1,1.0,4,2,0.52,2,2,3.46,1,7,21.02
ENS012,BD,Bases de Donnees,INFO,3,3,2,2,2,0,-1,0,-0.33,271,0.33,1,0,2.5,2,3,0,0,3,2,0.5,3,1,0.71,4,0,2.58,1,9,20.21
ENS010,WEB_F,Developpement Web Front,WEB,4,4,2,4,2,0,-2,2,0.0,72,0.25,0,0,3.5,2,4,0,0,1,1,1.0,3,0,0.64,4,1,4.47,2,2,25.14
ENS023,GC_STRU,Structure Batiment,GC,4,4,4,2,0,0,0,-2,-0.67,192,0.42,1,1,3.5,2,4,0,0,1,3,0.67,5,2,0.73,3,1,4.18,1,6,26.51
ENS030,GESTION,Gestion de Projet,SUP,3,3,5,3,1,0,2,-2,0.0,118,0.25,0,0,3.5,3,5,1,0,1,2,0.5,4,1,0.81,3,0,3.77,1,3,24.09
ENS006,SEC,Securite Informatique,RT,3,3,4,3,0,0,1,-1,0.0,268,0.33,1,0,3.25,3,4,0,0,3,1,1.0,4,3,0.54,0,0,3.96,2,8,21.62
ENS022,SEC,Securite Informatique,RT,4,5,5,3,1,1,0,-2,-0.33,141,0.42,0,0,4.25,3,5,2,0,2,2,0.5,0,1,0.64,1,2,4.01,2,4,15.22
ENS013,BD,Bases de Donnees,INFO,4,3,4,5,0,-1,1,1,0.33,172,0.08,0,0,4.0,3,5,1,0,3,2,0.5,3,1,0.88,2,0,2.85,3,5,22.6
ENS010,WEB_F,Developpement Web Front,WEB,2,3,2,2,1,1,-1,0,0.0,211,0.33,1,0,2.25,2,3,0,0,2,2,0.5,5,3,0.87,1,0,4.4,4,7,30.15
ENS030,SEC,Securite Informatique,RT,2,4,4,2,1,2,0,-2,0.0,207,0.42,1,0,3.0,2,4,0,0,3,2,0.5,1,2,0.81,4,2,4.16,3,6,22.87
ENS013,PROG,Programmation,GL,3,5,3,4,0,2,-2,1,0.33,163,0.0,0,0,3.75,3,5,1,0,1,3,0.67,5,1,0.71,3,2,3.15,4,5,28.85
ENS014,ANG,Anglais Technique,SUP,3,3,1,2,3,0,-2,1,-0.33,34,0.08,0,0,2.25,1,3,0,1,2,2,0.5,2,2,0.79,0,0,4.33,3,1,21.11
ENS008,GESTION,Gestion de Projet,SUP,2,3,4,2,1,1,1,-2,0.0,345,0.25,1,0,2.75,2,4,0,0,3,3,0.67,5,3,0.83,3,0,3.01,3,11,27.67
ENS005,GESTION,Gestion de Projet,SUP,3,2,2,3,2,-1,0,1,0.0,149,0.33,0,0,2.5,2,3,0,0,1,2,0.5,3,2,0.93,3,2,2.56,2,4,21.77
ENS006,RESEAU,Reseaux,RT,2,3,3,3,2,1,0,0,0.33,320,0.08,1,0,2.75,2,3,0,0,1,3,0.67,2,0,0.94,2,0,4.1,4,10,24.9
ENS012,GC_STRU,Structure Batiment,GC,3,2,3,2,1,-1,1,-1,-0.33,118,0.17,0,0,2.5,2,3,0,0,2,1,1.0,1,1,0.89,3,0,3.95,2,3,20.35
ENS016,BD,Bases de Donnees,INFO,3,3,2,1,3,0,-1,-1,-0.67,81,0.25,0,1,2.25,1,3,0,1,3,3,0.67,3,1,0.91,3,1,3.91,1,2,22.87
ENS015,PED,Pedagogie,SUP,4,3,4,3,0,-1,1,-1,-0.33,197,0.17,1,0,3.5,3,4,0,0,3,3,0.67,3,3,0.74,2,1,3.84,1,6,20.88
ENS028,RESEAU,Reseaux,RT,1,2,1,1,3,1,-1,0,0.0,204,0.33,1,0,1.25,1,2,0,3,1,3,0.67,4,3,0.91,1,0,3.5,1,6,22.05
ENS021,RESEAU,Reseaux,RT,1,1,1,1,3,0,0,0,0.0,364,0.08,1,0,1.0,1,1,0,4,2,1,1.0,2,2,0.67,3,0,3.02,4,12,22.39
ENS014,BD,Bases de Donnees,INFO,1,1,1,2,3,0,0,1,0.33,268,0.0,1,0,1.25,1,2,0,3,2,3,0.67,5,0,0.8,3,0,2.82,2,8,25.64
ENS030,PROG,Programmation,GL,4,4,3,4,3,0,-1,1,0.0,364,0.42,1,0,3.75,3,4,0,0,2,2,0.5,0,2,0.69,0,2,4.11,4,12,17.67
ENS007,GESTION,Gestion de Projet,SUP,5,4,4,5,0,-1,0,1,0.0,303,0.17,1,0,4.5,4,5,2,0,1,1,1.0,3,3,0.89,0,0,2.51,3,10,19.97
ENS020,GC_MAT,Matériaux,GC,1,2,2,2,2,1,0,0,0.33,54,0.25,0,0,1.75,1,2,0,1,2,1,1.0,0,3,0.71,0,2,3.87,3,1,15.79
ENS027,ANG,Anglais Technique,SUP,2,2,3,2,2,0,1,-1,0.0,307,0.17,1,0,2.25,2,3,0,0,1,2,0.5,2,3,0.51,2,1,3.77,1,10,17.59
ENS029,WEB_F,Developpement Web Front,WEB,2,3,1,3,2,1,-2,2,0.33,119,0.0,0,0,2.25,1,3,0,1,3,1,1.0,1,1,0.78,3,1,3.19,4,3,21.28
ENS022,ANG,Anglais Technique,SUP,3,3,1,3,3,0,-2,2,0.0,50,0.0,0,0,2.5,1,3,0,1,2,2,0.5,0,1,0.77,0,1,3.53,1,1,12.41
ENS029,RESEAU,Reseaux,RT,2,3,3,2,3,1,0,-1,0.0,124,0.42,0,0,2.5,2,3,0,0,2,3,0.67,5,0,0.88,3,0,4.09,3,4,30.08
ENS013,PROG,Programmation,GL,4,5,5,5,0,1,0,0,0.33,55,0.17,0,0,4.75,4,5,3,0,3,2,0.5,1,3,0.62,1,1,3.5,1,1,14.6
ENS023,GC_STRU,Structure Batiment,GC,3,2,1,3,2,-1,-1,2,0.0,32,0.25,0,0,2.25,1,3,0,1,1,1,1.0,3,1,0.62,3,2,4.08,3,1,24.76
ENS001,GC_MAT,Matériaux,GC,2,2,2,2,2,0,0,0,0.0,62,0.33,0,0,2.0,2,2,0,0,2,3,0.67,5,3,0.76,4,1,3.58,4,2,30.96
ENS020,GC_STRU,Structure Batiment,GC,4,2,3,3,0,-2,1,0,-0.33,257,0.08,1,0,3.0,2,4,0,0,2,3,0.67,3,1,0.74,1,2,3.28,4,8,23.26
ENS028,GC_MAT,Matériaux,GC,2,4,4,2,1,2,0,-2,0.0,72,0.08,0,0,3.0,2,4,0,0,3,3,0.67,2,2,0.63,2,1,3.85,1,2,18.35
ENS027,PROG,Programmation,GL,2,4,4,2,3,2,0,-2,0.0,242,0.0,1,0,3.0,2,4,0,0,2,3,0.67,5,3,0.95,3,2,2.76,1,8,24.77
ENS002,PED,Pedagogie,SUP,3,4,3,3,1,1,-1,0,0.0,121,0.08,0,0,3.25,3,4,0,0,3,2,0.5,4,3,0.66,1,1,4.3,3,4,25.4
ENS001,ANG,Anglais Technique,SUP,5,5,5,4,1,0,0,-1,-0.33,287,0.33,1,0,4.75,4,5,3,0,3,2,0.5,1,3,0.72,3,1,4.15,4,9,22.9
ENS002,GC_STRU,Structure Batiment,GC,3,3,4,4,0,0,1,0,0.33,201,0.25,1,0,3.5,3,4,0,0,3,1,1.0,5,0,0.67,3,1,3.32,1,6,24.49
ENS028,GESTION,Gestion de Projet,SUP,3,1,1,3,3,-2,0,2,0.0,336,0.33,1,0,2.0,1,3,0,2,3,2,0.5,0,2,0.77,1,2,3.75,1,11,13.85
ENS015,GESTION,Gestion de Projet,SUP,4,3,5,5,2,-1,2,0,0.33,312,0.33,1,0,4.25,3,5,2,0,1,1,1.0,3,2,0.83,1,0,3.44,2,10,21.03
ENS010,PED,Pedagogie,SUP,3,2,3,2,2,-1,1,-1,-0.33,325,0.25,1,0,2.5,2,3,0,0,2,1,1.0,5,3,0.95,1,1,3.5,1,10,24.25
ENS003,WEB_B,Developpement Web Back,WEB,2,1,1,1,3,-1,0,0,-0.33,33,0.42,0,0,1.25,1,2,0,3,1,3,0.67,5,3,0.89,3,1,2.64,4,1,28.73
ENS006,ANG,Anglais Technique,SUP,5,5,5,4,0,0,0,-1,-0.33,254,0.25,1,0,4.75,4,5,3,0,3,1,1.0,2,3,0.87,0,1,3.3,4,8,20.95
ENS030,SEC,Securite Informatique,RT,3,2,2,2,2,-1,0,0,-0.33,116,0.17,0,0,2.25,2,3,0,0,2,3,0.67,2,1,0.91,3,0,3.03,3,3,22.11
ENS007,ANG,Anglais Technique,SUP,5,5,4,5,1,0,-1,1,0.0,155,0.17,0,0,4.75,4,5,3,0,2,2,0.5,5,3,0.65,3,2,3.02,3,5,26.79
ENS007,GESTION,Gestion de Projet,SUP,4,2,2,2,0,-2,0,0,-0.67,143,0.17,0,1,2.5,2,4,0,0,3,2,0.5,5,2,0.64,1,2,3.77,4,4,27.74
ENS008,SEC,Securite Informatique,RT,5,4,5,4,0,-1,1,-1,-0.33,95,0.08,0,0,4.5,4,5,2,0,3,2,0.5,3,2,0.79,0,0,3.67,2,3,20.29
ENS026,WEB_B,Developpement Web Back,WEB,5,3,4,4,2,-2,1,0,-0.33,274,0.33,1,0,4.0,3,5,1,0,1,2,0.5,5,1,0.76,4,1,3.55,4,9,30.9
ENS010,WEB_B,Developpement Web Back,WEB,2,3,1,3,4,1,-2,2,0.33,224,0.0,1,0,2.25,1,3,0,1,3,1,1.0,2,1,0.64,1,0,3.06,1,7,15.82
ENS009,GC_MAT,Matériaux,GC,4,2,3,3,0,-2,1,0,-0.33,298,0.08,1,0,3.0,2,4,0,0,3,1,1.0,2,0,0.68,0,1,3.51,3,9,18.92
ENS008,ALG,Algorithmique,GL,2,2,2,2,4,0,0,0,0.0,258,0.33,1,0,2.0,2,2,0,0,3,1,1.0,1,2,0.86,1,2,4.37,2,8,19.04
ENS008,PROG,Programmation,GL,2,4,4,3,1,2,0,-1,0.33,341,0.17,1,0,3.25,2,4,0,0,3,2,0.5,0,1,0.83,0,0,3.55,1,11,12.75
ENS019,GC_STRU,Structure Batiment,GC,1,1,1,3,4,0,0,2,0.67,267,0.0,1,0,1.5,1,3,0,3,3,1,1.0,2,0,0.59,0,1,2.67,2,8,15.29
ENS011,WEB_B,Developpement Web Back,WEB,3,5,5,3,2,2,0,-2,0.0,321,0.0,1,0,4.0,3,5,2,0,3,2,0.5,0,3,0.85,1,2,4.11,4,10,19.47
ENS023,RESEAU,Reseaux,RT,3,4,4,5,0,1,0,1,0.67,353,0.08,1,0,4.0,3,5,1,0,2,3,0.67,3,2,0.93,2,1,4.23,2,11,24.11
ENS024,ANG,Anglais Technique,SUP,2,2,3,3,3,0,1,0,0.33,87,0.08,0,0,2.5,2,3,0,0,2,1,1.0,2,3,0.72,1,0,4.02,3,2,21.14
ENS012,WEB_B,Developpement Web Back,WEB,3,4,4,5,1,1,0,1,0.67,129,0.0,0,0,4.0,3,5,1,0,1,1,1.0,2,2,0.64,4,1,2.71,3,4,21.12
ENS003,ALG,Algorithmique,GL,2,1,2,2,3,-1,1,0,0.0,110,0.08,0,0,1.75,1,2,0,1,2,1,1.0,1,1,0.65,4,1,3.81,4,3,22.87
ENS008,RESEAU,Reseaux,RT,2,1,1,1,4,-1,0,0,-0.33,219,0.08,1,0,1.25,1,2,0,3,2,2,0.5,5,2,0.87,2,1,3.12,4,7,28.59
ENS019,WEB_B,Developpement Web Back,WEB,4,3,4,3,2,-1,1,-1,-0.33,360,0.08,1,0,3.5,3,4,0,0,2,2,0.5,0,1,0.59,2,1,4.17,1,12,14.79
ENS023,GC_MAT,Matériaux,GC,3,3,3,3,2,0,0,0,0.0,140,0.33,0,0,3.0,3,3,0,0,3,2,0.5,2,0,0.53,1,1,3.95,4,4,21.55
ENS023,PED,Pedagogie,SUP,1,3,2,3,4,2,-1,1,0.67,157,0.17,0,0,2.25,1,3,0,1,3,3,0.67,3,0,0.55,2,1,3.58,4,5,23.91
ENS010,SEC,Securite Informatique,RT,3,2,3,2,0,-1,1,-1,-0.33,196,0.42,1,0,2.5,2,3,0,0,2,1,1.0,1,2,0.76,4,0,3.38,3,6,21.06
ENS003,GC_MAT,Matériaux,GC,3,3,3,2,4,0,0,-1,-0.33,41,0.08,0,0,2.75,2,3,0,0,1,3,0.67,5,2,0.93,2,1,3.99,2,1,27.63
ENS018,WEB_B,Developpement Web Back,WEB,1,2,2,1,4,1,0,-1,0.0,131,0.42,0,0,1.5,1,2,0,2,3,2,0.5,2,0,0.56,3,1,3.29,4,4,22.38
ENS008,RESEAU,Reseaux,RT,1,3,1,3,2,2,-2,2,0.67,319,0.25,1,0,2.0,1,3,0,2,1,3,0.67,2,3,0.63,2,2,2.63,1,10,15.91
ENS016,WEB_F,Developpement Web Front,WEB,3,1,3,1,2,-2,2,-2,-0.67,323,0.25,1,1,2.0,1,3,0,2,3,3,0.67,1,0,0.85,3,1,3.43,2,10,19.11
ENS010,GC_STRU,Structure Batiment,GC,5,4,3,3,1,-1,-1,0,-0.67,262,0.33,1,1,3.75,3,5,1,0,3,3,0.67,3,0,0.68,2,0,3.75,4,8,24.9
ENS024,PROG,Programmation,GL,2,2,2,3,3,0,0,1,0.33,144,0.33,0,0,2.25,2,3,0,0,3,2,0.5,4,3,0.79,1,2,4.35,2,4,24.65
ENS026,ANG,Anglais Technique,SUP,1,1,1,2,1,0,0,1,0.33,43,0.33,0,0,1.25,1,2,0,3,3,1,1.0,1,2,0.93,2,1,4.36,2,1,20.37
ENS005,ALG,Algorithmique,GL,1,2,1,2,2,1,-1,1,0.33,141,0.17,0,0,1.5,1,2,0,2,1,1,1.0,3,0,0.88,3,0,3.39,2,4,23.18
ENS019,WEB_B,Developpement Web Back,WEB,2,1,2,2,2,-1,1,0,0.0,135,0.25,0,0,1.75,1,2,0,1,3,1,1.0,0,1,0.73,4,2,3.53,2,4,17.71
ENS014,PROG,Programmation,GL,3,3,4,5,0,0,1,1,0.67,242,0.08,1,0,3.75,3,5,1,0,1,1,1.0,4,2,0.72,4,0,4.39,1,8,25.88
ENS025,GC_STRU,Structure Batiment,GC,1,2,2,2,2,1,0,0,0.33,211,0.17,1,0,1.75,1,2,0,1,2,1,1.0,3,2,0.6,0,2,3.79,4,7,22.58
ENS010,WEB_B,Developpement Web Back,WEB,2,1,2,3,4,-1,1,1,0.33,53,0.08,0,0,2.0,1,3,0,1,1,1,1.0,4,0,0.56,1,0,3.89,1,1,21.08
ENS016,PED,Pedagogie,SUP,3,5,3,5,2,2,-2,2,0.67,346,0.25,1,0,4.0,3,5,2,0,1,2,0.5,1,1,0.92,1,2,4.12,2,11,18.84
ENS027,RESEAU,Reseaux,RT,2,1,1,1,4,-1,0,0,-0.33,236,0.42,1,0,1.25,1,2,0,3,2,2,0.5,4,2,0.51,0,1,2.56,4,7,21.67
ENS020,PROG,Programmation,GL,2,4,2,3,1,2,-2,1,0.33,223,0.33,1,0,2.75,2,4,0,0,3,3,0.67,1,1,0.55,2,0,2.68,1,7,13.61
ENS026,GC_STRU,Structure Batiment,GC,1,2,2,2,4,1,0,0,0.33,98,0.33,0,0,1.75,1,2,0,1,3,1,1.0,2,3,0.71,2,0,3.15,3,3,20.35
ENS016,GC_STRU,Structure Batiment,GC,3,3,3,1,3,0,0,-2,-0.67,94,0.08,0,1,2.5,1,3,0,1,3,1,1.0,1,1,0.8,0,2,3.31,1,3,14.12
ENS008,ALG,Algorithmique,GL,2,2,3,2,2,0,1,-1,0.0,198,0.42,1,0,2.25,2,3,0,0,2,3,0.67,4,2,0.84,1,1,3.34,2,6,22.88
ENS014,WEB_B,Developpement Web Back,WEB,5,5,3,5,2,0,-2,2,0.0,353,0.0,1,0,4.5,3,5,3,0,1,1,1.0,0,1,0.79,1,0,3.29,1,11,13.03
ENS005,RESEAU,Reseaux,RT,5,4,4,4,0,-1,0,0,-0.33,325,0.25,1,0,4.25,4,5,1,0,2,1,1.0,3,2,0.75,0,2,3.06,3,10,20.37
ENS007,PROG,Programmation,GL,3,2,3,3,3,-1,1,0,0.0,311,0.25,1,0,2.75,2,3,0,0,3,1,1.0,5,2,0.84,2,0,4.06,4,10,30.32
ENS023,GESTION,Gestion de Projet,SUP,5,3,5,3,0,-2,2,-2,-0.67,264,0.0,1,1,4.0,3,5,2,0,1,3,0.67,5,2,0.56,2,1,3.41,1,8,23.12
ENS023,PROG,Programmation,GL,5,3,4,5,0,-2,1,1,0.0,143,0.0,0,0,4.25,3,5,2,0,1,3,0.67,5,2,0.74,1,2,4.22,1,4,24.64
ENS007,ANG,Anglais Technique,SUP,3,2,3,1,2,-1,1,-2,-0.67,221,0.08,1,1,2.25,1,3,0,1,1,3,0.67,1,1,0.88,1,2,4.38,4,7,22.16
ENS008,PROG,Programmation,GL,3,4,3,4,0,1,-1,1,0.33,297,0.25,1,0,3.5,3,4,0,0,2,2,0.5,2,1,0.82,2,0,2.65,3,9,19.9
ENS030,GC_MAT,Matériaux,GC,2,4,4,4,0,2,0,0,0.67,240,0.08,1,0,3.5,2,4,0,0,1,2,0.5,1,1,0.68,1,2,3.34,2,8,16.08
ENS025,ALG,Algorithmique,GL,2,3,2,2,2,1,-1,0,0.0,101,0.25,0,0,2.25,2,3,0,0,1,3,0.67,5,1,0.59,1,2,3.05,3,3,24.55
ENS025,GC_MAT,Matériaux,GC,1,2,1,2,1,1,-1,1,0.33,82,0.42,0,0,1.5,1,2,0,2,3,2,0.5,1,3,0.63,0,2,3.99,4,2,19.13
ENS004,GC_MAT,Matériaux,GC,2,2,4,3,0,0,2,-1,0.33,225,0.17,1,0,2.75,2,4,0,0,1,3,0.67,3,3,0.76,3,1,2.95,1,7,20.2
ENS002,RESEAU,Reseaux,RT,1,2,2,2,4,1,0,0,0.33,283,0.42,1,0,1.75,1,2,0,1,2,2,0.5,0,0,0.89,2,2,3.96,3,9,18.87
ENS019,ANG,Anglais Technique,SUP,3,3,2,2,2,0,-1,0,-0.33,212,0.0,1,0,2.5,2,3,0,0,1,1,1.0,5,3,0.61,3,0,3.68,3,7,27.91
ENS024,PROG,Programmation,GL,3,5,4,5,2,2,-1,1,0.67,340,0.33,1,0,4.25,3,5,2,0,3,2,0.5,0,0,0.77,0,2,2.69,2,11,12.23
ENS027,ALG,Algorithmique,GL,2,3,3,3,3,1,0,0,0.33,231,0.42,1,0,2.75,2,3,0,0,3,1,1.0,2,3,0.88,4,2,2.57,4,7,23.54
ENS017,RESEAU,Reseaux,RT,4,4,3,4,1,0,-1,1,0.0,320,0.08,1,0,3.75,3,4,0,0,1,3,0.67,2,0,0.63,3,0,3.96,3,10,22.57
ENS019,RESEAU,Reseaux,RT,4,5,4,4,1,1,-1,0,0.0,171,0.25,0,0,4.25,4,5,1,0,1,2,0.5,3,2,0.85,1,0,3.62,3,5,22.99
ENS023,GC_STRU,Structure Batiment,GC,3,2,2,1,2,-1,0,-1,-0.67,200,0.17,1,1,2.0,1,3,0,1,3,3,0.67,5,1,0.64,2,0,4.33,1,6,25.36
ENS021,GC_STRU,Structure Batiment,GC,4,3,3,4,1,-1,0,1,0.0,225,0.08,1,0,3.5,3,4,0,0,2,3,0.67,3,2,0.65,3,1,4.01,2,7,23.27
ENS028,ALG,Algorithmique,GL,3,2,2,2,2,-1,0,0,-0.33,316,0.33,1,0,2.25,2,3,0,0,1,2,0.5,4,0,0.59,0,2,3.7,4,10,24.35
ENS009,SEC,Securite Informatique,RT,3,2,4,3,2,-1,2,-1,0.0,98,0.25,0,0,3.0,2,4,0,0,1,3,0.67,2,0,0.65,1,1,4.15,2,3,19.55
ENS015,GC_STRU,Structure Batiment,GC,4,2,4,3,0,-2,2,-1,-0.33,144,0.42,0,0,3.25,2,4,0,0,1,1,1.0,1,3,0.79,1,0,2.52,2,4,14.99
ENS018,RESEAU,Reseaux,RT,1,3,2,2,3,2,-1,0,0.33,241,0.08,1,0,2.0,1,3,0,1,3,3,0.67,3,3,0.84,2,1,3.36,3,8,23.42
ENS009,BD,Bases de Donnees,INFO,3,4,5,4,0,1,1,-1,0.33,98,0.17,0,0,4.0,3,5,1,0,3,1,1.0,4,1,0.54,4,2,3.45,3,3,26.1
ENS010,GC_STRU,Structure Batiment,GC,2,4,2,4,0,2,-2,2,0.67,360,0.33,1,0,3.0,2,4,0,0,1,2,0.5,2,0,0.71,3,1,3.68,1,12,19.41
ENS018,PED,Pedagogie,SUP,3,3,5,4,1,0,2,-1,0.33,207,0.25,1,0,3.75,3,5,1,0,3,1,1.0,0,2,0.53,2,2,3.0,1,6,12.15
ENS029,SEC,Securite Informatique,RT,4,4,3,3,1,0,-1,0,-0.33,232,0.08,1,0,3.5,3,4,0,0,3,2,0.5,2,2,0.65,4,2,4.39,2,7,23.03
ENS023,WEB_B,Developpement Web Back,WEB,3,3,3,2,3,0,0,-1,-0.33,213,0.33,1,0,2.75,2,3,0,0,1,1,1.0,4,0,0.74,1,2,2.89,2,7,21.48
ENS026,RESEAU,Reseaux,RT,1,1,2,1,4,0,1,-1,0.0,75,0.0,0,0,1.25,1,2,0,3,2,3,0.67,5,3,0.86,3,2,3.45,3,2,28.7
ENS008,GC_STRU,Structure Batiment,GC,1,1,2,2,1,0,1,0,0.33,250,0.17,1,0,1.5,1,2,0,2,2,1,1.0,1,2,0.68,1,1,4.47,1,8,16.84
ENS023,BD,Bases de Donnees,INFO,4,4,3,5,0,0,-1,2,0.33,340,0.0,1,0,4.0,3,5,1,0,3,1,1.0,5,2,0.54,0,2,2.53,3,11,22.26
ENS005,GC_MAT,Matériaux,GC,2,2,1,3,3,0,-1,2,0.33,118,0.08,0,0,2.0,1,3,0,1,3,3,0.67,3,1,0.74,2,0,4.24,2,3,23.18
ENS026,GC_MAT,Matériaux,GC,2,1,2,1,2,-1,1,-1,-0.33,289,0.08,1,0,1.5,1,2,0,2,2,1,1.0,4,0,0.92,0,1,4.37,1,9,22.84
ENS011,PED,Pedagogie,SUP,3,4,2,4,2,1,-2,2,0.33,284,0.08,1,0,3.25,2,4,0,0,3,1,1.0,4,2,0.92,4,1,4.07,1,9,26.24
ENS018,ANG,Anglais Technique,SUP,3,3,1,2,0,0,-2,1,-0.33,102,0.08,0,0,2.25,1,3,0,1,2,1,1.0,3,0,0.66,3,2,3.92,1,3,21.64
ENS029,BD,Bases de Donnees,INFO,3,1,3,3,0,-2,2,0,0.0,299,0.33,1,0,2.5,1,3,0,1,3,3,0.67,4,3,0.84,1,1,3.14,4,9,25.48
ENS010,RESEAU,Reseaux,RT,1,1,2,1,4,0,1,-1,0.0,72,0.25,0,0,1.25,1,2,0,3,1,2,0.5,0,2,0.75,4,1,3.11,3,2,18.47
ENS014,PED,Pedagogie,SUP,5,5,3,5,0,0,-2,2,0.0,75,0.17,0,0,4.5,3,5,3,0,3,3,0.67,4,1,0.79,0,2,2.56,3,2,21.57
ENS012,GESTION,Gestion de Projet,SUP,3,2,3,4,0,-1,1,1,0.33,252,0.42,1,0,3.0,2,4,0,0,3,3,0.67,1,2,0.81,0,0,2.7,2,8,14.45
ENS012,RESEAU,Reseaux,RT,1,3,2,1,4,2,-1,-1,0.0,135,0.33,0,0,1.75,1,3,0,2,3,3,0.67,0,0,0.91,1,2,2.73,3,4,15.51
ENS003,ALG,Algorithmique,GL,1,1,2,1,4,0,1,-1,0.0,146,0.17,0,0,1.25,1,2,0,3,2,1,1.0,1,1,0.77,4,2,3.02,4,4,21.89
ENS006,WEB_B,Developpement Web Back,WEB,3,3,3,3,2,0,0,0,0.0,364,0.42,1,0,3.0,3,3,0,0,2,2,0.5,5,0,0.69,3,1,3.06,2,12,25.57
ENS005,PROG,Programmation,GL,4,4,5,3,0,0,1,-2,-0.33,51,0.42,0,0,4.0,3,5,1,0,2,1,1.0,5,1,0.53,0,0,2.82,4,1,24.29
ENS011,PED,Pedagogie,SUP,3,3,5,4,0,0,2,-1,0.33,161,0.42,0,0,3.75,3,5,1,0,3,3,0.67,3,2,0.74,2,2,3.02,1,5,19.24
ENS027,RESEAU,Reseaux,RT,4,3,3,5,1,-1,0,2,0.33,95,0.33,0,0,3.75,3,5,1,0,1,2,0.5,3,0,0.55,0,1,2.87,1,3,15.99
ENS020,SEC,Securite Informatique,RT,2,3,4,3,0,1,1,-1,0.33,256,0.33,1,0,3.0,2,4,0,0,1,3,0.67,4,1,0.85,2,0,3.64,2,8,24.53
ENS011,ANG,Anglais Technique,SUP,2,2,1,2,1,0,-1,1,0.0,230,0.25,1,0,1.75,1,2,0,1,1,2,0.5,4,0,0.6,1,1,3.82,4,7,25.64
ENS018,RESEAU,Reseaux,RT,2,3,2,2,2,1,-1,0,0.0,315,0.08,1,0,2.25,2,3,0,0,1,3,0.67,2,0,0.55,0,1,3.54,1,10,15.33
ENS019,PED,Pedagogie,SUP,5,5,3,5,1,0,-2,2,0.0,49,0.08,0,0,4.5,3,5,3,0,1,3,0.67,1,0,0.67,4,0,4.13,1,1,19.11
ENS019,BD,Bases de Donnees,INFO,3,5,3,5,0,2,-2,2,0.67,362,0.25,1,0,4.0,3,5,2,0,3,3,0.67,3,2,0.81,3,1,4.32,2,12,24.69
ENS027,WEB_F,Developpement Web Front,WEB,3,2,3,2,1,-1,1,-1,-0.33,355,0.25,1,0,2.5,2,3,0,0,2,1,1.0,3,2,0.6,2,2,3.96,4,11,24.92
ENS003,BD,Bases de Donnees,INFO,1,1,1,2,2,0,0,1,0.33,183,0.08,1,0,1.25,1,2,0,3,1,2,0.5,3,1,0.94,1,2,3.21,4,6,24.12
ENS008,GC_STRU,Structure Batiment,GC,4,4,4,5,1,0,0,1,0.33,267,0.17,1,0,4.25,4,5,1,0,2,2,0.5,5,3,0.56,4,0,2.99,2,8,25.78
ENS011,GC_STRU,Structure Batiment,GC,4,2,4,4,2,-2,2,0,0.0,267,0.33,1,0,3.5,2,4,0,0,2,2,0.5,5,2,0.6,1,1,2.72,4,8,25.44
ENS015,WEB_B,Developpement Web Back,WEB,2,3,2,1,2,1,-1,-1,-0.33,202,0.33,1,0,2.0,1,3,0,1,1,3,0.67,3,3,0.58,3,0,3.89,4,6,25.68
ENS011,WEB_F,Developpement Web Front,WEB,4,4,2,3,2,0,-2,1,-0.33,358,0.25,1,0,3.25,2,4,0,0,3,1,1.0,1,3,0.64,1,2,2.76,4,11,17.72
ENS005,WEB_B,Developpement Web Back,WEB,4,5,5,5,1,1,0,0,0.33,79,0.0,0,0,4.75,4,5,3,0,1,1,1.0,0,0,0.65,0,1,4.36,3,2,16.47
ENS014,BD,Bases de Donnees,INFO,1,2,1,1,2,1,-1,0,0.0,63,0.17,0,0,1.25,1,2,0,3,3,2,0.5,4,3,0.71,1,1,3.11,2,2,21.77
ENS015,BD,Bases de Donnees,INFO,1,1,2,1,3,0,1,-1,0.0,111,0.33,0,0,1.25,1,2,0,3,3,3,0.67,3,2,0.81,1,0,3.83,2,3,21.71
ENS007,GC_STRU,Structure Batiment,GC,2,1,1,1,4,-1,0,0,-0.33,224,0.25,1,0,1.25,1,2,0,3,1,1,1.0,4,2,0.92,4,2,2.86,1,7,23.82
ENS014,ALG,Algorithmique,GL,3,4,4,3,1,1,0,-1,0.0,219,0.0,1,0,3.5,3,4,0,0,1,1,1.0,4,2,0.8,1,0,4.49,2,7,24.98
ENS008,ANG,Anglais Technique,SUP,5,5,5,5,0,0,0,0,0.0,211,0.33,1,0,5.0,5,5,4,0,2,1,1.0,4,3,0.95,2,1,2.88,3,7,25.01
ENS015,ANG,Anglais Technique,SUP,3,1,2,2,2,-2,1,0,-0.33,362,0.08,1,0,2.0,1,3,0,1,3,2,0.5,2,3,0.95,2,0,3.05,4,12,22.85
ENS001,BD,Bases de Donnees,INFO,5,3,4,5,0,-2,1,1,0.0,349,0.0,1,0,4.25,3,5,2,0,3,3,0.67,0,2,0.67,3,1,3.28,3,11,17.41
ENS005,WEB_B,Developpement Web Back,WEB,3,2,2,2,4,-1,0,0,-0.33,238,0.42,1,0,2.25,2,3,0,0,2,1,1.0,2,2,0.75,3,1,3.03,4,7,22.81
ENS002,SEC,Securite Informatique,RT,4,2,4,3,1,-2,2,-1,-0.33,41,0.08,0,0,3.25,2,4,0,0,1,1,1.0,0,1,0.67,1,2,4.1,1,1,14.05
ENS014,WEB_B,Developpement Web Back,WEB,3,3,5,3,2,0,2,-2,0.0,346,0.0,1,0,3.5,3,5,1,0,1,3,0.67,5,3,0.78,2,2,2.71,1,11,22.82
ENS015,ALG,Algorithmique,GL,1,2,1,1,4,1,-1,0,0.0,125,0.0,0,0,1.25,1,2,0,3,3,1,1.0,0,3,0.86,1,0,2.6,1,4,12.0
ENS017,PROG,Programmation,GL,3,3,4,4,1,0,1,0,0.33,131,0.42,0,0,3.5,3,4,0,0,2,3,0.67,5,1,0.71,4,0,3.39,1,4,25.83
ENS028,GC_MAT,Matériaux,GC,2,2,2,3,1,0,0,1,0.33,307,0.33,1,0,2.25,2,3,0,0,1,3,0.67,0,0,0.58,2,0,2.82,3,10,15.04
ENS003,WEB_F,Developpement Web Front,WEB,4,3,4,4,1,-1,1,0,0.0,248,0.17,1,0,3.75,3,4,0,0,2,3,0.67,1,0,0.79,2,1,4.01,1,8,17.47
ENS003,BD,Bases de Donnees,INFO,1,1,1,1,3,0,0,0,0.0,347,0.25,1,0,1.0,1,1,0,4,1,3,0.67,5,3,0.51,0,1,3.68,3,11,24.41
ENS015,PROG,Programmation,GL,5,5,5,5,2,0,0,0,0.0,193,0.25,1,0,5.0,5,5,4,0,2,3,0.67,3,2,0.72,3,1,3.59,2,6,22.78
ENS001,PROG,Programmation,GL,2,4,2,2,3,2,-2,0,0.0,268,0.25,1,0,2.5,2,4,0,0,2,2,0.5,3,3,0.7,1,2,4.0,4,8,24.5
ENS028,PROG,Programmation,GL,3,3,4,4,0,0,1,0,0.33,234,0.17,1,0,3.5,3,4,0,0,1,2,0.5,5,1,0.57,1,0,2.69,4,7,25.23
ENS021,GESTION,Gestion de Projet,SUP,2,1,2,2,1,-1,1,0,0.0,284,0.25,1,0,1.75,1,2,0,1,1,2,0.5,4,2,0.6,3,2,3.95,4,9,27.9
ENS003,GC_STRU,Structure Batiment,GC,2,1,2,3,2,-1,1,1,0.33,84,0.0,0,0,2.0,1,3,0,1,2,3,0.67,3,2,0.56,4,1,4.11,4,2,27.02
ENS003,GESTION,Gestion de Projet,SUP,2,1,2,3,1,-1,1,1,0.33,352,0.17,1,0,2.0,1,3,0,1,3,3,0.67,3,0,0.77,4,1,3.18,3,11,24.71
ENS027,RESEAU,Reseaux,RT,3,1,2,3,3,-2,1,1,0.0,39,0.25,0,0,2.25,1,3,0,1,2,2,0.5,1,1,0.93,1,1,3.77,4,1,21.19
ENS030,RESEAU,Reseaux,RT,3,4,3,4,1,1,-1,1,0.33,95,0.17,0,0,3.5,3,4,0,0,3,3,0.67,1,1,0.87,1,1,3.63,1,3,16.11
ENS021,GC_STRU,Structure Batiment,GC,4,5,3,4,1,1,-2,1,0.0,71,0.33,0,0,4.0,3,5,1,0,2,2,0.5,4,2,0.53,3,0,4.08,3,2,26.31
ENS016,GC_STRU,Structure Batiment,GC,5,3,4,3,0,-2,1,-1,-0.67,354,0.0,1,1,3.75,3,5,1,0,2,2,0.5,4,3,0.75,2,1,3.47,3,11,25.19
ENS001,BD,Bases de Donnees,INFO,5,5,3,5,0,0,-2,2,0.0,335,0.33,1,0,4.5,3,5,3,0,1,2,0.5,5,0,0.83,1,2,4.1,3,11,27.85
ENS004,WEB_F,Developpement Web Front,WEB,2,3,3,4,2,1,0,1,0.67,182,0.17,1,0,3.0,2,4,0,0,1,1,1.0,2,0,0.51,3,0,3.24,2,6,19.03
ENS001,WEB_B,Developpement Web Back,WEB,4,5,4,5,0,1,-1,1,0.33,257,0.17,1,0,4.5,4,5,2,0,1,2,0.5,3,2,0.59,4,1,3.07,2,8,22.09
ENS010,BD,Bases de Donnees,INFO,4,3,3,3,2,-1,0,0,-0.33,218,0.08,1,0,3.25,3,4,0,0,2,3,0.67,3,0,0.78,2,1,2.86,1,7,19.12
ENS030,RESEAU,Reseaux,RT,4,3,3,4,1,-1,0,1,0.0,291,0.0,1,0,3.5,3,4,0,0,3,3,0.67,5,1,0.72,0,0,2.8,2,9,22.2
ENS018,ALG,Algorithmique,GL,4,2,2,3,2,-2,0,1,-0.33,71,0.25,0,0,2.75,2,4,0,0,2,1,1.0,3,3,0.75,4,1,3.78,4,2,27.31
ENS028,ALG,Algorithmique,GL,4,2,4,2,2,-2,2,-2,-0.67,111,0.0,0,1,3.0,2,4,0,0,2,1,1.0,1,0,0.79,4,0,2.6,2,3,18.15
ENS027,GESTION,Gestion de Projet,SUP,2,1,1,1,2,-1,0,0,-0.33,100,0.33,0,0,1.25,1,2,0,3,2,2,0.5,3,3,0.51,2,1,2.55,4,3,21.65
ENS022,WEB_F,Developpement Web Front,WEB,2,1,1,1,3,-1,0,0,-0.33,147,0.33,0,0,1.25,1,2,0,3,2,1,1.0,2,0,0.76,2,2,4.3,2,4,21.4
ENS027,GC_STRU,Structure Batiment,GC,3,2,2,4,0,-1,0,2,0.33,351,0.42,1,0,2.75,2,4,0,0,3,2,0.5,2,2,0.73,1,0,4.01,3,11,21.17
ENS027,PROG,Programmation,GL,3,2,3,3,1,-1,1,0,0.0,363,0.17,1,0,2.75,2,3,0,0,2,1,1.0,3,3,0.59,0,0,3.27,1,12,16.99
ENS023,RESEAU,Reseaux,RT,2,1,1,2,4,-1,0,1,0.0,139,0.33,0,0,1.5,1,2,0,2,2,2,0.5,3,0,0.79,1,2,4.28,3,4,24.01
ENS026,PED,Pedagogie,SUP,2,4,2,3,1,2,-2,1,0.33,122,0.17,0,0,2.75,2,4,0,0,1,2,0.5,5,3,0.82,3,1,3.7,2,4,27.5
ENS024,ALG,Algorithmique,GL,2,2,3,3,1,0,1,0,0.33,157,0.0,0,0,2.5,2,3,0,0,3,1,1.0,0,0,0.78,0,1,4.36,3,5,17.12
ENS003,RESEAU,Reseaux,RT,2,2,3,3,3,0,1,0,0.33,57,0.17,0,0,2.5,2,3,0,0,1,3,0.67,1,3,0.83,2,0,3.06,1,1,15.77
ENS007,ANG,Anglais Technique,SUP,2,1,1,2,0,-1,0,1,0.0,263,0.08,1,0,1.5,1,2,0,2,1,3,0.67,5,0,0.9,3,0,2.53,1,8,24.06
ENS015,WEB_B,Developpement Web Back,WEB,3,1,2,3,4,-2,1,1,0.0,168,0.0,0,0,2.25,1,3,0,1,3,3,0.67,3,0,0.83,1,0,2.63,4,5,22.41
ENS016,PROG,Programmation,GL,3,3,4,4,1,0,1,0,0.33,119,0.0,0,0,3.5,3,4,0,0,3,1,1.0,5,0,0.93,2,2,3.06,4,3,28.77
ENS003,PROG,Programmation,GL,3,4,3,5,0,1,-1,2,0.67,126,0.08,0,0,3.75,3,5,1,0,3,2,0.5,0,0,0.89,3,2,4.4,4,4,22.25
ENS020,PED,Pedagogie,SUP,1,3,3,1,2,2,0,-2,0.0,75,0.33,0,0,2.0,1,3,0,2,2,2,0.5,3,1,0.67,2,2,3.6,2,2,21.55
ENS002,GC_MAT,Matériaux,GC,2,3,3,2,4,1,0,-1,0.0,220,0.25,1,0,2.5,2,3,0,0,2,2,0.5,1,3,0.8,3,1,4.42,1,7,19.34
ENS024,RESEAU,Reseaux,RT,3,2,1,2,4,-1,-1,1,-0.33,260,0.33,1,0,2.0,1,3,0,1,3,1,1.0,0,2,0.73,1,2,3.18,2,8,14.01
ENS006,PED,Pedagogie,SUP,4,2,2,4,1,-2,0,2,0.0,244,0.0,1,0,3.0,2,4,0,0,3,3,0.67,0,0,0.76,2,2,3.83,2,8,16.46
ENS020,WEB_F,Developpement Web Front,WEB,4,2,4,4,3,-2,2,0,0.0,89,0.17,0,0,3.5,2,4,0,0,3,2,0.5,4,3,0.74,3,0,3.65,4,2,28.0
ENS007,SEC,Securite Informatique,RT,5,3,3,5,1,-2,0,2,0.0,126,0.42,0,0,4.0,3,5,2,0,1,3,0.67,0,3,0.56,0,2,4.4,2,4,14.6
ENS022,RESEAU,Reseaux,RT,2,2,1,3,3,0,-1,2,0.33,42,0.0,0,0,2.0,1,3,0,1,1,2,0.5,0,1,0.58,0,0,3.01,1,1,10.42
ENS016,BD,Bases de Donnees,INFO,4,4,5,4,0,0,1,-1,0.0,335,0.17,1,0,4.25,4,5,1,0,2,2,0.5,2,1,0.64,4,2,4.34,1,11,21.38
ENS030,RESEAU,Reseaux,RT,3,2,1,2,2,-1,-1,1,-0.33,45,0.17,0,0,2.0,1,3,0,1,3,2,0.5,3,0,0.69,4,2,4.26,4,1,27.97
ENS002,RESEAU,Reseaux,RT,1,1,1,1,4,0,0,0,0.0,273,0.17,1,0,1.0,1,1,0,4,3,1,1.0,0,1,0.83,0,1,3.26,3,9,15.17
ENS001,GC_MAT,Matériaux,GC,1,3,2,1,2,2,-1,-1,0.0,312,0.42,1,0,1.75,1,3,0,2,2,1,1.0,4,3,0.54,1,2,4.23,1,10,21.66
ENS003,PROG,Programmation,GL,5,4,3,5,0,-1,-1,2,0.0,170,0.42,0,0,4.25,3,5,2,0,3,2,0.5,4,0,0.61,0,2,3.53,2,5,21.11
ENS005,ALG,Algorithmique,GL,2,2,1,1,1,0,-1,0,-0.33,199,0.25,1,0,1.5,1,2,0,2,1,3,0.67,1,0,0.59,3,0,2.51,2,6,15.97
ENS023,SEC,Securite Informatique,RT,3,2,3,2,1,-1,1,-1,-0.33,328,0.25,1,0,2.5,2,3,0,0,1,3,0.67,3,0,0.55,1,0,3.98,1,10,19.21
ENS012,RESEAU,Reseaux,RT,1,1,1,2,4,0,0,1,0.33,355,0.33,1,0,1.25,1,2,0,3,1,2,0.5,3,0,0.63,4,2,3.34,1,11,21.33
ENS010,SEC,Securite Informatique,RT,2,3,4,3,0,1,1,-1,0.33,100,0.0,0,0,3.0,2,4,0,0,1,1,1.0,0,1,0.8,3,2,4.49,3,3,20.48
ENS019,GC_MAT,Matériaux,GC,3,2,2,1,3,-1,0,-1,-0.67,328,0.25,1,1,2.0,1,3,0,1,1,3,0.67,0,1,0.59,2,0,3.99,4,10,18.93
ENS001,ANG,Anglais Technique,SUP,1,2,1,3,1,1,-1,2,0.67,298,0.42,1,0,1.75,1,3,0,2,2,3,0.67,4,0,0.64,1,1,4.34,4,9,26.88
ENS013,PROG,Programmation,GL,3,3,5,4,0,0,2,-1,0.33,80,0.08,0,0,3.75,3,5,1,0,2,3,0.67,5,0,0.57,1,2,2.79,1,2,20.93
ENS018,PROG,Programmation,GL,3,4,2,4,1,1,-2,2,0.33,350,0.25,1,0,3.25,2,4,0,0,3,2,0.5,1,2,0.68,3,0,4.24,4,11,22.88
ENS015,PROG,Programmation,GL,3,3,5,5,2,0,2,0,0.67,260,0.33,1,0,4.0,3,5,2,0,1,3,0.67,1,3,0.78,4,1,3.79,2,8,20.48
ENS014,WEB_F,Developpement Web Front,WEB,2,4,4,3,2,2,0,-1,0.33,251,0.33,1,0,3.25,2,4,0,0,1,2,0.5,0,0,0.82,1,2,2.58,3,8,14.76
ENS027,SEC,Securite Informatique,RT,3,3,3,4,1,0,0,1,0.33,185,0.33,1,0,3.25,3,4,0,0,3,2,0.5,2,3,0.73,3,2,3.68,2,6,21.01
ENS023,WEB_B,Developpement Web Back,WEB,4,4,3,5,2,0,-1,2,0.33,302,0.33,1,0,4.0,3,5,1,0,3,3,0.67,0,2,0.78,2,1,3.69,2,10,16.28
ENS002,GESTION,Gestion de Projet,SUP,4,4,3,5,0,0,-1,2,0.33,186,0.08,1,0,4.0,3,5,1,0,2,3,0.67,5,3,0.63,4,1,3.84,2,6,27.83
ENS002,GC_STRU,Structure Batiment,GC,3,1,3,2,1,-2,2,-1,-0.33,215,0.42,1,0,2.25,1,3,0,1,3,3,0.67,2,1,0.86,4,2,2.85,3,7,22.5
ENS019,RESEAU,Reseaux,RT,2,1,1,2,4,-1,0,1,0.0,123,0.42,0,0,1.5,1,2,0,2,2,2,0.5,1,3,0.72,2,2,3.42,3,4,18.94
ENS021,GESTION,Gestion de Projet,SUP,2,3,4,2,0,1,1,-2,0.0,222,0.33,1,0,2.75,2,4,0,0,2,1,1.0,0,1,0.87,2,1,3.41,3,7,17.67
ENS005,BD,Bases de Donnees,INFO,3,3,2,1,0,0,-1,-1,-0.67,248,0.42,1,1,2.25,1,3,0,1,2,3,0.67,0,3,0.7,2,0,2.78,1,8,12.56
ENS003,WEB_B,Developpement Web Back,WEB,2,1,1,1,2,-1,0,0,-0.33,310,0.33,1,0,1.25,1,2,0,3,2,1,1.0,0,3,0.59,4,0,2.52,3,10,16.49
ENS011,GESTION,Gestion de Projet,SUP,3,3,2,2,2,0,-1,0,-0.33,142,0.33,0,0,2.5,2,3,0,0,3,3,0.67,2,2,0.88,1,0,3.61,3,4,21.12
ENS019,GESTION,Gestion de Projet,SUP,3,3,4,3,1,0,1,-1,0.0,112,0.0,0,0,3.25,3,4,0,0,3,3,0.67,4,2,0.86,0,0,2.99,4,3,24.28
ENS030,PROG,Programmation,GL,2,2,3,4,1,0,1,1,0.67,118,0.08,0,0,2.75,2,4,0,0,2,1,1.0,0,1,0.8,3,2,4.22,4,3,21.44
ENS018,ANG,Anglais Technique,SUP,2,1,1,1,2,-1,0,0,-0.33,257,0.25,1,0,1.25,1,2,0,3,1,3,0.67,3,3,0.51,2,0,4.26,4,8,25.07
ENS014,WEB_F,Developpement Web Front,WEB,1,2,1,1,2,1,-1,0,0.0,289,0.33,1,0,1.25,1,2,0,3,2,2,0.5,4,1,0.67,0,2,4.17,4,9,25.69
ENS008,WEB_F,Developpement Web Front,WEB,1,1,1,1,2,0,0,0,0.0,237,0.17,1,0,1.0,1,1,0,4,1,3,0.67,2,1,0.67,3,0,3.87,2,7,21.09
ENS023,WEB_B,Developpement Web Back,WEB,5,5,3,4,1,0,-2,1,-0.33,229,0.33,1,0,4.25,3,5,2,0,2,2,0.5,3,0,0.72,3,1,2.68,3,7,22.46
ENS007,BD,Bases de Donnees,INFO,4,3,4,4,1,-1,1,0,0.0,275,0.08,1,0,3.75,3,4,0,0,1,1,1.0,4,1,0.88,3,1,2.6,2,9,23.6
ENS007,SEC,Securite Informatique,RT,2,4,2,2,0,2,-2,0,0.0,158,0.0,0,0,2.5,2,4,0,0,3,2,0.5,3,1,0.63,3,1,4.24,2,5,23.63
ENS010,BD,Bases de Donnees,INFO,3,4,4,3,0,1,0,-1,0.0,77,0.33,0,0,3.5,3,4,0,0,1,3,0.67,5,1,0.63,3,1,4.29,2,2,27.73
ENS024,ANG,Anglais Technique,SUP,4,4,5,5,0,0,1,0,0.33,81,0.17,0,0,4.5,4,5,2,0,1,3,0.67,0,3,0.75,2,2,2.86,2,2,14.47
ENS030,PROG,Programmation,GL,2,2,3,2,2,0,1,-1,0.0,286,0.33,1,0,2.25,2,3,0,0,1,2,0.5,1,1,0.52,1,0,2.98,3,9,16.06
ENS017,GC_MAT,Matériaux,GC,4,3,3,2,2,-1,0,-1,-0.67,157,0.08,0,1,3.0,2,4,0,0,3,3,0.67,0,0,0.94,1,0,3.07,4,5,17.84
ENS014,WEB_F,Developpement Web Front,WEB,3,2,3,3,3,-1,1,0,0.0,361,0.33,1,0,2.75,2,3,0,0,2,3,0.67,4,3,0.84,4,1,2.83,4,12,27.86
ENS022,PROG,Programmation,GL,2,2,2,2,3,0,0,0,0.0,182,0.0,1,0,2.0,2,2,0,0,3,2,0.5,3,3,0.63,0,1,3.47,1,6,17.59
ENS018,BD,Bases de Donnees,INFO,1,1,2,1,3,0,1,-1,0.0,362,0.17,1,0,1.25,1,2,0,3,2,1,1.0,1,0,0.91,3,1,3.47,4,12,22.49
ENS002,RESEAU,Reseaux,RT,3,2,2,1,4,-1,0,-1,-0.67,56,0.08,0,1,2.0,1,3,0,1,1,3,0.67,0,2,0.67,2,1,4.32,4,1,19.99
ENS019,PED,Pedagogie,SUP,2,4,3,3,3,2,-1,0,0.33,50,0.25,0,0,3.0,2,4,0,0,1,2,0.5,2,1,0.64,4,0,2.52,1,1,17.74
ENS013,BD,Bases de Donnees,INFO,1,3,3,3,1,2,0,0,0.67,42,0.33,0,0,2.5,1,3,0,1,1,3,0.67,4,2,0.51,3,1,4.1,4,1,27.75
ENS029,WEB_F,Developpement Web Front,WEB,1,2,1,1,2,1,-1,0,0.0,294,0.33,1,0,1.25,1,2,0,3,1,2,0.5,3,3,0.84,0,2,4.06,1,9,19.82
ENS012,RESEAU,Reseaux,RT,1,2,2,3,4,1,0,1,0.67,103,0.08,0,0,2.0,1,3,0,1,1,1,1.0,4,3,0.62,1,0,2.59,1,3,18.78
ENS007,BD,Bases de Donnees,INFO,1,1,1,2,2,0,0,1,0.33,107,0.25,0,0,1.25,1,2,0,3,3,3,0.67,2,1,0.5,0,0,4.22,3,3,19.44
ENS001,PROG,Programmation,GL,4,3,2,2,2,-1,-1,0,-0.67,282,0.0,1,1,2.75,2,4,0,0,1,3,0.67,3,2,0.78,2,1,4.41,3,9,25.22
ENS005,SEC,Securite Informatique,RT,5,5,5,5,0,0,0,0,0.0,197,0.33,1,0,5.0,5,5,4,0,1,3,0.67,5,2,0.86,1,0,4.13,4,6,29.56
ENS006,GC_MAT,Matériaux,GC,2,2,2,3,2,0,0,1,0.33,237,0.0,1,0,2.25,2,3,0,0,3,2,0.5,2,0,0.87,4,0,4.19,2,7,23.73
ENS027,GC_STRU,Structure Batiment,GC,1,2,1,1,4,1,-1,0,0.0,241,0.42,1,0,1.25,1,2,0,3,2,2,0.5,4,2,0.63,1,0,3.75,1,8,21.15
ENS030,GC_MAT,Matériaux,GC,1,1,1,1,2,0,0,0,0.0,242,0.25,1,0,1.0,1,1,0,4,1,2,0.5,2,0,0.64,3,1,4.36,4,8,24.92
ENS001,WEB_B,Developpement Web Back,WEB,5,3,4,4,2,-2,1,0,-0.33,154,0.33,0,0,4.0,3,5,1,0,1,2,0.5,1,2,0.77,0,0,2.66,1,5,12.67
ENS023,PROG,Programmation,GL,2,4,3,3,2,2,-1,0,0.33,56,0.0,0,0,3.0,2,4,0,0,2,1,1.0,0,1,0.63,2,2,3.87,3,1,17.39
ENS030,RESEAU,Reseaux,RT,3,3,1,1,2,0,-2,0,-0.67,188,0.17,1,1,2.0,1,3,0,2,1,1,1.0,4,0,0.94,4,0,4.14,2,6,27.98
ENS014,BD,Bases de Donnees,INFO,1,2,2,1,1,1,0,-1,0.0,179,0.33,0,0,1.5,1,2,0,2,3,1,1.0,4,2,0.56,3,2,4.2,2,5,25.2
ENS001,PROG,Programmation,GL,4,4,4,2,2,0,0,-2,-0.67,175,0.0,0,1,3.5,2,4,0,0,2,2,0.5,5,1,0.81,3,1,4.4,3,5,30.35
ENS020,RESEAU,Reseaux,RT,2,3,3,2,3,1,0,-1,0.0,188,0.42,1,0,2.5,2,3,0,0,2,1,1.0,1,3,0.57,1,0,2.66,1,6,12.67
ENS022,WEB_B,Developpement Web Back,WEB,1,1,1,1,2,0,0,0,0.0,67,0.17,0,0,1.0,1,1,0,4,2,3,0.67,2,1,0.82,3,1,2.75,3,2,21.1
ENS010,BD,Bases de Donnees,INFO,3,1,2,3,0,-2,1,1,0.0,110,0.25,0,0,2.25,1,3,0,1,1,2,0.5,0,0,0.51,2,1,2.87,4,3,16.29
ENS015,PROG,Programmation,GL,4,5,4,5,0,1,-1,1,0.33,98,0.17,0,0,4.5,4,5,2,0,3,3,0.67,3,2,0.93,4,2,2.87,2,3,23.39
ENS015,ANG,Anglais Technique,SUP,2,2,1,2,3,0,-1,1,0.0,105,0.0,0,0,1.75,1,2,0,1,1,1,1.0,4,3,0.93,1,2,2.86,1,3,20.87
ENS020,SEC,Securite Informatique,RT,2,4,3,4,0,2,-1,1,0.67,344,0.17,1,0,3.25,2,4,0,0,2,1,1.0,0,3,0.85,4,0,2.92,3,11,18.59
ENS016,GC_STRU,Structure Batiment,GC,5,5,5,5,1,0,0,0,0.0,300,0.33,1,0,5.0,5,5,4,0,3,3,0.67,1,3,0.85,0,1,4.43,3,10,19.61
ENS020,ALG,Algorithmique,GL,4,3,2,3,0,-1,-1,1,-0.33,238,0.33,1,0,3.0,2,4,0,0,3,1,1.0,3,3,0.92,4,2,2.96,3,7,25.02
ENS008,GC_MAT,Matériaux,GC,4,2,3,3,1,-2,1,0,-0.33,363,0.0,1,0,3.0,2,4,0,0,1,3,0.67,4,2,0.68,0,2,2.96,2,12,20.32
ENS014,RESEAU,Reseaux,RT,2,1,2,1,3,-1,1,-1,-0.33,170,0.33,0,0,1.5,1,2,0,2,3,2,0.5,0,2,0.85,0,1,4.48,2,5,16.21
ENS003,SEC,Securite Informatique,RT,4,4,4,3,1,0,0,-1,-0.33,229,0.33,1,0,3.75,3,4,0,0,3,2,0.5,1,1,0.51,3,0,3.16,2,7,16.87
ENS025,ALG,Algorithmique,GL,3,2,2,2,2,-1,0,0,-0.33,116,0.42,0,0,2.25,2,3,0,0,2,3,0.67,2,3,0.57,3,0,3.96,3,3,22.27
ENS016,RESEAU,Reseaux,RT,3,4,4,5,1,1,0,1,0.67,69,0.08,0,0,4.0,3,5,1,0,1,1,1.0,1,0,0.85,2,0,2.73,4,2,19.71
ENS029,RESEAU,Reseaux,RT,1,1,2,2,4,0,1,0,0.33,276,0.42,1,0,1.5,1,2,0,2,3,2,0.5,0,2,0.86,2,0,3.28,2,9,15.86
ENS001,WEB_B,Developpement Web Back,WEB,5,4,5,3,1,-1,1,-2,-0.67,62,0.08,0,1,4.25,3,5,2,0,1,2,0.5,1,1,0.72,2,0,3.18,4,2,19.96
ENS022,BD,Bases de Donnees,INFO,2,1,3,2,1,-1,2,-1,0.0,127,0.33,0,0,2.0,1,3,0,1,3,2,0.5,4,0,0.94,1,2,4.37,4,4,28.44
ENS003,PROG,Programmation,GL,4,3,3,3,2,-1,0,0,-0.33,51,0.0,0,0,3.25,3,4,0,0,2,1,1.0,0,2,0.51,2,2,3.18,1,1,12.41
ENS021,GESTION,Gestion de Projet,SUP,4,4,3,3,1,0,-1,0,-0.33,333,0.08,1,0,3.5,3,4,0,0,2,2,0.5,4,2,0.55,0,2,3.13,3,11,21.51
ENS023,ANG,Anglais Technique,SUP,3,2,2,1,1,-1,0,-1,-0.67,183,0.42,1,1,2.0,1,3,0,1,1,3,0.67,2,3,0.95,2,1,4.2,1,6,20.65
ENS016,BD,Bases de Donnees,INFO,2,1,1,1,2,-1,0,0,-0.33,183,0.25,1,0,1.25,1,2,0,3,1,1,1.0,2,2,0.58,0,0,4.36,1,6,17.12
ENS015,PROG,Programmation,GL,4,3,3,4,2,-1,0,1,0.0,93,0.08,0,0,3.5,3,4,0,0,3,1,1.0,4,0,0.6,2,1,4.18,1,3,22.86
ENS010,SEC,Securite Informatique,RT,4,4,4,4,2,0,0,0,0.0,81,0.25,0,0,4.0,4,4,0,0,1,2,0.5,3,0,0.8,2,2,2.6,1,2,18.7
ENS025,ALG,Algorithmique,GL,1,2,1,1,4,1,-1,0,0.0,270,0.17,1,0,1.25,1,2,0,3,2,3,0.67,0,2,0.57,4,0,2.66,2,9,15.17
ENS028,ANG,Anglais Technique,SUP,1,3,3,3,2,2,0,0,0.67,270,0.08,1,0,2.5,1,3,0,1,3,3,0.67,1,1,0.83,4,0,4.48,1,9,20.61
ENS026,RESEAU,Reseaux,RT,4,4,3,4,1,0,-1,1,0.0,282,0.33,1,0,3.75,3,4,0,0,1,1,1.0,3,1,0.78,3,0,4.15,3,9,25.7
ENS006,RESEAU,Reseaux,RT,1,1,1,2,4,0,0,1,0.33,167,0.08,0,0,1.25,1,2,0,3,3,1,1.0,5,3,0.61,4,1,2.5,1,5,23.55
ENS024,RESEAU,Reseaux,RT,2,3,1,3,2,1,-2,2,0.33,95,0.33,0,0,2.25,1,3,0,1,1,3,0.67,4,0,0.94,1,0,3.92,2,3,24.54
ENS017,GC_STRU,Structure Batiment,GC,3,5,3,5,0,2,-2,2,0.67,232,0.08,1,0,4.0,3,5,2,0,1,2,0.5,0,0,0.79,0,2,2.53,1,7,10.51
ENS021,BD,Bases de Donnees,INFO,2,1,2,1,1,-1,1,-1,-0.33,361,0.0,1,0,1.5,1,2,0,2,2,2,0.5,3,3,0.8,2,1,3.83,2,12,22.66
ENS029,PED,Pedagogie,SUP,3,4,4,3,0,1,0,-1,0.0,280,0.25,1,0,3.5,3,4,0,0,2,2,0.5,0,2,0.5,3,0,2.62,1,9,12.24
ENS003,GC_STRU,Structure Batiment,GC,3,2,3,2,1,-1,1,-1,-0.33,86,0.17,0,0,2.5,2,3,0,0,1,2,0.5,2,1,0.69,0,1,4.07,1,2,17.09
ENS013,GC_STRU,Structure Batiment,GC,5,4,4,4,1,-1,0,0,-0.33,132,0.42,0,0,4.25,4,5,1,0,2,2,0.5,3,2,0.57,1,1,4.31,1,4,19.97
ENS022,BD,Bases de Donnees,INFO,1,3,2,2,0,2,-1,0,0.33,312,0.33,1,0,2.0,1,3,0,1,3,1,1.0,0,2,0.82,4,1,3.88,3,10,20.36
ENS002,ANG,Anglais Technique,SUP,3,3,2,3,1,0,-1,1,0.0,320,0.0,1,0,2.75,2,3,0,0,1,2,0.5,2,1,0.84,4,2,3.65,2,10,22.5
ENS011,GC_STRU,Structure Batiment,GC,3,2,3,1,2,-1,1,-2,-0.67,40,0.17,0,1,2.25,1,3,0,1,3,3,0.67,3,2,0.5,1,0,2.72,3,1,19.44
ENS005,ANG,Anglais Technique,SUP,3,2,2,3,1,-1,0,1,0.0,351,0.25,1,0,2.5,2,3,0,0,3,3,0.67,4,2,0.54,3,2,2.89,2,11,22.48
ENS004,PROG,Programmation,GL,4,3,4,4,1,-1,1,0,0.0,302,0.17,1,0,3.75,3,4,0,0,2,1,1.0,3,0,0.81,0,2,4.29,2,10,21.63
ENS022,PROG,Programmation,GL,4,3,3,4,0,-1,0,1,0.0,82,0.42,0,0,3.5,3,4,0,0,3,2,0.5,5,1,0.6,1,0,3.24,1,2,21.98
ENS030,ANG,Anglais Technique,SUP,2,1,3,2,1,-1,2,-1,0.0,173,0.42,0,0,2.0,1,3,0,1,3,2,0.5,1,0,0.65,1,2,2.74,3,5,16.23
ENS006,ALG,Algorithmique,GL,2,2,2,2,4,0,0,0,0.0,52,0.25,0,0,2.0,2,2,0,0,3,2,0.5,4,1,0.8,0,1,4.13,2,1,23.26
ENS014,ANG,Anglais Technique,SUP,2,2,1,1,2,0,-1,0,-0.33,324,0.17,1,0,1.5,1,2,0,2,1,2,0.5,5,2,0.92,3,2,3.89,1,10,26.88
ENS007,RESEAU,Reseaux,RT,5,3,5,5,0,-2,2,0,0.0,170,0.08,0,0,4.5,3,5,3,0,1,1,1.0,1,0,0.83,1,0,2.9,3,5,17.45
ENS001,PED,Pedagogie,SUP,4,3,5,4,0,-1,2,-1,0.0,98,0.0,0,0,4.0,3,5,1,0,1,3,0.67,5,1,0.66,2,2,3.36,1,3,23.52
ENS020,RESEAU,Reseaux,RT,1,1,1,1,3,0,0,0,0.0,47,0.33,0,0,1.0,1,1,0,4,1,3,0.67,3,0,0.54,1,0,2.65,4,1,21.0
ENS022,WEB_F,Developpement Web Front,WEB,1,1,1,2,3,0,0,1,0.33,296,0.42,1,0,1.25,1,2,0,3,3,3,0.67,4,2,0.9,1,2,3.57,2,9,23.64
ENS020,GC_STRU,Structure Batiment,GC,2,2,1,3,3,0,-1,2,0.33,172,0.17,0,0,2.0,1,3,0,1,2,3,0.67,1,0,0.59,2,1,4.05,4,5,21.05
ENS007,RESEAU,Reseaux,RT,1,3,1,3,2,2,-2,2,0.67,57,0.08,0,0,2.0,1,3,0,2,3,3,0.67,4,0,0.75,3,2,3.66,2,1,25.07
ENS012,ANG,Anglais Technique,SUP,1,3,1,3,2,2,-2,2,0.67,153,0.0,0,0,2.0,1,3,0,2,3,3,0.67,4,0,0.61,4,0,3.18,1,5,22.91
ENS013,RESEAU,Reseaux,RT,2,2,2,3,2,0,0,1,0.33,121,0.0,0,0,2.25,2,3,0,0,2,2,0.5,1,1,0.86,1,2,3.77,2,4,17.84
ENS017,PED,Pedagogie,SUP,5,4,3,4,1,-1,-1,1,-0.33,194,0.25,1,0,4.0,3,5,1,0,1,3,0.67,2,2,0.51,0,0,4.05,1,6,16.15
ENS019,PROG,Programmation,GL,5,3,3,4,0,-2,0,1,-0.33,356,0.33,1,0,3.75,3,5,1,0,1,1,1.0,5,1,0.72,0,1,4.07,3,11,26.24
ENS018,WEB_B,Developpement Web Back,WEB,1,3,3,3,2,2,0,0,0.67,106,0.17,0,0,2.5,1,3,0,1,2,2,0.5,5,0,0.86,4,2,3.08,3,3,28.96
ENS003,BD,Bases de Donnees,INFO,2,1,1,3,3,-1,0,2,0.33,177,0.25,0,0,1.75,1,3,0,2,3,1,1.0,1,1,0.87,2,2,3.74,1,5,17.33
ENS004,ALG,Algorithmique,GL,2,2,2,1,3,0,0,-1,-0.33,43,0.0,0,0,1.75,1,2,0,1,3,1,1.0,0,2,0.9,3,1,3.77,1,1,16.54
ENS003,ALG,Algorithmique,GL,1,2,2,1,4,1,0,-1,0.0,223,0.33,1,0,1.5,1,2,0,2,1,1,1.0,3,1,0.86,4,0,4.48,3,7,27.76
ENS013,WEB_F,Developpement Web Front,WEB,3,1,2,2,3,-2,1,0,-0.33,51,0.33,0,0,2.0,1,3,0,1,3,1,1.0,5,3,0.52,1,0,3.32,4,1,26.24
ENS012,PED,Pedagogie,SUP,5,4,3,5,0,-1,-1,2,0.0,94,0.0,0,0,4.25,3,5,2,0,1,2,0.5,0,0,0.89,2,2,2.75,1,3,13.45
ENS004,PROG,Programmation,GL,4,5,5,4,0,1,0,-1,0.0,310,0.25,1,0,4.5,4,5,2,0,2,1,1.0,4,1,0.67,1,2,3.8,4,10,25.95
ENS025,GC_STRU,Structure Batiment,GC,3,2,2,4,0,-1,0,2,0.33,234,0.33,1,0,2.75,2,4,0,0,3,2,0.5,5,1,0.73,2,1,3.1,1,7,23.35
ENS006,PED,Pedagogie,SUP,3,4,5,3,0,1,1,-2,0.0,300,0.25,1,0,3.75,3,5,1,0,1,1,1.0,2,2,0.54,0,1,3.08,4,10,18.86
ENS025,PROG,Programmation,GL,3,4,4,4,1,1,0,0,0.33,125,0.25,0,0,3.75,3,4,0,0,1,3,0.67,5,2,0.65,1,1,2.88,1,4,21.51
ENS022,PROG,Programmation,GL,4,2,3,3,1,-2,1,0,-0.33,173,0.17,0,0,3.0,2,4,0,0,3,3,0.67,4,0,0.85,0,1,2.98,2,5,21.21
ENS006,PED,Pedagogie,SUP,2,2,3,1,3,0,1,-2,-0.33,204,0.0,1,0,2.0,1,3,0,1,2,3,0.67,5,0,0.95,2,0,2.91,2,6,25.57
ENS016,GC_STRU,Structure Batiment,GC,2,3,2,4,0,1,-1,2,0.67,191,0.42,1,0,2.75,2,4,0,0,1,2,0.5,5,1,0.86,0,0,2.69,4,6,25.68
ENS010,GC_STRU,Structure Batiment,GC,3,2,3,1,2,-1,1,-2,-0.67,153,0.33,0,1,2.25,1,3,0,1,1,3,0.67,5,1,0.72,1,1,3.79,2,5,25.18
ENS010,WEB_F,Developpement Web Front,WEB,2,3,2,4,1,1,-1,2,0.67,72,0.33,0,0,2.75,2,4,0,0,3,2,0.5,2,3,0.54,4,1,4.06,1,2,20.32
ENS011,SEC,Securite Informatique,RT,2,2,2,2,2,0,0,0,0.0,330,0.0,1,0,2.0,2,2,0,0,2,2,0.5,0,1,0.88,4,0,2.99,4,11,20.38
ENS018,GC_STRU,Structure Batiment,GC,3,3,4,4,2,0,1,0,0.33,335,0.0,1,0,3.5,3,4,0,0,3,2,0.5,0,1,0.68,4,1,2.77,1,11,14.44
ENS009,ANG,Anglais Technique,SUP,4,5,5,4,1,1,0,-1,0.0,85,0.33,0,0,4.5,4,5,2,0,2,1,1.0,1,3,0.74,2,0,3.67,4,2,21.04
ENS021,GC_MAT,Matériaux,GC,2,2,4,2,2,0,2,-2,0.0,67,0.08,0,0,2.5,2,4,0,0,2,2,0.5,2,2,0.69,0,1,4.37,3,2,20.69
ENS005,SEC,Securite Informatique,RT,2,4,4,3,2,2,0,-1,0.33,217,0.42,1,0,3.25,2,4,0,0,1,2,0.5,1,3,0.92,3,1,4.43,1,7,19.96
ENS016,WEB_F,Developpement Web Front,WEB,2,2,1,1,3,0,-1,0,-0.33,39,0.0,0,0,1.5,1,2,0,2,1,1,1.0,4,1,0.66,3,2,2.68,1,1,21.16
ENS007,WEB_B,Developpement Web Back,WEB,4,3,5,4,0,-1,2,-1,0.0,138,0.0,0,0,4.0,3,5,1,0,1,1,1.0,2,2,0.66,3,2,3.6,4,4,23.5
ENS002,WEB_F,Developpement Web Front,WEB,2,1,1,2,3,-1,0,1,0.0,317,0.42,1,0,1.5,1,2,0,2,1,3,0.67,1,2,0.63,0,0,2.98,1,10,12.61
ENS015,PED,Pedagogie,SUP,3,2,1,2,2,-1,-1,1,-0.33,274,0.42,1,0,2.0,1,3,0,1,3,3,0.67,4,1,0.68,1,0,3.79,1,9,21.48
ENS004,GESTION,Gestion de Projet,SUP,2,2,4,3,0,0,2,-1,0.33,340,0.0,1,0,2.75,2,4,0,0,3,2,0.5,4,0,0.86,2,2,2.86,1,11,21.52
ENS012,PED,Pedagogie,SUP,4,3,3,4,3,-1,0,1,0.0,336,0.42,1,0,3.5,3,4,0,0,3,3,0.67,5,3,0.84,4,1,4.24,3,11,31.18
ENS015,BD,Bases de Donnees,INFO,3,3,3,3,2,0,0,0,0.0,75,0.33,0,0,3.0,3,3,0,0,2,1,1.0,4,2,0.76,4,0,2.79,1,2,22.88
ENS023,BD,Bases de Donnees,INFO,1,1,2,1,3,0,1,-1,0.0,119,0.08,0,0,1.25,1,2,0,3,1,1,1.0,1,2,0.85,3,1,3.63,1,3,18.01
ENS020,GC_MAT,Matériaux,GC,2,3,3,1,4,1,0,-2,-0.33,109,0.25,0,0,2.25,1,3,0,1,3,1,1.0,3,3,0.94,0,2,3.38,2,3,20.46
ENS026,WEB_B,Developpement Web Back,WEB,2,3,3,1,3,1,0,-2,-0.33,196,0.42,1,0,2.25,1,3,0,1,3,3,0.67,2,1,0.9,4,0,3.81,1,6,21.62
ENS016,PROG,Programmation,GL,4,3,4,4,1,-1,1,0,0.0,102,0.42,0,0,3.75,3,4,0,0,3,3,0.67,3,2,0.51,1,1,3.68,3,3,21.41
ENS008,WEB_F,Developpement Web Front,WEB,2,2,1,1,3,0,-1,0,-0.33,311,0.25,1,0,1.5,1,2,0,2,3,2,0.5,2,3,0.78,1,0,3.62,4,10,22.14
ENS010,RESEAU,Reseaux,RT,1,2,2,1,4,1,0,-1,0.0,322,0.17,1,0,1.5,1,2,0,2,1,2,0.5,1,2,0.68,1,0,3.68,3,10,18.26
ENS030,GESTION,Gestion de Projet,SUP,3,2,3,1,2,-1,1,-2,-0.67,274,0.08,1,1,2.25,1,3,0,1,1,1,1.0,5,3,0.77,3,0,4.5,1,9,27.35
ENS028,BD,Bases de Donnees,INFO,4,5,3,3,0,1,-2,0,-0.33,128,0.33,0,0,3.75,3,5,1,0,2,1,1.0,0,0,0.67,0,2,3.8,1,4,12.45
ENS005,GC_MAT,Matériaux,GC,3,4,4,2,3,1,0,-2,-0.33,57,0.25,0,0,3.25,2,4,0,0,2,1,1.0,5,1,0.89,3,2,3.32,2,1,27.09
ENS025,GC_MAT,Matériaux,GC,1,2,1,1,2,1,-1,0,0.0,38,0.25,0,0,1.25,1,2,0,3,2,2,0.5,4,2,0.68,0,2,4.39,2,1,23.18
ENS018,ANG,Anglais Technique,SUP,3,2,2,3,1,-1,0,1,0.0,100,0.17,0,0,2.5,2,3,0,0,1,3,0.67,0,3,0.83,3,1,4.35,2,3,18.85
ENS022,PED,Pedagogie,SUP,5,5,5,3,2,0,0,-2,-0.67,41,0.25,0,1,4.5,3,5,3,0,3,3,0.67,4,2,0.53,1,0,2.91,2,1,20.47
ENS007,PROG,Programmation,GL,3,3,4,4,1,0,1,0,0.33,133,0.17,0,0,3.5,3,4,0,0,2,1,1.0,3,0,0.71,1,0,3.86,1,4,19.77
ENS028,PROG,Programmation,GL,4,2,2,3,1,-2,0,1,-0.33,246,0.08,1,0,2.75,2,4,0,0,3,3,0.67,2,1,0.71,4,2,4.45,4,8,26.45
ENS013,ANG,Anglais Technique,SUP,1,1,1,2,1,0,0,1,0.33,309,0.17,1,0,1.25,1,2,0,3,2,2,0.5,4,0,0.83,1,2,3.15,2,10,22.45
ENS022,SEC,Securite Informatique,RT,3,3,4,2,1,0,1,-2,-0.33,250,0.17,1,0,3.0,2,4,0,0,2,1,1.0,1,3,0.59,2,0,3.3,1,8,15.05
ENS029,GC_MAT,Matériaux,GC,2,3,4,3,2,1,1,-1,0.33,125,0.0,0,0,3.0,2,4,0,0,1,1,1.0,5,0,0.9,4,2,4.15,1,4,28.3
ENS009,GC_MAT,Matériaux,GC,4,2,3,4,1,-2,1,1,0.0,117,0.33,0,0,3.25,2,4,0,0,3,2,0.5,5,3,0.85,4,1,2.97,4,3,30.19
ENS024,WEB_B,Developpement Web Back,WEB,3,5,3,3,1,2,-2,0,0.0,308,0.42,1,0,3.5,3,5,1,0,2,2,0.5,0,2,0.6,3,2,2.55,4,10,17.1
ENS019,SEC,Securite Informatique,RT,4,5,3,4,1,1,-2,1,0.0,236,0.25,1,0,4.0,3,5,1,0,1,2,0.5,4,1,0.89,0,1,4.03,4,7,26.51
ENS024,BD,Bases de Donnees,INFO,2,1,1,2,3,-1,0,1,0.0,144,0.42,0,0,1.5,1,2,0,2,2,2,0.5,5,1,0.54,3,2,4.25,3,4,28.7
ENS025,PROG,Programmation,GL,3,4,5,4,1,1,1,-1,0.33,237,0.33,1,0,4.0,3,5,1,0,1,3,0.67,0,1,0.53,4,0,3.15,4,7,18.95
ENS021,SEC,Securite Informatique,RT,3,4,2,4,1,1,-2,2,0.33,150,0.25,0,0,3.25,2,4,0,0,3,3,0.67,4,2,0.85,0,0,2.75,1,5,19.25
ENS002,BD,Bases de Donnees,INFO,2,1,3,3,3,-1,2,0,0.33,336,0.42,1,0,2.25,1,3,0,1,3,2,0.5,4,2,0.79,2,2,3.18,1,11,21.81
ENS022,SEC,Securite Informatique,RT,4,2,3,3,1,-2,1,0,-0.33,48,0.42,0,0,3.0,2,4,0,0,3,2,0.5,0,2,0.92,1,2,3.3,4,1,18.2
ENS028,PED,Pedagogie,SUP,4,3,5,5,0,-1,2,0,0.33,345,0.25,1,0,4.25,3,5,2,0,2,2,0.5,0,0,0.82,3,1,3.72,4,11,20.54
ENS013,GESTION,Gestion de Projet,SUP,2,3,1,3,3,1,-2,2,0.33,288,0.25,1,0,2.25,1,3,0,1,3,1,1.0,1,2,0.73,1,1,4.49,1,9,17.13
ENS014,BD,Bases de Donnees,INFO,3,3,2,3,2,0,-1,1,0.0,359,0.08,1,0,2.75,2,3,0,0,3,3,0.67,1,2,0.52,2,0,3.83,3,11,18.76
ENS003,WEB_B,Developpement Web Back,WEB,1,1,2,2,2,0,1,0,0.33,263,0.33,1,0,1.5,1,2,0,2,1,1,1.0,5,0,0.58,4,0,4.06,3,8,29.52
ENS019,RESEAU,Reseaux,RT,1,1,1,1,4,0,0,0,0.0,265,0.33,1,0,1.0,1,1,0,4,2,1,1.0,1,2,0.87,4,1,2.87,2,8,19.09
ENS023,SEC,Securite Informatique,RT,5,3,5,5,2,-2,2,0,0.0,230,0.08,1,0,4.5,3,5,3,0,1,3,0.67,4,0,0.65,1,1,2.66,3,7,22.07
ENS003,GESTION,Gestion de Projet,SUP,3,5,4,5,2,2,-1,1,0.67,121,0.17,0,0,4.25,3,5,2,0,2,1,1.0,4,1,0.68,4,0,4.24,2,4,26.88
ENS021,WEB_B,Developpement Web Back,WEB,1,2,2,2,2,1,0,0,0.33,144,0.33,0,0,1.75,1,2,0,1,1,3,0.67,5,3,0.67,0,2,3.48,3,4,24.81
ENS010,RESEAU,Reseaux,RT,4,5,4,3,2,1,-1,-1,-0.33,177,0.17,0,0,4.0,3,5,1,0,1,1,1.0,1,2,0.78,0,2,4.29,1,5,15.98
ENS002,RESEAU,Reseaux,RT,1,1,2,1,3,0,1,-1,0.0,131,0.33,0,0,1.25,1,2,0,3,3,2,0.5,4,1,0.62,0,0,4.18,2,4,22.46
ENS007,SEC,Securite Informatique,RT,3,3,2,3,1,0,-1,1,0.0,85,0.17,0,0,2.75,2,3,0,0,2,1,1.0,0,1,0.83,2,2,4.27,4,2,20.69
ENS028,WEB_B,Developpement Web Back,WEB,2,3,3,1,2,1,0,-2,-0.33,248,0.25,1,0,2.25,1,3,0,1,2,1,1.0,0,2,0.93,1,2,4.23,1,8,15.61
ENS029,ANG,Anglais Technique,SUP,2,1,1,2,1,-1,0,1,0.0,226,0.33,1,0,1.5,1,2,0,2,3,1,1.0,5,3,0.75,4,2,4.17,4,7,32.09
ENS010,BD,Bases de Donnees,INFO,1,2,2,1,1,1,0,-1,0.0,293,0.33,1,0,1.5,1,2,0,2,3,2,0.5,3,1,0.9,2,2,4.12,4,9,26.74
ENS030,PED,Pedagogie,SUP,3,2,3,4,3,-1,1,1,0.33,305,0.25,1,0,3.0,2,4,0,0,2,2,0.5,1,1,0.72,2,2,3.17,3,10,18.44
ENS009,SEC,Securite Informatique,RT,4,4,3,4,2,0,-1,1,0.0,192,0.42,1,0,3.75,3,4,0,0,3,2,0.5,1,1,0.64,4,0,4.44,4,6,24.08
ENS023,WEB_B,Developpement Web Back,WEB,4,3,3,3,1,-1,0,0,-0.33,109,0.17,0,0,3.25,3,4,0,0,2,3,0.67,1,1,0.53,1,0,3.79,1,3,14.73
ENS026,SEC,Securite Informatique,RT,3,3,2,2,0,0,-1,0,-0.33,204,0.25,1,0,2.5,2,3,0,0,1,3,0.67,1,3,0.75,1,2,2.7,3,6,16.65
ENS029,BD,Bases de Donnees,INFO,4,5,5,5,0,1,0,0,0.33,330,0.33,1,0,4.75,4,5,3,0,3,2,0.5,1,3,0.93,1,1,3.4,4,11,20.45
ENS005,ANG,Anglais Technique,SUP,5,5,5,5,0,0,0,0,0.0,33,0.08,0,0,5.0,5,5,4,0,2,3,0.67,5,1,0.91,2,0,4.4,1,1,26.85
ENS013,WEB_F,Developpement Web Front,WEB,4,2,2,4,2,-2,0,2,0.0,98,0.08,0,0,3.0,2,4,0,0,1,1,1.0,1,1,0.9,0,2,3.11,1,3,14.22
ENS007,PROG,Programmation,GL,3,4,5,3,1,1,1,-2,0.0,242,0.17,1,0,3.75,3,5,1,0,2,1,1.0,1,3,0.66,4,0,4.03,4,8,23.36
ENS024,PED,Pedagogie,SUP,5,5,3,5,0,0,-2,2,0.0,209,0.25,1,0,4.5,3,5,3,0,2,2,0.5,2,2,0.75,2,1,2.77,2,6,18.29
ENS007,ANG,Anglais Technique,SUP,5,4,5,4,1,-1,1,-1,-0.33,225,0.42,1,0,4.5,4,5,2,0,3,1,1.0,5,0,0.68,4,0,3.94,1,7,26.78
ENS006,GESTION,Gestion de Projet,SUP,3,2,1,1,2,-1,-1,0,-0.67,131,0.25,0,1,1.75,1,3,0,2,3,3,0.67,1,1,0.93,0,1,2.86,2,4,15.37
ENS003,PED,Pedagogie,SUP,5,5,5,3,1,0,0,-2,-0.67,81,0.42,0,1,4.5,3,5,3,0,2,2,0.5,5,0,0.79,1,2,3.6,2,2,25.15
ENS006,ANG,Anglais Technique,SUP,1,2,3,2,1,1,1,-1,0.33,325,0.33,1,0,2.0,1,3,0,1,1,2,0.5,4,2,0.62,0,1,3.95,4,10,25.0
ENS003,ANG,Anglais Technique,SUP,3,3,2,1,1,0,-1,-1,-0.67,231,0.17,1,1,2.25,1,3,0,1,1,1,1.0,4,2,0.62,2,2,4.12,4,7,27.34
ENS008,WEB_B,Developpement Web Back,WEB,3,3,3,1,2,0,0,-2,-0.67,258,0.33,1,1,2.5,1,3,0,1,3,2,0.5,0,1,0.76,3,0,2.82,3,8,16.94
ENS005,ANG,Anglais Technique,SUP,4,5,5,5,1,1,0,0,0.33,87,0.08,0,0,4.75,4,5,3,0,2,3,0.67,2,1,0.76,4,2,2.99,2,2,20.78
ENS026,SEC,Securite Informatique,RT,2,4,2,2,3,2,-2,0,0.0,57,0.33,0,0,2.5,2,4,0,0,1,1,1.0,0,0,0.62,4,1,3.71,4,1,20.52
ENS014,WEB_F,Developpement Web Front,WEB,3,3,3,3,2,0,0,0,0.0,220,0.42,1,0,3.0,3,3,0,0,3,2,0.5,1,1,0.79,3,0,4.1,1,7,18.65
ENS025,WEB_F,Developpement Web Front,WEB,1,1,2,2,1,0,1,0,0.33,228,0.42,1,0,1.5,1,2,0,2,1,3,0.67,4,2,0.55,0,1,4.17,2,7,22.09
ENS002,GC_STRU,Structure Batiment,GC,2,4,4,2,0,2,0,-2,0.0,106,0.42,0,0,3.0,2,4,0,0,3,1,1.0,5,2,0.8,0,1,2.9,3,3,24.3
ENS007,BD,Bases de Donnees,INFO,5,5,5,3,0,0,0,-2,-0.67,130,0.0,0,1,4.5,3,5,3,0,3,2,0.5,3,0,0.59,4,1,2.69,1,4,19.83
ENS011,BD,Bases de Donnees,INFO,1,2,1,3,0,1,-1,2,0.67,107,0.0,0,0,1.75,1,3,0,2,1,1,1.0,0,3,0.68,1,0,2.73,1,3,11.36
ENS022,GC_MAT,Matériaux,GC,2,2,3,3,1,0,1,0,0.33,122,0.0,0,0,2.5,2,3,0,0,1,3,0.67,5,0,0.7,2,2,3.99,4,4,29.48
ENS016,GESTION,Gestion de Projet,SUP,3,3,5,5,1,0,2,0,0.67,180,0.33,0,0,4.0,3,5,2,0,1,2,0.5,3,2,0.59,0,2,2.86,3,6,19.17
ENS028,PED,Pedagogie,SUP,5,3,3,4,0,-2,0,1,-0.33,76,0.17,0,0,3.75,3,5,1,0,1,3,0.67,5,3,0.78,1,1,4.22,3,2,27.84
ENS009,WEB_B,Developpement Web Back,WEB,3,3,5,4,0,0,2,-1,0.33,38,0.33,0,0,3.75,3,5,1,0,1,3,0.67,2,2,0.82,0,2,3.97,1,1,17.54
ENS015,ANG,Anglais Technique,SUP,1,3,3,3,2,2,0,0,0.67,328,0.25,1,0,2.5,1,3,0,1,1,1,1.0,1,3,0.55,2,0,3.35,3,10,17.95
ENS004,ALG,Algorithmique,GL,3,2,3,2,1,-1,1,-1,-0.33,96,0.08,0,0,2.5,2,3,0,0,1,2,0.5,0,1,0.51,3,0,3.34,3,3,16.73
ENS025,ALG,Algorithmique,GL,3,1,2,1,3,-2,1,-1,-0.67,60,0.08,0,1,1.75,1,3,0,2,3,3,0.67,0,3,0.82,0,1,3.35,1,2,12.3
ENS019,BD,Bases de Donnees,INFO,4,3,3,3,1,-1,0,0,-0.33,205,0.17,1,0,3.25,3,4,0,0,2,1,1.0,5,0,0.6,2,0,3.0,1,6,22.5
ENS003,GC_MAT,Matériaux,GC,1,2,1,1,2,1,-1,0,0.0,218,0.25,1,0,1.25,1,2,0,3,2,3,0.67,0,2,0.7,2,1,3.07,2,7,14.64
ENS008,GESTION,Gestion de Projet,SUP,2,3,3,2,0,1,0,-1,0.0,158,0.25,0,0,2.5,2,3,0,0,2,1,1.0,0,0,0.75,0,2,2.75,2,5,12.25
ENS010,GC_STRU,Structure Batiment,GC,3,5,4,5,0,2,-1,1,0.67,260,0.25,1,0,4.25,3,5,2,0,2,1,1.0,3,1,0.69,0,2,2.53,1,8,16.01
ENS018,PROG,Programmation,GL,5,5,4,4,0,0,-1,0,-0.33,333,0.0,1,0,4.5,4,5,2,0,3,1,1.0,2,0,0.71,1,2,2.58,4,11,19.71
ENS009,WEB_F,Developpement Web Front,WEB,2,2,2,3,3,0,0,1,0.33,70,0.0,0,0,2.25,2,3,0,0,2,2,0.5,4,2,0.72,1,1,2.85,2,2,21.3
ENS002,PED,Pedagogie,SUP,1,1,3,2,2,0,2,-1,0.33,302,0.33,1,0,1.75,1,3,0,2,3,2,0.5,3,3,0.82,4,1,3.49,2,10,24.08
ENS029,PED,Pedagogie,SUP,2,4,2,3,1,2,-2,1,0.33,132,0.33,0,0,2.75,2,4,0,0,2,1,1.0,3,2,0.88,3,1,4.15,1,4,23.2
ENS017,GESTION,Gestion de Projet,SUP,3,4,2,4,0,1,-2,2,0.33,100,0.42,0,0,3.25,2,4,0,0,2,1,1.0,0,0,0.94,3,1,3.35,3,3,18.9
ENS021,GESTION,Gestion de Projet,SUP,3,4,4,2,0,1,0,-2,-0.33,55,0.25,0,0,3.25,2,4,0,0,3,2,0.5,5,3,0.56,2,0,2.54,3,1,24.38
ENS027,WEB_B,Developpement Web Back,WEB,5,3,5,5,0,-2,2,0,0.0,318,0.42,1,0,4.5,3,5,3,0,3,3,0.67,5,2,0.76,2,0,3.84,1,10,24.98
ENS024,BD,Bases de Donnees,INFO,4,3,3,4,0,-1,0,1,0.0,331,0.17,1,0,3.5,3,4,0,0,3,3,0.67,3,3,0.85,4,1,3.78,1,11,23.31
ENS017,WEB_B,Developpement Web Back,WEB,1,1,2,1,3,0,1,-1,0.0,225,0.33,1,0,1.25,1,2,0,3,3,3,0.67,2,0,0.68,3,0,2.8,4,7,22.0
ENS024,GC_MAT,Matériaux,GC,3,2,3,3,0,-1,1,0,0.0,149,0.08,0,0,2.75,2,3,0,0,2,2,0.5,1,1,0.83,4,2,3.68,3,4,22.01
ENS020,ANG,Anglais Technique,SUP,3,3,1,3,2,0,-2,2,0.0,64,0.42,0,0,2.5,1,3,0,1,2,1,1.0,3,1,0.51,3,0,3.53,2,2,21.61
ENS018,WEB_B,Developpement Web Back,WEB,1,1,1,1,3,0,0,0,0.0,352,0.42,1,0,1.0,1,1,0,4,3,2,0.5,0,0,0.61,4,2,3.53,4,11,20.11
ENS016,GESTION,Gestion de Projet,SUP,2,2,2,3,1,0,0,1,0.33,290,0.0,1,0,2.25,2,3,0,0,1,3,0.67,3,2,0.64,1,0,4.02,4,9,24.24
ENS028,BD,Bases de Donnees,INFO,1,2,2,2,3,1,0,0,0.33,289,0.17,1,0,1.75,1,2,0,1,2,1,1.0,4,1,0.53,0,1,3.58,4,9,23.81
ENS019,WEB_F,Developpement Web Front,WEB,1,1,1,2,2,0,0,1,0.33,122,0.08,0,0,1.25,1,2,0,3,2,3,0.67,0,2,0.77,0,2,3.84,2,4,14.53
ENS012,GC_MAT,Matériaux,GC,3,2,3,3,2,-1,1,0,0.0,114,0.33,0,0,2.75,2,3,0,0,3,2,0.5,4,1,0.71,3,2,4.39,4,3,29.33
ENS006,GESTION,Gestion de Projet,SUP,3,3,1,2,2,0,-2,1,-0.33,211,0.08,1,0,2.25,1,3,0,1,3,1,1.0,2,0,0.86,3,0,3.21,1,7,19.22
ENS019,ANG,Anglais Technique,SUP,2,3,3,1,1,1,0,-2,-0.33,175,0.42,0,0,2.25,1,3,0,1,3,3,0.67,4,1,0.65,3,1,2.71,4,5,25.67
ENS013,GESTION,Gestion de Projet,SUP,5,5,5,5,0,0,0,0,0.0,179,0.42,0,0,5.0,5,5,4,0,1,3,0.67,3,2,0.88,3,1,3.59,3,5,25.08
ENS011,PED,Pedagogie,SUP,5,4,3,4,2,-1,-1,1,-0.33,107,0.0,0,0,4.0,3,5,1,0,2,1,1.0,1,2,0.55,1,0,4.46,3,3,19.17
ENS007,PROG,Programmation,GL,4,2,4,3,1,-2,2,-1,-0.33,309,0.08,1,0,3.25,2,4,0,0,1,3,0.67,4,1,0.62,3,2,3.89,2,10,24.88
ENS017,BD,Bases de Donnees,INFO,2,1,1,1,3,-1,0,0,-0.33,275,0.08,1,0,1.25,1,2,0,3,3,2,0.5,4,0,0.69,4,0,2.68,1,9,22.31
ENS004,GC_STRU,Structure Batiment,GC,1,1,3,3,1,0,2,0,0.67,337,0.42,1,0,2.0,1,3,0,2,1,1,1.0,5,3,0.55,1,1,3.94,1,11,23.13
ENS013,PROG,Programmation,GL,4,3,3,3,1,-1,0,0,-0.33,314,0.33,1,0,3.25,3,4,0,0,1,2,0.5,2,0,0.91,2,1,4.0,4,10,24.55
ENS020,RESEAU,Reseaux,RT,3,4,3,5,0,1,-1,2,0.67,192,0.42,1,0,3.75,3,5,1,0,1,1,1.0,5,2,0.62,4,1,3.3,1,6,25.2
ENS014,SEC,Securite Informatique,RT,3,4,3,4,0,1,-1,1,0.33,294,0.08,1,0,3.5,3,4,0,0,3,2,0.5,4,0,0.75,0,1,3.42,2,9,21.59
ENS010,ALG,Algorithmique,GL,1,1,1,1,3,0,0,0,0.0,294,0.0,1,0,1.0,1,1,0,4,1,2,0.5,4,1,0.91,3,1,3.59,2,9,25.73
ENS014,WEB_B,Developpement Web Back,WEB,5,5,4,5,2,0,-1,1,0.0,189,0.33,1,0,4.75,4,5,3,0,2,3,0.67,2,0,0.65,4,1,4.46,1,6,21.67
ENS022,ALG,Algorithmique,GL,1,1,3,1,2,0,2,-2,0.0,59,0.42,0,0,1.5,1,3,0,3,2,2,0.5,1,3,0.9,0,1,2.73,4,1,17.96
ENS012,PROG,Programmation,GL,2,3,4,4,1,1,1,0,0.67,335,0.33,1,0,3.25,2,4,0,0,3,2,0.5,1,3,0.64,3,2,3.8,1,11,17.3
ENS021,SEC,Securite Informatique,RT,4,4,3,3,0,0,-1,0,-0.33,58,0.25,0,0,3.5,3,4,0,0,2,1,1.0,0,0,0.77,4,1,4.11,3,1,20.57
ENS021,PROG,Programmation,GL,5,5,4,3,0,0,-1,-1,-0.67,222,0.25,1,1,4.25,3,5,2,0,3,2,0.5,5,3,0.69,3,0,3.15,4,7,28.75
ENS003,BD,Bases de Donnees,INFO,4,3,3,4,0,-1,0,1,0.0,216,0.25,1,0,3.5,3,4,0,0,2,2,0.5,4,0,0.76,2,1,4.43,2,7,25.66
ENS007,GC_STRU,Structure Batiment,GC,3,3,1,2,2,0,-2,1,-0.33,219,0.17,1,0,2.25,1,3,0,1,2,2,0.5,1,1,0.85,2,2,3.08,1,7,15.91
ENS008,SEC,Securite Informatique,RT,3,4,3,4,1,1,-1,1,0.33,57,0.0,0,0,3.5,3,4,0,0,3,3,0.67,3,1,0.89,0,0,2.8,2,1,19.05
ENS002,WEB_B,Developpement Web Back,WEB,4,4,4,5,2,0,0,1,0.33,235,0.08,1,0,4.25,4,5,1,0,2,3,0.67,0,3,0.51,0,0,3.06,1,7,10.17
ENS025,BD,Bases de Donnees,INFO,1,2,3,2,2,1,1,-1,0.33,60,0.0,0,0,2.0,1,3,0,1,3,1,1.0,0,3,0.76,3,1,3.92,2,2,17.64
ENS002,ALG,Algorithmique,GL,2,2,2,4,2,0,0,2,0.67,257,0.0,1,0,2.5,2,4,0,0,2,2,0.5,1,3,0.86,1,2,4.12,1,8,17.04
ENS005,PED,Pedagogie,SUP,3,5,3,3,0,2,-2,0,0.0,300,0.17,1,0,3.5,3,5,1,0,1,3,0.67,3,2,0.6,2,2,3.68,4,10,24.36
ENS013,RESEAU,Reseaux,RT,3,1,2,3,2,-2,1,1,0.0,355,0.08,1,0,2.25,1,3,0,1,2,2,0.5,4,1,0.64,0,2,3.61,2,11,21.42
ENS027,PROG,Programmation,GL,5,4,4,4,2,-1,0,0,-0.33,54,0.0,0,0,4.25,4,5,1,0,3,2,0.5,2,2,0.79,2,2,3.43,2,1,19.81
ENS019,ANG,Anglais Technique,SUP,4,4,4,4,0,0,0,0,0.0,259,0.17,1,0,4.0,4,4,0,0,3,3,0.67,5,3,0.81,4,2,4.13,1,8,27.81
ENS022,BD,Bases de Donnees,INFO,2,2,2,1,1,0,0,-1,-0.33,180,0.42,0,0,1.75,1,2,0,1,3,3,0.67,5,1,0.72,0,0,4.24,4,6,28.08
ENS012,WEB_F,Developpement Web Front,WEB,3,1,1,2,1,-2,0,1,-0.33,36,0.42,0,0,1.75,1,3,0,2,3,1,1.0,0,3,0.93,0,1,3.16,2,1,13.97
ENS023,PROG,Programmation,GL,2,3,4,2,1,1,1,-2,0.0,309,0.33,1,0,2.75,2,4,0,0,1,2,0.5,4,1,0.65,1,1,2.52,1,10,18.79
ENS002,GESTION,Gestion de Projet,SUP,4,2,4,3,1,-2,2,-1,-0.33,293,0.0,1,0,3.25,2,4,0,0,2,2,0.5,1,2,0.61,2,1,3.02,1,9,14.59
ENS017,PED,Pedagogie,SUP,3,1,3,2,4,-2,2,-1,-0.33,338,0.33,1,0,2.25,1,3,0,1,1,2,0.5,5,0,0.51,2,0,3.79,1,11,23.63
ENS017,BD,Bases de Donnees,INFO,1,3,2,3,3,2,-1,1,0.67,305,0.42,1,0,2.25,1,3,0,1,2,3,0.67,4,3,0.94,4,2,4.05,1,10,26.3
ENS012,ALG,Algorithmique,GL,1,1,1,2,4,0,0,1,0.33,83,0.17,0,0,1.25,1,2,0,3,2,3,0.67,1,2,0.67,0,0,4.22,4,2,19.79
ENS009,ALG,Algorithmique,GL,3,2,1,2,1,-1,-1,1,-0.33,134,0.33,0,0,2.0,1,3,0,1,3,1,1.0,4,3,0.57,1,0,3.64,1,4,20.63
ENS016,RESEAU,Reseaux,RT,3,3,5,5,1,0,2,0,0.67,230,0.08,1,0,4.0,3,5,2,0,3,1,1.0,1,0,0.82,4,0,2.84,1,7,17.28
ENS011,PED,Pedagogie,SUP,3,3,3,3,0,0,0,0,0.0,31,0.0,0,0,3.0,3,3,0,0,1,3,0.67,4,3,0.71,3,0,2.59,1,1,21.23
ENS004,GC_STRU,Structure Batiment,GC,4,4,4,4,2,0,0,0,0.0,227,0.0,1,0,4.0,4,4,0,0,1,3,0.67,0,2,0.59,3,0,3.08,2,7,15.11
ENS026,WEB_B,Developpement Web Back,WEB,2,1,1,2,2,-1,0,1,0.0,73,0.33,0,0,1.5,1,2,0,2,3,1,1.0,3,2,0.69,4,2,2.78,3,2,23.51
ENS010,PROG,Programmation,GL,3,3,4,3,2,0,1,-1,0.0,47,0.0,0,0,3.25,3,4,0,0,1,3,0.67,0,3,0.88,3,0,2.51,3,1,16.92
ENS001,ALG,Algorithmique,GL,1,2,2,1,4,1,0,-1,0.0,199,0.0,1,0,1.5,1,2,0,2,3,1,1.0,3,3,0.94,3,1,3.04,1,6,21.28
ENS005,GC_STRU,Structure Batiment,GC,1,3,2,2,1,2,-1,0,0.33,74,0.42,0,0,2.0,1,3,0,1,1,3,0.67,1,2,0.5,3,2,3.15,4,2,19.8
ENS010,SEC,Securite Informatique,RT,5,5,4,5,1,0,-1,1,0.0,218,0.33,1,0,4.75,4,5,3,0,1,2,0.5,3,1,0.63,1,1,3.57,4,7,23.29
ENS028,BD,Bases de Donnees,INFO,1,2,3,2,2,1,1,-1,0.33,306,0.25,1,0,2.0,1,3,0,1,3,3,0.67,4,0,0.71,3,2,2.65,1,10,21.35
ENS009,WEB_B,Developpement Web Back,WEB,2,3,2,1,2,1,-1,-1,-0.33,69,0.33,0,0,2.0,1,3,0,1,2,2,0.5,0,1,0.56,0,0,3.36,3,2,14.02
ENS002,RESEAU,Reseaux,RT,1,2,2,2,4,1,0,0,0.33,224,0.0,1,0,1.75,1,2,0,1,2,1,1.0,4,0,0.84,4,1,4.37,1,7,26.44
ENS003,GC_MAT,Matériaux,GC,1,1,1,2,1,0,0,1,0.33,90,0.25,0,0,1.25,1,2,0,3,2,2,0.5,2,0,0.8,1,1,3.09,2,3,18.18
ENS026,WEB_B,Developpement Web Back,WEB,1,1,2,2,3,0,1,0,0.33,173,0.0,0,0,1.5,1,2,0,2,3,3,0.67,4,3,0.92,3,1,2.85,2,5,24.3
ENS003,ALG,Algorithmique,GL,4,3,3,4,2,-1,0,1,0.0,57,0.42,0,0,3.5,3,4,0,0,2,3,0.67,5,2,0.62,1,0,4.15,3,1,26.9
ENS007,RESEAU,Reseaux,RT,4,3,3,3,1,-1,0,0,-0.33,193,0.25,1,0,3.25,3,4,0,0,3,1,1.0,0,1,0.56,2,1,4.16,1,6,14.62
ENS013,SEC,Securite Informatique,RT,5,3,3,5,0,-2,0,2,0.0,205,0.25,1,0,4.0,3,5,2,0,2,1,1.0,3,1,0.6,1,1,4.2,4,6,24.4
ENS008,RESEAU,Reseaux,RT,1,3,1,3,4,2,-2,2,0.67,32,0.0,0,0,2.0,1,3,0,2,1,2,0.5,4,1,0.57,2,2,3.41,1,1,21.17
ENS006,ALG,Algorithmique,GL,1,2,1,2,3,1,-1,1,0.33,33,0.25,0,0,1.5,1,2,0,2,1,1,1.0,2,0,0.54,4,1,4.45,2,1,22.6
ENS024,GESTION,Gestion de Projet,SUP,4,3,5,3,0,-1,2,-2,-0.33,248,0.0,1,0,3.75,3,5,1,0,3,1,1.0,5,2,0.6,3,0,4.14,2,8,27.28
ENS014,GESTION,Gestion de Projet,SUP,1,1,1,2,1,0,0,1,0.33,250,0.33,1,0,1.25,1,2,0,3,2,3,0.67,0,0,0.93,2,2,4.16,1,8,16.47
ENS005,BD,Bases de Donnees,INFO,2,2,1,2,3,0,-1,1,0.0,146,0.42,0,0,1.75,1,2,0,1,1,3,0.67,4,3,0.69,4,2,2.93,4,4,27.31
ENS028,PROG,Programmation,GL,4,3,5,4,0,-1,2,-1,0.0,271,0.0,1,0,4.0,3,5,1,0,2,3,0.67,0,1,0.94,1,1,4.12,1,9,15.44
ENS026,BD,Bases de Donnees,INFO,1,2,1,1,2,1,-1,0,0.0,53,0.08,0,0,1.25,1,2,0,3,2,3,0.67,5,3,0.6,1,0,3.44,3,1,25.38
ENS028,GC_STRU,Structure Batiment,GC,2,4,3,3,0,2,-1,0,0.33,153,0.17,0,0,3.0,2,4,0,0,1,2,0.5,4,0,0.68,2,2,3.37,4,5,26.14
ENS022,PROG,Programmation,GL,4,3,5,5,0,-1,2,0,0.33,158,0.17,0,0,4.25,3,5,2,0,3,3,0.67,1,2,0.94,2,0,3.27,3,5,19.74
ENS026,BD,Bases de Donnees,INFO,4,3,5,3,0,-1,2,-2,-0.33,57,0.25,0,0,3.75,3,5,1,0,2,2,0.5,5,0,0.68,3,2,3.17,1,1,24.24
ENS015,GC_MAT,Matériaux,GC,3,3,2,2,0,0,-1,0,-0.33,334,0.0,1,0,2.5,2,3,0,0,3,2,0.5,2,0,0.52,2,2,2.56,1,11,15.22
ENS021,PROG,Programmation,GL,3,3,3,3,0,0,0,0,0.0,78,0.33,0,0,3.0,3,3,0,0,3,1,1.0,1,2,0.86,3,2,3.28,2,2,18.86
ENS017,SEC,Securite Informatique,RT,2,4,2,3,2,2,-2,1,0.33,149,0.17,0,0,2.75,2,4,0,0,2,3,0.67,0,1,0.95,0,2,2.77,4,4,16.29
ENS019,SEC,Securite Informatique,RT,4,5,4,3,0,1,-1,-1,-0.33,243,0.42,1,0,4.0,3,5,1,0,1,1,1.0,2,0,0.65,1,1,4.43,3,8,21.61
ENS004,PED,Pedagogie,SUP,2,3,3,2,2,1,0,-1,0.0,174,0.0,0,0,2.5,2,3,0,0,2,1,1.0,3,1,0.88,3,2,3.6,3,5,25.1
ENS022,WEB_F,Developpement Web Front,WEB,2,2,2,2,2,0,0,0,0.0,44,0.08,0,0,2.0,2,2,0,0,3,1,1.0,0,0,0.94,2,2,3.74,3,1,18.68
ENS005,RESEAU,Reseaux,RT,2,1,1,2,4,-1,0,1,0.0,31,0.17,0,0,1.5,1,2,0,2,2,1,1.0,0,1,0.69,4,2,3.9,3,1,19.75
ENS001,PED,Pedagogie,SUP,3,3,5,4,0,0,2,-1,0.33,143,0.42,0,0,3.75,3,5,1,0,2,3,0.67,4,1,0.93,2,1,4.02,2,4,25.69
ENS001,PROG,Programmation,GL,4,5,5,4,0,1,0,-1,0.0,215,0.25,1,0,4.5,4,5,2,0,1,1,1.0,0,3,0.93,4,2,2.53,1,7,15.21
ENS016,PED,Pedagogie,SUP,3,4,3,4,1,1,-1,1,0.33,309,0.25,1,0,3.5,3,4,0,0,3,2,0.5,3,2,0.52,1,1,3.5,2,10,19.6
ENS002,GC_STRU,Structure Batiment,GC,3,1,3,1,4,-2,2,-2,-0.67,187,0.33,1,1,2.0,1,3,0,2,3,2,0.5,1,0,0.5,3,1,3.25,2,6,17.0
ENS009,RESEAU,Reseaux,RT,2,2,1,1,2,0,-1,0,-0.33,208,0.0,1,0,1.5,1,2,0,2,1,2,0.5,1,3,0.64,1,1,2.87,1,6,13.44
ENS003,PED,Pedagogie,SUP,4,5,4,3,0,1,-1,-1,-0.33,323,0.42,1,0,4.0,3,5,1,0,1,1,1.0,1,2,0.65,0,0,2.53,1,10,11.81
ENS017,ANG,Anglais Technique,SUP,3,1,3,2,1,-2,2,-1,-0.33,212,0.08,1,0,2.25,1,3,0,1,1,3,0.67,4,3,0.73,1,0,2.8,1,7,19.75
ENS004,GC_MAT,Matériaux,GC,2,3,3,3,1,1,0,0,0.33,99,0.33,0,0,2.75,2,3,0,0,1,2,0.5,5,2,0.93,3,1,4.01,4,3,31.67
ENS013,ALG,Algorithmique,GL,2,3,1,1,1,1,-2,0,-0.33,333,0.25,1,0,1.75,1,3,0,2,2,1,1.0,3,0,0.6,1,1,3.84,2,11,20.68
ENS021,RESEAU,Reseaux,RT,1,2,1,1,3,1,-1,0,0.0,296,0.08,1,0,1.25,1,2,0,3,1,2,0.5,3,3,0.9,4,0,2.5,4,9,25.5
ENS008,SEC,Securite Informatique,RT,2,2,3,2,0,0,1,-1,0.0,311,0.0,1,0,2.25,2,3,0,0,1,1,1.0,3,1,0.54,4,2,3.82,1,10,21.84
ENS017,RESEAU,Reseaux,RT,2,3,1,3,4,1,-2,2,0.33,32,0.42,0,0,2.25,1,3,0,1,2,3,0.67,0,3,0.55,0,2,3.37,3,1,13.99
ENS028,GESTION,Gestion de Projet,SUP,3,4,4,2,1,1,0,-2,-0.33,321,0.42,1,0,3.25,2,4,0,0,2,3,0.67,3,1,0.82,0,1,3.61,1,10,18.82
ENS013,PED,Pedagogie,SUP,4,2,3,2,2,-2,1,-1,-0.67,64,0.33,0,1,2.75,2,4,0,0,2,3,0.67,1,3,0.9,4,1,3.16,3,2,21.32
ENS007,RESEAU,Reseaux,RT,1,3,1,3,2,2,-2,2,0.67,274,0.08,1,0,2.0,1,3,0,2,1,1,1.0,1,1,0.78,4,0,3.75,2,9,20.4
ENS014,ALG,Algorithmique,GL,1,2,1,1,3,1,-1,0,0.0,172,0.17,0,0,1.25,1,2,0,3,2,2,0.5,5,1,0.83,4,2,2.72,4,5,29.59
ENS001,BD,Bases de Donnees,INFO,2,3,3,3,0,1,0,0,0.33,35,0.42,0,0,2.75,2,3,0,0,1,3,0.67,5,0,0.56,1,0,3.05,2,1,22.9
ENS017,GC_MAT,Matériaux,GC,1,1,1,3,4,0,0,2,0.67,95,0.42,0,0,1.5,1,3,0,3,1,1,1.0,2,1,0.52,1,2,2.69,3,3,17.48
ENS027,BD,Bases de Donnees,INFO,1,2,2,2,0,1,0,0,0.33,59,0.17,0,0,1.75,1,2,0,1,3,3,0.67,1,3,0.71,2,1,4.31,1,1,17.67
ENS028,SEC,Securite Informatique,RT,4,4,2,2,2,0,-2,0,-0.67,363,0.08,1,1,3.0,2,4,0,0,3,1,1.0,3,0,0.71,3,2,2.58,2,12,20.71
ENS002,ALG,Algorithmique,GL,4,4,4,2,0,0,0,-2,-0.67,44,0.17,0,1,3.5,2,4,0,0,1,3,0.67,4,2,0.53,3,1,2.82,1,1,20.79
ENS019,PROG,Programmation,GL,3,3,4,4,0,0,1,0,0.33,58,0.17,0,0,3.5,3,4,0,0,2,3,0.67,2,3,0.88,3,1,4.41,1,1,21.72
ENS010,BD,Bases de Donnees,INFO,4,3,5,4,0,-1,2,-1,0.0,322,0.33,1,0,4.0,3,5,1,0,2,2,0.5,2,0,0.64,2,1,3.1,1,10,16.9
ENS016,BD,Bases de Donnees,INFO,2,2,2,1,1,0,0,-1,-0.33,145,0.33,0,0,1.75,1,2,0,1,2,2,0.5,0,2,0.79,3,0,3.41,2,4,16.77
ENS001,WEB_B,Developpement Web Back,WEB,3,4,3,4,1,1,-1,1,0.33,75,0.17,0,0,3.5,3,4,0,0,1,2,0.5,1,3,0.8,2,2,3.61,3,2,19.72
ENS024,ANG,Anglais Technique,SUP,5,5,4,4,0,0,-1,0,-0.33,303,0.42,1,0,4.5,4,5,2,0,2,3,0.67,5,0,0.83,3,0,3.78,3,10,29.21
ENS002,RESEAU,Reseaux,RT,2,1,2,2,4,-1,1,0,0.0,164,0.08,0,0,1.75,1,2,0,1,1,3,0.67,2,1,0.9,2,1,4.45,2,5,22.4
ENS020,WEB_F,Developpement Web Front,WEB,2,3,1,2,2,1,-2,1,0.0,155,0.17,0,0,2.0,1,3,0,1,1,1,1.0,5,1,0.53,2,2,3.56,4,5,27.77
ENS017,GC_STRU,Structure Batiment,GC,1,2,3,2,1,1,1,-1,0.33,269,0.42,1,0,2.0,1,3,0,1,2,3,0.67,4,2,0.72,3,1,3.67,3,8,26.44
ENS024,SEC,Securite Informatique,RT,4,4,3,2,0,0,-1,-1,-0.67,152,0.25,0,1,3.25,2,4,0,0,2,3,0.67,3,2,0.68,4,2,3.26,1,5,21.42
ENS028,RESEAU,Reseaux,RT,2,1,2,1,2,-1,1,-1,-0.33,205,0.17,1,0,1.5,1,2,0,2,2,1,1.0,4,0,0.76,4,1,3.52,3,6,27.34
ENS003,PROG,Programmation,GL,3,4,5,3,0,1,1,-2,0.0,220,0.33,1,0,3.75,3,5,1,0,2,2,0.5,2,3,0.58,1,0,3.41,3,7,19.22
ENS015,GC_STRU,Structure Batiment,GC,3,3,4,5,0,0,1,1,0.67,166,0.08,0,0,3.75,3,5,1,0,2,1,1.0,2,0,0.95,2,2,3.59,2,5,20.93
ENS007,GC_STRU,Structure Batiment,GC,2,2,3,2,0,0,1,-1,0.0,192,0.17,1,0,2.25,2,3,0,0,1,3,0.67,0,3,0.75,1,2,4.04,2,6,15.83
ENS001,GC_MAT,Matériaux,GC,2,4,2,2,0,2,-2,0,0.0,283,0.33,1,0,2.5,2,4,0,0,2,1,1.0,1,0,0.54,4,1,2.68,3,9,18.56
ENS013,RESEAU,Reseaux,RT,2,1,1,2,4,-1,0,1,0.0,120,0.25,0,0,1.5,1,2,0,2,3,2,0.5,2,2,0.88,3,0,2.72,2,4,19.84
ENS002,RESEAU,Reseaux,RT,3,1,3,3,2,-2,2,0,0.0,300,0.25,1,0,2.5,1,3,0,1,2,3,0.67,1,1,0.91,3,1,2.76,4,10,21.07
ENS027,RESEAU,Reseaux,RT,2,3,2,2,2,1,-1,0,0.0,269,0.0,1,0,2.25,2,3,0,0,1,2,0.5,0,0,0.92,2,0,4.13,1,8,16.36
ENS002,RESEAU,Reseaux,RT,1,1,1,2,4,0,0,1,0.33,48,0.0,0,0,1.25,1,2,0,3,1,2,0.5,5,1,0.83,0,1,2.87,4,1,25.89
ENS005,BD,Bases de Donnees,INFO,2,1,1,1,2,-1,0,0,-0.33,184,0.08,1,0,1.25,1,2,0,3,3,3,0.67,0,1,0.84,4,2,3.89,4,6,21.98
ENS030,GC_MAT,Matériaux,GC,2,2,2,2,0,0,0,0,0.0,348,0.17,1,0,2.0,2,2,0,0,2,3,0.67,1,3,0.58,0,2,3.79,4,11,18.48
ENS024,GESTION,Gestion de Projet,SUP,1,2,1,3,2,1,-1,2,0.67,345,0.17,1,0,1.75,1,3,0,2,3,3,0.67,1,1,0.57,1,2,3.89,4,11,19.63
ENS013,PED,Pedagogie,SUP,1,3,3,1,3,2,0,-2,0.0,30,0.17,0,0,2.0,1,3,0,2,2,2,0.5,5,1,0.85,1,0,2.95,4,1,27.15
ENS007,GC_MAT,Matériaux,GC,2,4,3,2,0,2,-1,-1,0.0,55,0.33,0,0,2.75,2,4,0,0,2,1,1.0,4,1,0.68,3,0,4.03,2,1,25.46
ENS006,RESEAU,Reseaux,RT,2,3,2,2,0,1,-1,0,0.0,93,0.08,0,0,2.25,2,3,0,0,2,1,1.0,2,1,0.9,4,2,3.62,2,3,22.74
ENS004,PED,Pedagogie,SUP,5,3,4,5,2,-2,1,1,0.0,164,0.33,0,0,4.25,3,5,2,0,2,2,0.5,3,1,0.65,2,0,2.79,2,5,19.83
ENS005,ALG,Algorithmique,GL,4,2,2,2,1,-2,0,0,-0.67,354,0.0,1,1,2.5,2,4,0,0,3,2,0.5,2,1,0.66,4,0,3.93,2,11,22.16
ENS003,WEB_F,Developpement Web Front,WEB,1,3,2,2,1,2,-1,0,0.33,123,0.33,0,0,2.0,1,3,0,1,2,1,1.0,2,0,0.91,1,2,4.08,4,4,23.71
ENS028,PED,Pedagogie,SUP,2,2,4,2,3,0,2,-2,0.0,233,0.42,1,0,2.5,2,4,0,0,2,2,0.5,0,1,0.5,2,0,4.21,3,7,17.42
ENS005,GC_MAT,Matériaux,GC,1,2,2,1,1,1,0,-1,0.0,66,0.08,0,0,1.5,1,2,0,2,2,1,1.0,3,0,0.73,2,2,3.3,4,2,24.25
ENS016,BD,Bases de Donnees,INFO,2,1,1,1,2,-1,0,0,-0.33,171,0.25,0,0,1.25,1,2,0,3,1,2,0.5,2,2,0.76,1,2,3.82,3,5,20.94
ENS001,BD,Bases de Donnees,INFO,1,1,2,1,2,0,1,-1,0.0,319,0.42,1,0,1.25,1,2,0,3,2,2,0.5,3,2,0.51,0,2,3.94,2,10,19.43
ENS026,GC_MAT,Matériaux,GC,2,1,1,2,2,-1,0,1,0.0,60,0.25,0,0,1.5,1,2,0,2,1,1,1.0,0,2,0.58,1,2,2.53,4,2,14.96
ENS026,WEB_F,Developpement Web Front,WEB,2,2,4,4,1,0,2,0,0.67,187,0.0,1,0,3.0,2,4,0,0,1,3,0.67,1,3,0.91,4,1,3.43,4,6,23.41
ENS029,ANG,Anglais Technique,SUP,5,4,5,5,0,-1,1,0,0.0,114,0.25,0,0,4.75,4,5,3,0,2,2,0.5,1,0,0.86,1,0,3.38,4,3,20.06
ENS016,PED,Pedagogie,SUP,5,3,4,4,2,-2,1,0,-0.33,362,0.33,1,0,4.0,3,5,1,0,2,2,0.5,1,1,0.92,4,2,3.89,2,12,21.38
ENS015,WEB_B,Developpement Web Back,WEB,1,2,1,2,3,1,-1,1,0.33,188,0.08,1,0,1.5,1,2,0,2,1,3,0.67,5,2,0.58,0,0,2.59,1,6,19.58
ENS019,SEC,Securite Informatique,RT,4,2,3,2,3,-2,1,-1,-0.67,223,0.17,1,1,2.75,2,4,0,0,2,3,0.67,5,3,0.86,2,1,2.51,1,7,22.82
ENS014,GESTION,Gestion de Projet,SUP,3,3,4,5,2,0,1,1,0.67,188,0.33,1,0,3.75,3,5,1,0,3,2,0.5,3,3,0.63,3,2,3.4,3,6,23.45
ENS020,ANG,Anglais Technique,SUP,1,2,1,2,3,1,-1,1,0.33,47,0.17,0,0,1.5,1,2,0,2,2,1,1.0,0,3,0.61,2,2,2.94,2,1,13.93
ENS003,RESEAU,Reseaux,RT,3,5,5,4,2,2,0,-1,0.33,345,0.08,1,0,4.25,3,5,2,0,2,2,0.5,0,0,0.9,4,2,3.22,4,11,20.94
ENS023,GESTION,Gestion de Projet,SUP,3,4,3,3,2,1,-1,0,0.0,34,0.08,0,0,3.25,3,4,0,0,2,2,0.5,0,1,0.74,3,1,3.85,4,1,20.4
ENS006,BD,Bases de Donnees,INFO,1,1,1,1,3,0,0,0,0.0,343,0.25,1,0,1.0,1,1,0,4,2,2,0.5,3,3,0.61,2,1,4.25,3,11,24.05
ENS004,PED,Pedagogie,SUP,5,3,4,5,0,-2,1,1,0.0,67,0.17,0,0,4.25,3,5,2,0,3,1,1.0,3,1,0.84,1,2,4.39,3,2,24.48
ENS025,RESEAU,Reseaux,RT,2,3,2,2,2,1,-1,0,0.0,168,0.25,0,0,2.25,2,3,0,0,2,1,1.0,4,1,0.57,0,2,3.16,4,5,23.17
ENS025,PROG,Programmation,GL,2,4,4,3,2,2,0,-1,0.33,324,0.42,1,0,3.25,2,4,0,0,3,3,0.67,4,2,0.54,1,0,4.43,4,10,26.56
ENS017,RESEAU,Reseaux,RT,1,1,3,1,2,0,2,-2,0.0,275,0.0,1,0,1.5,1,3,0,3,2,2,0.5,2,2,0.59,3,1,3.17,2,9,19.29
ENS028,GC_STRU,Structure Batiment,GC,1,1,1,1,2,0,0,0,0.0,172,0.33,0,0,1.0,1,1,0,4,2,2,0.5,3,0,0.57,4,0,3.63,1,5,21.61
ENS002,PROG,Programmation,GL,3,5,4,3,0,2,-1,-1,0.0,88,0.08,0,0,3.75,3,5,1,0,3,2,0.5,2,3,0.89,4,2,3.69,2,2,22.83
ENS002,GESTION,Gestion de Projet,SUP,4,5,4,5,2,1,-1,1,0.33,31,0.33,0,0,4.5,4,5,2,0,2,1,1.0,4,1,0.92,2,2,3.22,3,1,25.54
ENS022,GC_STRU,Structure Batiment,GC,3,4,5,4,0,1,1,-1,0.33,143,0.0,0,0,4.0,3,5,1,0,1,1,1.0,4,2,0.52,1,1,4.28,2,4,23.16
ENS015,BD,Bases de Donnees,INFO,2,1,3,3,0,-1,2,0,0.33,157,0.08,0,0,2.25,1,3,0,1,2,2,0.5,2,1,0.62,1,2,2.72,3,5,18.04
ENS020,GC_STRU,Structure Batiment,GC,1,3,2,3,4,2,-1,1,0.67,306,0.0,1,0,2.25,1,3,0,1,1,3,0.67,5,2,0.82,1,2,4.22,4,10,29.54
ENS021,GC_STRU,Structure Batiment,GC,4,2,2,4,0,-2,0,2,0.0,279,0.25,1,0,3.0,2,4,0,0,2,1,1.0,3,2,0.58,0,1,2.92,3,9,19.24
ENS013,GC_STRU,Structure Batiment,GC,2,2,2,4,2,0,0,2,0.67,54,0.08,0,0,2.5,2,4,0,0,1,3,0.67,4,2,0.69,2,0,3.4,3,1,24.75
ENS016,WEB_B,Developpement Web Back,WEB,3,1,1,1,2,-2,0,0,-0.67,108,0.33,0,1,1.5,1,3,0,3,1,1,1.0,1,0,0.56,3,2,4.48,2,3,19.76
ENS012,GC_MAT,Matériaux,GC,2,2,2,2,1,0,0,0,0.0,159,0.25,0,0,2.0,2,2,0,0,2,2,0.5,0,0,0.8,3,1,3.23,1,5,14.96
ENS011,GESTION,Gestion de Projet,SUP,2,2,1,2,4,0,-1,1,0.0,191,0.08,1,0,1.75,1,2,0,1,3,1,1.0,1,2,0.79,1,0,2.66,2,6,15.27
ENS018,SEC,Securite Informatique,RT,3,5,5,5,2,2,0,0,0.67,117,0.08,0,0,4.5,3,5,3,0,1,1,1.0,2,1,0.52,4,1,3.42,1,3,18.94
ENS028,GC_MAT,Matériaux,GC,2,3,4,2,0,1,1,-2,0.0,179,0.0,0,0,2.75,2,4,0,0,2,1,1.0,3,3,0.91,2,2,4.27,4,5,27.09
ENS019,PED,Pedagogie,SUP,3,1,2,3,4,-2,1,1,0.0,194,0.17,1,0,2.25,1,3,0,1,2,1,1.0,4,1,0.92,0,1,3.22,2,6,22.04
ENS021,GC_MAT,Matériaux,GC,4,3,2,4,0,-1,-1,2,0.0,203,0.33,1,0,3.25,2,4,0,0,1,1,1.0,1,2,0.77,4,2,3.19,4,6,22.23
ENS021,PROG,Programmation,GL,5,4,5,4,0,-1,1,-1,-0.33,156,0.25,0,0,4.5,4,5,2,0,1,3,0.67,1,3,0.76,0,0,2.7,1,5,12.7
ENS026,GC_STRU,Structure Batiment,GC,2,2,2,4,1,0,0,2,0.67,150,0.42,0,0,2.5,2,4,0,0,2,3,0.67,4,3,0.86,4,0,3.84,1,5,25.48
ENS019,WEB_B,Developpement Web Back,WEB,4,3,4,4,1,-1,1,0,0.0,336,0.08,1,0,3.75,3,4,0,0,2,1,1.0,4,2,0.81,1,2,3.14,1,11,20.83
ENS006,RESEAU,Reseaux,RT,1,1,1,1,3,0,0,0,0.0,282,0.25,1,0,1.0,1,1,0,4,3,2,0.5,1,1,0.75,1,0,2.54,3,9,16.33
ENS006,PROG,Programmation,GL,3,3,3,4,0,0,0,1,0.33,194,0.42,1,0,3.25,3,4,0,0,2,3,0.67,5,3,0.88,1,0,3.98,1,6,24.86
ENS028,WEB_F,Developpement Web Front,WEB,3,3,1,1,3,0,-2,0,-0.67,184,0.25,1,1,2.0,1,3,0,2,1,2,0.5,4,3,0.73,4,1,2.52,4,6,26.69
ENS029,ALG,Algorithmique,GL,1,1,1,1,4,0,0,0,0.0,289,0.42,1,0,1.0,1,1,0,4,2,1,1.0,4,2,0.59,3,1,3.01,2,9,22.97
ENS028,ALG,Algorithmique,GL,1,1,2,2,3,0,1,0,0.33,336,0.42,1,0,1.5,1,2,0,2,2,2,0.5,1,2,0.58,3,1,3.14,2,11,17.18
ENS023,ALG,Algorithmique,GL,1,1,2,1,3,0,1,-1,0.0,71,0.25,0,0,1.25,1,2,0,3,2,3,0.67,0,1,0.86,1,0,3.81,2,2,15.92
ENS020,GESTION,Gestion de Projet,SUP,3,5,4,3,0,2,-1,-1,0.0,240,0.08,1,0,3.75,3,5,1,0,1,1,1.0,4,2,0.64,4,1,2.97,2,8,24.14
ENS007,GC_STRU,Structure Batiment,GC,3,4,4,2,1,1,0,-2,-0.33,348,0.42,1,0,3.25,2,4,0,0,2,3,0.67,1,0,0.69,0,1,3.83,1,11,14.61
ENS009,BD,Bases de Donnees,INFO,3,3,3,2,0,0,0,-1,-0.33,134,0.42,0,0,2.75,2,3,0,0,1,1,1.0,5,0,0.52,4,2,4.2,2,4,28.0
ENS026,PROG,Programmation,GL,5,3,3,5,0,-2,0,2,0.0,107,0.0,0,0,4.0,3,5,2,0,1,1,1.0,2,2,0.73,0,2,3.24,2,3,17.13
ENS004,ALG,Algorithmique,GL,3,4,3,4,2,1,-1,1,0.33,182,0.0,1,0,3.5,3,4,0,0,1,3,0.67,0,2,0.62,4,0,3.28,3,6,18.16
ENS015,RESEAU,Reseaux,RT,1,3,1,1,3,2,-2,0,0.0,321,0.33,1,0,1.5,1,3,0,3,2,2,0.5,5,3,0.61,2,2,3.15,4,10,27.35
ENS006,BD,Bases de Donnees,INFO,3,2,2,2,1,-1,0,0,-0.33,335,0.25,1,0,2.25,2,3,0,0,3,1,1.0,1,2,0.8,0,2,2.78,4,11,17.56
ENS023,WEB_F,Developpement Web Front,WEB,1,1,1,1,2,0,0,0,0.0,186,0.42,1,0,1.0,1,1,0,4,1,1,1.0,2,1,0.78,4,0,4.09,1,6,21.58
ENS030,WEB_B,Developpement Web Back,WEB,4,5,4,5,1,1,-1,1,0.33,76,0.25,0,0,4.5,4,5,2,0,3,2,0.5,1,3,0.76,4,2,3.06,1,2,17.42
ENS020,GESTION,Gestion de Projet,SUP,4,2,4,4,0,-2,2,0,0.0,311,0.0,1,0,3.5,2,4,0,0,1,1,1.0,3,3,0.68,1,2,2.5,1,10,16.9
ENS022,RESEAU,Reseaux,RT,2,1,3,1,3,-1,2,-2,-0.33,308,0.25,1,0,1.75,1,3,0,2,1,1,1.0,0,2,0.78,2,0,3.04,2,10,14.98
ENS018,WEB_B,Developpement Web Back,WEB,2,2,1,1,3,0,-1,0,-0.33,243,0.33,1,0,1.5,1,2,0,2,1,3,0.67,4,0,0.53,3,2,3.9,2,8,24.45
ENS029,WEB_B,Developpement Web Back,WEB,4,4,3,3,0,0,-1,0,-0.33,314,0.08,1,0,3.5,3,4,0,0,3,3,0.67,3,1,0.6,3,1,4.3,1,10,22.1
ENS006,GESTION,Gestion de Projet,SUP,5,4,5,3,2,-1,1,-2,-0.67,120,0.25,0,1,4.25,3,5,2,0,2,1,1.0,1,3,0.75,0,0,4.45,2,4,17.65
ENS030,GC_STRU,Structure Batiment,GC,3,5,5,3,0,2,0,-2,0.0,145,0.42,0,0,4.0,3,5,2,0,3,1,1.0,0,1,0.66,1,1,3.97,1,4,13.74
ENS021,BD,Bases de Donnees,INFO,2,1,1,2,3,-1,0,1,0.0,237,0.25,1,0,1.5,1,2,0,2,2,2,0.5,0,0,0.69,2,2,2.83,1,7,12.61
ENS027,PROG,Programmation,GL,5,4,3,3,2,-1,-1,0,-0.67,340,0.25,1,1,3.75,3,5,1,0,2,1,1.0,3,0,0.66,4,1,3.66,2,11,23.62
ENS011,WEB_B,Developpement Web Back,WEB,5,5,4,4,1,0,-1,0,-0.33,38,0.42,0,0,4.5,4,5,2,0,3,1,1.0,5,3,0.67,3,2,3.27,2,1,25.89
ENS007,WEB_B,Developpement Web Back,WEB,2,1,2,1,2,-1,1,-1,-0.33,259,0.08,1,0,1.5,1,2,0,2,2,3,0.67,4,1,0.65,1,2,3.05,4,8,24.35
ENS022,WEB_B,Developpement Web Back,WEB,5,5,3,4,1,0,-2,1,-0.33,326,0.33,1,0,4.25,3,5,2,0,1,2,0.5,2,3,0.56,4,1,3.35,3,10,22.0
ENS024,ANG,Anglais Technique,SUP,1,2,3,3,1,1,1,0,0.67,41,0.33,0,0,2.25,1,3,0,1,1,3,0.67,4,3,0.64,3,1,3.62,3,1,25.94
ENS026,PED,Pedagogie,SUP,4,4,3,5,0,0,-1,2,0.33,341,0.33,1,0,4.0,3,5,1,0,2,1,1.0,3,3,0.61,3,2,4.39,3,11,25.33
ENS002,ALG,Algorithmique,GL,1,1,2,2,4,0,1,0,0.33,224,0.17,1,0,1.5,1,2,0,2,3,3,0.67,0,2,0.63,0,2,2.83,4,7,14.81
ENS029,GC_MAT,Matériaux,GC,2,3,2,2,0,1,-1,0,0.0,113,0.25,0,0,2.25,2,3,0,0,1,2,0.5,0,3,0.68,4,2,4.3,1,3,17.5
ENS002,ANG,Anglais Technique,SUP,5,4,5,5,1,-1,1,0,0.0,296,0.0,1,0,4.75,4,5,3,0,1,1,1.0,4,1,0.89,0,1,3.46,2,9,22.37
ENS023,GESTION,Gestion de Projet,SUP,3,3,3,2,1,0,0,-1,-0.33,84,0.33,0,0,2.75,2,3,0,0,2,2,0.5,1,0,0.57,3,1,4.33,1,2,18.01
ENS003,BD,Bases de Donnees,INFO,1,1,1,3,1,0,0,2,0.67,229,0.42,1,0,1.5,1,3,0,3,2,1,1.0,4,2,0.79,0,1,3.27,1,7,19.99
ENS026,WEB_F,Developpement Web Front,WEB,2,1,2,1,3,-1,1,-1,-0.33,251,0.25,1,0,1.5,1,2,0,2,3,1,1.0,4,3,0.91,0,2,2.74,4,8,24.03
ENS013,PROG,Programmation,GL,3,4,5,3,0,1,1,-2,0.0,353,0.08,1,0,3.75,3,5,1,0,2,2,0.5,5,0,0.52,2,1,3.11,3,11,25.32
ENS002,RESEAU,Reseaux,RT,1,2,2,1,3,1,0,-1,0.0,170,0.42,0,0,1.5,1,2,0,2,2,2,0.5,4,3,0.87,2,0,3.1,1,5,22.05
ENS029,PED,Pedagogie,SUP,4,3,3,3,0,-1,0,0,-0.33,206,0.33,1,0,3.25,3,4,0,0,3,2,0.5,3,1,0.64,3,0,2.87,2,6,20.94
ENS013,WEB_F,Developpement Web Front,WEB,1,3,1,2,1,2,-2,1,0.33,355,0.42,1,0,1.75,1,3,0,2,3,2,0.5,3,0,0.62,2,1,4.3,3,11,24.2
ENS027,BD,Bases de Donnees,INFO,3,2,3,2,0,-1,1,-1,-0.33,144,0.33,0,0,2.5,2,3,0,0,2,2,0.5,1,0,0.88,1,2,2.95,1,4,14.8
ENS011,PROG,Programmation,GL,4,3,3,4,0,-1,0,1,0.0,208,0.08,1,0,3.5,3,4,0,0,1,1,1.0,5,0,0.5,1,1,2.76,2,6,22.02
ENS003,PED,Pedagogie,SUP,2,2,4,3,1,0,2,-1,0.33,357,0.08,1,0,2.75,2,4,0,0,3,2,0.5,3,1,0.69,2,2,3.79,2,11,22.03
ENS016,PROG,Programmation,GL,5,4,5,4,1,-1,1,-1,-0.33,313,0.17,1,0,4.5,4,5,2,0,1,1,1.0,4,2,0.58,2,0,3.93,3,10,25.26
ENS012,PROG,Programmation,GL,3,4,3,5,0,1,-1,2,0.67,218,0.33,1,0,3.75,3,5,1,0,1,2,0.5,0,0,0.65,0,2,4.2,1,7,13.15
ENS004,WEB_F,Developpement Web Front,WEB,2,2,3,1,1,0,1,-2,-0.33,262,0.17,1,0,2.0,1,3,0,1,2,2,0.5,1,2,0.79,2,0,3.1,3,8,18.65
ENS019,WEB_B,Developpement Web Back,WEB,1,2,1,2,4,1,-1,1,0.33,132,0.17,0,0,1.5,1,2,0,2,2,3,0.67,1,0,0.65,3,2,3.57,2,4,18.39
ENS011,GC_MAT,Matériaux,GC,1,1,2,1,2,0,1,-1,0.0,132,0.08,0,0,1.25,1,2,0,3,3,3,0.67,4,1,0.69,0,2,3.45,2,4,21.35
ENS009,GESTION,Gestion de Projet,SUP,3,1,2,1,3,-2,1,-1,-0.67,130,0.0,0,1,1.75,1,3,0,2,2,3,0.67,3,1,0.64,0,1,2.86,4,4,20.92
ENS001,GESTION,Gestion de Projet,SUP,3,2,2,2,2,-1,0,0,-0.33,197,0.42,1,0,2.25,2,3,0,0,1,2,0.5,4,0,0.55,4,0,3.21,4,6,27.17
ENS014,WEB_B,Developpement Web Back,WEB,1,1,1,1,3,0,0,0,0.0,256,0.42,1,0,1.0,1,1,0,4,2,1,1.0,4,3,0.76,0,1,2.95,4,8,23.7
ENS009,GC_MAT,Matériaux,GC,2,4,4,4,0,2,0,0,0.67,222,0.42,1,0,3.5,2,4,0,0,2,2,0.5,2,0,0.77,4,2,4.08,1,7,21.51
ENS002,BD,Bases de Donnees,INFO,1,1,3,3,3,0,2,0,0.67,146,0.33,0,0,2.0,1,3,0,2,1,3,0.67,1,2,0.57,0,2,3.69,3,4,16.73
ENS012,WEB_F,Developpement Web Front,WEB,1,1,2,1,2,0,1,-1,0.0,293,0.33,1,0,1.25,1,2,0,3,2,3,0.67,5,3,0.76,3,0,3.62,3,9,28.54
ENS002,GC_MAT,Matériaux,GC,3,3,4,4,0,0,1,0,0.33,295,0.42,1,0,3.5,3,4,0,0,1,3,0.67,0,1,0.56,3,2,3.67,1,9,14.64
ENS006,SEC,Securite Informatique,RT,3,4,5,5,0,1,1,0,0.67,341,0.25,1,0,4.25,3,5,2,0,1,2,0.5,0,2,0.84,4,1,4.33,3,11,21.36
ENS024,GC_STRU,Structure Batiment,GC,2,1,2,1,3,-1,1,-1,-0.33,297,0.25,1,0,1.5,1,2,0,2,3,1,1.0,0,1,0.83,0,0,3.56,3,9,15.77
ENS029,PED,Pedagogie,SUP,4,5,3,3,1,1,-2,0,-0.33,305,0.0,1,0,3.75,3,5,1,0,2,2,0.5,4,0,0.9,0,2,4.09,2,10,23.68
ENS030,BD,Bases de Donnees,INFO,3,4,4,5,0,1,0,1,0.67,191,0.08,1,0,4.0,3,5,1,0,3,2,0.5,3,1,0.6,2,0,3.76,3,6,23.02
ENS028,GC_STRU,Structure Batiment,GC,5,5,5,3,1,0,0,-2,-0.67,36,0.42,0,1,4.5,3,5,3,0,2,1,1.0,1,3,0.51,0,0,3.65,1,1,13.35
ENS008,GC_STRU,Structure Batiment,GC,1,1,3,1,4,0,2,-2,0.0,187,0.08,1,0,1.5,1,3,0,3,3,2,0.5,2,0,0.61,3,0,3.65,3,6,21.85
ENS002,PROG,Programmation,GL,5,3,5,5,0,-2,2,0,0.0,175,0.17,0,0,4.5,3,5,3,0,1,1,1.0,2,1,0.82,1,1,2.64,3,5,18.88
ENS025,WEB_B,Developpement Web Back,WEB,5,5,4,3,0,0,-1,-1,-0.67,235,0.08,1,1,4.25,3,5,2,0,2,1,1.0,1,2,0.73,4,1,3.64,2,7,19.93
ENS030,WEB_F,Developpement Web Front,WEB,2,1,3,1,3,-1,2,-2,-0.33,308,0.17,1,0,1.75,1,3,0,2,2,1,1.0,2,2,0.7,1,0,3.8,4,10,22.1
ENS009,GC_MAT,Matériaux,GC,3,2,4,3,1,-1,2,-1,0.0,207,0.0,1,0,3.0,2,4,0,0,1,2,0.5,2,1,0.68,4,0,3.82,2,6,22.04
ENS006,ALG,Algorithmique,GL,1,1,1,1,3,0,0,0,0.0,111,0.33,0,0,1.0,1,1,0,4,3,2,0.5,5,3,0.68,2,0,3.09,1,3,23.08
ENS020,GC_MAT,Matériaux,GC,3,3,3,2,3,0,0,-1,-0.33,69,0.0,0,0,2.75,2,3,0,0,1,3,0.67,5,3,0.93,2,2,4.28,3,2,29.71
ENS007,PROG,Programmation,GL,5,5,4,4,0,0,-1,0,-0.33,221,0.0,1,0,4.5,4,5,2,0,1,1,1.0,5,0,0.56,1,0,3.03,4,7,25.86
ENS009,PROG,Programmation,GL,4,3,4,3,1,-1,1,-1,-0.33,164,0.42,0,0,3.5,3,4,0,0,2,3,0.67,2,3,0.55,4,0,3.68,2,5,21.11
ENS021,GC_MAT,Matériaux,GC,1,2,1,2,2,1,-1,1,0.33,283,0.25,1,0,1.5,1,2,0,2,2,3,0.67,5,0,0.76,1,2,3.57,3,9,26.44
ENS016,GC_STRU,Structure Batiment,GC,4,4,3,3,2,0,-1,0,-0.33,87,0.42,0,0,3.5,3,4,0,0,1,2,0.5,4,3,0.56,3,0,3.41,2,2,23.62
ENS030,GESTION,Gestion de Projet,SUP,1,3,2,3,2,2,-1,1,0.67,84,0.25,0,0,2.25,1,3,0,1,2,3,0.67,0,1,0.64,1,2,3.51,1,2,12.72
ENS021,GC_MAT,Matériaux,GC,2,1,1,2,2,-1,0,1,0.0,292,0.08,1,0,1.5,1,2,0,2,3,1,1.0,1,3,0.63,3,1,2.53,3,9,17.71
ENS006,BD,Bases de Donnees,INFO,3,3,5,3,0,0,2,-2,0.0,208,0.08,1,0,3.5,3,5,1,0,3,3,0.67,3,0,0.58,1,1,2.77,3,6,19.94
ENS027,GESTION,Gestion de Projet,SUP,1,1,2,1,3,0,1,-1,0.0,149,0.0,0,0,1.25,1,2,0,3,3,1,1.0,5,2,0.7,1,0,3.04,3,4,25.08
ENS020,RESEAU,Reseaux,RT,1,1,1,3,4,0,0,2,0.67,81,0.33,0,0,1.5,1,3,0,3,1,1,1.0,2,2,0.95,1,2,3.79,1,2,18.83
ENS022,PED,Pedagogie,SUP,4,3,4,4,1,-1,1,0,0.0,354,0.08,1,0,3.75,3,4,0,0,1,2,0.5,4,3,0.51,4,1,2.8,4,11,26.15
ENS010,ANG,Anglais Technique,SUP,2,3,2,1,1,1,-1,-1,-0.33,221,0.0,1,0,2.0,1,3,0,1,2,2,0.5,1,1,0.63,2,2,3.79,2,7,17.73
ENS006,WEB_B,Developpement Web Back,WEB,1,1,1,1,3,0,0,0,0.0,48,0.08,0,0,1.0,1,1,0,4,2,2,0.5,4,3,0.54,3,0,2.6,1,1,20.4
ENS030,GESTION,Gestion de Projet,SUP,1,3,2,2,3,2,-1,0,0.33,58,0.08,0,0,2.0,1,3,0,1,1,1,1.0,4,2,0.85,1,1,4.29,4,1,27.83
ENS005,PROG,Programmation,GL,5,3,3,5,0,-2,0,2,0.0,239,0.33,1,0,4.0,3,5,2,0,3,1,1.0,0,2,0.71,4,1,2.56,1,7,14.17
ENS024,RESEAU,Reseaux,RT,1,1,1,1,4,0,0,0,0.0,43,0.25,0,0,1.0,1,1,0,4,1,3,0.67,3,0,0.59,0,2,3.4,2,1,18.75
ENS021,BD,Bases de Donnees,INFO,3,3,3,5,0,0,0,2,0.67,290,0.25,1,0,3.5,3,5,1,0,1,3,0.67,3,3,0.56,0,0,4.11,3,9,21.52
ENS028,RESEAU,Reseaux,RT,4,5,4,5,1,1,-1,1,0.33,283,0.0,1,0,4.5,4,5,2,0,3,1,1.0,4,0,0.71,0,1,3.01,2,9,20.57
ENS015,PED,Pedagogie,SUP,4,3,3,3,2,-1,0,0,-0.33,97,0.08,0,0,3.25,3,4,0,0,2,1,1.0,0,3,0.51,2,0,2.93,3,3,14.91
ENS024,GC_STRU,Structure Batiment,GC,2,2,4,4,2,0,2,0,0.67,186,0.42,1,0,3.0,2,4,0,0,2,2,0.5,1,3,0.78,1,2,2.87,3,6,17.14
ENS021,GESTION,Gestion de Projet,SUP,2,1,1,1,2,-1,0,0,-0.33,363,0.25,1,0,1.25,1,2,0,3,3,2,0.5,5,0,0.94,1,1,4.4,3,12,29.0
ENS025,PROG,Programmation,GL,5,5,4,3,0,0,-1,-1,-0.67,97,0.0,0,1,4.25,3,5,2,0,1,3,0.67,5,0,0.64,4,2,4.34,1,3,27.38
ENS007,RESEAU,Reseaux,RT,1,2,3,2,4,1,1,-1,0.33,340,0.33,1,0,2.0,1,3,0,1,2,2,0.5,3,3,0.86,4,2,3.34,2,11,23.98
ENS014,GC_STRU,Structure Batiment,GC,2,2,1,1,3,0,-1,0,-0.33,189,0.25,1,0,1.5,1,2,0,2,2,1,1.0,4,1,0.7,4,0,4.45,1,6,25.9
ENS006,WEB_F,Developpement Web Front,WEB,3,1,2,2,2,-2,1,0,-0.33,73,0.25,0,0,2.0,1,3,0,1,2,1,1.0,0,3,0.76,4,0,3.29,2,2,17.38
ENS018,ANG,Anglais Technique,SUP,1,2,1,2,2,1,-1,1,0.33,168,0.25,0,0,1.5,1,2,0,2,1,3,0.67,1,0,0.6,4,1,3.14,4,5,21.28
ENS018,BD,Bases de Donnees,INFO,1,1,3,1,0,0,2,-2,0.0,115,0.08,0,0,1.5,1,3,0,3,3,3,0.67,3,1,0.89,2,1,2.5,2,3,20.45
ENS015,ALG,Algorithmique,GL,1,1,1,1,1,0,0,0,0.0,295,0.25,1,0,1.0,1,1,0,4,1,2,0.5,5,3,0.7,4,0,3.72,1,9,26.44
ENS001,ANG,Anglais Technique,SUP,3,3,3,3,2,0,0,0,0.0,159,0.0,0,0,3.0,3,3,0,0,2,1,1.0,0,0,0.67,1,0,2.78,4,5,15.91
ENS024,GC_STRU,Structure Batiment,GC,2,3,4,4,2,1,1,0,0.67,346,0.0,1,0,3.25,2,4,0,0,2,1,1.0,4,2,0.64,0,2,3.35,3,11,22.4
ENS022,PED,Pedagogie,SUP,2,1,1,1,2,-1,0,0,-0.33,335,0.33,1,0,1.25,1,2,0,3,3,2,0.5,5,1,0.61,0,0,3.95,2,11,23.95
ENS008,ANG,Anglais Technique,SUP,5,4,4,5,1,-1,0,1,0.0,77,0.42,0,0,4.5,4,5,2,0,3,3,0.67,5,2,0.81,2,2,2.78,3,2,26.11
ENS018,GESTION,Gestion de Projet,SUP,2,2,2,4,0,0,0,2,0.67,36,0.0,0,0,2.5,2,4,0,0,2,1,1.0,2,1,0.62,3,0,3.39,4,1,22.88
ENS024,RESEAU,Reseaux,RT,5,5,5,4,0,0,0,-1,-0.33,169,0.25,0,0,4.75,4,5,3,0,2,2,0.5,1,0,0.54,4,0,3.03,1,5,16.26
ENS007,SEC,Securite Informatique,RT,2,4,4,2,2,2,0,-2,0.0,100,0.42,0,0,3.0,2,4,0,0,1,3,0.67,3,2,0.94,1,1,2.78,3,3,21.76
ENS024,WEB_B,Developpement Web Back,WEB,3,1,2,2,3,-2,1,0,-0.33,269,0.08,1,0,2.0,1,3,0,1,2,3,0.67,1,3,0.64,1,1,4.49,1,8,16.68
ENS015,ANG,Anglais Technique,SUP,4,5,4,4,0,1,-1,0,0.0,312,0.42,1,0,4.25,4,5,1,0,2,1,1.0,4,0,0.81,0,2,2.85,3,10,22.25
ENS017,ALG,Algorithmique,GL,1,2,1,1,4,1,-1,0,0.0,88,0.0,0,0,1.25,1,2,0,3,1,2,0.5,4,1,0.6,2,1,3.32,1,2,21.14
ENS011,PED,Pedagogie,SUP,3,3,5,3,1,0,2,-2,0.0,74,0.0,0,0,3.5,3,5,1,0,1,3,0.67,5,1,0.59,1,2,3.97,4,2,27.89
ENS005,PROG,Programmation,GL,3,4,3,3,0,1,-1,0,0.0,165,0.33,0,0,3.25,3,4,0,0,3,2,0.5,0,3,0.83,3,1,2.95,3,5,17.55
ENS014,GESTION,Gestion de Projet,SUP,4,4,5,3,2,0,1,-2,-0.33,365,0.08,1,0,4.0,3,5,1,0,1,2,0.5,3,1,0.88,2,1,4.15,1,12,22.2
ENS030,PED,Pedagogie,SUP,3,5,3,4,0,2,-2,1,0.33,217,0.25,1,0,3.75,3,5,1,0,3,3,0.67,5,1,0.93,2,1,4.19,3,7,29.53
ENS005,SEC,Securite Informatique,RT,2,3,4,3,1,1,1,-1,0.33,239,0.33,1,0,3.0,2,4,0,0,1,1,1.0,2,0,0.84,1,1,3.84,2,7,19.88
ENS029,ANG,Anglais Technique,SUP,2,2,1,3,1,0,-1,2,0.33,244,0.42,1,0,2.0,1,3,0,1,2,2,0.5,5,3,0.93,1,1,4.47,4,8,30.59
ENS009,PROG,Programmation,GL,3,4,3,4,3,1,-1,1,0.33,349,0.17,1,0,3.5,3,4,0,0,2,2,0.5,0,1,0.76,1,1,2.53,4,11,15.86
ENS005,SEC,Securite Informatique,RT,2,4,3,4,2,2,-1,1,0.67,104,0.08,0,0,3.25,2,4,0,0,1,2,0.5,2,1,0.64,2,2,3.34,4,3,21.88
ENS016,PED,Pedagogie,SUP,5,3,3,3,0,-2,0,0,-0.67,356,0.25,1,1,3.5,3,5,1,0,2,3,0.67,5,2,0.57,2,2,4.07,1,11,24.49
ENS020,PED,Pedagogie,SUP,4,5,5,4,0,1,0,-1,0.0,93,0.0,0,0,4.5,4,5,2,0,3,3,0.67,4,3,0.85,4,2,2.66,2,3,24.57
ENS020,RESEAU,Reseaux,RT,3,2,2,4,2,-1,0,2,0.33,145,0.17,0,0,2.75,2,4,0,0,3,3,0.67,2,1,0.83,4,2,3.05,4,4,24.25
ENS006,ANG,Anglais Technique,SUP,3,1,2,2,1,-2,1,0,-0.33,39,0.17,0,0,2.0,1,3,0,1,1,1,1.0,0,1,0.54,2,1,2.89,3,1,14.98
ENS019,ANG,Anglais Technique,SUP,1,3,1,1,1,2,-2,0,0.0,235,0.0,1,0,1.5,1,3,0,3,2,3,0.67,5,3,0.5,1,1,2.78,4,7,25.06
ENS026,BD,Bases de Donnees,INFO,3,3,3,3,0,0,0,0,0.0,133,0.0,0,0,3.0,3,3,0,0,3,2,0.5,4,0,0.54,2,0,4.38,2,4,24.46
ENS009,WEB_B,Developpement Web Back,WEB,1,1,1,1,2,0,0,0,0.0,284,0.42,1,0,1.0,1,1,0,4,1,3,0.67,3,3,0.52,0,2,4.02,2,9,19.64
ENS013,PROG,Programmation,GL,4,5,5,5,0,1,0,0,0.33,289,0.17,1,0,4.75,4,5,3,0,1,3,0.67,5,2,0.88,3,2,3.16,3,9,28.22
ENS014,SEC,Securite Informatique,RT,2,4,2,2,0,2,-2,0,0.0,254,0.17,1,0,2.5,2,4,0,0,1,2,0.5,4,1,0.82,0,1,4.35,4,8,26.8
ENS010,GC_STRU,Structure Batiment,GC,4,4,2,3,0,0,-2,1,-0.33,269,0.33,1,0,3.25,2,4,0,0,1,3,0.67,1,3,0.55,3,0,3.35,1,8,15.95
ENS023,ANG,Anglais Technique,SUP,3,2,1,1,3,-1,-1,0,-0.67,158,0.25,0,1,1.75,1,3,0,2,2,1,1.0,4,1,0.72,1,0,3.39,4,5,25.38
ENS013,ANG,Anglais Technique,SUP,3,1,1,1,2,-2,0,0,-0.67,311,0.17,1,1,1.5,1,3,0,3,2,2,0.5,4,0,0.51,2,2,4.24,2,10,24.03
ENS018,GC_STRU,Structure Batiment,GC,1,1,2,1,1,0,1,-1,0.0,92,0.25,0,0,1.25,1,2,0,3,3,1,1.0,3,3,0.75,3,1,3.3,4,3,25.35
ENS024,WEB_F,Developpement Web Front,WEB,2,3,3,4,2,1,0,1,0.67,253,0.33,1,0,3.0,2,4,0,0,3,1,1.0,1,2,0.81,1,0,3.14,1,8,14.83
ENS006,WEB_B,Developpement Web Back,WEB,2,2,1,2,2,0,-1,1,0.0,275,0.0,1,0,1.75,1,2,0,1,1,1,1.0,2,0,0.94,4,1,4.29,2,9,24.28
ENS013,WEB_F,Developpement Web Front,WEB,3,2,4,4,2,-1,2,0,0.33,325,0.08,1,0,3.25,2,4,0,0,2,3,0.67,2,0,0.6,0,1,4.33,4,10,21.66
ENS017,SEC,Securite Informatique,RT,4,2,2,3,2,-2,0,1,-0.33,105,0.0,0,0,2.75,2,4,0,0,2,1,1.0,3,3,0.82,4,1,3.9,4,3,27.9
ENS011,ANG,Anglais Technique,SUP,5,4,4,5,1,-1,0,1,0.0,149,0.17,0,0,4.5,4,5,2,0,3,1,1.0,0,0,0.65,0,1,4.32,4,4,17.89
ENS027,GESTION,Gestion de Projet,SUP,2,1,2,3,3,-1,1,1,0.33,92,0.17,0,0,2.0,1,3,0,1,2,1,1.0,4,2,0.64,0,0,3.59,1,3,19.88
ENS020,WEB_B,Developpement Web Back,WEB,2,2,2,1,2,0,0,-1,-0.33,333,0.17,1,0,1.75,1,2,0,1,3,2,0.5,4,0,0.65,2,0,3.25,1,11,21.25
ENS015,PROG,Programmation,GL,5,5,4,3,0,0,-1,-1,-0.67,226,0.0,1,1,4.25,3,5,2,0,1,2,0.5,2,3,0.84,2,1,3.35,4,7,22.9
ENS010,ANG,Anglais Technique,SUP,2,1,1,2,0,-1,0,1,0.0,82,0.0,0,0,1.5,1,2,0,2,2,1,1.0,0,3,0.56,3,1,4.01,4,2,19.82
ENS012,RESEAU,Reseaux,RT,4,4,2,3,1,0,-2,1,-0.33,140,0.0,0,0,3.25,2,4,0,0,2,2,0.5,2,1,0.74,1,1,3.09,1,4,16.38
ENS024,ANG,Anglais Technique,SUP,2,3,2,3,1,1,-1,1,0.33,226,0.0,1,0,2.5,2,3,0,0,1,3,0.67,1,2,0.62,3,2,3.56,2,7,18.22
ENS012,GC_STRU,Structure Batiment,GC,2,1,3,3,3,-1,2,0,0.33,259,0.25,1,0,2.25,1,3,0,1,2,2,0.5,1,0,0.7,3,2,2.91,4,8,20.32
ENS016,PROG,Programmation,GL,3,5,3,4,0,2,-2,1,0.33,310,0.25,1,0,3.75,3,5,1,0,2,2,0.5,5,1,0.66,1,0,4.29,4,10,28.88
ENS002,BD,Bases de Donnees,INFO,5,5,4,5,0,0,-1,1,0.0,45,0.17,0,0,4.75,4,5,3,0,3,3,0.67,3,1,0.58,2,1,4.05,3,1,23.5
ENS030,PROG,Programmation,GL,3,4,3,5,0,1,-1,2,0.67,272,0.08,1,0,3.75,3,5,1,0,3,2,0.5,5,0,0.93,2,2,4.21,4,9,31.07
ENS027,GC_MAT,Matériaux,GC,3,2,3,2,3,-1,1,-1,-0.33,240,0.25,1,0,2.5,2,3,0,0,1,3,0.67,3,3,0.72,2,1,3.01,4,8,23.62
ENS009,BD,Bases de Donnees,INFO,3,5,5,3,0,2,0,-2,0.0,299,0.17,1,0,4.0,3,5,2,0,1,1,1.0,3,1,0.89,1,1,3.96,2,9,22.37
ENS017,GESTION,Gestion de Projet,SUP,1,3,1,1,2,2,-2,0,0.0,276,0.0,1,0,1.5,1,3,0,3,1,1,1.0,3,2,0.79,3,1,3.71,4,9,26.37
ENS004,BD,Bases de Donnees,INFO,3,4,3,3,1,1,-1,0,0.0,345,0.33,1,0,3.25,3,4,0,0,2,1,1.0,2,2,0.88,3,2,3.61,1,11,20.12
ENS029,PED,Pedagogie,SUP,4,3,3,4,1,-1,0,1,0.0,136,0.33,0,0,3.5,3,4,0,0,1,1,1.0,0,1,0.84,4,2,2.53,3,4,17.76
ENS011,WEB_F,Developpement Web Front,WEB,1,2,1,1,3,1,-1,0,0.0,61,0.25,0,0,1.25,1,2,0,3,3,1,1.0,0,3,0.71,0,0,4.11,1,2,13.27
ENS005,GESTION,Gestion de Projet,SUP,2,1,2,1,2,-1,1,-1,-0.33,46,0.17,0,0,1.5,1,2,0,2,3,1,1.0,1,1,0.69,3,0,3.01,3,1,18.97
ENS006,RESEAU,Reseaux,RT,2,3,1,1,4,1,-2,0,-0.33,111,0.33,0,0,1.75,1,3,0,2,2,2,0.5,3,1,0.91,0,2,2.94,1,3,17.93
ENS005,WEB_B,Developpement Web Back,WEB,2,1,1,1,2,-1,0,0,-0.33,209,0.33,1,0,1.25,1,2,0,3,3,3,0.67,4,2,0.55,4,0,3.98,2,6,25.71
ENS028,GC_STRU,Structure Batiment,GC,2,3,4,2,2,1,1,-2,0.0,122,0.33,0,0,2.75,2,4,0,0,1,1,1.0,4,0,0.87,1,1,3.8,3,4,25.45
ENS027,GC_STRU,Structure Batiment,GC,4,3,2,2,2,-1,-1,0,-0.67,261,0.25,1,1,2.75,2,4,0,0,3,2,0.5,1,3,0.89,4,2,3.11,2,8,19.67
ENS009,RESEAU,Reseaux,RT,3,2,2,3,4,-1,0,1,0.0,41,0.25,0,0,2.5,2,3,0,0,3,1,1.0,4,3,0.64,0,1,4.0,3,1,23.7
ENS012,ALG,Algorithmique,GL,1,1,1,1,4,0,0,0,0.0,319,0.08,1,0,1.0,1,1,0,4,3,1,1.0,1,1,0.85,2,1,4.26,2,10,19.77
ENS011,PROG,Programmation,GL,4,2,3,3,2,-2,1,0,-0.33,329,0.08,1,0,3.0,2,4,0,0,1,1,1.0,2,1,0.61,1,0,4.41,2,10,19.87
ENS006,ALG,Algorithmique,GL,1,1,1,1,4,0,0,0,0.0,206,0.0,1,0,1.0,1,1,0,4,1,3,0.67,5,1,0.95,2,1,4.09,1,6,26.43
ENS024,WEB_F,Developpement Web Front,WEB,1,1,2,2,3,0,1,0,0.33,136,0.33,0,0,1.5,1,2,0,2,1,1,1.0,1,1,0.63,1,1,4.34,4,4,20.83
ENS001,BD,Bases de Donnees,INFO,1,1,2,1,2,0,1,-1,0.0,305,0.42,1,0,1.25,1,2,0,3,1,1,1.0,1,2,0.84,0,0,4.26,1,10,16.22
ENS004,SEC,Securite Informatique,RT,3,3,4,3,0,0,1,-1,0.0,343,0.33,1,0,3.25,3,4,0,0,3,1,1.0,0,0,0.56,3,1,2.9,4,11,17.6
ENS001,PROG,Programmation,GL,4,4,5,4,0,0,1,-1,0.0,63,0.0,0,0,4.25,4,5,1,0,2,1,1.0,4,2,0.79,4,0,4.3,3,2,29.05
ENS006,BD,Bases de Donnees,INFO,5,3,5,3,0,-2,2,-2,-0.67,258,0.0,1,1,4.0,3,5,2,0,3,1,1.0,0,3,0.67,3,0,4.39,3,8,19.63
ENS007,PED,Pedagogie,SUP,3,3,2,4,3,0,-1,2,0.33,158,0.25,0,0,3.0,2,4,0,0,1,1,1.0,5,0,0.9,3,0,3.4,2,5,27.3
ENS017,WEB_B,Developpement Web Back,WEB,1,1,2,2,2,0,1,0,0.33,302,0.17,1,0,1.5,1,2,0,2,2,1,1.0,2,0,0.59,0,0,3.21,2,10,16.37
ENS016,WEB_F,Developpement Web Front,WEB,1,1,1,1,2,0,0,0,0.0,137,0.42,0,0,1.0,1,1,0,4,1,1,1.0,4,0,0.63,0,2,4.2,4,4,25.55
ENS007,GC_STRU,Structure Batiment,GC,3,2,3,1,2,-1,1,-2,-0.67,339,0.08,1,1,2.25,1,3,0,1,2,3,0.67,5,2,0.89,1,0,3.5,2,11,25.45
ENS025,GC_STRU,Structure Batiment,GC,4,3,4,4,0,-1,1,0,0.0,306,0.0,1,0,3.75,3,4,0,0,3,1,1.0,5,0,0.64,4,1,3.49,4,10,30.18
ENS029,WEB_F,Developpement Web Front,WEB,1,2,1,2,2,1,-1,1,0.33,136,0.08,0,0,1.5,1,2,0,2,1,3,0.67,4,3,0.66,2,2,4.39,2,4,25.08
ENS003,BD,Bases de Donnees,INFO,4,4,5,5,1,0,1,0,0.33,170,0.0,0,0,4.5,4,5,2,0,3,2,0.5,5,2,0.83,4,0,4.16,2,5,29.47
ENS008,PROG,Programmation,GL,4,5,4,5,0,1,-1,1,0.33,237,0.08,1,0,4.5,4,5,2,0,1,3,0.67,4,2,0.68,1,2,3.67,2,7,22.74
ENS028,ALG,Algorithmique,GL,2,2,1,3,3,0,-1,2,0.33,71,0.33,0,0,2.0,1,3,0,1,2,1,1.0,4,1,0.58,2,0,4.01,2,2,23.92
ENS006,PROG,Programmation,GL,3,4,4,4,3,1,0,0,0.33,258,0.08,1,0,3.75,3,4,0,0,3,2,0.5,1,2,0.9,0,0,4.2,2,8,17.9
ENS004,SEC,Securite Informatique,RT,2,2,3,2,1,0,1,-1,0.0,323,0.08,1,0,2.25,2,3,0,0,3,1,1.0,0,3,0.68,3,0,2.77,4,10,17.94
ENS011,BD,Bases de Donnees,INFO,3,4,4,3,1,1,0,-1,0.0,250,0.08,1,0,3.5,3,4,0,0,1,1,1.0,3,2,0.79,0,2,2.96,1,8,17.37
ENS028,ANG,Anglais Technique,SUP,1,3,1,3,1,2,-2,2,0.67,219,0.08,1,0,2.0,1,3,0,2,3,3,0.67,1,1,0.57,3,0,2.67,2,7,16.19
ENS009,SEC,Securite Informatique,RT,4,3,5,3,1,-1,2,-2,-0.33,300,0.08,1,0,3.75,3,5,1,0,2,2,0.5,5,0,0.64,2,1,2.72,4,10,26.64
ENS003,WEB_F,Developpement Web Front,WEB,2,3,3,2,1,1,0,-1,0.0,141,0.42,0,0,2.5,2,3,0,0,3,3,0.67,2,0,0.51,2,0,3.43,2,4,18.41
ENS017,GC_MAT,Matériaux,GC,3,3,2,3,2,0,-1,1,0.0,144,0.42,0,0,2.75,2,3,0,0,1,1,1.0,1,3,0.55,4,1,3.07,1,4,16.39
ENS006,WEB_B,Developpement Web Back,WEB,4,4,3,3,2,0,-1,0,-0.33,208,0.17,1,0,3.5,3,4,0,0,2,1,1.0,5,1,0.71,3,1,3.82,4,6,30.19
ENS021,ANG,Anglais Technique,SUP,3,2,2,2,2,-1,0,0,-0.33,246,0.42,1,0,2.25,2,3,0,0,1,2,0.5,4,2,0.58,0,1,4.26,1,8,20.92
ENS011,GC_MAT,Matériaux,GC,2,2,2,1,4,0,0,-1,-0.33,40,0.0,0,0,1.75,1,2,0,1,2,3,0.67,4,1,0.58,1,0,4.26,3,1,24.92
ENS001,PROG,Programmation,GL,5,3,4,4,0,-2,1,0,-0.33,166,0.0,0,0,4.0,3,5,1,0,2,1,1.0,1,2,0.66,2,0,3.5,4,5,20.3
ENS024,PROG,Programmation,GL,4,3,3,4,2,-1,0,1,0.0,114,0.17,0,0,3.5,3,4,0,0,2,3,0.67,2,1,0.67,1,1,3.62,1,3,17.09
ENS030,RESEAU,Reseaux,RT,3,4,3,2,0,1,-1,-1,-0.33,252,0.42,1,0,3.0,2,4,0,0,3,2,0.5,0,0,0.94,0,2,3.18,3,8,15.56
ENS027,ALG,Algorithmique,GL,3,2,2,3,2,-1,0,1,0.0,76,0.25,0,0,2.5,2,3,0,0,3,2,0.5,1,2,0.85,4,0,4.17,1,2,20.09
ENS029,ANG,Anglais Technique,SUP,3,1,2,3,0,-2,1,1,0.0,248,0.0,1,0,2.25,1,3,0,1,2,2,0.5,5,3,0.83,2,0,3.41,3,8,27.47
ENS021,WEB_B,Developpement Web Back,WEB,2,1,2,1,2,-1,1,-1,-0.33,222,0.0,1,0,1.5,1,2,0,2,3,2,0.5,5,2,0.9,2,1,4.2,2,7,27.9
ENS010,PED,Pedagogie,SUP,5,4,3,4,0,-1,-1,1,-0.33,218,0.42,1,0,4.0,3,5,1,0,2,3,0.67,0,2,0.87,4,2,2.57,1,7,14.99
ENS017,RESEAU,Reseaux,RT,3,4,4,5,0,1,0,1,0.67,86,0.0,0,0,4.0,3,5,1,0,3,2,0.5,2,0,0.81,4,1,2.54,2,2,20.13
ENS007,GESTION,Gestion de Projet,SUP,3,3,3,2,0,0,0,-1,-0.33,48,0.08,0,0,2.75,2,3,0,0,3,1,1.0,3,2,0.91,4,2,2.99,1,1,22.03
ENS005,WEB_F,Developpement Web Front,WEB,3,3,4,3,2,0,1,-1,0.0,237,0.25,1,0,3.25,3,4,0,0,3,1,1.0,4,1,0.58,1,1,3.32,4,7,24.54
ENS004,WEB_F,Developpement Web Front,WEB,2,2,1,1,3,0,-1,0,-0.33,290,0.42,1,0,1.5,1,2,0,2,3,2,0.5,2,1,0.73,2,2,3.7,1,9,18.55
ENS026,WEB_B,Developpement Web Back,WEB,4,4,3,5,2,0,-1,2,0.33,116,0.42,0,0,4.0,3,5,1,0,3,3,0.67,4,3,0.94,0,2,4.19,3,3,25.58
ENS022,ALG,Algorithmique,GL,2,4,4,3,1,2,0,-1,0.33,90,0.42,0,0,3.25,2,4,0,0,2,1,1.0,2,3,0.84,0,2,4.23,4,3,22.66
ENS022,PROG,Programmation,GL,2,3,3,2,1,1,0,-1,0.0,61,0.0,0,0,2.5,2,3,0,0,2,1,1.0,4,0,0.71,4,2,2.85,1,2,22.75
ENS013,GC_MAT,Matériaux,GC,2,2,2,1,2,0,0,-1,-0.33,244,0.42,1,0,1.75,1,2,0,1,2,1,1.0,1,3,0.54,0,2,3.35,3,8,15.9
ENS001,ANG,Anglais Technique,SUP,3,2,1,2,2,-1,-1,1,-0.33,45,0.08,0,0,2.0,1,3,0,1,3,3,0.67,4,1,0.94,0,2,4.04,3,1,25.28
ENS017,PROG,Programmation,GL,4,5,5,5,0,1,0,0,0.33,174,0.17,0,0,4.75,4,5,3,0,3,3,0.67,3,3,0.51,3,2,2.86,3,5,21.77
ENS003,ANG,Anglais Technique,SUP,3,2,1,1,0,-1,-1,0,-0.67,340,0.33,1,1,1.75,1,3,0,2,1,2,0.5,1,2,0.8,1,0,3.89,1,11,16.28
ENS004,GC_MAT,Matériaux,GC,1,2,2,1,2,1,0,-1,0.0,227,0.42,1,0,1.5,1,2,0,2,2,3,0.67,2,1,0.81,2,2,3.56,1,7,18.67
ENS006,SEC,Securite Informatique,RT,2,3,4,3,1,1,1,-1,0.33,364,0.33,1,0,3.0,2,4,0,0,1,2,0.5,0,1,0.92,0,0,3.45,2,12,14.5
ENS018,WEB_F,Developpement Web Front,WEB,2,3,2,1,2,1,-1,-1,-0.33,134,0.0,0,0,2.0,1,3,0,1,3,3,0.67,4,0,0.73,0,1,2.82,2,4,20.29
ENS026,BD,Bases de Donnees,INFO,3,1,3,2,3,-2,2,-1,-0.33,183,0.33,1,0,2.25,1,3,0,1,2,1,1.0,5,0,0.71,4,2,3.82,3,6,29.69
ENS025,GESTION,Gestion de Projet,SUP,3,1,3,3,4,-2,2,0,0.0,75,0.0,0,0,2.5,1,3,0,1,2,3,0.67,0,3,0.92,0,2,3.7,4,2,18.0
ENS029,RESEAU,Reseaux,RT,1,1,2,2,2,0,1,0,0.33,37,0.33,0,0,1.5,1,2,0,2,1,3,0.67,1,0,0.61,0,1,2.61,2,1,13.27
ENS023,BD,Bases de Donnees,INFO,4,3,5,4,0,-1,2,-1,0.0,141,0.17,0,0,4.0,3,5,1,0,3,2,0.5,5,1,0.79,2,2,3.86,4,4,29.67
ENS021,GC_MAT,Matériaux,GC,1,1,1,1,4,0,0,0,0.0,103,0.17,0,0,1.0,1,1,0,4,1,3,0.67,2,1,0.68,0,2,2.68,2,3,15.76
ENS003,BD,Bases de Donnees,INFO,1,2,2,1,1,1,0,-1,0.0,312,0.17,1,0,1.5,1,2,0,2,3,2,0.5,3,0,0.61,3,2,4.02,1,10,21.59
ENS024,WEB_F,Developpement Web Front,WEB,1,1,1,1,2,0,0,0,0.0,187,0.0,1,0,1.0,1,1,0,4,2,2,0.5,1,3,0.62,0,2,3.57,4,6,18.24
ENS023,SEC,Securite Informatique,RT,3,3,4,2,2,0,1,-2,-0.33,169,0.33,0,0,3.0,2,4,0,0,3,1,1.0,0,2,0.89,4,1,4.5,2,5,20.45
ENS028,PED,Pedagogie,SUP,5,4,4,5,0,-1,0,1,0.0,131,0.08,0,0,4.5,4,5,2,0,1,2,0.5,0,3,0.68,3,2,4.05,4,4,20.5
ENS026,WEB_B,Developpement Web Back,WEB,4,5,3,3,0,1,-2,0,-0.33,188,0.33,1,0,3.75,3,5,1,0,2,3,0.67,1,1,0.84,2,0,3.71,4,6,21.62
ENS006,SEC,Securite Informatique,RT,2,2,3,4,1,0,1,1,0.67,226,0.25,1,0,2.75,2,4,0,0,2,1,1.0,3,3,0.58,2,1,3.72,2,7,21.34
ENS022,GC_MAT,Matériaux,GC,4,4,4,4,0,0,0,0,0.0,194,0.33,1,0,4.0,4,4,0,0,3,2,0.5,3,3,0.82,3,2,2.87,4,6,24.84
ENS009,PROG,Programmation,GL,3,4,3,3,0,1,-1,0,0.0,118,0.0,0,0,3.25,3,4,0,0,3,2,0.5,4,1,0.54,1,2,3.56,2,3,21.82
ENS019,ALG,Algorithmique,GL,4,2,2,2,1,-2,0,0,-0.67,32,0.0,0,1,2.5,2,4,0,0,2,2,0.5,0,3,0.92,1,2,3.95,1,1,15.0
ENS018,GC_MAT,Matériaux,GC,3,4,4,4,1,1,0,0,0.33,47,0.17,0,0,3.75,3,4,0,0,3,3,0.67,0,1,0.64,0,0,3.53,4,1,16.26
ENS014,WEB_B,Developpement Web Back,WEB,4,3,5,5,1,-1,2,0,0.33,332,0.33,1,0,4.25,3,5,2,0,3,2,0.5,5,2,0.87,3,1,2.82,2,11,25.99
ENS013,GC_STRU,Structure Batiment,GC,2,1,2,3,2,-1,1,1,0.33,58,0.33,0,0,2.0,1,3,0,1,1,1,1.0,2,1,0.51,3,1,3.36,1,1,17.77
ENS024,GC_MAT,Matériaux,GC,4,3,4,4,2,-1,1,0,0.0,362,0.17,1,0,3.75,3,4,0,0,2,3,0.67,1,0,0.54,2,0,3.76,1,12,15.72
ENS008,GESTION,Gestion de Projet,SUP,4,5,4,4,0,1,-1,0,0.0,299,0.25,1,0,4.25,4,5,1,0,3,2,0.5,3,1,0.84,2,0,3.12,3,9,22.94
ENS017,GC_MAT,Matériaux,GC,2,2,1,3,2,0,-1,2,0.33,145,0.0,0,0,2.0,1,3,0,1,3,1,1.0,3,2,0.88,0,0,2.6,4,4,21.6
ENS010,PROG,Programmation,GL,4,3,5,3,0,-1,2,-2,-0.33,209,0.0,1,0,3.75,3,5,1,0,1,2,0.5,0,1,0.93,1,2,3.17,1,6,13.49
ENS015,ALG,Algorithmique,GL,4,2,4,3,0,-2,2,-1,-0.33,265,0.0,1,0,3.25,2,4,0,0,1,2,0.5,5,1,0.86,2,1,4.19,3,8,29.18
ENS019,SEC,Securite Informatique,RT,4,4,2,3,2,0,-2,1,-0.33,257,0.42,1,0,3.25,2,4,0,0,3,2,0.5,1,1,0.64,0,0,3.88,4,8,18.96
ENS009,PROG,Programmation,GL,4,4,3,5,0,0,-1,2,0.33,271,0.42,1,0,4.0,3,5,1,0,1,3,0.67,4,2,0.54,1,2,2.83,3,9,21.86
ENS019,ALG,Algorithmique,GL,1,1,1,1,3,0,0,0,0.0,160,0.0,0,0,1.0,1,1,0,4,3,1,1.0,4,2,0.73,2,1,3.59,1,5,22.33
ENS020,WEB_B,Developpement Web Back,WEB,5,5,3,4,2,0,-2,1,-0.33,163,0.17,0,0,4.25,3,5,2,0,3,3,0.67,3,2,0.61,0,1,2.59,4,5,20.23
ENS002,GESTION,Gestion de Projet,SUP,2,1,1,2,2,-1,0,1,0.0,155,0.0,0,0,1.5,1,2,0,2,3,2,0.5,2,2,0.55,2,0,4.49,2,5,20.73
ENS022,BD,Bases de Donnees,INFO,3,3,3,1,1,0,0,-2,-0.67,306,0.0,1,1,2.5,1,3,0,1,3,1,1.0,4,3,0.68,1,2,3.96,2,10,23.32
ENS026,PED,Pedagogie,SUP,5,4,5,5,0,-1,1,0,0.0,172,0.42,0,0,4.75,4,5,3,0,3,3,0.67,0,3,0.74,0,0,3.28,2,5,13.26
ENS030,GC_STRU,Structure Batiment,GC,3,3,2,1,4,0,-1,-1,-0.67,174,0.42,0,1,2.25,1,3,0,1,2,3,0.67,4,1,0.89,1,1,3.94,2,5,24.33
ENS011,SEC,Securite Informatique,RT,3,3,3,5,2,0,0,2,0.67,164,0.0,0,0,3.5,3,5,1,0,3,3,0.67,0,3,0.72,4,2,4.43,4,5,22.46
ENS016,ALG,Algorithmique,GL,2,4,2,2,1,2,-2,0,0.0,336,0.42,1,0,2.5,2,4,0,0,3,1,1.0,4,2,0.89,0,0,2.9,2,11,21.25
ENS020,SEC,Securite Informatique,RT,3,3,2,2,1,0,-1,0,-0.33,171,0.33,0,0,2.5,2,3,0,0,2,3,0.67,0,2,0.57,3,0,2.87,1,5,13.09
ENS020,GC_STRU,Structure Batiment,GC,1,3,3,2,1,2,0,-1,0.33,262,0.42,1,0,2.25,1,3,0,1,3,1,1.0,1,0,0.64,4,1,3.86,4,8,22.92
ENS024,PED,Pedagogie,SUP,3,3,3,4,1,0,0,1,0.33,275,0.42,1,0,3.25,3,4,0,0,3,1,1.0,4,1,0.91,1,0,3.39,1,9,21.83
ENS023,RESEAU,Reseaux,RT,3,3,4,2,2,0,1,-2,-0.33,154,0.33,0,0,3.0,2,4,0,0,2,2,0.5,3,3,0.95,1,1,2.86,3,5,21.97
ENS020,PROG,Programmation,GL,5,5,4,3,0,0,-1,-1,-0.67,36,0.08,0,1,4.25,3,5,2,0,3,2,0.5,0,2,0.51,2,1,4.13,4,1,18.81
ENS001,BD,Bases de Donnees,INFO,3,3,4,5,1,0,1,1,0.67,56,0.25,0,0,3.75,3,5,1,0,1,1,1.0,3,3,0.61,0,1,2.59,1,1,15.73
ENS012,SEC,Securite Informatique,RT,4,4,3,3,2,0,-1,0,-0.33,35,0.08,0,0,3.5,3,4,0,0,3,1,1.0,4,0,0.94,0,2,2.97,1,1,20.14
ENS029,GC_STRU,Structure Batiment,GC,1,2,1,1,4,1,-1,0,0.0,110,0.42,0,0,1.25,1,2,0,3,1,2,0.5,2,3,0.81,2,0,4.21,2,3,21.47
ENS001,WEB_B,Developpement Web Back,WEB,1,1,1,2,3,0,0,1,0.33,52,0.08,0,0,1.25,1,2,0,3,2,2,0.5,3,2,0.8,2,1,4.46,2,1,23.92
ENS001,ALG,Algorithmique,GL,1,2,2,3,3,1,0,1,0.67,176,0.17,0,0,2.0,1,3,0,1,1,3,0.67,0,0,0.75,4,0,3.94,4,5,21.63
ENS022,RESEAU,Reseaux,RT,3,4,3,4,0,1,-1,1,0.33,174,0.17,0,0,3.5,3,4,0,0,2,2,0.5,1,1,0.77,2,0,2.75,4,5,19.35
ENS026,GC_MAT,Matériaux,GC,2,3,4,3,0,1,1,-1,0.33,150,0.25,0,0,3.0,2,4,0,0,1,2,0.5,1,2,0.74,0,1,2.52,4,5,16.74
ENS002,PROG,Programmation,GL,5,3,4,4,0,-2,1,0,-0.33,130,0.17,0,0,4.0,3,5,1,0,1,2,0.5,4,2,0.51,2,0,3.86,1,4,21.77
ENS029,ANG,Anglais Technique,SUP,2,1,3,3,2,-1,2,0,0.33,246,0.25,1,0,2.25,1,3,0,1,1,2,0.5,3,0,0.66,3,2,2.62,2,8,20.54
ENS025,BD,Bases de Donnees,INFO,1,2,2,1,0,1,0,-1,0.0,332,0.17,1,0,1.5,1,2,0,2,2,2,0.5,4,2,0.53,3,1,3.96,3,11,26.07
ENS026,GC_MAT,Matériaux,GC,1,1,2,1,2,0,1,-1,0.0,328,0.0,1,0,1.25,1,2,0,3,2,3,0.67,3,0,0.76,0,2,4.36,4,10,24.52
ENS015,BD,Bases de Donnees,INFO,2,3,2,3,1,1,-1,1,0.33,249,0.17,1,0,2.5,2,3,0,0,2,1,1.0,4,1,0.59,2,2,3.71,3,8,24.87
ENS020,RESEAU,Reseaux,RT,2,2,2,1,3,0,0,-1,-0.33,33,0.17,0,0,1.75,1,2,0,1,3,2,0.5,0,1,0.94,3,1,4.1,1,1,17.4
ENS029,GC_STRU,Structure Batiment,GC,4,3,2,2,1,-1,-1,0,-0.67,318,0.08,1,1,2.75,2,4,0,0,1,1,1.0,4,2,0.69,1,0,2.88,2,10,21.21
ENS009,BD,Bases de Donnees,INFO,3,3,3,3,1,0,0,0,0.0,137,0.33,0,0,3.0,3,3,0,0,2,2,0.5,2,0,0.58,4,0,3.14,2,4,20.18
ENS009,ALG,Algorithmique,GL,1,1,1,2,4,0,0,1,0.33,162,0.08,0,0,1.25,1,2,0,3,2,2,0.5,1,1,0.6,4,1,3.8,1,5,18.1
ENS011,GC_STRU,Structure Batiment,GC,3,3,5,3,0,0,2,-2,0.0,78,0.17,0,0,3.5,3,5,1,0,3,1,1.0,0,3,0.78,1,0,3.53,3,2,16.46
ENS006,BD,Bases de Donnees,INFO,3,3,4,4,1,0,1,0,0.33,341,0.0,1,0,3.5,3,4,0,0,3,2,0.5,2,2,0.89,2,1,3.88,2,11,21.21
ENS006,GESTION,Gestion de Projet,SUP,3,2,3,3,0,-1,1,0,0.0,133,0.33,0,0,2.75,2,3,0,0,1,1,1.0,0,0,0.82,3,1,4.47,2,4,19.04
ENS024,ANG,Anglais Technique,SUP,3,1,1,2,1,-2,0,1,-0.33,95,0.25,0,0,1.75,1,3,0,2,2,2,0.5,3,1,0.59,0,1,4.27,1,3,18.99
ENS008,RESEAU,Reseaux,RT,3,3,3,4,2,0,0,1,0.33,31,0.08,0,0,3.25,3,4,0,0,3,2,0.5,0,1,0.67,0,1,3.73,2,1,13.81
ENS028,WEB_F,Developpement Web Front,WEB,2,2,1,1,3,0,-1,0,-0.33,49,0.42,0,0,1.5,1,2,0,2,2,3,0.67,2,0,0.56,3,1,2.54,4,1,20.88
ENS007,ALG,Algorithmique,GL,1,1,2,1,4,0,1,-1,0.0,100,0.17,0,0,1.25,1,2,0,3,3,1,1.0,3,1,0.51,0,0,3.91,2,3,19.37
ENS006,RESEAU,Reseaux,RT,4,4,3,4,2,0,-1,1,0.0,164,0.25,0,0,3.75,3,4,0,0,3,1,1.0,2,3,0.62,4,1,3.79,2,5,21.68
ENS027,ANG,Anglais Technique,SUP,4,5,4,5,1,1,-1,1,0.33,324,0.33,1,0,4.5,4,5,2,0,3,2,0.5,4,0,0.62,4,1,2.57,3,10,24.74
ENS016,BD,Bases de Donnees,INFO,4,3,4,5,0,-1,1,1,0.33,103,0.25,0,0,4.0,3,5,1,0,2,2,0.5,1,1,0.56,1,2,3.01,4,3,17.82
ENS008,GC_STRU,Structure Batiment,GC,1,1,1,1,2,0,0,0,0.0,83,0.17,0,0,1.0,1,1,0,4,3,2,0.5,4,2,0.6,0,0,3.9,2,2,21.8
ENS016,GESTION,Gestion de Projet,SUP,5,4,4,5,1,-1,0,1,0.0,100,0.08,0,0,4.5,4,5,2,0,3,3,0.67,5,2,0.92,2,0,4.15,2,3,27.9
ENS016,PROG,Programmation,GL,4,4,5,4,2,0,1,-1,0.0,62,0.33,0,0,4.25,4,5,1,0,3,3,0.67,1,1,0.59,4,2,3.59,4,2,22.13
ENS026,PROG,Programmation,GL,3,4,5,5,1,1,1,0,0.67,64,0.25,0,0,4.25,3,5,2,0,3,1,1.0,3,0,0.94,1,2,3.95,3,2,24.1
ENS029,WEB_B,Developpement Web Back,WEB,4,4,4,5,2,0,0,1,0.33,230,0.0,1,0,4.25,4,5,1,0,3,2,0.5,4,3,0.81,4,1,3.63,4,7,29.31
ENS027,GC_MAT,Matériaux,GC,1,3,3,1,4,2,0,-2,0.0,108,0.08,0,0,2.0,1,3,0,2,2,1,1.0,0,0,0.76,1,1,2.67,4,3,16.14
ENS019,SEC,Securite Informatique,RT,2,2,2,3,1,0,0,1,0.33,193,0.42,1,0,2.25,2,3,0,0,2,3,0.67,4,3,0.93,2,1,3.83,4,6,28.31
ENS030,RESEAU,Reseaux,RT,2,2,2,2,2,0,0,0,0.0,118,0.17,0,0,2.0,2,2,0,0,2,2,0.5,2,0,0.5,3,2,3.39,4,3,22.28
ENS012,RESEAU,Reseaux,RT,5,3,4,5,0,-2,1,1,0.0,66,0.25,0,0,4.25,3,5,2,0,2,2,0.5,2,2,0.55,1,1,4.22,3,2,20.69
ENS023,ANG,Anglais Technique,SUP,4,5,5,5,1,1,0,0,0.33,32,0.08,0,0,4.75,4,5,3,0,1,1,1.0,4,3,0.91,3,0,3.53,2,1,25.61
ENS012,RESEAU,Reseaux,RT,3,3,2,4,0,0,-1,2,0.33,40,0.08,0,0,3.0,2,4,0,0,2,1,1.0,0,2,0.86,2,0,4.33,4,1,20.96
ENS017,SEC,Securite Informatique,RT,2,2,2,4,0,0,0,2,0.67,54,0.33,0,0,2.5,2,4,0,0,3,3,0.67,4,1,0.51,4,1,3.99,2,1,25.53
ENS018,GC_MAT,Matériaux,GC,1,2,2,1,2,1,0,-1,0.0,356,0.0,1,0,1.5,1,2,0,2,3,2,0.5,4,3,0.89,4,1,2.77,3,11,26.49
ENS011,BD,Bases de Donnees,INFO,4,3,5,4,0,-1,2,-1,0.0,215,0.25,1,0,4.0,3,5,1,0,3,2,0.5,4,0,0.63,0,1,2.91,4,7,22.97
ENS001,PED,Pedagogie,SUP,3,2,2,3,3,-1,0,1,0.0,323,0.17,1,0,2.5,2,3,0,0,2,3,0.67,5,1,0.76,0,1,3.67,1,10,22.64
ENS009,ALG,Algorithmique,GL,2,4,3,2,0,2,-1,-1,0.0,345,0.17,1,0,2.75,2,4,0,0,2,1,1.0,5,0,0.86,0,1,4.32,2,11,25.94
ENS003,GESTION,Gestion de Projet,SUP,3,4,3,4,0,1,-1,1,0.33,269,0.08,1,0,3.5,3,4,0,0,2,1,1.0,0,1,0.54,3,2,3.42,3,8,17.04
ENS013,SEC,Securite Informatique,RT,4,3,3,3,0,-1,0,0,-0.33,188,0.0,1,0,3.25,3,4,0,0,3,2,0.5,5,2,0.95,4,2,2.82,1,6,25.89
ENS012,WEB_F,Developpement Web Front,WEB,4,4,4,2,3,0,0,-2,-0.67,358,0.33,1,1,3.5,2,4,0,0,2,3,0.67,4,2,0.55,3,0,2.99,2,11,22.73
ENS013,RESEAU,Reseaux,RT,1,2,1,3,4,1,-1,2,0.67,348,0.17,1,0,1.75,1,3,0,2,1,2,0.5,3,3,0.63,4,0,2.7,4,11,24.55
ENS013,RESEAU,Reseaux,RT,1,2,1,1,4,1,-1,0,0.0,358,0.42,1,0,1.25,1,2,0,3,1,2,0.5,0,0,0.71,4,0,3.09,2,11,16.73
ENS002,SEC,Securite Informatique,RT,3,3,3,4,1,0,0,1,0.33,348,0.33,1,0,3.25,3,4,0,0,3,1,1.0,3,1,0.61,3,2,2.79,4,11,23.63
ENS009,ANG,Anglais Technique,SUP,1,2,3,3,1,1,1,0,0.67,107,0.08,0,0,2.25,1,3,0,1,1,2,0.5,5,0,0.52,3,1,4.15,4,3,29.9
ENS016,ANG,Anglais Technique,SUP,1,3,3,2,3,2,0,-1,0.33,327,0.17,1,0,2.25,1,3,0,1,3,2,0.5,0,3,0.69,2,1,2.91,1,10,12.77
ENS019,GC_MAT,Matériaux,GC,3,3,3,3,2,0,0,0,0.0,261,0.42,1,0,3.0,3,3,0,0,1,2,0.5,4,0,0.66,0,1,3.49,1,8,19.78
ENS030,GESTION,Gestion de Projet,SUP,3,3,2,2,3,0,-1,0,-0.33,115,0.25,0,0,2.5,2,3,0,0,3,1,1.0,4,2,0.75,3,1,2.91,1,3,22.07
ENS004,PROG,Programmation,GL,2,2,4,3,1,0,2,-1,0.33,107,0.08,0,0,2.75,2,4,0,0,3,2,0.5,5,0,0.58,4,0,3.76,3,3,28.92
ENS009,PROG,Programmation,GL,5,3,5,5,0,-2,2,0,0.0,320,0.42,1,0,4.5,3,5,3,0,3,3,0.67,5,3,0.88,0,2,4.03,1,10,23.96
ENS006,RESEAU,Reseaux,RT,4,3,2,3,0,-1,-1,1,-0.33,335,0.0,1,0,3.0,2,4,0,0,1,1,1.0,3,1,0.6,1,2,3.61,4,11,23.22
ENS025,GC_MAT,Matériaux,GC,4,4,2,2,0,0,-2,0,-0.67,291,0.42,1,1,3.0,2,4,0,0,2,3,0.67,2,3,0.91,1,2,3.13,4,9,21.81
ENS011,GC_MAT,Matériaux,GC,1,1,1,2,2,0,0,1,0.33,127,0.17,0,0,1.25,1,2,0,3,2,3,0.67,3,0,0.86,3,0,3.98,2,4,24.26
ENS020,GESTION,Gestion de Projet,SUP,4,2,2,3,0,-2,0,1,-0.33,353,0.0,1,0,2.75,2,4,0,0,3,2,0.5,3,0,0.66,0,2,3.46,2,11,19.22
ENS016,PROG,Programmation,GL,5,4,5,4,0,-1,1,-1,-0.33,189,0.17,1,0,4.5,4,5,2,0,3,3,0.67,1,0,0.94,2,0,3.12,4,6,20.94
ENS011,PROG,Programmation,GL,3,5,5,3,0,2,0,-2,0.0,361,0.17,1,0,4.0,3,5,2,0,1,1,1.0,3,3,0.55,3,2,3.7,1,12,20.65
ENS016,SEC,Securite Informatique,RT,4,4,3,3,0,0,-1,0,-0.33,102,0.08,0,0,3.5,3,4,0,0,3,2,0.5,5,2,0.66,4,1,3.03,4,3,29.36
ENS011,SEC,Securite Informatique,RT,5,4,3,3,2,-1,-1,0,-0.67,248,0.17,1,1,3.75,3,5,1,0,1,1,1.0,3,1,0.92,4,1,3.46,4,8,27.52
ENS011,BD,Bases de Donnees,INFO,3,3,1,1,0,0,-2,0,-0.67,285,0.17,1,1,2.0,1,3,0,2,2,3,0.67,1,1,0.8,1,0,3.52,2,9,17.04
ENS011,GESTION,Gestion de Projet,SUP,3,1,1,3,3,-2,0,2,0.0,316,0.17,1,0,2.0,1,3,0,2,3,3,0.67,2,1,0.95,1,0,2.85,1,10,16.95
ENS003,GESTION,Gestion de Projet,SUP,2,3,2,1,4,1,-1,-1,-0.33,305,0.08,1,0,2.0,1,3,0,1,3,2,0.5,3,0,0.93,1,1,3.08,4,10,23.81
ENS016,RESEAU,Reseaux,RT,2,3,2,2,2,1,-1,0,0.0,92,0.17,0,0,2.25,2,3,0,0,3,3,0.67,4,2,0.75,0,2,3.47,1,3,20.19
ENS005,GC_STRU,Structure Batiment,GC,2,1,2,1,1,-1,1,-1,-0.33,112,0.08,0,0,1.5,1,2,0,2,1,3,0.67,5,0,0.68,4,0,3.79,3,3,29.48
ENS027,SEC,Securite Informatique,RT,3,3,4,4,2,0,1,0,0.33,59,0.42,0,0,3.5,3,4,0,0,3,2,0.5,4,1,0.81,3,1,2.55,2,1,23.15
ENS011,RESEAU,Reseaux,RT,3,3,1,3,3,0,-2,2,0.0,133,0.0,0,0,2.5,1,3,0,1,1,2,0.5,5,2,0.94,0,2,3.95,4,4,28.6
ENS017,GESTION,Gestion de Projet,SUP,3,1,1,3,3,-2,0,2,0.0,223,0.25,1,0,2.0,1,3,0,2,2,1,1.0,4,3,0.95,3,1,4.41,1,7,26.07
ENS010,ALG,Algorithmique,GL,1,2,3,2,3,1,1,-1,0.33,119,0.0,0,0,2.0,1,3,0,1,1,1,1.0,1,1,0.62,4,2,2.58,2,3,17.26
ENS020,GC_STRU,Structure Batiment,GC,3,2,2,3,1,-1,0,1,0.0,245,0.25,1,0,2.5,2,3,0,0,2,3,0.67,5,0,0.54,3,2,2.64,2,8,23.98
ENS014,PROG,Programmation,GL,4,3,3,3,1,-1,0,0,-0.33,180,0.0,0,0,3.25,3,4,0,0,3,1,1.0,1,1,0.85,2,0,3.42,4,6,21.09
ENS008,RESEAU,Reseaux,RT,1,1,1,1,4,0,0,0,0.0,56,0.0,0,0,1.0,1,1,0,4,3,2,0.5,1,3,0.84,3,0,2.63,3,1,18.96
ENS008,WEB_B,Developpement Web Back,WEB,5,5,4,5,2,0,-1,1,0.0,328,0.08,1,0,4.75,4,5,3,0,3,1,1.0,3,3,0.67,2,0,3.1,1,10,19.05
ENS014,PED,Pedagogie,SUP,1,1,3,2,2,0,2,-1,0.33,121,0.42,0,0,1.75,1,3,0,2,2,2,0.5,0,1,0.87,2,1,4.35,3,4,19.55
ENS020,PROG,Programmation,GL,5,4,4,3,0,-1,0,-1,-0.67,304,0.08,1,1,4.0,3,5,1,0,3,1,1.0,2,3,0.84,1,0,3.01,3,10,19.72
ENS023,PROG,Programmation,GL,4,4,5,5,0,0,1,0,0.33,276,0.17,1,0,4.5,4,5,2,0,3,1,1.0,1,2,0.54,2,2,4.06,4,9,20.82
ENS015,GESTION,Gestion de Projet,SUP,3,3,2,3,3,0,-1,1,0.0,62,0.08,0,0,2.75,2,3,0,0,3,1,1.0,2,0,0.76,2,0,3.38,4,2,22.56
ENS024,GC_MAT,Matériaux,GC,3,2,4,2,1,-1,2,-2,-0.33,300,0.17,1,0,2.75,2,4,0,0,3,1,1.0,0,0,0.83,4,1,4.43,1,10,18.51
ENS018,WEB_F,Developpement Web Front,WEB,1,1,2,1,2,0,1,-1,0.0,63,0.17,0,0,1.25,1,2,0,3,1,2,0.5,3,3,0.58,0,0,3.47,1,2,17.34
ENS024,BD,Bases de Donnees,INFO,3,2,1,1,2,-1,-1,0,-0.67,353,0.33,1,1,1.75,1,3,0,2,2,2,0.5,2,1,0.65,3,0,3.31,1,11,18.37
ENS014,SEC,Securite Informatique,RT,2,3,4,4,1,1,1,0,0.67,66,0.17,0,0,3.25,2,4,0,0,2,1,1.0,5,1,0.51,0,0,2.87,1,2,19.79
ENS006,PROG,Programmation,GL,2,4,3,3,3,2,-1,0,0.33,39,0.42,0,0,3.0,2,4,0,0,2,1,1.0,1,2,0.83,0,1,4.08,1,1,15.81
ENS016,BD,Bases de Donnees,INFO,4,4,4,3,0,0,0,-1,-0.33,68,0.17,0,0,3.75,3,4,0,0,2,3,0.67,4,1,0.51,3,1,4.29,2,2,25.13
ENS023,PED,Pedagogie,SUP,5,5,3,3,0,0,-2,0,-0.67,99,0.17,0,1,4.0,3,5,2,0,1,1,1.0,2,1,0.89,4,0,2.87,2,3,21.19
ENS014,GC_MAT,Matériaux,GC,1,1,1,1,2,0,0,0,0.0,344,0.0,1,0,1.0,1,1,0,4,1,1,1.0,1,2,0.74,1,0,3.65,2,11,17.0
ENS015,WEB_B,Developpement Web Back,WEB,3,5,3,4,0,2,-2,1,0.33,223,0.0,1,0,3.75,3,5,1,0,1,1,1.0,1,2,0.65,3,2,3.07,2,7,17.39
ENS022,ALG,Algorithmique,GL,2,3,2,4,0,1,-1,2,0.67,182,0.33,1,0,2.75,2,4,0,0,2,2,0.5,0,1,0.62,4,1,3.36,3,6,18.32
ENS023,ANG,Anglais Technique,SUP,1,3,1,3,3,2,-2,2,0.67,156,0.25,0,0,2.0,1,3,0,2,2,3,0.67,5,3,0.78,1,1,3.82,3,5,27.04
ENS005,WEB_F,Developpement Web Front,WEB,2,4,3,2,1,2,-1,-1,0.0,77,0.17,0,0,2.75,2,4,0,0,3,1,1.0,3,3,0.67,2,2,4.19,3,2,24.23
ENS006,WEB_F,Developpement Web Front,WEB,2,2,1,2,2,0,-1,1,0.0,347,0.25,1,0,1.75,1,2,0,1,2,2,0.5,0,2,0.71,2,0,3.0,3,11,16.05
ENS022,RESEAU,Reseaux,RT,3,4,4,4,2,1,0,0,0.33,252,0.42,1,0,3.75,3,4,0,0,2,3,0.67,1,2,0.59,4,2,3.88,4,8,22.71
ENS029,RESEAU,Reseaux,RT,1,3,3,3,3,2,0,0,0.67,108,0.17,0,0,2.5,1,3,0,1,1,3,0.67,3,3,0.92,1,1,2.71,4,3,23.02
ENS012,GC_MAT,Matériaux,GC,1,1,3,2,4,0,2,-1,0.33,130,0.42,0,0,1.75,1,3,0,2,3,3,0.67,1,2,0.62,2,1,3.6,4,4,20.3
ENS030,BD,Bases de Donnees,INFO,1,3,3,1,1,2,0,-2,0.0,231,0.42,1,0,2.0,1,3,0,2,3,1,1.0,2,3,0.77,1,2,3.72,1,7,17.79
ENS012,BD,Bases de Donnees,INFO,2,1,2,1,2,-1,1,-1,-0.33,81,0.25,0,0,1.5,1,2,0,2,3,3,0.67,1,3,0.54,1,0,3.49,2,2,15.68
ENS018,ANG,Anglais Technique,SUP,5,4,5,4,0,-1,1,-1,-0.33,32,0.0,0,0,4.5,4,5,2,0,2,3,0.67,4,3,0.87,4,2,2.54,2,1,24.43
ENS027,GC_STRU,Structure Batiment,GC,3,4,3,4,0,1,-1,1,0.33,97,0.0,0,0,3.5,3,4,0,0,2,2,0.5,1,2,0.85,3,1,2.87,3,3,19.49
ENS017,WEB_F,Developpement Web Front,WEB,2,4,4,4,1,2,0,0,0.67,181,0.17,1,0,3.5,2,4,0,0,2,1,1.0,1,0,0.71,4,2,3.76,3,6,21.57
ENS016,PROG,Programmation,GL,3,3,4,5,0,0,1,1,0.67,70,0.42,0,0,3.75,3,5,1,0,1,1,1.0,5,3,0.82,3,2,3.08,4,2,29.26
ENS015,PROG,Programmation,GL,3,5,4,4,0,2,-1,0,0.33,240,0.42,1,0,4.0,3,5,1,0,3,1,1.0,1,2,0.6,0,0,2.71,4,8,16.42
ENS011,WEB_B,Developpement Web Back,WEB,3,3,4,5,0,0,1,1,0.67,235,0.42,1,0,3.75,3,5,1,0,1,3,0.67,4,2,0.83,0,0,2.89,2,7,20.93
ENS007,PED,Pedagogie,SUP,2,2,1,2,4,0,-1,1,0.0,276,0.42,1,0,1.75,1,2,0,1,1,3,0.67,2,0,0.63,4,2,4.09,3,9,23.83
ENS019,SEC,Securite Informatique,RT,3,5,3,3,2,2,-2,0,0.0,337,0.08,1,0,3.5,3,5,1,0,1,1,1.0,2,0,0.55,0,1,3.66,1,11,15.57
ENS017,PROG,Programmation,GL,2,2,3,4,2,0,1,1,0.67,49,0.08,0,0,2.75,2,4,0,0,3,3,0.67,3,3,0.92,3,2,4.5,1,1,24.1
ENS007,GC_MAT,Matériaux,GC,2,2,1,1,1,0,-1,0,-0.33,92,0.08,0,0,1.5,1,2,0,2,2,3,0.67,5,2,0.64,2,0,4.49,2,3,27.18
ENS012,ALG,Algorithmique,GL,1,1,1,1,3,0,0,0,0.0,274,0.33,1,0,1.0,1,1,0,4,3,1,1.0,3,0,0.59,4,1,2.62,3,9,22.69
ENS011,RESEAU,Reseaux,RT,4,3,5,3,1,-1,2,-2,-0.33,134,0.08,0,0,3.75,3,5,1,0,3,1,1.0,4,2,0.92,0,0,3.11,4,4,24.82
ENS020,WEB_B,Developpement Web Back,WEB,5,3,3,5,1,-2,0,2,0.0,178,0.0,0,0,4.0,3,5,2,0,1,1,1.0,4,3,0.88,2,1,2.77,4,5,25.94
ENS027,GESTION,Gestion de Projet,SUP,3,1,3,1,3,-2,2,-2,-0.67,291,0.17,1,1,2.0,1,3,0,2,2,2,0.5,2,3,0.58,0,0,3.61,1,9,15.62
ENS021,PED,Pedagogie,SUP,3,5,4,4,0,2,-1,0,0.33,224,0.0,1,0,4.0,3,5,1,0,3,2,0.5,1,1,0.79,0,1,3.07,1,7,13.59
ENS024,RESEAU,Reseaux,RT,1,3,1,1,3,2,-2,0,0.0,199,0.0,1,0,1.5,1,3,0,3,2,3,0.67,5,3,0.93,1,1,2.63,3,6,25.41
ENS010,RESEAU,Reseaux,RT,1,1,1,1,3,0,0,0,0.0,365,0.25,1,0,1.0,1,1,0,4,3,2,0.5,0,0,0.56,2,1,3.47,1,12,13.24
ENS024,RESEAU,Reseaux,RT,2,1,2,2,4,-1,1,0,0.0,296,0.33,1,0,1.75,1,2,0,1,2,2,0.5,3,2,0.73,4,0,4.46,1,9,24.07
ENS022,WEB_B,Developpement Web Back,WEB,4,3,5,5,2,-1,2,0,0.33,251,0.25,1,0,4.25,3,5,2,0,2,3,0.67,3,1,0.66,4,1,4.27,2,8,24.84
ENS015,WEB_B,Developpement Web Back,WEB,1,2,2,1,3,1,0,-1,0.0,236,0.08,1,0,1.5,1,2,0,2,3,2,0.5,3,2,0.51,3,0,3.45,1,7,19.95
ENS001,SEC,Securite Informatique,RT,2,3,4,3,0,1,1,-1,0.33,143,0.0,0,0,3.0,2,4,0,0,2,3,0.67,5,3,0.89,2,0,4.07,4,4,30.59
ENS005,GC_STRU,Structure Batiment,GC,2,2,2,4,2,0,0,2,0.67,239,0.33,1,0,2.5,2,4,0,0,3,1,1.0,5,2,0.94,0,1,2.77,2,7,23.24
ENS007,SEC,Securite Informatique,RT,2,3,3,2,0,1,0,-1,0.0,86,0.0,0,0,2.5,2,3,0,0,2,3,0.67,1,1,0.6,4,0,2.86,2,2,17.72
ENS018,ANG,Anglais Technique,SUP,5,4,5,5,0,-1,1,0,0.0,299,0.08,1,0,4.75,4,5,3,0,2,3,0.67,4,2,0.51,2,0,2.58,3,9,22.21
ENS004,RESEAU,Reseaux,RT,4,5,3,3,0,1,-2,0,-0.33,82,0.42,0,0,3.75,3,5,1,0,1,1,1.0,2,0,0.87,2,0,3.14,4,2,22.63
ENS005,ALG,Algorithmique,GL,1,1,3,3,2,0,2,0,0.67,253,0.17,1,0,2.0,1,3,0,2,1,3,0.67,5,2,0.93,4,0,3.7,4,8,32.05
ENS001,PROG,Programmation,GL,4,2,2,2,2,-2,0,0,-0.67,67,0.0,0,1,2.5,2,4,0,0,2,1,1.0,4,2,0.91,2,0,3.1,3,2,25.25
ENS010,GESTION,Gestion de Projet,SUP,2,4,2,4,0,2,-2,2,0.67,270,0.33,1,0,3.0,2,4,0,0,2,2,0.5,2,1,0.75,1,0,3.78,2,9,19.31
ENS002,PROG,Programmation,GL,2,3,2,3,2,1,-1,1,0.33,146,0.25,0,0,2.5,2,3,0,0,3,3,0.67,0,1,0.54,4,2,4.31,4,4,21.32
ENS021,ANG,Anglais Technique,SUP,2,1,3,2,2,-1,2,-1,0.0,193,0.17,1,0,2.0,1,3,0,1,3,2,0.5,2,3,0.85,4,2,3.11,1,6,19.97
ENS001,RESEAU,Reseaux,RT,5,4,3,5,1,-1,-1,2,0.0,244,0.33,1,0,4.25,3,5,2,0,2,3,0.67,5,0,0.81,2,0,3.54,4,8,29.13
ENS022,GC_STRU,Structure Batiment,GC,1,2,1,3,2,1,-1,2,0.67,199,0.25,1,0,1.75,1,3,0,2,2,1,1.0,1,3,0.84,2,1,4.29,1,6,18.28
ENS002,GC_MAT,Matériaux,GC,1,1,1,1,2,0,0,0,0.0,244,0.42,1,0,1.0,1,1,0,4,3,1,1.0,2,0,0.56,1,2,2.54,3,8,17.38
ENS021,GC_STRU,Structure Batiment,GC,1,2,3,2,2,1,1,-1,0.33,357,0.33,1,0,2.0,1,3,0,1,2,2,0.5,2,2,0.71,3,0,3.15,1,11,18.35
ENS029,PROG,Programmation,GL,5,4,5,3,0,-1,1,-2,-0.67,102,0.17,0,1,4.25,3,5,2,0,1,1,1.0,2,0,0.85,2,0,3.41,2,3,20.07
ENS017,PROG,Programmation,GL,4,3,5,4,0,-1,2,-1,0.0,233,0.33,1,0,4.0,3,5,1,0,1,2,0.5,4,2,0.64,2,2,4.36,4,7,27.92
ENS022,ALG,Algorithmique,GL,1,1,2,1,3,0,1,-1,0.0,172,0.08,0,0,1.25,1,2,0,3,2,2,0.5,0,1,0.95,1,0,3.81,3,5,17.87
ENS006,WEB_B,Developpement Web Back,WEB,3,3,2,2,2,0,-1,0,-0.33,143,0.0,0,0,2.5,2,3,0,0,2,3,0.67,4,1,0.74,1,0,3.06,2,4,21.82
ENS019,ALG,Algorithmique,GL,4,3,3,2,1,-1,0,-1,-0.67,256,0.08,1,1,3.0,2,4,0,0,1,2,0.5,2,1,0.77,1,0,3.1,4,8,21.05
ENS010,WEB_F,Developpement Web Front,WEB,3,4,2,2,1,1,-2,0,-0.33,153,0.33,0,0,2.75,2,4,0,0,1,2,0.5,3,1,0.71,0,1,2.94,2,5,18.43
ENS021,PROG,Programmation,GL,4,3,3,3,0,-1,0,0,-0.33,286,0.0,1,0,3.25,3,4,0,0,2,3,0.67,2,0,0.58,0,1,2.69,1,9,13.78
ENS026,RESEAU,Reseaux,RT,1,2,1,2,3,1,-1,1,0.33,221,0.33,1,0,1.5,1,2,0,2,1,2,0.5,4,3,0.54,0,0,2.62,1,7,17.44
ENS016,ANG,Anglais Technique,SUP,1,3,3,3,1,2,0,0,0.67,80,0.25,0,0,2.5,1,3,0,1,1,1,1.0,2,3,0.82,2,2,3.48,3,2,21.56
ENS029,SEC,Securite Informatique,RT,3,4,3,2,2,1,-1,-1,-0.33,146,0.0,0,0,3.0,2,4,0,0,2,2,0.5,5,1,0.56,1,0,4.42,4,4,28.64
ENS002,RESEAU,Reseaux,RT,1,2,1,1,3,1,-1,0,0.0,178,0.25,0,0,1.25,1,2,0,3,3,2,0.5,1,3,0.51,0,2,3.09,3,5,15.23
ENS015,ALG,Algorithmique,GL,1,3,3,3,2,2,0,0,0.67,261,0.25,1,0,2.5,1,3,0,1,2,2,0.5,5,3,0.65,2,0,3.82,4,8,28.89
ENS008,BD,Bases de Donnees,INFO,3,3,3,5,0,0,0,2,0.67,74,0.42,0,0,3.5,3,5,1,0,3,2,0.5,3,0,0.68,0,2,3.75,2,2,19.9
ENS022,PED,Pedagogie,SUP,1,1,1,3,2,0,0,2,0.67,274,0.42,1,0,1.5,1,3,0,3,3,3,0.67,3,0,0.67,3,2,3.36,3,9,23.57
ENS013,SEC,Securite Informatique,RT,2,2,2,2,2,0,0,0,0.0,306,0.17,1,0,2.0,2,2,0,0,3,1,1.0,0,1,0.67,4,2,3.07,3,10,17.99
ENS008,RESEAU,Reseaux,RT,2,1,2,1,2,-1,1,-1,-0.33,107,0.33,0,0,1.5,1,2,0,2,2,1,1.0,0,0,0.51,1,1,4.16,2,3,14.87
ENS004,GESTION,Gestion de Projet,SUP,3,3,3,3,1,0,0,0,0.0,154,0.42,0,0,3.0,3,3,0,0,3,1,1.0,1,1,0.62,2,2,3.82,4,5,20.74
ENS009,PROG,Programmation,GL,4,5,3,3,0,1,-2,0,-0.33,82,0.25,0,0,3.75,3,5,1,0,3,3,0.67,1,3,0.69,4,0,4.26,3,2,22.47
ENS012,BD,Bases de Donnees,INFO,1,3,1,1,0,2,-2,0,0.0,170,0.42,0,0,1.5,1,3,0,3,1,2,0.5,2,1,0.82,3,1,2.87,4,5,22.84
ENS019,BD,Bases de Donnees,INFO,1,1,1,1,3,0,0,0,0.0,191,0.17,1,0,1.0,1,1,0,4,1,1,1.0,3,2,0.8,2,1,3.73,4,6,25.46
ENS030,GESTION,Gestion de Projet,SUP,4,5,4,5,0,1,-1,1,0.33,248,0.08,1,0,4.5,4,5,2,0,1,2,0.5,4,2,0.82,0,0,3.11,2,8,21.32
ENS018,BD,Bases de Donnees,INFO,4,3,4,5,0,-1,1,1,0.33,320,0.25,1,0,4.0,3,5,1,0,2,2,0.5,4,2,0.89,1,2,2.61,4,10,24.67
ENS013,ALG,Algorithmique,GL,1,1,1,2,4,0,0,1,0.33,193,0.42,1,0,1.25,1,2,0,3,1,3,0.67,3,1,0.62,2,0,2.65,1,6,17.9
ENS021,BD,Bases de Donnees,INFO,4,4,5,4,1,0,1,-1,0.0,105,0.08,0,0,4.25,4,5,1,0,2,2,0.5,3,0,0.63,2,1,3.95,4,3,25.05
ENS020,PED,Pedagogie,SUP,3,4,3,5,0,1,-1,2,0.67,365,0.0,1,0,3.75,3,5,1,0,2,1,1.0,1,1,0.79,4,0,2.69,4,12,21.33
ENS021,RESEAU,Reseaux,RT,3,3,1,1,2,0,-2,0,-0.67,360,0.42,1,1,2.0,1,3,0,2,1,3,0.67,0,2,0.64,3,1,3.3,4,12,18.8
ENS025,PROG,Programmation,GL,3,4,3,4,1,1,-1,1,0.33,296,0.25,1,0,3.5,3,4,0,0,1,1,1.0,0,0,0.94,1,0,4.14,1,9,15.48
ENS016,ALG,Algorithmique,GL,2,2,2,1,4,0,0,-1,-0.33,94,0.25,0,0,1.75,1,2,0,1,2,3,0.67,1,1,0.95,1,1,4.2,4,3,22.15
ENS014,BD,Bases de Donnees,INFO,1,2,1,2,3,1,-1,1,0.33,285,0.42,1,0,1.5,1,2,0,2,3,3,0.67,0,1,0.67,2,2,3.85,3,9,17.55
ENS028,PED,Pedagogie,SUP,3,4,2,2,3,1,-2,0,-0.33,244,0.17,1,0,2.75,2,4,0,0,3,3,0.67,0,0,0.89,1,1,3.74,1,8,14.43
ENS010,RESEAU,Reseaux,RT,3,1,2,1,3,-2,1,-1,-0.67,69,0.0,0,1,1.75,1,3,0,2,2,2,0.5,3,0,0.71,4,2,3.88,1,2,22.81
ENS004,SEC,Securite Informatique,RT,4,2,2,4,2,-2,0,2,0.0,176,0.17,0,0,3.0,2,4,0,0,3,1,1.0,0,2,0.53,1,0,3.2,4,5,16.05
ENS016,PED,Pedagogie,SUP,4,3,2,4,1,-1,-1,2,0.0,199,0.08,1,0,3.25,2,4,0,0,3,3,0.67,5,0,0.62,1,1,3.12,3,6,24.84
ENS001,GESTION,Gestion de Projet,SUP,2,3,1,1,1,1,-2,0,-0.33,357,0.0,1,0,1.75,1,3,0,2,1,2,0.5,4,2,0.67,3,0,3.47,4,11,27.29
ENS006,BD,Bases de Donnees,INFO,3,2,1,1,2,-1,-1,0,-0.67,109,0.25,0,1,1.75,1,3,0,2,3,1,1.0,3,1,0.72,0,1,2.69,3,3,19.48
ENS025,ALG,Algorithmique,GL,2,1,1,2,4,-1,0,1,0.0,73,0.33,0,0,1.5,1,2,0,2,3,2,0.5,3,3,0.66,4,0,3.83,2,2,23.96
ENS021,GC_MAT,Matériaux,GC,1,1,1,1,2,0,0,0,0.0,200,0.33,1,0,1.0,1,1,0,4,1,2,0.5,1,2,0.66,4,0,3.68,4,6,22.66
ENS016,ALG,Algorithmique,GL,3,3,4,2,1,0,1,-2,-0.33,216,0.08,1,0,3.0,2,4,0,0,1,3,0.67,5,1,0.63,3,1,3.82,1,7,25.29
ENS015,PED,Pedagogie,SUP,4,5,4,4,0,1,-1,0,0.0,199,0.33,1,0,4.25,4,5,1,0,2,2,0.5,3,3,0.77,1,0,4.13,2,6,22.11
ENS028,PED,Pedagogie,SUP,3,3,5,4,0,0,2,-1,0.33,266,0.08,1,0,3.75,3,5,1,0,2,2,0.5,3,1,0.61,0,2,3.24,1,8,17.03
ENS030,PED,Pedagogie,SUP,3,4,3,5,0,1,-1,2,0.67,183,0.25,1,0,3.75,3,5,1,0,1,1,1.0,0,3,0.87,0,2,4.33,4,6,19.01
ENS030,GC_STRU,Structure Batiment,GC,2,4,2,4,1,2,-2,2,0.67,314,0.42,1,0,3.0,2,4,0,0,1,2,0.5,3,3,0.71,0,0,4.26,3,10,22.57
ENS025,WEB_F,Developpement Web Front,WEB,1,1,1,2,3,0,0,1,0.33,131,0.0,0,0,1.25,1,2,0,3,3,1,1.0,0,3,0.91,1,0,2.6,2,4,13.75
ENS017,RESEAU,Reseaux,RT,4,3,2,2,0,-1,-1,0,-0.67,178,0.25,0,1,2.75,2,4,0,0,1,3,0.67,0,2,0.83,3,2,3.82,4,5,20.79
ENS009,PROG,Programmation,GL,3,5,5,4,0,2,0,-1,0.33,85,0.25,0,0,4.25,3,5,2,0,2,3,0.67,4,3,0.66,3,1,4.04,4,2,28.38
ENS029,WEB_F,Developpement Web Front,WEB,3,2,4,4,3,-1,2,0,0.33,298,0.08,1,0,3.25,2,4,0,0,1,2,0.5,2,0,0.51,2,0,2.82,3,9,18.69
ENS030,GC_STRU,Structure Batiment,GC,2,4,3,4,1,2,-1,1,0.67,264,0.33,1,0,3.25,2,4,0,0,1,3,0.67,1,1,0.88,4,0,4.02,2,8,21.44
ENS006,ANG,Anglais Technique,SUP,3,3,1,2,0,0,-2,1,-0.33,175,0.25,0,0,2.25,1,3,0,1,3,1,1.0,3,0,0.84,2,1,4.08,1,5,21.86
ENS026,WEB_F,Developpement Web Front,WEB,1,2,1,3,2,1,-1,2,0.67,65,0.25,0,0,1.75,1,3,0,2,3,1,1.0,3,0,0.51,0,0,3.3,2,2,18.15
ENS001,GESTION,Gestion de Projet,SUP,3,2,2,2,2,-1,0,0,-0.33,142,0.17,0,0,2.25,2,3,0,0,2,3,0.67,4,1,0.66,0,2,2.87,3,4,21.54
ENS013,ANG,Anglais Technique,SUP,5,5,5,5,0,0,0,0,0.0,159,0.25,0,0,5.0,5,5,4,0,1,3,0.67,4,3,0.94,3,1,3.86,2,5,26.42
ENS015,SEC,Securite Informatique,RT,3,3,3,3,2,0,0,0,0.0,101,0.42,0,0,3.0,3,3,0,0,2,2,0.5,2,1,0.85,1,1,3.29,3,3,20.33
ENS008,BD,Bases de Donnees,INFO,1,2,1,2,3,1,-1,1,0.33,178,0.0,0,0,1.5,1,2,0,2,1,1,1.0,5,1,0.51,3,2,2.6,3,5,25.25
ENS014,PROG,Programmation,GL,4,4,3,2,1,0,-1,-1,-0.67,331,0.0,1,1,3.25,2,4,0,0,3,2,0.5,2,1,0.87,3,0,3.3,2,11,20.95
ENS026,ALG,Algorithmique,GL,2,1,2,2,4,-1,1,0,0.0,193,0.25,1,0,1.75,1,2,0,1,3,1,1.0,3,1,0.87,0,0,2.61,1,6,17.07
ENS014,GC_STRU,Structure Batiment,GC,3,1,3,3,3,-2,2,0,0.0,313,0.25,1,0,2.5,1,3,0,1,3,1,1.0,5,0,0.86,2,2,4.43,2,10,28.16
ENS006,GC_MAT,Matériaux,GC,3,3,1,2,4,0,-2,1,-0.33,63,0.17,0,0,2.25,1,3,0,1,3,3,0.67,1,0,0.78,1,0,4.35,2,2,18.6
ENS021,SEC,Securite Informatique,RT,4,3,3,3,0,-1,0,0,-0.33,243,0.25,1,0,3.25,3,4,0,0,1,3,0.67,5,0,0.73,0,0,4.47,4,8,28.59
ENS011,PROG,Programmation,GL,4,2,3,4,1,-2,1,1,0.0,264,0.42,1,0,3.25,2,4,0,0,2,2,0.5,0,2,0.91,1,0,4.49,1,8,16.03
ENS010,BD,Bases de Donnees,INFO,1,1,2,2,3,0,1,0,0.33,34,0.33,0,0,1.5,1,2,0,2,2,2,0.5,1,3,0.78,2,0,2.69,1,1,14.78
ENS005,GC_STRU,Structure Batiment,GC,4,3,2,4,1,-1,-1,2,0.0,272,0.25,1,0,3.25,2,4,0,0,3,2,0.5,5,0,0.84,0,1,4.12,4,9,28.44
ENS016,GC_MAT,Matériaux,GC,3,4,2,4,3,1,-2,2,0.33,94,0.42,0,0,3.25,2,4,0,0,3,3,0.67,1,3,0.92,3,2,3.55,3,3,21.2
ENS017,BD,Bases de Donnees,INFO,3,3,5,5,0,0,2,0,0.67,357,0.08,1,0,4.0,3,5,2,0,2,2,0.5,1,1,0.58,3,1,3.39,1,11,16.18
ENS005,BD,Bases de Donnees,INFO,3,3,3,1,3,0,0,-2,-0.67,73,0.25,0,1,2.5,1,3,0,1,2,1,1.0,1,0,0.71,4,2,2.98,3,2,20.01
ENS004,GESTION,Gestion de Projet,SUP,3,3,1,1,1,0,-2,0,-0.67,348,0.25,1,1,2.0,1,3,0,2,2,2,0.5,1,3,0.65,4,1,3.26,1,11,17.27
ENS021,RESEAU,Reseaux,RT,2,1,2,1,4,-1,1,-1,-0.33,192,0.0,1,0,1.5,1,2,0,2,1,3,0.67,2,0,0.85,0,1,3.16,2,6,17.57
ENS022,GESTION,Gestion de Projet,SUP,4,2,2,4,1,-2,0,2,0.0,232,0.17,1,0,3.0,2,4,0,0,1,3,0.67,4,3,0.54,0,1,3.55,1,7,19.3
ENS028,GC_MAT,Matériaux,GC,1,3,2,1,2,2,-1,-1,0.0,338,0.08,1,0,1.75,1,3,0,2,2,2,0.5,4,1,0.74,3,2,4.17,4,11,29.04
ENS013,PED,Pedagogie,SUP,4,5,4,3,0,1,-1,-1,-0.33,102,0.33,0,0,4.0,3,5,1,0,1,1,1.0,0,0,0.83,1,1,3.77,1,3,14.19
ENS005,BD,Bases de Donnees,INFO,5,5,4,5,0,0,-1,1,0.0,170,0.08,0,0,4.75,4,5,3,0,3,1,1.0,3,2,0.57,1,0,2.95,2,5,18.75
ENS007,WEB_B,Developpement Web Back,WEB,4,5,3,3,1,1,-2,0,-0.33,226,0.08,1,0,3.75,3,5,1,0,1,1,1.0,3,1,0.51,1,1,4.07,4,7,23.69
ENS003,PROG,Programmation,GL,4,4,3,2,1,0,-1,-1,-0.67,323,0.25,1,1,3.25,2,4,0,0,2,1,1.0,3,2,0.95,2,1,4.27,1,10,22.79
ENS004,GC_MAT,Matériaux,GC,2,1,1,1,2,-1,0,0,-0.33,238,0.42,1,0,1.25,1,2,0,3,2,2,0.5,0,3,0.74,3,0,3.22,3,7,17.64
ENS017,PROG,Programmation,GL,3,3,2,3,1,0,-1,1,0.0,63,0.17,0,0,2.75,2,3,0,0,2,3,0.67,3,3,0.66,4,0,3.83,3,2,25.46
ENS009,BD,Bases de Donnees,INFO,3,1,2,3,1,-2,1,1,0.0,210,0.42,1,0,2.25,1,3,0,1,3,2,0.5,5,1,0.88,3,0,3.37,4,7,30.14
ENS018,GC_STRU,Structure Batiment,GC,4,5,4,3,0,1,-1,-1,-0.33,265,0.25,1,0,4.0,3,5,1,0,2,3,0.67,3,0,0.92,4,1,2.99,4,8,26.58
ENS017,GC_MAT,Matériaux,GC,4,4,2,4,1,0,-2,2,0.0,183,0.08,1,0,3.5,2,4,0,0,3,2,0.5,4,2,0.89,0,1,2.55,3,6,22.05
ENS011,WEB_B,Developpement Web Back,WEB,1,1,1,2,2,0,0,1,0.33,119,0.33,0,0,1.25,1,2,0,3,2,2,0.5,3,1,0.83,0,0,3.42,3,3,21.49
ENS012,ANG,Anglais Technique,SUP,1,3,1,3,1,2,-2,2,0.67,269,0.25,1,0,2.0,1,3,0,2,1,3,0.67,3,1,0.88,4,1,3.04,3,8,24.98
ENS019,SEC,Securite Informatique,RT,5,5,5,3,0,0,0,-2,-0.67,44,0.0,0,1,4.5,3,5,3,0,2,1,1.0,2,2,0.55,0,2,2.77,1,1,13.79
ENS016,WEB_F,Developpement Web Front,WEB,2,2,1,3,1,0,-1,2,0.33,317,0.0,1,0,2.0,1,3,0,1,2,1,1.0,2,1,0.9,1,1,3.69,2,10,19.88
ENS020,ALG,Algorithmique,GL,1,1,2,1,3,0,1,-1,0.0,81,0.0,0,0,1.25,1,2,0,3,1,1,1.0,5,2,0.76,2,0,3.3,2,2,25.4
ENS022,RESEAU,Reseaux,RT,2,2,1,3,4,0,-1,2,0.33,123,0.42,0,0,2.0,1,3,0,1,2,1,1.0,5,0,0.74,3,0,3.56,3,4,28.32
ENS025,PROG,Programmation,GL,4,4,4,3,0,0,0,-1,-0.33,250,0.0,1,0,3.75,3,4,0,0,3,3,0.67,0,1,0.65,0,1,3.83,3,8,15.41
ENS021,PED,Pedagogie,SUP,2,2,2,3,2,0,0,1,0.33,262,0.42,1,0,2.25,2,3,0,0,1,2,0.5,1,3,0.58,0,1,3.41,2,8,14.72
ENS028,PROG,Programmation,GL,4,4,4,3,0,0,0,-1,-0.33,74,0.42,0,0,3.75,3,4,0,0,2,2,0.5,2,3,0.82,1,1,3.01,1,2,16.62
ENS013,PED,Pedagogie,SUP,3,4,3,5,0,1,-1,2,0.67,90,0.33,0,0,3.75,3,5,1,0,3,2,0.5,3,1,0.51,4,0,3.35,2,3,22.25
ENS003,PROG,Programmation,GL,3,5,4,3,0,2,-1,-1,0.0,150,0.33,0,0,3.75,3,5,1,0,3,2,0.5,0,3,0.84,0,1,3.17,3,5,15.04
ENS015,WEB_B,Developpement Web Back,WEB,2,2,2,2,2,0,0,0,0.0,94,0.42,0,0,2.0,2,2,0,0,3,3,0.67,3,3,0.6,0,0,4.4,2,3,20.8
ENS022,BD,Bases de Donnees,INFO,2,1,3,3,2,-1,2,0,0.33,187,0.33,1,0,2.25,1,3,0,1,2,1,1.0,5,2,0.79,0,0,3.24,2,6,23.43
ENS012,GC_STRU,Structure Batiment,GC,3,3,3,2,1,0,0,-1,-0.33,313,0.08,1,0,2.75,2,3,0,0,3,1,1.0,0,1,0.61,3,1,4.03,4,10,20.11
ENS003,WEB_F,Developpement Web Front,WEB,3,3,2,4,2,0,-1,2,0.33,199,0.17,1,0,3.0,2,4,0,0,3,1,1.0,5,2,0.78,1,0,3.54,2,6,24.98
ENS018,GC_MAT,Matériaux,GC,2,1,1,1,2,-1,0,0,-0.33,145,0.0,0,0,1.25,1,2,0,3,1,3,0.67,5,1,0.8,4,1,3.47,1,4,26.44
ENS016,ANG,Anglais Technique,SUP,2,1,2,1,2,-1,1,-1,-0.33,269,0.33,1,0,1.5,1,2,0,2,1,2,0.5,2,0,0.91,1,0,3.52,4,8,22.59
ENS022,GC_MAT,Matériaux,GC,1,3,3,1,4,2,0,-2,0.0,147,0.33,0,0,2.0,1,3,0,2,1,1,1.0,0,1,0.68,0,1,3.39,4,4,16.18
ENS021,SEC,Securite Informatique,RT,3,3,2,2,0,0,-1,0,-0.33,319,0.33,1,0,2.5,2,3,0,0,3,2,0.5,3,0,0.7,2,1,4.2,1,10,21.4
ENS030,GC_MAT,Matériaux,GC,2,1,1,2,2,-1,0,1,0.0,56,0.0,0,0,1.5,1,2,0,2,1,1,1.0,1,3,0.83,4,0,3.62,1,1,18.89
ENS025,GESTION,Gestion de Projet,SUP,3,5,4,5,0,2,-1,1,0.67,58,0.08,0,0,4.25,3,5,2,0,3,2,0.5,4,3,0.7,3,0,2.98,1,1,21.96
ENS001,ALG,Algorithmique,GL,2,1,3,3,3,-1,2,0,0.33,238,0.42,1,0,2.25,1,3,0,1,3,2,0.5,5,2,0.63,0,2,3.92,2,7,23.99
ENS022,WEB_F,Developpement Web Front,WEB,1,1,2,2,2,0,1,0,0.33,68,0.08,0,0,1.5,1,2,0,2,3,3,0.67,1,3,0.58,0,1,2.7,2,2,13.3
ENS011,ANG,Anglais Technique,SUP,5,5,4,4,0,0,-1,0,-0.33,106,0.0,0,0,4.5,4,5,2,0,1,1,1.0,4,1,0.66,1,0,2.56,2,3,20.42
ENS030,GC_MAT,Matériaux,GC,4,4,2,4,0,0,-2,2,0.0,92,0.42,0,0,3.5,2,4,0,0,3,2,0.5,1,3,0.88,1,2,3.63,1,3,16.16
ENS028,GC_STRU,Structure Batiment,GC,3,3,2,1,2,0,-1,-1,-0.67,268,0.42,1,1,2.25,1,3,0,1,3,3,0.67,5,2,0.79,3,1,2.87,1,8,24.19
ENS025,WEB_B,Developpement Web Back,WEB,1,2,1,1,2,1,-1,0,0.0,81,0.0,0,0,1.25,1,2,0,3,2,1,1.0,3,0,0.7,2,2,3.23,1,2,19.46
ENS009,WEB_F,Developpement Web Front,WEB,2,2,2,2,2,0,0,0,0.0,122,0.08,0,0,2.0,2,2,0,0,2,1,1.0,4,2,0.54,0,2,4.01,3,4,23.22
ENS015,PED,Pedagogie,SUP,3,2,2,2,4,-1,0,0,-0.33,340,0.25,1,0,2.25,2,3,0,0,1,3,0.67,3,2,0.65,0,2,2.87,4,11,20.99
ENS016,ALG,Algorithmique,GL,2,1,1,2,2,-1,0,1,0.0,286,0.33,1,0,1.5,1,2,0,2,2,1,1.0,3,1,0.76,3,0,2.77,4,9,24.34
ENS014,GC_MAT,Matériaux,GC,1,1,2,1,2,0,1,-1,0.0,216,0.25,1,0,1.25,1,2,0,3,1,2,0.5,0,1,0.75,4,1,3.99,1,7,17.23
ENS014,GESTION,Gestion de Projet,SUP,2,4,2,2,1,2,-2,0,0.0,224,0.0,1,0,2.5,2,4,0,0,2,2,0.5,3,3,0.58,3,0,3.96,1,7,21.32
ENS001,RESEAU,Reseaux,RT,3,4,2,2,2,1,-2,0,-0.33,79,0.42,0,0,2.75,2,4,0,0,2,1,1.0,5,0,0.67,2,2,2.95,4,2,27.25
ENS004,PROG,Programmation,GL,5,5,4,3,0,0,-1,-1,-0.67,164,0.25,0,1,4.25,3,5,2,0,1,2,0.5,3,2,0.67,4,1,3.69,4,5,26.73
ENS002,RESEAU,Reseaux,RT,1,1,2,3,3,0,1,1,0.67,31,0.0,0,0,1.75,1,3,0,2,2,3,0.67,1,3,0.81,1,1,3.96,1,1,16.47
ENS015,SEC,Securite Informatique,RT,3,4,2,4,0,1,-2,2,0.33,359,0.08,1,0,3.25,2,4,0,0,2,1,1.0,3,2,0.77,2,0,2.59,3,11,21.53
ENS029,SEC,Securite Informatique,RT,2,3,4,4,0,1,1,0,0.67,78,0.0,0,0,3.25,2,4,0,0,3,2,0.5,1,1,0.73,2,1,2.75,2,2,16.15
ENS027,PROG,Programmation,GL,3,3,5,3,0,0,2,-2,0.0,363,0.0,1,0,3.5,3,5,1,0,2,2,0.5,5,3,0.74,4,2,3.0,4,12,29.7
ENS020,PROG,Programmation,GL,4,5,5,4,1,1,0,-1,0.0,191,0.08,1,0,4.5,4,5,2,0,1,1,1.0,3,0,0.55,4,1,4.08,4,6,26.91
ENS012,WEB_B,Developpement Web Back,WEB,2,3,3,1,3,1,0,-2,-0.33,34,0.25,0,0,2.25,1,3,0,1,1,2,0.5,1,2,0.68,1,0,4.49,2,1,18.38
ENS016,GC_MAT,Matériaux,GC,1,1,2,1,2,0,1,-1,0.0,210,0.25,1,0,1.25,1,2,0,3,1,3,0.67,3,0,0.69,2,2,3.32,4,7,24.09
ENS009,BD,Bases de Donnees,INFO,2,2,1,1,3,0,-1,0,-0.33,299,0.42,1,0,1.5,1,2,0,2,3,3,0.67,5,0,0.68,1,2,2.59,2,9,22.58
ENS005,GESTION,Gestion de Projet,SUP,4,2,3,2,1,-2,1,-1,-0.67,208,0.08,1,1,2.75,2,4,0,0,3,3,0.67,1,0,0.68,1,1,4.34,2,6,18.08
ENS018,PROG,Programmation,GL,2,3,4,4,1,1,1,0,0.67,326,0.0,1,0,3.25,2,4,0,0,1,2,0.5,5,0,0.61,1,2,3.21,3,10,24.97
ENS015,WEB_B,Developpement Web Back,WEB,1,2,1,2,2,1,-1,1,0.33,245,0.08,1,0,1.5,1,2,0,2,3,3,0.67,4,0,0.57,2,2,2.94,2,8,21.73
ENS029,BD,Bases de Donnees,INFO,1,2,2,1,2,1,0,-1,0.0,65,0.33,0,0,1.5,1,2,0,2,3,3,0.67,1,2,0.75,0,2,3.98,3,2,18.21
ENS010,WEB_F,Developpement Web Front,WEB,3,3,2,2,2,0,-1,0,-0.33,126,0.25,0,0,2.5,2,3,0,0,1,1,1.0,5,3,0.6,4,1,3.22,1,4,24.94
ENS010,ANG,Anglais Technique,SUP,4,5,5,5,0,1,0,0,0.33,78,0.17,0,0,4.75,4,5,3,0,2,1,1.0,0,1,0.5,3,2,3.3,3,2,16.6
ENS003,WEB_F,Developpement Web Front,WEB,4,2,4,4,3,-2,2,0,0.0,215,0.33,1,0,3.5,2,4,0,0,3,2,0.5,1,2,0.91,0,2,4.47,2,7,18.49
ENS005,ANG,Anglais Technique,SUP,3,1,2,2,1,-2,1,0,-0.33,198,0.42,1,0,2.0,1,3,0,1,1,2,0.5,3,0,0.53,1,0,4.43,4,6,24.51
ENS027,WEB_B,Developpement Web Back,WEB,3,4,4,3,1,1,0,-1,0.0,91,0.25,0,0,3.5,3,4,0,0,3,1,1.0,5,2,0.94,1,1,2.77,2,3,24.24
ENS005,PED,Pedagogie,SUP,3,1,3,2,2,-2,2,-1,-0.33,345,0.33,1,0,2.25,1,3,0,1,3,1,1.0,0,3,0.8,1,0,3.97,4,11,18.94
ENS002,RESEAU,Reseaux,RT,2,2,1,1,3,0,-1,0,-0.33,362,0.17,1,0,1.5,1,2,0,2,2,2,0.5,1,2,0.84,4,1,2.81,1,12,17.32
ENS006,PED,Pedagogie,SUP,1,3,2,1,4,2,-1,-1,0.0,33,0.42,0,0,1.75,1,3,0,2,3,2,0.5,3,3,0.66,0,0,3.84,4,1,22.98
ENS023,WEB_F,Developpement Web Front,WEB,4,2,3,3,2,-2,1,0,-0.33,343,0.33,1,0,3.0,2,4,0,0,2,1,1.0,2,3,0.66,4,2,3.74,1,11,20.28
ENS012,WEB_F,Developpement Web Front,WEB,1,1,1,1,2,0,0,0,0.0,355,0.08,1,0,1.0,1,1,0,4,2,2,0.5,0,0,0.73,1,1,4.22,1,11,14.59
ENS025,PROG,Programmation,GL,2,4,2,3,1,2,-2,1,0.33,345,0.17,1,0,2.75,2,4,0,0,1,3,0.67,4,1,0.52,1,0,3.46,4,11,24.52
ENS022,GC_STRU,Structure Batiment,GC,3,4,4,3,1,1,0,-1,0.0,321,0.17,1,0,3.5,3,4,0,0,1,1,1.0,4,3,0.54,2,0,4.17,2,10,24.04
ENS016,PROG,Programmation,GL,5,5,3,5,2,0,-2,2,0.0,94,0.17,0,0,4.5,3,5,3,0,3,3,0.67,1,2,0.5,3,2,2.86,2,3,16.22
ENS013,RESEAU,Reseaux,RT,1,1,1,1,4,0,0,0,0.0,151,0.17,0,0,1.0,1,1,0,4,1,2,0.5,2,0,0.92,4,1,3.37,3,5,23.84
ENS001,RESEAU,Reseaux,RT,2,1,2,1,4,-1,1,-1,-0.33,177,0.08,0,0,1.5,1,2,0,2,2,1,1.0,5,1,0.67,4,0,3.61,3,5,29.07
ENS003,BD,Bases de Donnees,INFO,3,4,4,3,0,1,0,-1,0.0,41,0.33,0,0,3.5,3,4,0,0,2,1,1.0,4,2,0.77,3,2,4.23,2,1,26.31
ENS020,PROG,Programmation,GL,4,3,4,3,1,-1,1,-1,-0.33,137,0.17,0,0,3.5,3,4,0,0,3,1,1.0,3,3,0.65,2,1,2.75,2,4,19.75
ENS001,ALG,Algorithmique,GL,2,2,4,4,0,0,2,0,0.67,99,0.33,0,0,3.0,2,4,0,0,3,2,0.5,1,2,0.94,4,2,3.3,4,3,23.3
ENS020,WEB_F,Developpement Web Front,WEB,2,1,1,1,3,-1,0,0,-0.33,263,0.0,1,0,1.25,1,2,0,3,2,3,0.67,0,3,0.82,0,1,3.67,1,8,12.94
ENS020,RESEAU,Reseaux,RT,3,4,3,2,0,1,-1,-1,-0.33,140,0.33,0,0,3.0,2,4,0,0,2,3,0.67,3,0,0.65,3,1,3.34,3,4,23.43
ENS021,GC_STRU,Structure Batiment,GC,1,3,2,1,4,2,-1,-1,0.0,40,0.42,0,0,1.75,1,3,0,2,1,2,0.5,3,2,0.62,1,0,3.07,2,1,19.24
ENS013,PROG,Programmation,GL,3,4,4,3,3,1,0,-1,0.0,39,0.17,0,0,3.5,3,4,0,0,2,1,1.0,5,2,0.85,3,2,3.65,2,1,27.55
ENS012,PED,Pedagogie,SUP,4,4,4,3,0,0,0,-1,-0.33,165,0.08,0,0,3.75,3,4,0,0,3,2,0.5,0,3,0.87,4,2,2.84,3,5,18.53
ENS020,WEB_F,Developpement Web Front,WEB,3,2,3,2,3,-1,1,-1,-0.33,58,0.42,0,0,2.5,2,3,0,0,1,3,0.67,2,3,0.69,1,1,4.25,3,1,21.45
ENS007,RESEAU,Reseaux,RT,3,1,3,2,3,-2,2,-1,-0.33,294,0.42,1,0,2.25,1,3,0,1,2,3,0.67,1,3,0.89,0,2,3.27,3,9,17.49
ENS004,ALG,Algorithmique,GL,4,3,2,2,1,-1,-1,0,-0.67,41,0.0,0,1,2.75,2,4,0,0,1,2,0.5,4,3,0.77,0,2,3.8,1,1,20.95
ENS001,RESEAU,Reseaux,RT,3,4,4,3,0,1,0,-1,0.0,280,0.25,1,0,3.5,3,4,0,0,2,3,0.67,3,3,0.52,1,1,3.16,2,9,18.92
ENS027,GC_MAT,Matériaux,GC,1,1,3,2,2,0,2,-1,0.33,185,0.42,1,0,1.75,1,3,0,2,2,1,1.0,5,2,0.68,4,1,3.99,2,6,28.38
ENS018,WEB_F,Developpement Web Front,WEB,1,1,2,1,3,0,1,-1,0.0,130,0.08,0,0,1.25,1,2,0,3,2,2,0.5,5,3,0.54,0,1,4.27,1,4,22.74
ENS030,RESEAU,Reseaux,RT,4,4,4,4,2,0,0,0,0.0,118,0.42,0,0,4.0,4,4,0,0,2,1,1.0,3,1,0.92,3,2,3.13,1,3,21.36
ENS004,WEB_B,Developpement Web Back,WEB,3,3,3,3,4,0,0,0,0.0,165,0.25,0,0,3.0,3,3,0,0,2,3,0.67,2,2,0.79,2,2,3.93,2,5,20.81
ENS021,BD,Bases de Donnees,INFO,2,1,1,1,3,-1,0,0,-0.33,44,0.08,0,0,1.25,1,2,0,3,2,2,0.5,3,3,0.75,2,0,3.03,2,1,20.81
ENS012,GC_MAT,Matériaux,GC,2,3,3,3,1,1,0,0,0.33,187,0.33,1,0,2.75,2,3,0,0,2,2,0.5,1,2,0.54,2,1,4.03,2,6,17.76
ENS016,PED,Pedagogie,SUP,3,5,5,3,0,2,0,-2,0.0,322,0.17,1,0,4.0,3,5,2,0,3,1,1.0,3,2,0.68,4,0,2.98,3,10,23.86
ENS014,GESTION,Gestion de Projet,SUP,4,3,3,2,1,-1,0,-1,-0.67,365,0.42,1,1,3.0,2,4,0,0,2,2,0.5,1,2,0.93,1,2,2.76,4,12,19.17
ENS027,GC_STRU,Structure Batiment,GC,3,2,4,4,1,-1,2,0,0.33,48,0.17,0,0,3.25,2,4,0,0,2,1,1.0,4,0,0.53,1,1,3.67,3,1,23.49
ENS011,WEB_B,Developpement Web Back,WEB,2,1,1,3,4,-1,0,2,0.33,190,0.0,1,0,1.75,1,3,0,2,1,3,0.67,0,2,0.73,3,1,3.3,1,6,14.75
ENS013,GC_STRU,Structure Batiment,GC,3,4,3,3,1,1,-1,0,0.0,291,0.42,1,0,3.25,3,4,0,0,3,2,0.5,4,3,0.8,2,2,3.42,4,9,26.84
ENS019,GESTION,Gestion de Projet,SUP,2,3,3,2,3,1,0,-1,0.0,344,0.0,1,0,2.5,2,3,0,0,3,2,0.5,5,1,0.67,2,2,3.67,1,11,24.19
ENS027,GC_STRU,Structure Batiment,GC,3,3,3,1,2,0,0,-2,-0.67,114,0.42,0,1,2.5,1,3,0,1,1,3,0.67,1,0,0.83,4,2,2.87,4,3,21.89
ENS013,GC_MAT,Matériaux,GC,3,2,3,3,2,-1,1,0,0.0,349,0.33,1,0,2.75,2,3,0,0,2,1,1.0,1,0,0.61,2,0,2.93,1,11,14.41
ENS004,PED,Pedagogie,SUP,4,3,3,2,1,-1,0,-1,-0.67,187,0.25,1,1,3.0,2,4,0,0,1,1,1.0,4,0,0.61,4,1,2.84,4,6,26.73
ENS010,PED,Pedagogie,SUP,2,2,1,1,2,0,-1,0,-0.33,340,0.17,1,0,1.5,1,2,0,2,2,1,1.0,0,1,0.91,1,2,3.46,2,11,15.47
ENS018,GC_MAT,Matériaux,GC,1,1,2,2,2,0,1,0,0.33,241,0.17,1,0,1.5,1,2,0,2,2,2,0.5,2,0,0.59,1,1,2.65,2,8,16.25
ENS016,PROG,Programmation,GL,3,3,4,5,0,0,1,1,0.67,166,0.25,0,0,3.75,3,5,1,0,2,3,0.67,0,2,0.59,4,2,4.05,3,5,19.55
ENS029,BD,Bases de Donnees,INFO,3,1,3,1,2,-2,2,-2,-0.67,205,0.33,1,1,2.0,1,3,0,2,3,1,1.0,4,2,0.82,0,0,4.44,4,6,26.98
ENS017,RESEAU,Reseaux,RT,2,2,3,1,2,0,1,-2,-0.33,206,0.33,1,0,2.0,1,3,0,1,1,1,1.0,4,1,0.92,0,2,2.94,1,6,19.98
ENS008,BD,Bases de Donnees,INFO,2,2,1,2,2,0,-1,1,0.0,130,0.33,0,0,1.75,1,2,0,1,1,2,0.5,3,1,0.62,4,0,3.12,2,4,22.34
ENS009,WEB_F,Developpement Web Front,WEB,1,2,2,1,3,1,0,-1,0.0,56,0.33,0,0,1.5,1,2,0,2,3,1,1.0,1,0,0.73,1,1,4.31,3,1,19.77
ENS004,WEB_B,Developpement Web Back,WEB,3,3,4,5,1,0,1,1,0.67,157,0.0,0,0,3.75,3,5,1,0,2,3,0.67,2,2,0.59,0,0,3.14,1,5,14.73
ENS010,WEB_B,Developpement Web Back,WEB,1,1,2,2,2,0,1,0,0.33,255,0.33,1,0,1.5,1,2,0,2,1,3,0.67,5,0,0.9,4,2,3.31,3,8,29.62
ENS023,RESEAU,Reseaux,RT,2,1,1,1,4,-1,0,0,-0.33,151,0.42,0,0,1.25,1,2,0,3,2,2,0.5,2,0,0.85,1,2,3.68,2,5,19.61
ENS022,ANG,Anglais Technique,SUP,2,3,3,2,0,1,0,-1,0.0,58,0.25,0,0,2.5,2,3,0,0,2,3,0.67,0,0,0.51,0,2,4.0,4,1,16.55
ENS021,WEB_B,Developpement Web Back,WEB,5,5,3,3,0,0,-2,0,-0.67,299,0.42,1,1,4.0,3,5,2,0,1,1,1.0,5,2,0.56,0,1,3.57,4,9,25.94
ENS012,PED,Pedagogie,SUP,5,3,3,5,0,-2,0,2,0.0,285,0.17,1,0,4.0,3,5,2,0,3,2,0.5,1,3,0.88,4,1,4.41,1,9,20.72
ENS025,BD,Bases de Donnees,INFO,3,1,3,2,1,-2,2,-1,-0.33,31,0.0,0,0,2.25,1,3,0,1,2,3,0.67,1,1,0.8,2,1,2.76,2,1,16.52
ENS015,GC_MAT,Matériaux,GC,3,3,2,1,3,0,-1,-1,-0.67,104,0.0,0,1,2.25,1,3,0,1,1,3,0.67,5,3,0.91,2,2,3.18,4,3,28.91
ENS026,GC_MAT,Matériaux,GC,4,2,3,2,0,-2,1,-1,-0.67,104,0.33,0,1,2.75,2,4,0,0,2,1,1.0,2,2,0.58,0,1,3.85,1,3,16.1
ENS007,GESTION,Gestion de Projet,SUP,3,1,3,3,2,-2,2,0,0.0,224,0.0,1,0,2.5,1,3,0,1,2,3,0.67,0,1,0.86,1,1,2.53,3,7,14.86
ENS008,PED,Pedagogie,SUP,3,3,3,3,3,0,0,0,0.0,340,0.17,1,0,3.0,3,3,0,0,1,3,0.67,4,0,0.62,0,2,3.51,3,11,22.62
ENS012,WEB_B,Developpement Web Back,WEB,1,1,2,1,2,0,1,-1,0.0,78,0.25,0,0,1.25,1,2,0,3,2,3,0.67,2,3,0.86,1,2,3.62,4,2,22.54
ENS029,BD,Bases de Donnees,INFO,5,4,4,4,1,-1,0,0,-0.33,67,0.08,0,0,4.25,4,5,1,0,2,3,0.67,0,3,0.79,1,2,2.55,1,2,11.55
ENS016,GESTION,Gestion de Projet,SUP,2,4,2,4,0,2,-2,2,0.67,173,0.25,0,0,3.0,2,4,0,0,3,2,0.5,5,3,0.91,0,2,3.73,2,5,25.01
ENS025,GC_STRU,Structure Batiment,GC,4,2,2,3,0,-2,0,1,-0.33,161,0.33,0,0,2.75,2,4,0,0,3,2,0.5,5,1,0.75,4,1,3.12,1,5,25.49
ENS023,PED,Pedagogie,SUP,4,4,5,5,0,0,1,0,0.33,215,0.08,1,0,4.5,4,5,2,0,2,2,0.5,1,1,0.76,0,2,3.32,2,7,15.44
ENS014,PROG,Programmation,GL,5,3,5,4,0,-2,2,-1,-0.33,231,0.25,1,0,4.25,3,5,2,0,1,3,0.67,2,3,0.87,4,2,4.04,3,7,24.93
ENS020,BD,Bases de Donnees,INFO,2,3,3,1,2,1,0,-2,-0.33,218,0.42,1,0,2.25,1,3,0,1,3,3,0.67,5,1,0.89,1,2,4.31,1,7,25.57
ENS019,GESTION,Gestion de Projet,SUP,1,3,1,1,2,2,-2,0,0.0,137,0.0,0,0,1.5,1,3,0,3,2,3,0.67,4,2,0.69,2,2,4.38,4,4,28.21
ENS020,PED,Pedagogie,SUP,4,4,5,4,1,0,1,-1,0.0,172,0.17,0,0,4.25,4,5,1,0,3,1,1.0,3,2,0.83,4,1,4.16,4,5,28.47
ENS012,BD,Bases de Donnees,INFO,4,3,3,3,0,-1,0,0,-0.33,132,0.0,0,0,3.25,3,4,0,0,2,2,0.5,2,2,0.77,1,2,3.9,4,4,22.65
ENS017,PROG,Programmation,GL,3,4,4,3,2,1,0,-1,0.0,62,0.42,0,0,3.5,3,4,0,0,3,2,0.5,4,3,0.81,1,1,3.39,1,2,21.33
ENS002,RESEAU,Reseaux,RT,3,3,1,3,4,0,-2,2,0.0,161,0.17,0,0,2.5,1,3,0,1,1,2,0.5,4,3,0.66,2,0,4.04,4,5,27.38
ENS023,GC_STRU,Structure Batiment,GC,2,1,3,2,3,-1,2,-1,0.0,151,0.42,0,0,2.0,1,3,0,1,1,1,1.0,4,1,0.66,4,0,2.62,1,5,22.04
ENS004,RESEAU,Reseaux,RT,2,1,1,1,4,-1,0,0,-0.33,324,0.25,1,0,1.25,1,2,0,3,3,3,0.67,1,1,0.91,1,0,3.55,2,10,17.65
ENS004,PROG,Programmation,GL,3,4,4,2,3,1,0,-2,-0.33,313,0.0,1,0,3.25,2,4,0,0,3,3,0.67,4,2,0.7,0,0,4.11,1,10,21.22
ENS021,PROG,Programmation,GL,3,2,2,2,2,-1,0,0,-0.33,66,0.17,0,0,2.25,2,3,0,0,1,2,0.5,5,1,0.67,4,1,3.3,4,2,29.95
ENS021,ANG,Anglais Technique,SUP,1,2,2,2,0,1,0,0,0.33,38,0.17,0,0,1.75,1,2,0,1,1,3,0.67,1,3,0.52,3,1,4.21,4,1,22.02
ENS022,GESTION,Gestion de Projet,SUP,3,3,1,2,2,0,-2,1,-0.33,352,0.17,1,0,2.25,1,3,0,1,3,1,1.0,3,2,0.78,0,0,3.7,2,11,20.3
ENS023,ANG,Anglais Technique,SUP,3,3,2,2,2,0,-1,0,-0.33,286,0.17,1,0,2.5,2,3,0,0,3,1,1.0,1,0,0.9,2,1,3.95,2,9,19.4
ENS009,GESTION,Gestion de Projet,SUP,4,2,2,4,1,-2,0,2,0.0,193,0.33,1,0,3.0,2,4,0,0,1,1,1.0,1,3,0.58,2,0,4.38,3,6,20.16
ENS025,ALG,Algorithmique,GL,2,2,3,3,1,0,1,0,0.33,232,0.0,1,0,2.5,2,3,0,0,2,3,0.67,4,0,0.87,2,0,3.83,1,7,23.51
ENS007,PROG,Programmation,GL,5,5,3,4,1,0,-2,1,-0.33,65,0.08,0,0,4.25,3,5,2,0,3,3,0.67,5,2,0.63,2,2,4.06,3,2,27.77
ENS022,BD,Bases de Donnees,INFO,1,3,1,2,2,2,-2,1,0.33,296,0.42,1,0,1.75,1,3,0,2,1,3,0.67,5,2,0.8,3,1,3.38,4,9,29.76
ENS024,PROG,Programmation,GL,4,4,4,5,2,0,0,1,0.33,39,0.17,0,0,4.25,4,5,1,0,2,2,0.5,5,2,0.79,1,2,4.17,2,1,26.29
ENS005,BD,Bases de Donnees,INFO,2,3,2,3,2,1,-1,1,0.33,240,0.33,1,0,2.5,2,3,0,0,1,1,1.0,5,0,0.87,2,2,4.22,1,8,26.29
ENS019,SEC,Securite Informatique,RT,3,3,4,2,0,0,1,-2,-0.33,87,0.17,0,0,3.0,2,4,0,0,1,2,0.5,4,3,0.71,0,2,2.6,1,2,18.25
ENS006,GC_MAT,Matériaux,GC,3,4,3,3,2,1,-1,0,0.0,177,0.33,0,0,3.25,3,4,0,0,2,1,1.0,5,0,0.87,2,2,3.57,2,5,26.49
ENS026,PED,Pedagogie,SUP,3,4,4,4,2,1,0,0,0.33,235,0.17,1,0,3.75,3,4,0,0,1,1,1.0,2,2,0.79,3,1,2.69,3,7,20.83
ENS015,PROG,Programmation,GL,5,4,4,3,0,-1,0,-1,-0.67,107,0.08,0,1,4.0,3,5,1,0,1,3,0.67,2,2,0.66,0,2,4.0,3,3,19.8
ENS006,BD,Bases de Donnees,INFO,4,5,5,4,2,1,0,-1,0.0,286,0.0,1,0,4.5,4,5,2,0,3,2,0.5,3,0,0.57,4,1,3.76,1,9,21.87
ENS007,PROG,Programmation,GL,2,3,2,2,1,1,-1,0,0.0,365,0.42,1,0,2.25,2,3,0,0,2,2,0.5,0,2,0.51,0,1,3.3,4,12,15.15
ENS008,GESTION,Gestion de Projet,SUP,3,3,1,2,3,0,-2,1,-0.33,332,0.25,1,0,2.25,1,3,0,1,3,3,0.67,1,2,0.56,2,2,3.14,3,11,17.58
ENS004,WEB_F,Developpement Web Front,WEB,1,2,2,1,3,1,0,-1,0.0,220,0.42,1,0,1.5,1,2,0,2,2,1,1.0,0,3,0.51,4,1,2.7,1,7,13.45
ENS020,PED,Pedagogie,SUP,2,2,3,3,2,0,1,0,0.33,50,0.0,0,0,2.5,2,3,0,0,2,3,0.67,0,3,0.71,2,2,2.57,4,1,16.69
ENS026,GESTION,Gestion de Projet,SUP,3,3,1,3,2,0,-2,2,0.0,80,0.25,0,0,2.5,1,3,0,1,3,1,1.0,0,2,0.76,1,2,3.6,4,2,18.0
ENS015,PROG,Programmation,GL,3,3,4,2,1,0,1,-2,-0.33,131,0.25,0,0,3.0,2,4,0,0,2,1,1.0,2,2,0.82,4,1,2.59,1,4,18.78
ENS010,PED,Pedagogie,SUP,4,3,3,5,1,-1,0,2,0.33,73,0.08,0,0,3.75,3,5,1,0,1,2,0.5,0,1,0.78,0,1,2.88,4,2,15.66
ENS003,BD,Bases de Donnees,INFO,4,3,4,5,0,-1,1,1,0.33,344,0.08,1,0,4.0,3,5,1,0,2,2,0.5,5,1,0.64,4,1,3.38,1,11,25.46
ENS012,PROG,Programmation,GL,5,4,5,3,0,-1,1,-2,-0.67,35,0.42,0,1,4.25,3,5,2,0,1,2,0.5,5,1,0.86,3,1,3.62,2,1,27.54
ENS022,ALG,Algorithmique,GL,1,1,2,1,4,0,1,-1,0.0,122,0.42,0,0,1.25,1,2,0,3,2,1,1.0,5,3,0.86,2,2,4.06,1,4,25.92
ENS025,ANG,Anglais Technique,SUP,1,3,3,2,2,2,0,-1,0.33,75,0.08,0,0,2.25,1,3,0,1,3,1,1.0,1,1,0.53,1,1,4.23,4,2,20.11
ENS016,GC_STRU,Structure Batiment,GC,3,3,5,4,0,0,2,-1,0.33,200,0.33,1,0,3.75,3,5,1,0,2,2,0.5,2,3,0.93,2,1,4.33,2,6,22.31
ENS026,PROG,Programmation,GL,2,3,4,3,1,1,1,-1,0.33,69,0.0,0,0,3.0,2,4,0,0,3,1,1.0,5,2,0.54,3,1,2.88,1,2,22.96
ENS001,ALG,Algorithmique,GL,3,2,1,1,1,-1,-1,0,-0.67,361,0.42,1,1,1.75,1,3,0,2,3,1,1.0,5,1,0.7,3,2,3.1,1,12,24.2
ENS002,BD,Bases de Donnees,INFO,2,1,1,1,2,-1,0,0,-0.33,98,0.08,0,0,1.25,1,2,0,3,1,1,1.0,2,1,0.59,2,1,4.45,1,3,19.35
ENS030,ANG,Anglais Technique,SUP,1,1,2,1,3,0,1,-1,0.0,35,0.08,0,0,1.25,1,2,0,3,1,3,0.67,3,3,0.91,3,1,2.59,1,1,20.23
ENS011,RESEAU,Reseaux,RT,4,5,5,4,1,1,0,-1,0.0,268,0.25,1,0,4.5,4,5,2,0,1,3,0.67,4,2,0.5,3,2,3.47,1,8,21.94
ENS016,BD,Bases de Donnees,INFO,5,4,3,3,0,-1,-1,0,-0.67,174,0.33,0,1,3.75,3,5,1,0,3,3,0.67,3,0,0.8,0,2,3.28,2,5,19.56
ENS008,BD,Bases de Donnees,INFO,1,1,3,1,1,0,2,-2,0.0,182,0.42,1,0,1.5,1,3,0,3,2,2,0.5,2,3,0.71,0,2,3.73,4,6,21.01
ENS029,GESTION,Gestion de Projet,SUP,2,3,4,4,0,1,1,0,0.67,228,0.17,1,0,3.25,2,4,0,0,3,1,1.0,4,3,0.79,1,1,2.76,1,7,19.97
ENS014,PED,Pedagogie,SUP,3,3,2,3,2,0,-1,1,0.0,312,0.0,1,0,2.75,2,3,0,0,3,2,0.5,4,0,0.58,4,0,3.66,4,10,28.22
ENS027,BD,Bases de Donnees,INFO,1,2,2,1,1,1,0,-1,0.0,200,0.08,1,0,1.5,1,2,0,2,1,3,0.67,1,3,0.83,2,0,3.3,1,6,16.25
ENS030,WEB_B,Developpement Web Back,WEB,1,1,1,1,3,0,0,0,0.0,311,0.42,1,0,1.0,1,1,0,4,3,2,0.5,2,2,0.73,1,2,2.96,3,10,19.07
ENS010,ALG,Algorithmique,GL,3,1,3,2,1,-2,2,-1,-0.33,348,0.42,1,0,2.25,1,3,0,1,1,1,1.0,3,2,0.7,2,0,3.46,3,11,22.92
ENS023,GC_MAT,Matériaux,GC,3,3,4,2,1,0,1,-2,-0.33,92,0.0,0,0,3.0,2,4,0,0,1,3,0.67,0,2,0.52,0,0,4.32,2,3,14.24
ENS024,ANG,Anglais Technique,SUP,4,4,5,5,0,0,1,0,0.33,355,0.33,1,0,4.5,4,5,2,0,3,2,0.5,4,0,0.92,2,2,3.41,4,11,27.42
ENS021,ALG,Algorithmique,GL,1,1,1,2,3,0,0,1,0.33,46,0.17,0,0,1.25,1,2,0,3,2,3,0.67,3,0,0.9,2,0,2.76,4,1,24.02
ENS006,ANG,Anglais Technique,SUP,1,2,1,2,1,1,-1,1,0.33,148,0.42,0,0,1.5,1,2,0,2,3,3,0.67,4,2,0.59,3,1,3.62,1,4,22.69
ENS002,WEB_B,Developpement Web Back,WEB,5,4,4,4,2,-1,0,0,-0.33,61,0.0,0,0,4.25,4,5,1,0,2,2,0.5,1,2,0.65,4,2,3.41,2,2,19.07
ENS019,GESTION,Gestion de Projet,SUP,1,3,2,1,2,2,-1,-1,0.0,145,0.08,0,0,1.75,1,3,0,2,2,3,0.67,3,3,0.65,3,1,4.49,3,4,25.73
ENS026,WEB_B,Developpement Web Back,WEB,3,3,4,5,0,0,1,1,0.67,303,0.0,1,0,3.75,3,5,1,0,3,2,0.5,5,3,0.83,1,0,3.58,3,10,26.81
ENS023,WEB_B,Developpement Web Back,WEB,2,1,2,2,2,-1,1,0,0.0,56,0.25,0,0,1.75,1,2,0,1,3,3,0.67,2,2,0.86,3,0,2.71,1,1,18.22
ENS026,WEB_F,Developpement Web Front,WEB,3,4,3,3,1,1,-1,0,0.0,260,0.17,1,0,3.25,3,4,0,0,2,3,0.67,5,2,0.69,3,0,3.52,4,8,29.49
ENS007,GESTION,Gestion de Projet,SUP,2,2,3,4,1,0,1,1,0.67,289,0.17,1,0,2.75,2,4,0,0,2,3,0.67,0,1,0.76,4,2,3.02,4,9,19.84
ENS015,RESEAU,Reseaux,RT,5,4,5,4,0,-1,1,-1,-0.33,252,0.25,1,0,4.5,4,5,2,0,3,3,0.67,5,1,0.91,3,0,2.94,2,8,26.43
ENS027,GC_MAT,Matériaux,GC,3,4,3,2,1,1,-1,-1,-0.33,255,0.25,1,0,3.0,2,4,0,0,2,3,0.67,2,3,0.52,1,2,3.63,4,8,20.86
ENS024,ANG,Anglais Technique,SUP,1,2,1,2,2,1,-1,1,0.33,257,0.0,1,0,1.5,1,2,0,2,3,1,1.0,0,3,0.84,2,0,2.76,4,8,17.72
ENS011,GC_STRU,Structure Batiment,GC,3,3,5,3,0,0,2,-2,0.0,177,0.08,0,0,3.5,3,5,1,0,1,1,1.0,1,1,0.52,1,0,3.73,2,5,16.06
ENS029,RESEAU,Reseaux,RT,3,3,3,2,1,0,0,-1,-0.33,223,0.33,1,0,2.75,2,3,0,0,2,3,0.67,1,0,0.68,2,2,2.76,3,7,17.42
ENS010,RESEAU,Reseaux,RT,1,2,1,1,4,1,-1,0,0.0,76,0.08,0,0,1.25,1,2,0,3,3,2,0.5,1,3,0.82,0,0,4.07,3,2,18.74
ENS008,RESEAU,Reseaux,RT,3,4,4,3,0,1,0,-1,0.0,275,0.17,1,0,3.5,3,4,0,0,1,1,1.0,0,0,0.62,2,1,4.43,2,9,16.96
ENS014,GC_MAT,Matériaux,GC,4,2,3,2,3,-2,1,-1,-0.67,184,0.08,1,1,2.75,2,4,0,0,2,2,0.5,0,3,0.75,3,2,3.56,4,6,19.87
ENS014,RESEAU,Reseaux,RT,5,4,3,5,0,-1,-1,2,0.0,147,0.42,0,0,4.25,3,5,2,0,3,1,1.0,1,0,0.61,0,1,2.57,1,4,11.69
ENS021,WEB_B,Developpement Web Back,WEB,3,3,2,3,4,0,-1,1,0.0,136,0.33,0,0,2.75,2,3,0,0,3,3,0.67,1,3,0.75,3,0,4.34,4,4,23.43
ENS017,PROG,Programmation,GL,3,5,3,4,2,2,-2,1,0.33,320,0.17,1,0,3.75,3,5,1,0,2,1,1.0,4,0,0.71,4,1,3.12,1,10,23.29
ENS017,PED,Pedagogie,SUP,3,2,2,2,2,-1,0,0,-0.33,271,0.0,1,0,2.25,2,3,0,0,1,2,0.5,0,0,0.58,3,1,3.18,1,9,13.76
ENS001,GC_MAT,Matériaux,GC,1,1,1,3,2,0,0,2,0.67,365,0.0,1,0,1.5,1,3,0,3,1,3,0.67,3,2,0.63,2,0,3.3,4,12,23.75
ENS022,SEC,Securite Informatique,RT,5,3,5,5,0,-2,2,0,0.0,167,0.25,0,0,4.5,3,5,3,0,2,1,1.0,3,2,0.79,0,0,3.21,4,5,22.37
ENS024,GESTION,Gestion de Projet,SUP,5,5,5,4,0,0,0,-1,-0.33,117,0.0,0,0,4.75,4,5,3,0,1,3,0.67,3,0,0.72,2,1,3.97,2,3,22.54
ENS024,PROG,Programmation,GL,3,3,5,4,0,0,2,-1,0.33,102,0.08,0,0,3.75,3,5,1,0,3,3,0.67,1,3,0.74,0,1,2.6,1,3,12.4
ENS003,ANG,Anglais Technique,SUP,2,2,2,3,0,0,0,1,0.33,98,0.25,0,0,2.25,2,3,0,0,2,1,1.0,2,2,0.73,0,2,3.77,1,3,16.69
ENS011,GESTION,Gestion de Projet,SUP,2,3,2,4,0,1,-1,2,0.67,251,0.25,1,0,2.75,2,4,0,0,3,2,0.5,5,1,0.51,1,1,2.65,2,8,21.85
ENS001,WEB_F,Developpement Web Front,WEB,2,2,4,2,3,0,2,-2,0.0,94,0.08,0,0,2.5,2,4,0,0,1,3,0.67,1,3,0.88,2,2,3.79,2,3,18.98
ENS004,ANG,Anglais Technique,SUP,5,5,5,5,0,0,0,0,0.0,82,0.17,0,0,5.0,5,5,4,0,3,3,0.67,2,2,0.86,0,1,4.18,4,2,22.66
ENS017,ANG,Anglais Technique,SUP,1,2,3,1,3,1,1,-2,0.0,201,0.25,1,0,1.75,1,3,0,2,2,3,0.67,0,2,0.91,2,2,4.12,2,6,17.79
ENS024,PED,Pedagogie,SUP,3,2,1,2,2,-1,-1,1,-0.33,337,0.0,1,0,2.0,1,3,0,1,3,3,0.67,1,0,0.58,4,1,3.96,2,11,19.82
ENS004,GESTION,Gestion de Projet,SUP,5,4,5,4,2,-1,1,-1,-0.33,182,0.08,1,0,4.5,4,5,2,0,3,2,0.5,1,2,0.89,4,1,3.54,2,6,20.53
ENS004,PROG,Programmation,GL,4,3,3,3,1,-1,0,0,-0.33,237,0.42,1,0,3.25,3,4,0,0,2,1,1.0,4,0,0.88,4,2,2.59,2,7,24.58
ENS019,GC_MAT,Matériaux,GC,1,2,2,1,2,1,0,-1,0.0,180,0.25,0,0,1.5,1,2,0,2,3,2,0.5,0,0,0.82,4,1,2.52,1,6,14.64
ENS022,BD,Bases de Donnees,INFO,4,5,4,4,0,1,-1,0,0.0,242,0.08,1,0,4.25,4,5,1,0,2,1,1.0,3,3,0.81,1,0,3.23,2,8,20.51
ENS013,PED,Pedagogie,SUP,3,3,4,5,0,0,1,1,0.67,334,0.0,1,0,3.75,3,5,1,0,3,2,0.5,5,0,0.91,2,0,3.43,1,11,24.91
ENS017,ANG,Anglais Technique,SUP,3,1,2,1,3,-2,1,-1,-0.67,189,0.0,1,1,1.75,1,3,0,2,2,2,0.5,2,3,0.76,0,0,3.77,3,6,19.84
ENS020,GC_STRU,Structure Batiment,GC,1,3,1,1,4,2,-2,0,0.0,259,0.17,1,0,1.5,1,3,0,3,1,1,1.0,4,1,0.88,2,2,3.33,4,8,27.06
ENS017,SEC,Securite Informatique,RT,4,3,3,2,2,-1,0,-1,-0.67,334,0.0,1,1,3.0,2,4,0,0,1,1,1.0,3,1,0.83,3,2,4.06,4,11,27.27
ENS003,PED,Pedagogie,SUP,2,1,1,3,2,-1,0,2,0.33,339,0.33,1,0,1.75,1,3,0,2,1,3,0.67,0,0,0.69,3,1,2.64,3,11,16.23
ENS009,ANG,Anglais Technique,SUP,2,1,2,3,3,-1,1,1,0.33,192,0.17,1,0,2.0,1,3,0,1,3,1,1.0,5,2,0.58,1,0,3.3,4,6,26.5
ENS015,BD,Bases de Donnees,INFO,5,3,5,5,1,-2,2,0,0.0,256,0.17,1,0,4.5,3,5,3,0,2,3,0.67,1,1,0.64,1,2,3.65,1,8,15.0
ENS006,WEB_B,Developpement Web Back,WEB,2,2,1,3,3,0,-1,2,0.33,207,0.08,1,0,2.0,1,3,0,1,3,2,0.5,4,1,0.65,1,0,4.15,1,6,22.05
ENS008,RESEAU,Reseaux,RT,3,3,3,4,0,0,0,1,0.33,204,0.08,1,0,3.25,3,4,0,0,3,3,0.67,1,0,0.58,1,1,3.12,2,6,15.14
ENS028,GC_STRU,Structure Batiment,GC,2,3,3,3,0,1,0,0,0.33,321,0.33,1,0,2.75,2,3,0,0,2,1,1.0,5,3,0.57,1,0,3.19,3,10,24.73
ENS004,RESEAU,Reseaux,RT,1,1,1,1,3,0,0,0,0.0,97,0.17,0,0,1.0,1,1,0,4,1,1,1.0,3,0,0.66,2,1,3.57,4,3,24.44
ENS017,WEB_F,Developpement Web Front,WEB,1,2,1,2,3,1,-1,1,0.33,169,0.08,0,0,1.5,1,2,0,2,1,3,0.67,5,2,0.93,3,1,2.64,2,5,25.93
ENS021,PED,Pedagogie,SUP,4,4,3,3,0,0,-1,0,-0.33,291,0.0,1,0,3.5,3,4,0,0,2,3,0.67,0,0,0.88,2,0,3.2,2,9,15.8
ENS007,GC_MAT,Matériaux,GC,4,4,3,4,2,0,-1,1,0.0,345,0.42,1,0,3.75,3,4,0,0,2,1,1.0,2,3,0.89,2,1,3.49,1,11,18.93
ENS004,PED,Pedagogie,SUP,3,3,2,2,2,0,-1,0,-0.33,172,0.25,0,0,2.5,2,3,0,0,1,1,1.0,3,0,0.84,1,0,3.84,3,5,23.38
ENS009,PROG,Programmation,GL,4,3,2,3,1,-1,-1,1,-0.33,30,0.25,0,0,3.0,2,4,0,0,2,1,1.0,2,0,0.63,0,1,3.71,4,1,20.57
ENS022,PROG,Programmation,GL,4,3,4,4,3,-1,1,0,0.0,265,0.0,1,0,3.75,3,4,0,0,2,1,1.0,5,1,0.81,3,0,4.33,1,8,27.21
ENS016,BD,Bases de Donnees,INFO,5,5,3,3,0,0,-2,0,-0.67,175,0.25,0,1,4.0,3,5,2,0,3,1,1.0,0,1,0.77,3,2,3.55,1,5,15.45
ENS026,GESTION,Gestion de Projet,SUP,3,3,1,1,1,0,-2,0,-0.67,230,0.42,1,1,2.0,1,3,0,2,1,2,0.5,1,0,0.68,4,1,3.92,3,7,21.74
ENS030,PED,Pedagogie,SUP,3,5,5,4,0,2,0,-1,0.33,209,0.42,1,0,4.25,3,5,2,0,1,3,0.67,4,3,0.65,3,2,3.57,2,6,24.39
ENS005,SEC,Securite Informatique,RT,3,3,2,4,0,0,-1,2,0.33,275,0.08,1,0,3.0,2,4,0,0,3,2,0.5,1,0,0.83,4,0,3.85,3,9,22.35
ENS012,GC_MAT,Matériaux,GC,3,2,4,2,3,-1,2,-2,-0.33,245,0.17,1,0,2.75,2,4,0,0,1,2,0.5,4,1,0.83,0,2,2.94,4,8,24.03
ENS002,WEB_B,Developpement Web Back,WEB,2,1,2,2,3,-1,1,0,0.0,82,0.42,0,0,1.75,1,2,0,1,2,2,0.5,2,1,0.69,0,1,3.28,3,2,18.51
ENS015,WEB_B,Developpement Web Back,WEB,5,3,4,4,2,-2,1,0,-0.33,260,0.17,1,0,4.0,3,5,1,0,1,3,0.67,2,3,0.9,0,1,3.11,4,8,20.72
ENS021,GC_STRU,Structure Batiment,GC,2,3,4,4,2,1,1,0,0.67,136,0.17,0,0,3.25,2,4,0,0,1,1,1.0,4,0,0.91,3,0,3.68,2,4,25.91
ENS021,SEC,Securite Informatique,RT,3,5,3,3,0,2,-2,0,0.0,207,0.25,1,0,3.5,3,5,1,0,2,1,1.0,1,3,0.82,3,0,2.54,2,6,17.18
ENS011,GESTION,Gestion de Projet,SUP,1,2,2,3,2,1,0,1,0.67,333,0.08,1,0,2.0,1,3,0,1,2,1,1.0,2,2,0.75,1,0,4.2,2,11,20.15
ENS025,GC_MAT,Matériaux,GC,1,2,1,1,2,1,-1,0,0.0,202,0.17,1,0,1.25,1,2,0,3,1,3,0.67,0,2,0.63,0,2,4.49,1,6,13.63
ENS001,BD,Bases de Donnees,INFO,5,5,5,5,1,0,0,0,0.0,235,0.42,1,0,5.0,5,5,4,0,2,1,1.0,4,3,0.56,3,0,3.28,1,7,21.86
ENS026,GESTION,Gestion de Projet,SUP,1,2,1,3,1,1,-1,2,0.67,60,0.0,0,0,1.75,1,3,0,2,1,3,0.67,0,2,0.6,1,2,3.11,2,2,13.22
ENS018,BD,Bases de Donnees,INFO,1,1,2,2,2,0,1,0,0.33,254,0.33,1,0,1.5,1,2,0,2,3,3,0.67,3,2,0.95,3,1,2.81,4,8,25.37
ENS024,GC_STRU,Structure Batiment,GC,3,1,2,1,4,-2,1,-1,-0.67,110,0.08,0,1,1.75,1,3,0,2,2,1,1.0,3,2,0.78,0,0,2.83,2,3,18.56
ENS027,GC_MAT,Matériaux,GC,1,1,1,2,2,0,0,1,0.33,225,0.42,1,0,1.25,1,2,0,3,2,2,0.5,0,1,0.66,2,2,3.63,1,7,14.06
ENS018,GC_STRU,Structure Batiment,GC,3,2,4,4,0,-1,2,0,0.33,289,0.0,1,0,3.25,2,4,0,0,2,1,1.0,3,3,0.69,4,0,4.2,2,9,24.85
ENS010,WEB_B,Developpement Web Back,WEB,3,1,2,3,4,-2,1,1,0.0,278,0.42,1,0,2.25,1,3,0,1,3,1,1.0,4,3,0.86,3,0,3.15,4,9,27.6
ENS019,SEC,Securite Informatique,RT,4,5,4,5,2,1,-1,1,0.33,185,0.17,1,0,4.5,4,5,2,0,1,1,1.0,1,1,0.86,2,2,3.61,3,6,20.02
ENS003,RESEAU,Reseaux,RT,3,3,2,1,3,0,-1,-1,-0.67,266,0.08,1,1,2.25,1,3,0,1,2,1,1.0,2,2,0.52,0,0,4.33,1,8,16.76
ENS030,GC_STRU,Structure Batiment,GC,4,2,3,4,0,-2,1,1,0.0,330,0.0,1,0,3.25,2,4,0,0,2,1,1.0,4,1,0.8,3,0,3.27,1,11,23.04
ENS029,GC_MAT,Matériaux,GC,2,2,1,3,3,0,-1,2,0.33,82,0.33,0,0,2.0,1,3,0,1,3,1,1.0,5,2,0.88,3,2,3.85,2,2,28.1
ENS017,RESEAU,Reseaux,RT,3,4,3,3,1,1,-1,0,0.0,178,0.0,0,0,3.25,3,4,0,0,1,1,1.0,2,0,0.63,1,0,3.53,1,5,16.71
ENS027,GC_STRU,Structure Batiment,GC,3,3,1,2,2,0,-2,1,-0.33,205,0.0,1,0,2.25,1,3,0,1,3,3,0.67,1,1,0.64,0,1,4.25,1,6,15.2
ENS020,SEC,Securite Informatique,RT,3,3,3,2,2,0,0,-1,-0.33,30,0.33,0,0,2.75,2,3,0,0,3,2,0.5,0,3,0.7,2,2,4.14,4,1,19.78
ENS010,WEB_F,Developpement Web Front,WEB,4,2,2,2,1,-2,0,0,-0.67,164,0.17,0,1,2.5,2,4,0,0,2,2,0.5,2,3,0.56,1,1,3.16,4,5,20.12
ENS012,GESTION,Gestion de Projet,SUP,4,3,2,3,0,-1,-1,1,-0.33,143,0.08,0,0,3.0,2,4,0,0,2,2,0.5,2,3,0.5,1,0,3.72,2,4,17.94
ENS013,PED,Pedagogie,SUP,3,4,4,3,1,1,0,-1,0.0,352,0.25,1,0,3.5,3,4,0,0,2,1,1.0,0,3,0.51,1,1,4.02,4,11,17.59
ENS025,RESEAU,Reseaux,RT,4,3,3,5,1,-1,0,2,0.33,208,0.25,1,0,3.75,3,5,1,0,2,1,1.0,0,0,0.54,4,2,3.31,3,6,17.82
ENS020,WEB_B,Developpement Web Back,WEB,4,4,3,3,0,0,-1,0,-0.33,232,0.0,1,0,3.5,3,4,0,0,2,2,0.5,0,0,0.63,2,2,3.3,3,7,16.25
ENS027,ALG,Algorithmique,GL,2,1,2,2,4,-1,1,0,0.0,290,0.17,1,0,1.75,1,2,0,1,3,1,1.0,3,0,0.9,1,1,4.12,1,9,21.24
ENS025,BD,Bases de Donnees,INFO,1,1,1,1,3,0,0,0,0.0,278,0.08,1,0,1.0,1,1,0,4,3,2,0.5,2,2,0.77,1,0,3.39,1,9,17.13
ENS017,SEC,Securite Informatique,RT,3,3,4,3,2,0,1,-1,0.0,56,0.0,0,0,3.25,3,4,0,0,2,3,0.67,0,1,0.91,2,1,3.09,3,1,17.23
ENS024,GESTION,Gestion de Projet,SUP,2,3,2,2,2,1,-1,0,0.0,148,0.08,0,0,2.25,2,3,0,0,3,3,0.67,4,2,0.8,3,2,4.35,3,4,28.2
ENS005,GC_STRU,Structure Batiment,GC,3,3,5,3,0,0,2,-2,0.0,138,0.42,0,0,3.5,3,5,1,0,1,2,0.5,1,0,0.89,0,1,3.73,2,4,16.91
ENS027,ALG,Algorithmique,GL,2,3,2,2,1,1,-1,0,0.0,227,0.42,1,0,2.25,2,3,0,0,1,3,0.67,4,3,0.79,3,0,2.71,4,7,26.37
ENS027,WEB_F,Developpement Web Front,WEB,2,4,3,3,2,2,-1,0,0.33,169,0.33,0,0,3.0,2,4,0,0,2,3,0.67,5,1,0.92,1,2,4.12,3,5,28.34
ENS028,PROG,Programmation,GL,4,3,3,4,1,-1,0,1,0.0,348,0.08,1,0,3.5,3,4,0,0,2,3,0.67,3,3,0.8,2,2,2.66,2,11,20.32
ENS021,GESTION,Gestion de Projet,SUP,2,3,1,1,3,1,-2,0,-0.33,341,0.25,1,0,1.75,1,3,0,2,2,1,1.0,3,0,0.66,4,2,2.7,2,11,21.7
ENS027,GC_MAT,Matériaux,GC,3,3,4,2,1,0,1,-2,-0.33,92,0.25,0,0,3.0,2,4,0,0,1,2,0.5,0,3,0.81,4,2,3.72,3,3,19.99
ENS013,BD,Bases de Donnees,INFO,4,4,4,4,0,0,0,0,0.0,333,0.33,1,0,4.0,4,4,0,0,3,3,0.67,3,0,0.55,2,2,4.45,3,11,24.15
ENS003,GESTION,Gestion de Projet,SUP,2,2,1,1,3,0,-1,0,-0.33,158,0.42,0,0,1.5,1,2,0,2,1,2,0.5,5,0,0.83,3,1,4.41,2,5,28.97
ENS027,PED,Pedagogie,SUP,4,4,3,5,1,0,-1,2,0.33,198,0.0,1,0,4.0,3,5,1,0,3,1,1.0,3,0,0.5,0,0,3.83,1,6,17.66
ENS009,SEC,Securite Informatique,RT,2,3,3,2,3,1,0,-1,0.0,128,0.33,0,0,2.5,2,3,0,0,2,2,0.5,5,0,0.56,0,0,2.5,2,4,20.8
ENS025,GC_STRU,Structure Batiment,GC,4,2,4,3,2,-2,2,-1,-0.33,323,0.33,1,0,3.25,2,4,0,0,1,3,0.67,5,3,0.72,1,2,4.36,1,10,24.82
ENS014,ANG,Anglais Technique,SUP,1,2,3,2,3,1,1,-1,0.33,268,0.42,1,0,2.0,1,3,0,1,1,3,0.67,3,2,0.94,3,0,3.71,2,8,24.12
ENS001,BD,Bases de Donnees,INFO,3,5,5,3,0,2,0,-2,0.0,240,0.08,1,0,4.0,3,5,2,0,1,3,0.67,5,3,0.87,0,1,3.27,2,8,23.89
ENS010,WEB_B,Developpement Web Back,WEB,1,1,1,1,2,0,0,0,0.0,89,0.42,0,0,1.0,1,1,0,4,3,2,0.5,4,1,0.69,1,1,4.33,1,2,22.61
ENS014,PED,Pedagogie,SUP,3,3,3,3,1,0,0,0,0.0,154,0.08,0,0,3.0,3,3,0,0,1,3,0.67,5,0,0.82,1,2,2.86,3,5,25.32
ENS030,GESTION,Gestion de Projet,SUP,3,5,3,5,2,2,-2,2,0.67,82,0.08,0,0,4.0,3,5,2,0,2,3,0.67,1,3,0.76,4,2,3.64,2,2,20.08
ENS027,SEC,Securite Informatique,RT,2,3,2,4,3,1,-1,2,0.67,162,0.17,0,0,2.75,2,4,0,0,3,3,0.67,2,1,0.86,3,2,3.96,4,5,25.22
ENS022,PROG,Programmation,GL,5,3,3,3,0,-2,0,0,-0.67,143,0.08,0,1,3.5,3,5,1,0,1,2,0.5,2,0,0.77,4,0,3.14,4,4,24.13
ENS027,GESTION,Gestion de Projet,SUP,2,1,2,2,3,-1,1,0,0.0,357,0.25,1,0,1.75,1,2,0,1,3,1,1.0,3,3,0.92,0,0,4.34,1,11,20.78
ENS003,GESTION,Gestion de Projet,SUP,4,2,2,4,1,-2,0,2,0.0,150,0.25,0,0,3.0,2,4,0,0,1,1,1.0,3,1,0.9,3,1,3.95,2,5,24.4
ENS001,RESEAU,Reseaux,RT,1,1,2,3,2,0,1,1,0.67,304,0.0,1,0,1.75,1,3,0,2,1,3,0.67,2,2,0.8,4,2,4.4,4,10,26.8
ENS012,PROG,Programmation,GL,2,4,3,4,1,2,-1,1,0.67,213,0.25,1,0,3.25,2,4,0,0,3,2,0.5,2,0,0.75,1,1,3.94,3,7,21.13
ENS019,WEB_B,Developpement Web Back,WEB,3,1,1,1,3,-2,0,0,-0.67,230,0.25,1,1,1.5,1,3,0,3,1,1,1.0,5,3,0.57,2,1,4.42,4,7,29.69
ENS018,GESTION,Gestion de Projet,SUP,4,3,3,3,0,-1,0,0,-0.33,314,0.17,1,0,3.25,3,4,0,0,3,1,1.0,1,1,0.51,0,2,2.59,4,10,15.73
ENS020,PROG,Programmation,GL,3,3,5,5,0,0,2,0,0.67,351,0.17,1,0,4.0,3,5,2,0,3,3,0.67,1,3,0.6,1,0,2.58,4,11,17.16
ENS030,GESTION,Gestion de Projet,SUP,3,3,3,3,2,0,0,0,0.0,117,0.42,0,0,3.0,3,3,0,0,2,1,1.0,5,3,0.94,2,2,3.2,2,3,26.1
ENS029,ANG,Anglais Technique,SUP,4,5,4,4,0,1,-1,0,0.0,259,0.0,1,0,4.25,4,5,1,0,3,2,0.5,1,3,0.61,0,1,3.86,2,8,15.77
ENS022,WEB_F,Developpement Web Front,WEB,2,3,3,2,2,1,0,-1,0.0,352,0.25,1,0,2.5,2,3,0,0,2,1,1.0,1,2,0.66,0,2,3.92,1,11,14.64
ENS022,GC_MAT,Matériaux,GC,3,2,2,4,1,-1,0,2,0.33,185,0.42,1,0,2.75,2,4,0,0,3,2,0.5,5,1,0.56,1,0,3.88,1,6,23.06
ENS025,WEB_F,Developpement Web Front,WEB,1,2,1,2,1,1,-1,1,0.33,153,0.17,0,0,1.5,1,2,0,2,1,1,1.0,5,1,0.5,1,2,3.04,2,5,22.58
ENS013,WEB_F,Developpement Web Front,WEB,2,1,1,1,2,-1,0,0,-0.33,134,0.33,0,0,1.25,1,2,0,3,1,2,0.5,4,1,0.88,4,0,4.23,1,4,26.36
ENS011,PROG,Programmation,GL,3,4,3,2,1,1,-1,-1,-0.33,248,0.33,1,0,3.0,2,4,0,0,2,3,0.67,3,2,0.5,1,0,3.01,3,8,20.02
ENS001,ALG,Algorithmique,GL,2,1,1,2,1,-1,0,1,0.0,230,0.17,1,0,1.5,1,2,0,2,3,2,0.5,0,0,0.81,2,1,4.08,3,7,18.71
ENS003,WEB_B,Developpement Web Back,WEB,5,3,3,4,1,-2,0,1,-0.33,280,0.25,1,0,3.75,3,5,1,0,2,1,1.0,4,3,0.87,1,2,2.51,2,9,21.37
ENS004,RESEAU,Reseaux,RT,2,1,1,2,2,-1,0,1,0.0,39,0.42,0,0,1.5,1,2,0,2,3,2,0.5,4,3,0.54,1,0,3.16,2,1,21.02
ENS017,WEB_B,Developpement Web Back,WEB,2,1,1,1,3,-1,0,0,-0.33,98,0.42,0,0,1.25,1,2,0,3,3,1,1.0,2,1,0.94,3,2,3.11,3,3,22.42
ENS020,ALG,Algorithmique,GL,2,3,1,3,3,1,-2,2,0.33,284,0.25,1,0,2.25,1,3,0,1,1,2,0.5,5,1,0.77,0,0,2.67,3,9,23.69
ENS014,GC_STRU,Structure Batiment,GC,2,3,3,4,1,1,0,1,0.67,267,0.25,1,0,3.0,2,4,0,0,3,3,0.67,4,1,0.68,1,0,4.47,3,8,25.84
ENS021,PROG,Programmation,GL,4,4,2,2,1,0,-2,0,-0.67,213,0.33,1,1,3.0,2,4,0,0,3,1,1.0,5,3,0.55,4,1,2.63,3,7,26.51
ENS027,WEB_B,Developpement Web Back,WEB,3,3,5,3,0,0,2,-2,0.0,198,0.42,1,0,3.5,3,5,1,0,2,3,0.67,5,2,0.77,1,0,3.15,3,6,25.65
ENS011,ANG,Anglais Technique,SUP,3,2,2,2,1,-1,0,0,-0.33,84,0.42,0,0,2.25,2,3,0,0,1,2,0.5,4,1,0.51,2,1,3.44,2,2,22.43
ENS020,PED,Pedagogie,SUP,3,3,3,4,1,0,0,1,0.33,229,0.0,1,0,3.25,3,4,0,0,3,3,0.67,2,3,0.91,0,0,4.26,2,7,20.07
ENS014,RESEAU,Reseaux,RT,3,3,3,3,0,0,0,0,0.0,297,0.33,1,0,3.0,3,3,0,0,2,1,1.0,0,1,0.62,3,2,4.0,2,9,17.1
ENS002,WEB_F,Developpement Web Front,WEB,4,4,4,4,2,0,0,0,0.0,33,0.42,0,0,4.0,4,4,0,0,2,2,0.5,3,0,0.83,1,2,4.17,4,1,25.49
ENS017,PROG,Programmation,GL,5,5,3,4,0,0,-2,1,-0.33,198,0.42,1,0,4.25,3,5,2,0,2,1,1.0,1,1,0.73,3,2,3.58,3,6,20.31
ENS021,ALG,Algorithmique,GL,1,3,2,3,3,2,-1,1,0.67,292,0.42,1,0,2.25,1,3,0,1,1,3,0.67,2,1,0.94,3,1,3.89,1,9,20.98
ENS024,SEC,Securite Informatique,RT,4,4,2,4,1,0,-2,2,0.0,151,0.25,0,0,3.5,2,4,0,0,3,2,0.5,4,2,0.85,2,1,3.87,3,5,26.49
ENS027,SEC,Securite Informatique,RT,3,3,2,2,1,0,-1,0,-0.33,248,0.08,1,0,2.5,2,3,0,0,2,3,0.67,2,2,0.79,2,1,4.16,1,8,19.77
ENS006,PROG,Programmation,GL,5,4,3,5,0,-1,-1,2,0.0,204,0.33,1,0,4.25,3,5,2,0,3,3,0.67,1,2,0.93,4,2,2.61,4,6,21.87
ENS008,GC_STRU,Structure Batiment,GC,2,3,2,2,3,1,-1,0,0.0,284,0.17,1,0,2.25,2,3,0,0,2,3,0.67,4,0,0.67,4,1,4.49,2,9,27.33
ENS026,WEB_F,Developpement Web Front,WEB,1,2,1,1,3,1,-1,0,0.0,59,0.25,0,0,1.25,1,2,0,3,3,3,0.67,0,3,0.71,3,0,4.26,2,1,18.07
ENS018,RESEAU,Reseaux,RT,3,4,2,4,2,1,-2,2,0.33,290,0.33,1,0,3.25,2,4,0,0,1,2,0.5,4,1,0.57,1,2,3.92,3,9,24.19
ENS017,WEB_B,Developpement Web Back,WEB,1,1,1,1,3,0,0,0,0.0,96,0.33,0,0,1.0,1,1,0,4,2,3,0.67,0,1,0.6,1,2,4.1,3,3,16.7
ENS025,PROG,Programmation,GL,2,2,3,2,1,0,1,-1,0.0,199,0.0,1,0,2.25,2,3,0,0,2,3,0.67,3,1,0.62,0,0,2.78,2,6,17.66
ENS022,PED,Pedagogie,SUP,1,2,2,2,2,1,0,0,0.33,247,0.33,1,0,1.75,1,2,0,1,2,1,1.0,4,1,0.82,2,1,3.19,4,8,26.48
ENS023,SEC,Securite Informatique,RT,2,2,2,2,2,0,0,0,0.0,158,0.0,0,0,2.0,2,2,0,0,1,2,0.5,2,2,0.92,2,2,3.05,4,5,22.7
ENS001,GESTION,Gestion de Projet,SUP,3,2,2,2,0,-1,0,0,-0.33,335,0.0,1,0,2.25,2,3,0,0,3,1,1.0,3,0,0.88,2,0,3.38,4,11,25.16
ENS002,GESTION,Gestion de Projet,SUP,1,1,1,1,2,0,0,0,0.0,365,0.42,1,0,1.0,1,1,0,4,3,1,1.0,2,3,0.63,3,2,3.89,2,12,20.93
ENS026,ALG,Algorithmique,GL,2,1,1,1,3,-1,0,0,-0.33,204,0.33,1,0,1.25,1,2,0,3,2,1,1.0,1,3,0.6,2,1,2.51,4,6,18.02
ENS003,SEC,Securite Informatique,RT,3,4,4,4,0,1,0,0,0.33,140,0.08,0,0,3.75,3,4,0,0,3,1,1.0,3,3,0.89,1,2,3.95,1,4,20.85
ENS008,GC_STRU,Structure Batiment,GC,4,5,4,3,0,1,-1,-1,-0.33,121,0.42,0,0,4.0,3,5,1,0,3,1,1.0,3,3,0.82,1,1,4.28,1,4,21.16
ENS007,WEB_F,Developpement Web Front,WEB,2,4,2,2,1,2,-2,0,0.0,257,0.17,1,0,2.5,2,4,0,0,2,3,0.67,0,3,0.55,4,0,3.36,4,8,19.47
ENS007,GESTION,Gestion de Projet,SUP,1,3,1,2,2,2,-2,1,0.33,49,0.0,0,0,1.75,1,3,0,2,1,3,0.67,1,2,0.64,0,1,3.37,4,1,17.94
ENS005,WEB_F,Developpement Web Front,WEB,1,1,1,1,3,0,0,0,0.0,151,0.42,0,0,1.0,1,1,0,4,1,3,0.67,5,0,0.83,1,2,4.34,2,5,26.83
ENS024,RESEAU,Reseaux,RT,1,1,2,1,2,0,1,-1,0.0,73,0.08,0,0,1.25,1,2,0,3,1,2,0.5,0,0,0.9,1,0,3.52,4,2,18.54
ENS004,GESTION,Gestion de Projet,SUP,3,4,3,2,0,1,-1,-1,-0.33,191,0.17,1,0,3.0,2,4,0,0,3,3,0.67,2,3,0.83,4,1,4.08,2,6,23.31
ENS009,WEB_F,Developpement Web Front,WEB,2,3,2,2,1,1,-1,0,0.0,295,0.42,1,0,2.25,2,3,0,0,3,3,0.67,0,0,0.94,1,1,4.45,1,9,16.1
ENS020,WEB_B,Developpement Web Back,WEB,1,1,1,2,3,0,0,1,0.33,100,0.42,0,0,1.25,1,2,0,3,2,2,0.5,3,0,0.88,3,2,4.14,4,3,27.68
ENS003,ALG,Algorithmique,GL,3,3,2,4,2,0,-1,2,0.33,120,0.17,0,0,3.0,2,4,0,0,2,1,1.0,3,3,0.81,3,1,3.59,3,4,24.73
ENS029,WEB_B,Developpement Web Back,WEB,1,1,1,2,3,0,0,1,0.33,243,0.17,1,0,1.25,1,2,0,3,2,2,0.5,3,0,0.95,0,0,4.31,4,8,25.37
ENS004,GESTION,Gestion de Projet,SUP,3,5,4,3,0,2,-1,-1,0.0,61,0.33,0,0,3.75,3,5,1,0,1,3,0.67,1,3,0.81,0,2,3.79,4,2,19.63
ENS020,GC_STRU,Structure Batiment,GC,4,3,4,3,0,-1,1,-1,-0.33,130,0.25,0,0,3.5,3,4,0,0,1,3,0.67,4,3,0.51,3,2,3.93,1,4,22.91
ENS010,BD,Bases de Donnees,INFO,1,1,3,3,3,0,2,0,0.67,271,0.33,1,0,2.0,1,3,0,2,2,3,0.67,0,1,0.71,4,0,4.3,2,9,19.15
ENS014,GC_MAT,Matériaux,GC,1,1,2,2,1,0,1,0,0.33,221,0.42,1,0,1.5,1,2,0,2,3,2,0.5,0,3,0.86,0,2,3.71,3,7,16.22
ENS017,BD,Bases de Donnees,INFO,5,3,5,4,0,-2,2,-1,-0.33,90,0.25,0,0,4.25,3,5,2,0,1,3,0.67,4,3,0.72,0,1,2.84,4,3,23.28
ENS013,GC_STRU,Structure Batiment,GC,2,3,1,3,3,1,-2,2,0.33,176,0.0,0,0,2.25,1,3,0,1,2,1,1.0,1,3,0.94,4,1,3.96,4,5,24.62
ENS020,SEC,Securite Informatique,RT,3,4,2,4,2,1,-2,2,0.33,72,0.42,0,0,3.25,2,4,0,0,1,2,0.5,0,0,0.52,4,0,2.6,4,2,17.8
ENS030,GC_STRU,Structure Batiment,GC,1,1,2,3,3,0,1,1,0.67,120,0.0,0,0,1.75,1,3,0,2,2,1,1.0,1,2,0.8,4,1,2.83,2,4,18.66
ENS023,GC_MAT,Matériaux,GC,3,3,3,1,2,0,0,-2,-0.67,36,0.42,0,1,2.5,1,3,0,1,1,3,0.67,3,2,0.91,4,1,3.04,4,1,26.63
ENS030,GC_MAT,Matériaux,GC,3,3,3,3,4,0,0,0,0.0,357,0.08,1,0,3.0,3,3,0,0,3,2,0.5,2,3,0.84,2,0,3.19,4,11,22.58
ENS023,GESTION,Gestion de Projet,SUP,5,5,5,5,2,0,0,0,0.0,362,0.08,1,0,5.0,5,5,4,0,1,2,0.5,0,3,0.63,2,2,2.92,3,12,15.49
ENS011,ALG,Algorithmique,GL,2,4,3,2,1,2,-1,-1,0.0,152,0.25,0,0,2.75,2,4,0,0,3,1,1.0,3,3,0.86,3,2,3.65,4,5,26.6
ENS020,WEB_F,Developpement Web Front,WEB,2,3,1,3,3,1,-2,2,0.33,32,0.33,0,0,2.25,1,3,0,1,2,2,0.5,3,0,0.86,3,1,3.7,1,1,22.2
ENS016,RESEAU,Reseaux,RT,3,4,3,4,1,1,-1,1,0.33,170,0.17,0,0,3.5,3,4,0,0,3,3,0.67,0,0,0.6,2,2,3.3,3,5,16.1
ENS022,BD,Bases de Donnees,INFO,2,1,2,1,3,-1,1,-1,-0.33,199,0.0,1,0,1.5,1,2,0,2,3,3,0.67,4,3,0.59,2,1,4.03,3,6,25.51
ENS015,GESTION,Gestion de Projet,SUP,1,2,3,3,1,1,1,0,0.67,89,0.0,0,0,2.25,1,3,0,1,3,1,1.0,5,2,0.86,0,2,3.0,4,2,26.3
ENS013,RESEAU,Reseaux,RT,3,3,3,3,4,0,0,0,0.0,335,0.08,1,0,3.0,3,3,0,0,1,1,1.0,1,2,0.87,3,0,3.5,2,11,19.35
ENS025,PED,Pedagogie,SUP,2,4,3,4,3,2,-1,1,0.67,302,0.0,1,0,3.25,2,4,0,0,1,1,1.0,1,3,0.62,2,2,4.44,4,10,21.98
ENS005,GC_STRU,Structure Batiment,GC,3,1,1,2,3,-2,0,1,-0.33,309,0.08,1,0,1.75,1,3,0,2,3,3,0.67,3,0,0.82,1,0,4.21,3,10,24.02
ENS003,ANG,Anglais Technique,SUP,2,3,2,3,2,1,-1,1,0.33,258,0.17,1,0,2.5,2,3,0,0,2,1,1.0,2,1,0.76,3,0,3.46,3,8,22.22
ENS021,WEB_F,Developpement Web Front,WEB,2,1,1,1,2,-1,0,0,-0.33,70,0.25,0,0,1.25,1,2,0,3,1,2,0.5,2,0,0.86,2,0,3.74,2,2,20.78
ENS023,PED,Pedagogie,SUP,4,4,4,5,2,0,0,1,0.33,331,0.33,1,0,4.25,4,5,1,0,3,2,0.5,3,2,0.63,2,2,3.02,4,11,23.19
ENS006,SEC,Securite Informatique,RT,4,3,3,4,0,-1,0,1,0.0,342,0.08,1,0,3.5,3,4,0,0,3,3,0.67,5,1,0.69,0,2,3.16,4,11,25.77
ENS010,ANG,Anglais Technique,SUP,1,3,2,2,2,2,-1,0,0.33,327,0.08,1,0,2.0,1,3,0,1,2,2,0.5,1,0,0.55,2,2,3.07,3,10,17.39
ENS023,BD,Bases de Donnees,INFO,2,3,1,2,3,1,-2,1,0.0,238,0.0,1,0,2.0,1,3,0,1,1,2,0.5,3,3,0.56,1,2,4.34,1,7,19.98
ENS001,GESTION,Gestion de Projet,SUP,2,1,3,2,1,-1,2,-1,0.0,159,0.33,0,0,2.0,1,3,0,1,1,2,0.5,1,0,0.67,1,2,2.76,3,5,16.37
ENS014,WEB_F,Developpement Web Front,WEB,1,1,1,1,2,0,0,0,0.0,363,0.42,1,0,1.0,1,1,0,4,2,1,1.0,4,3,0.79,1,1,3.1,3,12,23.65
ENS028,RESEAU,Reseaux,RT,1,1,1,1,3,0,0,0,0.0,69,0.08,0,0,1.0,1,1,0,4,3,3,0.67,0,3,0.75,1,2,4.31,1,2,14.87
ENS018,GC_STRU,Structure Batiment,GC,4,4,3,4,1,0,-1,1,0.0,207,0.33,1,0,3.75,3,4,0,0,3,2,0.5,4,3,0.67,2,1,3.15,3,6,24.15
ENS027,PED,Pedagogie,SUP,1,3,1,1,3,2,-2,0,0.0,203,0.08,1,0,1.5,1,3,0,3,1,1,1.0,5,3,0.69,0,1,4.17,3,6,26.29
ENS028,RESEAU,Reseaux,RT,2,3,3,3,4,1,0,0,0.33,119,0.33,0,0,2.75,2,3,0,0,3,1,1.0,5,2,0.7,0,1,2.81,2,3,22.12
ENS009,WEB_F,Developpement Web Front,WEB,2,4,2,4,1,2,-2,2,0.67,345,0.33,1,0,3.0,2,4,0,0,3,2,0.5,0,1,0.59,1,0,2.92,4,11,15.79
ENS021,GESTION,Gestion de Projet,SUP,3,4,3,3,0,1,-1,0,0.0,256,0.42,1,0,3.25,3,4,0,0,2,3,0.67,3,1,0.69,4,2,3.83,3,8,25.61
ENS005,SEC,Securite Informatique,RT,2,3,2,4,2,1,-1,2,0.67,44,0.42,0,0,2.75,2,4,0,0,1,1,1.0,0,3,0.7,1,1,3.38,1,1,12.76
ENS019,PROG,Programmation,GL,4,2,3,2,2,-2,1,-1,-0.67,143,0.17,0,1,2.75,2,4,0,0,3,3,0.67,2,2,0.72,2,1,2.85,2,4,18.3
ENS007,GC_STRU,Structure Batiment,GC,4,4,5,5,0,0,1,0,0.33,160,0.17,0,0,4.5,4,5,2,0,1,2,0.5,4,2,0.82,3,0,2.62,2,5,23.34
ENS024,PROG,Programmation,GL,3,2,4,4,2,-1,2,0,0.33,117,0.33,0,0,3.25,2,4,0,0,2,2,0.5,0,2,0.82,2,0,4.03,2,3,17.16
ENS024,ALG,Algorithmique,GL,2,2,2,2,2,0,0,0,0.0,326,0.25,1,0,2.0,2,2,0,0,2,3,0.67,0,2,0.55,3,1,4.44,1,10,16.13
ENS005,ANG,Anglais Technique,SUP,2,3,2,3,3,1,-1,1,0.33,234,0.42,1,0,2.5,2,3,0,0,2,1,1.0,4,3,0.88,2,1,3.72,3,7,26.34
ENS016,RESEAU,Reseaux,RT,2,3,3,2,4,1,0,-1,0.0,285,0.42,1,0,2.5,2,3,0,0,1,1,1.0,1,1,0.78,0,2,2.83,3,9,16.06
ENS004,GC_MAT,Matériaux,GC,2,3,2,3,3,1,-1,1,0.33,246,0.08,1,0,2.5,2,3,0,0,1,3,0.67,4,2,0.92,4,2,3.85,3,8,28.8
ENS015,GC_STRU,Structure Batiment,GC,2,3,3,2,1,1,0,-1,0.0,355,0.33,1,0,2.5,2,3,0,0,3,2,0.5,1,0,0.54,0,0,4.22,2,11,16.14
ENS016,WEB_F,Developpement Web Front,WEB,4,4,2,4,1,0,-2,2,0.0,288,0.25,1,0,3.5,2,4,0,0,1,2,0.5,1,1,0.61,3,2,3.75,3,9,20.05
ENS030,GESTION,Gestion de Projet,SUP,5,3,3,5,1,-2,0,2,0.0,217,0.08,1,0,4.0,3,5,2,0,1,2,0.5,2,1,0.65,3,0,2.76,4,7,21.77
ENS023,RESEAU,Reseaux,RT,1,1,2,1,3,0,1,-1,0.0,193,0.25,1,0,1.25,1,2,0,3,2,3,0.67,3,2,0.71,4,2,4.3,3,6,26.65
ENS023,ANG,Anglais Technique,SUP,5,5,5,5,1,0,0,0,0.0,218,0.0,1,0,5.0,5,5,4,0,2,2,0.5,5,1,0.81,3,0,3.63,1,7,25.81
ENS027,GC_MAT,Matériaux,GC,3,2,3,4,0,-1,1,1,0.33,176,0.0,0,0,3.0,2,4,0,0,3,1,1.0,4,2,0.92,2,0,3.98,3,5,27.06
ENS013,GC_MAT,Matériaux,GC,1,1,1,2,2,0,0,1,0.33,68,0.25,0,0,1.25,1,2,0,3,3,2,0.5,0,0,0.77,1,0,3.1,3,2,15.55
ENS023,PED,Pedagogie,SUP,3,3,4,3,1,0,1,-1,0.0,60,0.08,0,0,3.25,3,4,0,0,1,3,0.67,1,3,0.78,4,1,3.43,1,2,18.26
ENS009,GC_MAT,Matériaux,GC,3,3,3,1,2,0,0,-2,-0.67,59,0.08,0,1,2.5,1,3,0,1,3,2,0.5,5,1,0.58,0,0,3.98,3,1,25.36
ENS018,PROG,Programmation,GL,4,3,5,5,0,-1,2,0,0.33,132,0.25,0,0,4.25,3,5,2,0,1,2,0.5,5,0,0.76,0,0,4.09,1,4,23.48
ENS017,WEB_F,Developpement Web Front,WEB,2,1,1,2,3,-1,0,1,0.0,211,0.25,1,0,1.5,1,2,0,2,3,2,0.5,4,0,0.82,2,1,3.72,3,7,26.04
ENS007,BD,Bases de Donnees,INFO,1,1,3,1,3,0,2,-2,0.0,184,0.25,1,0,1.5,1,3,0,3,1,1,1.0,4,0,0.93,0,0,4.1,2,6,23.85
ENS017,WEB_F,Developpement Web Front,WEB,3,4,4,3,2,1,0,-1,0.0,139,0.33,0,0,3.5,3,4,0,0,3,3,0.67,3,1,0.9,3,2,3.33,2,4,23.16
ENS017,SEC,Securite Informatique,RT,3,2,3,2,1,-1,1,-1,-0.33,89,0.08,0,0,2.5,2,3,0,0,1,1,1.0,4,0,0.9,1,2,2.67,2,2,21.84
ENS018,ANG,Anglais Technique,SUP,4,4,5,5,0,0,1,0,0.33,113,0.33,0,0,4.5,4,5,2,0,3,3,0.67,0,0,0.76,3,1,4.12,2,3,18.04
ENS011,GC_STRU,Structure Batiment,GC,2,2,4,2,1,0,2,-2,0.0,292,0.08,1,0,2.5,2,4,0,0,1,3,0.67,1,1,0.64,4,2,4.13,2,9,20.46
ENS003,GC_STRU,Structure Batiment,GC,1,2,1,1,4,1,-1,0,0.0,280,0.0,1,0,1.25,1,2,0,3,2,3,0.67,5,0,0.91,0,0,4.22,2,9,25.99
ENS026,ANG,Anglais Technique,SUP,3,3,3,1,3,0,0,-2,-0.67,178,0.0,0,1,2.5,1,3,0,1,2,1,1.0,0,1,0.82,1,0,4.03,2,5,16.16
ENS027,GESTION,Gestion de Projet,SUP,2,2,3,2,4,0,1,-1,0.0,69,0.17,0,0,2.25,2,3,0,0,3,2,0.5,3,2,0.53,3,1,3.19,2,2,21.03
ENS005,GC_STRU,Structure Batiment,GC,2,3,3,2,1,1,0,-1,0.0,68,0.25,0,0,2.5,2,3,0,0,3,1,1.0,0,3,0.51,1,2,3.49,1,2,12.03
ENS002,WEB_B,Developpement Web Back,WEB,3,5,5,5,1,2,0,0,0.67,191,0.42,1,0,4.5,3,5,3,0,2,1,1.0,1,3,0.89,1,0,3.35,4,6,20.15
ENS008,RESEAU,Reseaux,RT,1,1,2,3,4,0,1,1,0.67,335,0.25,1,0,1.75,1,3,0,2,2,3,0.67,4,1,0.89,1,0,2.94,4,11,25.33
ENS005,RESEAU,Reseaux,RT,1,1,2,1,4,0,1,-1,0.0,297,0.0,1,0,1.25,1,2,0,3,1,3,0.67,3,0,0.62,0,2,3.34,2,9,18.78
ENS013,GESTION,Gestion de Projet,SUP,1,1,2,1,4,0,1,-1,0.0,202,0.33,1,0,1.25,1,2,0,3,2,2,0.5,2,1,0.78,1,0,3.44,1,6,17.28
ENS002,BD,Bases de Donnees,INFO,3,2,1,1,2,-1,-1,0,-0.67,307,0.42,1,1,1.75,1,3,0,2,1,3,0.67,2,2,0.83,2,1,4.5,1,10,20.65
ENS021,RESEAU,Reseaux,RT,1,3,1,3,3,2,-2,2,0.67,139,0.17,0,0,2.0,1,3,0,2,3,1,1.0,1,3,0.72,4,0,3.6,4,4,22.8
ENS004,BD,Bases de Donnees,INFO,3,4,5,5,0,1,1,0,0.67,153,0.33,0,0,4.25,3,5,2,0,1,1,1.0,2,1,0.69,3,1,3.54,4,5,23.53
ENS006,GC_MAT,Matériaux,GC,1,1,2,1,2,0,1,-1,0.0,80,0.25,0,0,1.25,1,2,0,3,1,2,0.5,0,1,0.52,1,0,3.41,3,2,14.92
ENS020,GC_STRU,Structure Batiment,GC,1,3,2,2,2,2,-1,0,0.33,92,0.17,0,0,2.0,1,3,0,1,2,3,0.67,2,0,0.73,0,2,4.05,3,3,20.25
ENS009,PROG,Programmation,GL,3,4,4,3,2,1,0,-1,0.0,139,0.42,0,0,3.5,3,4,0,0,2,1,1.0,0,3,0.74,0,0,3.11,1,4,11.42
ENS025,ALG,Algorithmique,GL,1,2,1,1,2,1,-1,0,0.0,234,0.42,1,0,1.25,1,2,0,3,3,1,1.0,2,2,0.65,2,1,4.44,3,7,22.63
ENS015,GC_STRU,Structure Batiment,GC,1,3,2,3,3,2,-1,1,0.67,289,0.17,1,0,2.25,1,3,0,1,1,2,0.5,3,0,0.94,0,0,3.08,3,9,21.36
ENS002,RESEAU,Reseaux,RT,3,3,2,2,4,0,-1,0,-0.33,240,0.25,1,0,2.5,2,3,0,0,1,1,1.0,1,0,0.88,0,2,4.41,2,8,18.22
ENS016,PED,Pedagogie,SUP,2,3,2,2,3,1,-1,0,0.0,330,0.25,1,0,2.25,2,3,0,0,2,3,0.67,1,0,0.79,3,2,4.24,2,11,20.43
ENS026,BD,Bases de Donnees,INFO,4,5,3,5,0,1,-2,2,0.33,58,0.33,0,0,4.25,3,5,2,0,2,3,0.67,5,3,0.51,4,0,3.02,1,1,24.09
ENS022,ALG,Algorithmique,GL,2,3,2,1,2,1,-1,-1,-0.33,126,0.25,0,0,2.0,1,3,0,1,3,2,0.5,0,1,0.62,4,2,3.0,3,4,17.6
ENS005,GC_STRU,Structure Batiment,GC,2,4,3,3,0,2,-1,0,0.33,245,0.08,1,0,3.0,2,4,0,0,2,3,0.67,2,2,0.89,0,1,4.12,3,8,21.19
ENS009,WEB_F,Developpement Web Front,WEB,1,1,2,2,2,0,1,0,0.33,324,0.17,1,0,1.5,1,2,0,2,2,1,1.0,0,3,0.88,2,1,2.76,3,10,16.42
ENS014,GC_STRU,Structure Batiment,GC,2,4,2,2,0,2,-2,0,0.0,64,0.42,0,0,2.5,2,4,0,0,2,1,1.0,2,2,0.71,2,2,4.0,2,2,20.55
ENS009,PED,Pedagogie,SUP,2,3,4,2,2,1,1,-2,0.0,312,0.08,1,0,2.75,2,4,0,0,1,2,0.5,2,3,0.82,0,0,2.68,1,10,14.96
ENS014,WEB_B,Developpement Web Back,WEB,4,5,3,3,2,1,-2,0,-0.33,355,0.42,1,0,3.75,3,5,1,0,2,2,0.5,3,0,0.83,1,0,4.21,3,11,24.07
ENS003,SEC,Securite Informatique,RT,4,3,2,4,1,-1,-1,2,0.0,118,0.42,0,0,3.25,2,4,0,0,3,3,0.67,1,2,0.82,1,2,2.9,2,3,15.9
ENS006,PED,Pedagogie,SUP,4,3,5,5,2,-1,2,0,0.33,237,0.42,1,0,4.25,3,5,2,0,2,3,0.67,4,0,0.8,0,0,3.33,3,7,23.16
ENS001,GC_MAT,Matériaux,GC,3,3,4,3,3,0,1,-1,0.0,79,0.0,0,0,3.25,3,4,0,0,2,3,0.67,4,1,0.9,0,2,4.23,4,2,26.96
ENS025,SEC,Securite Informatique,RT,2,4,4,4,1,2,0,0,0.67,31,0.25,0,0,3.5,2,4,0,0,3,3,0.67,0,0,0.94,0,0,3.1,4,1,16.9
ENS030,BD,Bases de Donnees,INFO,1,1,1,2,3,0,0,1,0.33,328,0.33,1,0,1.25,1,2,0,3,1,1,1.0,4,3,0.66,2,0,3.96,3,10,25.72
ENS019,ALG,Algorithmique,GL,2,1,3,3,3,-1,2,0,0.33,124,0.08,0,0,2.25,1,3,0,1,2,3,0.67,5,3,0.94,4,2,4.18,4,4,33.06
ENS013,BD,Bases de Donnees,INFO,2,1,1,2,2,-1,0,1,0.0,353,0.08,1,0,1.5,1,2,0,2,2,1,1.0,1,2,0.92,1,0,4.0,1,11,17.1
ENS015,PROG,Programmation,GL,4,2,2,3,2,-2,0,1,-0.33,344,0.25,1,0,2.75,2,4,0,0,3,2,0.5,3,0,0.57,3,1,4.32,2,11,23.49
ENS021,PROG,Programmation,GL,5,3,5,5,0,-2,2,0,0.0,62,0.25,0,0,4.5,3,5,3,0,2,2,0.5,5,1,0.94,0,0,2.88,4,2,26.46
ENS012,RESEAU,Reseaux,RT,1,3,3,1,3,2,0,-2,0.0,279,0.33,1,0,2.0,1,3,0,2,1,3,0.67,5,3,0.91,3,2,2.95,1,9,24.95
ENS023,WEB_F,Developpement Web Front,WEB,3,4,2,4,2,1,-2,2,0.33,169,0.33,0,0,3.25,2,4,0,0,2,3,0.67,1,3,0.72,2,2,3.38,4,5,20.36
ENS029,WEB_F,Developpement Web Front,WEB,2,1,2,1,2,-1,1,-1,-0.33,273,0.17,1,0,1.5,1,2,0,2,3,2,0.5,2,3,0.64,1,1,3.44,3,9,19.58
ENS021,RESEAU,Reseaux,RT,3,2,1,3,3,-1,-1,2,0.0,258,0.33,1,0,2.25,1,3,0,1,2,2,0.5,3,2,0.5,0,0,3.11,2,8,17.72
ENS012,BD,Bases de Donnees,INFO,1,1,1,2,3,0,0,1,0.33,343,0.08,1,0,1.25,1,2,0,3,1,1,1.0,1,3,0.8,2,1,2.84,3,11,18.18
ENS005,BD,Bases de Donnees,INFO,4,3,3,3,0,-1,0,0,-0.33,266,0.17,1,0,3.25,3,4,0,0,1,3,0.67,3,1,0.65,3,2,3.19,2,8,21.63
ENS016,PROG,Programmation,GL,4,4,4,5,0,0,0,1,0.33,94,0.17,0,0,4.25,4,5,1,0,3,3,0.67,1,3,0.84,4,2,4.47,1,3,20.64
ENS003,GESTION,Gestion de Projet,SUP,3,2,1,2,4,-1,-1,1,-0.33,337,0.08,1,0,2.0,1,3,0,1,1,1,1.0,3,3,0.6,2,0,2.8,3,11,21.1
ENS001,ANG,Anglais Technique,SUP,3,2,1,3,1,-1,-1,2,0.0,101,0.08,0,0,2.25,1,3,0,1,2,3,0.67,1,1,0.65,4,0,2.7,2,3,17.65
ENS008,ALG,Algorithmique,GL,2,4,3,4,1,2,-1,1,0.67,33,0.33,0,0,3.25,2,4,0,0,3,3,0.67,2,1,0.79,2,0,2.91,4,1,21.77
ENS009,ANG,Anglais Technique,SUP,1,2,1,1,1,1,-1,0,0.0,130,0.42,0,0,1.25,1,2,0,3,1,3,0.67,5,1,0.74,2,1,3.77,1,4,24.74
ENS026,GC_MAT,Matériaux,GC,2,3,4,3,2,1,1,-1,0.33,167,0.25,0,0,3.0,2,4,0,0,1,2,0.5,0,2,0.84,0,1,4.4,4,5,19.0
ENS027,GC_MAT,Matériaux,GC,4,2,4,4,1,-2,2,0,0.0,219,0.42,1,0,3.5,2,4,0,0,2,2,0.5,2,1,0.54,3,2,3.89,2,7,20.48
ENS013,RESEAU,Reseaux,RT,1,2,2,1,4,1,0,-1,0.0,195,0.08,1,0,1.5,1,2,0,2,3,1,1.0,5,3,0.59,4,1,3.54,3,6,28.53
ENS021,BD,Bases de Donnees,INFO,5,3,4,5,0,-2,1,1,0.0,355,0.33,1,0,4.25,3,5,2,0,1,1,1.0,4,3,0.78,4,1,4.33,2,11,27.56
ENS001,WEB_B,Developpement Web Back,WEB,2,1,1,2,2,-1,0,1,0.0,151,0.08,0,0,1.5,1,2,0,2,1,3,0.67,4,2,0.84,3,1,4.1,1,5,24.9
ENS030,GC_STRU,Structure Batiment,GC,4,4,4,2,0,0,0,-2,-0.67,35,0.25,0,1,3.5,2,4,0,0,2,2,0.5,5,3,0.79,0,1,3.79,2,1,24.53
ENS016,GC_STRU,Structure Batiment,GC,3,3,3,3,0,0,0,0,0.0,182,0.33,1,0,3.0,3,3,0,0,3,3,0.67,4,3,0.61,4,2,3.22,1,6,22.99
ENS005,ALG,Algorithmique,GL,2,1,1,2,3,-1,0,1,0.0,188,0.08,1,0,1.5,1,2,0,2,2,2,0.5,1,1,0.55,2,2,4.02,2,6,17.79
ENS025,WEB_F,Developpement Web Front,WEB,3,2,2,1,3,-1,0,-1,-0.67,146,0.33,0,1,2.0,1,3,0,1,3,2,0.5,4,2,0.91,2,0,2.9,3,4,24.85
ENS016,BD,Bases de Donnees,INFO,2,3,2,2,0,1,-1,0,0.0,364,0.17,1,0,2.25,2,3,0,0,1,1,1.0,3,0,0.73,1,0,2.61,1,12,17.37
ENS013,GC_STRU,Structure Batiment,GC,2,4,2,4,2,2,-2,2,0.67,134,0.25,0,0,3.0,2,4,0,0,3,2,0.5,1,1,0.66,3,2,4.09,2,4,19.48
ENS018,WEB_F,Developpement Web Front,WEB,2,2,1,1,3,0,-1,0,-0.33,175,0.33,0,0,1.5,1,2,0,2,2,2,0.5,4,1,0.77,0,1,3.84,1,5,21.03
ENS014,PED,Pedagogie,SUP,3,5,3,3,2,2,-2,0,0.0,310,0.33,1,0,3.5,3,5,1,0,2,2,0.5,5,0,0.84,1,2,2.81,3,10,25.32
ENS022,RESEAU,Reseaux,RT,4,4,5,5,1,0,1,0,0.33,270,0.33,1,0,4.5,4,5,2,0,2,3,0.67,2,2,0.54,3,0,4.07,1,9,19.34
ENS007,WEB_F,Developpement Web Front,WEB,3,1,2,1,3,-2,1,-1,-0.67,217,0.42,1,1,1.75,1,3,0,2,3,1,1.0,0,2,0.66,3,0,3.93,4,7,20.16
ENS027,GC_MAT,Matériaux,GC,3,4,3,3,2,1,-1,0,0.0,149,0.33,0,0,3.25,3,4,0,0,2,3,0.67,0,2,0.56,4,0,3.82,4,4,20.44
ENS030,WEB_F,Developpement Web Front,WEB,3,3,2,4,1,0,-1,2,0.33,307,0.17,1,0,3.0,2,4,0,0,3,2,0.5,3,0,0.77,4,2,2.97,4,10,25.79
ENS016,BD,Bases de Donnees,INFO,4,3,4,4,0,-1,1,0,0.0,236,0.33,1,0,3.75,3,4,0,0,2,3,0.67,1,0,0.68,2,0,2.8,1,7,14.5
ENS024,WEB_F,Developpement Web Front,WEB,4,4,4,4,3,0,0,0,0.0,173,0.25,0,0,4.0,4,4,0,0,3,3,0.67,1,2,0.92,2,0,3.22,4,5,21.04
ENS012,GC_MAT,Matériaux,GC,4,3,2,2,1,-1,-1,0,-0.67,82,0.42,0,1,2.75,2,4,0,0,2,2,0.5,0,1,0.73,0,0,3.54,1,2,12.23
ENS008,GC_STRU,Structure Batiment,GC,2,3,3,3,2,1,0,0,0.33,248,0.0,1,0,2.75,2,3,0,0,2,3,0.67,0,1,0.71,2,1,3.05,4,8,17.65
ENS002,RESEAU,Reseaux,RT,5,5,3,5,1,0,-2,2,0.0,248,0.0,1,0,4.5,3,5,3,0,1,1,1.0,0,2,0.52,1,2,3.65,4,8,16.9
ENS019,GC_STRU,Structure Batiment,GC,5,4,4,5,0,-1,0,1,0.0,356,0.33,1,0,4.5,4,5,2,0,3,1,1.0,0,2,0.56,4,2,2.94,2,11,15.68
ENS027,ANG,Anglais Technique,SUP,2,1,3,2,3,-1,2,-1,0.0,30,0.0,0,0,2.0,1,3,0,1,1,3,0.67,2,2,0.84,0,0,3.67,4,1,21.54
ENS026,WEB_F,Developpement Web Front,WEB,1,3,1,1,2,2,-2,0,0.0,65,0.08,0,0,1.5,1,3,0,3,2,2,0.5,3,0,0.93,0,1,3.62,4,2,23.89
ENS011,GC_MAT,Matériaux,GC,2,2,1,2,1,0,-1,1,0.0,320,0.33,1,0,1.75,1,2,0,1,1,1,1.0,3,2,0.52,2,1,2.74,1,10,17.58
ENS028,WEB_B,Developpement Web Back,WEB,5,5,5,3,2,0,0,-2,-0.67,302,0.25,1,1,4.5,3,5,3,0,1,3,0.67,3,3,0.53,0,2,2.52,3,10,18.19
ENS022,SEC,Securite Informatique,RT,4,2,4,2,1,-2,2,-2,-0.67,38,0.25,0,1,3.0,2,4,0,0,3,1,1.0,4,3,0.54,4,0,2.92,2,1,23.54
ENS029,WEB_F,Developpement Web Front,WEB,2,2,3,4,1,0,1,1,0.67,99,0.0,0,0,2.75,2,4,0,0,3,2,0.5,0,0,0.92,1,1,4.25,1,3,15.6
ENS022,WEB_B,Developpement Web Back,WEB,2,2,2,3,4,0,0,1,0.33,109,0.42,0,0,2.25,2,3,0,0,2,2,0.5,4,0,0.67,0,0,3.88,2,3,22.11
ENS001,PROG,Programmation,GL,4,5,3,5,0,1,-2,2,0.33,147,0.0,0,0,4.25,3,5,2,0,2,3,0.67,2,0,0.69,3,2,2.69,1,4,17.33
ENS024,GC_MAT,Matériaux,GC,2,4,3,2,0,2,-1,-1,0.0,307,0.0,1,0,2.75,2,4,0,0,1,3,0.67,5,1,0.89,1,2,3.73,2,10,25.91
ENS023,RESEAU,Reseaux,RT,2,2,2,3,0,0,0,1,0.33,290,0.25,1,0,2.25,2,3,0,0,3,3,0.67,1,0,0.69,1,0,2.73,3,9,16.41
ENS012,GC_STRU,Structure Batiment,GC,5,4,5,4,0,-1,1,-1,-0.33,40,0.33,0,0,4.5,4,5,2,0,3,2,0.5,5,0,0.76,3,2,2.6,3,1,26.5
ENS003,WEB_B,Developpement Web Back,WEB,4,3,4,3,0,-1,1,-1,-0.33,102,0.0,0,0,3.5,3,4,0,0,1,2,0.5,0,0,0.68,2,0,4.38,1,3,15.66
ENS023,PED,Pedagogie,SUP,4,4,5,4,0,0,1,-1,0.0,342,0.25,1,0,4.25,4,5,1,0,1,2,0.5,0,1,0.62,4,1,3.03,3,11,17.66
ENS021,SEC,Securite Informatique,RT,2,3,2,4,2,1,-1,2,0.67,286,0.0,1,0,2.75,2,4,0,0,2,1,1.0,5,3,0.62,3,1,3.69,2,9,26.48
ENS018,PED,Pedagogie,SUP,3,3,3,3,4,0,0,0,0.0,322,0.42,1,0,3.0,3,3,0,0,1,2,0.5,2,1,0.77,2,0,3.11,1,10,17.57
ENS025,PROG,Programmation,GL,4,5,4,4,2,1,-1,0,0.0,250,0.08,1,0,4.25,4,5,1,0,2,1,1.0,5,2,0.7,3,2,2.67,3,8,26.34
ENS002,RESEAU,Reseaux,RT,2,2,2,3,2,0,0,1,0.33,283,0.08,1,0,2.25,2,3,0,0,3,3,0.67,3,0,0.71,2,2,3.92,3,9,23.89
ENS025,GC_MAT,Matériaux,GC,4,2,2,4,1,-2,0,2,0.0,341,0.25,1,0,3.0,2,4,0,0,2,1,1.0,0,3,0.67,4,1,3.37,2,11,17.09
ENS020,PED,Pedagogie,SUP,3,4,4,2,1,1,0,-2,-0.33,234,0.33,1,0,3.25,2,4,0,0,3,3,0.67,5,3,0.72,0,0,3.29,4,7,26.18
ENS016,PED,Pedagogie,SUP,1,2,3,2,4,1,1,-1,0.33,52,0.08,0,0,2.0,1,3,0,1,1,2,0.5,3,1,0.59,1,1,2.8,2,1,18.55
ENS015,PROG,Programmation,GL,3,4,3,4,2,1,-1,1,0.33,47,0.0,0,0,3.5,3,4,0,0,3,2,0.5,5,2,0.77,0,1,2.86,3,1,24.07
ENS005,SEC,Securite Informatique,RT,2,3,2,2,2,1,-1,0,0.0,199,0.08,1,0,2.25,2,3,0,0,1,1,1.0,5,0,0.73,2,1,2.53,2,6,23.71
ENS001,ANG,Anglais Technique,SUP,2,3,1,1,1,1,-2,0,-0.33,93,0.0,0,0,1.75,1,3,0,2,3,1,1.0,1,2,0.91,1,2,2.72,3,3,17.49
ENS029,GESTION,Gestion de Projet,SUP,4,4,2,3,1,0,-2,1,-0.33,292,0.08,1,0,3.25,2,4,0,0,2,3,0.67,1,3,0.89,3,2,4.02,2,9,20.49
ENS005,WEB_B,Developpement Web Back,WEB,5,4,3,3,0,-1,-1,0,-0.67,88,0.25,0,1,3.75,3,5,1,0,3,1,1.0,1,0,0.6,4,2,4.23,1,2,18.96
ENS025,GC_STRU,Structure Batiment,GC,4,2,4,2,2,-2,2,-2,-0.67,107,0.17,0,1,3.0,2,4,0,0,1,2,0.5,2,3,0.73,4,1,4.12,3,3,24.39
ENS010,PROG,Programmation,GL,4,5,4,4,2,1,-1,0,0.0,95,0.25,0,0,4.25,4,5,1,0,1,3,0.67,2,1,0.59,3,2,2.8,3,3,20.05
ENS028,SEC,Securite Informatique,RT,3,4,2,2,2,1,-2,0,-0.33,197,0.0,1,0,2.75,2,4,0,0,1,2,0.5,4,1,0.75,2,0,4.47,3,6,27.19
ENS015,PED,Pedagogie,SUP,3,3,2,4,2,0,-1,2,0.33,291,0.25,1,0,3.0,2,4,0,0,1,1,1.0,2,3,0.68,3,1,4.33,1,9,20.56
ENS007,BD,Bases de Donnees,INFO,3,1,3,3,3,-2,2,0,0.0,194,0.42,1,0,2.5,1,3,0,1,3,3,0.67,3,0,0.83,1,0,3.75,3,6,23.15
ENS002,GC_STRU,Structure Batiment,GC,2,2,4,2,2,0,2,-2,0.0,314,0.17,1,0,2.5,2,4,0,0,3,1,1.0,0,2,0.85,1,1,2.76,1,10,12.27
ENS019,ALG,Algorithmique,GL,2,2,3,1,1,0,1,-2,-0.33,164,0.08,0,0,2.0,1,3,0,1,1,3,0.67,0,0,0.86,0,1,4.34,3,5,17.48
ENS020,WEB_F,Developpement Web Front,WEB,2,4,4,3,3,2,0,-1,0.33,266,0.17,1,0,3.25,2,4,0,0,2,1,1.0,1,0,0.77,4,1,2.69,1,8,16.73
ENS030,WEB_B,Developpement Web Back,WEB,3,2,1,1,4,-1,-1,0,-0.67,327,0.25,1,1,1.75,1,3,0,2,1,3,0.67,3,3,0.51,0,0,3.99,3,10,21.03
ENS030,SEC,Securite Informatique,RT,3,4,4,5,2,1,0,1,0.67,307,0.42,1,0,4.0,3,5,1,0,2,3,0.67,5,3,0.78,4,2,3.51,4,10,30.92
ENS027,WEB_B,Developpement Web Back,WEB,5,4,3,5,1,-1,-1,2,0.0,89,0.17,0,0,4.25,3,5,2,0,3,3,0.67,1,3,0.77,1,1,3.37,2,2,16.59
ENS025,BD,Bases de Donnees,INFO,3,1,2,2,1,-2,1,0,-0.33,137,0.08,0,0,2.0,1,3,0,1,1,1,1.0,1,1,0.6,4,1,3.03,1,4,16.56
ENS025,PROG,Programmation,GL,3,2,3,3,1,-1,1,0,0.0,90,0.17,0,0,2.75,2,3,0,0,3,3,0.67,4,1,0.86,4,1,3.12,4,3,28.54
ENS019,PED,Pedagogie,SUP,5,4,4,3,0,-1,0,-1,-0.67,236,0.25,1,1,4.0,3,5,1,0,2,2,0.5,3,0,0.5,3,1,4.42,2,7,23.34
ENS018,WEB_B,Developpement Web Back,WEB,1,3,1,1,3,2,-2,0,0.0,360,0.33,1,0,1.5,1,3,0,3,1,1,1.0,4,1,0.89,4,1,4.23,2,12,27.91
ENS007,PROG,Programmation,GL,3,4,3,3,1,1,-1,0,0.0,163,0.42,0,0,3.25,3,4,0,0,1,3,0.67,1,1,0.88,2,2,4.06,4,5,22.52
ENS021,RESEAU,Reseaux,RT,4,2,4,2,2,-2,2,-2,-0.67,233,0.0,1,1,3.0,2,4,0,0,2,3,0.67,2,1,0.54,1,1,3.81,3,7,19.82
ENS022,RESEAU,Reseaux,RT,1,1,2,2,3,0,1,0,0.33,317,0.0,1,0,1.5,1,2,0,2,1,3,0.67,5,2,0.94,3,1,2.7,3,10,27.6
ENS019,WEB_B,Developpement Web Back,WEB,3,3,3,4,2,0,0,1,0.33,315,0.42,1,0,3.25,3,4,0,0,1,2,0.5,5,0,0.64,1,1,3.0,1,10,21.7
ENS024,WEB_B,Developpement Web Back,WEB,3,5,4,5,0,2,-1,1,0.67,209,0.17,1,0,4.25,3,5,2,0,3,3,0.67,5,2,0.76,2,0,2.65,2,6,24.1
ENS008,RESEAU,Reseaux,RT,2,3,1,1,2,1,-2,0,-0.33,239,0.08,1,0,1.75,1,3,0,2,3,2,0.5,2,3,0.58,3,1,3.36,4,7,22.62
ENS028,GC_STRU,Structure Batiment,GC,4,4,4,5,0,0,0,1,0.33,316,0.25,1,0,4.25,4,5,1,0,1,1,1.0,2,0,0.72,4,0,3.67,2,10,21.94
ENS016,WEB_B,Developpement Web Back,WEB,2,1,2,2,3,-1,1,0,0.0,121,0.25,0,0,1.75,1,2,0,1,2,1,1.0,1,1,0.77,0,2,4.12,4,4,20.09
ENS020,BD,Bases de Donnees,INFO,1,2,1,1,1,1,-1,0,0.0,71,0.08,0,0,1.25,1,2,0,3,3,1,1.0,2,2,0.74,0,1,3.07,2,2,16.84
ENS023,PROG,Programmation,GL,3,3,3,4,1,0,0,1,0.33,68,0.17,0,0,3.25,3,4,0,0,3,3,0.67,0,0,0.5,4,1,2.69,4,2,17.88
ENS024,PROG,Programmation,GL,4,4,5,5,0,0,1,0,0.33,351,0.42,1,0,4.5,4,5,2,0,3,3,0.67,0,2,0.94,3,0,3.56,1,11,16.32
ENS024,ANG,Anglais Technique,SUP,2,2,3,3,0,0,1,0,0.33,148,0.25,0,0,2.5,2,3,0,0,2,1,1.0,0,3,0.55,1,0,3.42,4,4,16.59
ENS015,GC_MAT,Matériaux,GC,3,2,4,2,0,-1,2,-2,-0.33,290,0.25,1,0,2.75,2,4,0,0,3,3,0.67,3,1,0.9,2,2,4.47,1,9,22.94
ENS016,SEC,Securite Informatique,RT,4,4,3,3,2,0,-1,0,-0.33,346,0.08,1,0,3.5,3,4,0,0,1,2,0.5,3,0,0.55,2,1,3.86,1,11,19.97
ENS025,GC_STRU,Structure Batiment,GC,3,4,3,2,1,1,-1,-1,-0.33,241,0.0,1,0,3.0,2,4,0,0,3,2,0.5,4,2,0.68,4,2,3.57,4,8,28.54
ENS016,ALG,Algorithmique,GL,1,1,2,1,4,0,1,-1,0.0,132,0.17,0,0,1.25,1,2,0,3,3,2,0.5,3,2,0.87,1,1,3.05,4,4,23.45
ENS015,PED,Pedagogie,SUP,1,1,2,1,2,0,1,-1,0.0,232,0.25,1,0,1.25,1,2,0,3,3,2,0.5,2,3,0.86,2,2,3.17,4,7,22.64
ENS012,WEB_B,Developpement Web Back,WEB,3,3,2,2,4,0,-1,0,-0.33,256,0.42,1,0,2.5,2,3,0,0,1,2,0.5,2,1,0.62,3,1,4.23,1,8,20.06
ENS019,WEB_F,Developpement Web Front,WEB,4,4,2,3,1,0,-2,1,-0.33,216,0.08,1,0,3.25,2,4,0,0,2,2,0.5,1,0,0.75,2,2,4.16,4,7,22.07
ENS005,ANG,Anglais Technique,SUP,5,4,5,5,0,-1,1,0,0.0,43,0.08,0,0,4.75,4,5,3,0,2,2,0.5,2,0,0.85,3,2,2.51,2,1,19.27
ENS013,ANG,Anglais Technique,SUP,5,4,4,5,1,-1,0,1,0.0,327,0.08,1,0,4.5,4,5,2,0,1,3,0.67,4,0,0.61,4,1,3.11,1,10,22.77
ENS019,SEC,Securite Informatique,RT,4,3,2,3,0,-1,-1,1,-0.33,137,0.0,0,0,3.0,2,4,0,0,2,1,1.0,2,0,0.82,3,0,2.85,3,4,21.3
ENS010,PROG,Programmation,GL,3,4,3,3,1,1,-1,0,0.0,238,0.17,1,0,3.25,3,4,0,0,3,1,1.0,4,3,0.78,3,0,2.9,3,7,25.2
ENS013,BD,Bases de Donnees,INFO,4,4,4,5,1,0,0,1,0.33,251,0.42,1,0,4.25,4,5,1,0,1,1,1.0,1,1,0.91,1,2,3.74,3,8,19.53
ENS005,GC_STRU,Structure Batiment,GC,1,2,3,1,3,1,1,-2,0.0,65,0.0,0,0,1.75,1,3,0,2,1,1,1.0,1,3,0.7,3,2,2.72,3,2,18.44
ENS005,GC_MAT,Matériaux,GC,2,3,3,4,0,1,0,1,0.67,266,0.25,1,0,3.0,2,4,0,0,3,3,0.67,3,1,0.73,1,0,3.35,3,8,21.85
ENS001,GC_MAT,Matériaux,GC,3,2,3,3,1,-1,1,0,0.0,168,0.42,0,0,2.75,2,3,0,0,2,3,0.67,4,1,0.88,0,1,3.84,2,5,23.08
ENS014,PROG,Programmation,GL,4,3,3,4,0,-1,0,1,0.0,236,0.33,1,0,3.5,3,4,0,0,2,2,0.5,3,3,0.53,0,2,4.19,1,7,18.53
ENS014,RESEAU,Reseaux,RT,1,2,1,1,4,1,-1,0,0.0,78,0.08,0,0,1.25,1,2,0,3,3,1,1.0,1,1,0.72,2,1,3.7,3,2,19.5
ENS009,RESEAU,Reseaux,RT,3,1,3,3,3,-2,2,0,0.0,285,0.25,1,0,2.5,1,3,0,1,3,2,0.5,0,2,0.91,4,0,3.48,1,9,17.01
ENS010,PROG,Programmation,GL,3,5,4,5,0,2,-1,1,0.67,45,0.25,0,0,4.25,3,5,2,0,2,1,1.0,3,0,0.93,4,0,4.02,3,1,27.19
ENS024,PED,Pedagogie,SUP,4,5,5,4,0,1,0,-1,0.0,35,0.08,0,0,4.5,4,5,2,0,2,3,0.67,2,3,0.6,2,2,3.07,1,1,16.64
ENS021,ANG,Anglais Technique,SUP,2,2,3,1,1,0,1,-2,-0.33,344,0.0,1,0,2.0,1,3,0,1,1,1,1.0,3,1,0.86,3,1,2.99,1,11,20.78
ENS029,WEB_B,Developpement Web Back,WEB,4,4,5,5,0,0,1,0,0.33,349,0.33,1,0,4.5,4,5,2,0,2,2,0.5,2,0,0.75,4,1,4.49,2,11,23.73
ENS004,RESEAU,Reseaux,RT,1,1,1,3,2,0,0,2,0.67,350,0.17,1,0,1.5,1,3,0,3,2,1,1.0,5,2,0.57,4,2,4.06,1,11,26.47
ENS017,PED,Pedagogie,SUP,4,3,2,2,2,-1,-1,0,-0.67,96,0.33,0,1,2.75,2,4,0,0,3,3,0.67,4,3,0.67,1,0,4.42,2,3,24.19
ENS016,WEB_B,Developpement Web Back,WEB,3,4,4,4,0,1,0,0,0.33,31,0.08,0,0,3.75,3,4,0,0,1,2,0.5,4,0,0.86,2,0,4.11,4,1,28.52
ENS010,BD,Bases de Donnees,INFO,1,1,1,1,2,0,0,0,0.0,351,0.33,1,0,1.0,1,1,0,4,2,1,1.0,0,2,0.5,2,0,2.9,2,11,13.3
ENS010,WEB_F,Developpement Web Front,WEB,2,1,2,1,3,-1,1,-1,-0.33,58,0.17,0,0,1.5,1,2,0,2,3,1,1.0,5,0,0.75,0,1,3.09,3,1,24.43
ENS007,BD,Bases de Donnees,INFO,3,2,1,3,0,-1,-1,2,0.0,278,0.33,1,0,2.25,1,3,0,1,2,1,1.0,4,1,0.62,2,2,3.86,2,9,23.82
ENS019,BD,Bases de Donnees,INFO,3,1,2,1,3,-2,1,-1,-0.67,104,0.42,0,1,1.75,1,3,0,2,1,3,0.67,1,3,0.92,1,2,3.21,1,3,15.52
ENS011,WEB_F,Developpement Web Front,WEB,4,3,2,3,1,-1,-1,1,-0.33,269,0.42,1,0,3.0,2,4,0,0,2,3,0.67,4,0,0.65,2,2,2.58,1,8,19.91
ENS023,GC_STRU,Structure Batiment,GC,5,3,5,4,1,-2,2,-1,-0.33,185,0.17,1,0,4.25,3,5,2,0,3,3,0.67,3,3,0.55,2,0,4.15,3,6,23.55
ENS017,PED,Pedagogie,SUP,5,5,4,5,2,0,-1,1,0.0,45,0.33,0,0,4.75,4,5,3,0,3,1,1.0,5,2,0.63,2,0,2.97,3,1,25.59
ENS024,PROG,Programmation,GL,2,3,3,4,3,1,0,1,0.67,210,0.33,1,0,3.0,2,4,0,0,3,1,1.0,2,2,0.73,0,0,3.52,2,7,17.69
ENS024,RESEAU,Reseaux,RT,3,1,2,2,4,-2,1,0,-0.33,258,0.25,1,0,2.0,1,3,0,1,3,2,0.5,3,2,0.67,1,1,3.07,1,8,17.99
ENS006,WEB_F,Developpement Web Front,WEB,2,2,4,3,1,0,2,-1,0.33,177,0.42,0,0,2.75,2,4,0,0,3,1,1.0,3,3,0.78,0,1,2.62,3,5,19.64
ENS028,BD,Bases de Donnees,INFO,1,1,2,1,3,0,1,-1,0.0,321,0.42,1,0,1.25,1,2,0,3,3,2,0.5,3,2,0.91,0,1,3.35,2,10,20.25
ENS025,GC_MAT,Matériaux,GC,4,4,3,3,3,0,-1,0,-0.33,90,0.08,0,0,3.5,3,4,0,0,2,2,0.5,4,1,0.65,0,0,4.05,4,3,25.35
ENS014,ANG,Anglais Technique,SUP,2,2,3,3,2,0,1,0,0.33,184,0.0,1,0,2.5,2,3,0,0,1,1,1.0,3,1,0.81,3,1,2.89,1,6,20.33
ENS023,BD,Bases de Donnees,INFO,4,4,3,5,2,0,-1,2,0.33,82,0.25,0,0,4.0,3,5,1,0,3,1,1.0,0,2,0.63,2,1,3.61,3,2,16.87
ENS014,RESEAU,Reseaux,RT,3,3,4,3,2,0,1,-1,0.0,252,0.08,1,0,3.25,3,4,0,0,1,2,0.5,4,1,0.59,3,2,4.44,4,8,28.83
ENS003,SEC,Securite Informatique,RT,3,4,2,4,1,1,-2,2,0.33,33,0.17,0,0,3.25,2,4,0,0,3,3,0.67,0,0,0.73,0,1,2.9,4,1,15.45
ENS013,GC_STRU,Structure Batiment,GC,3,4,4,5,1,1,0,1,0.67,111,0.0,0,0,4.0,3,5,1,0,3,3,0.67,4,3,0.76,1,1,3.61,1,3,21.52
ENS024,WEB_B,Developpement Web Back,WEB,2,2,1,1,3,0,-1,0,-0.33,48,0.33,0,0,1.5,1,2,0,2,3,3,0.67,4,2,0.79,0,0,2.57,3,1,21.59
ENS002,RESEAU,Reseaux,RT,3,1,3,1,2,-2,2,-2,-0.67,219,0.08,1,1,2.0,1,3,0,2,1,1,1.0,1,3,0.63,0,2,3.92,2,7,15.99
ENS018,WEB_B,Developpement Web Back,WEB,5,3,5,4,0,-2,2,-1,-0.33,330,0.0,1,0,4.25,3,5,2,0,1,1,1.0,5,1,0.74,3,2,2.84,1,11,23.88
ENS022,ANG,Anglais Technique,SUP,3,3,3,1,2,0,0,-2,-0.67,260,0.33,1,1,2.5,1,3,0,1,1,2,0.5,3,3,0.68,2,0,3.98,2,8,22.36
ENS023,PROG,Programmation,GL,4,5,5,3,0,1,0,-2,-0.33,125,0.42,0,0,4.25,3,5,2,0,2,2,0.5,2,3,0.63,3,1,3.05,1,4,17.75
ENS008,ALG,Algorithmique,GL,1,1,2,2,3,0,1,0,0.33,115,0.25,0,0,1.5,1,2,0,2,3,2,0.5,3,1,0.7,2,2,2.69,4,3,22.88
ENS012,BD,Bases de Donnees,INFO,1,1,1,2,3,0,0,1,0.33,228,0.33,1,0,1.25,1,2,0,3,2,3,0.67,0,2,0.92,2,1,4.13,2,7,17.86
ENS008,PROG,Programmation,GL,5,5,5,4,0,0,0,-1,-0.33,197,0.17,1,0,4.75,4,5,3,0,2,2,0.5,2,1,0.59,2,0,4.38,4,6,23.71
ENS006,WEB_F,Developpement Web Front,WEB,2,1,2,2,3,-1,1,0,0.0,331,0.25,1,0,1.75,1,2,0,1,2,2,0.5,5,0,0.93,0,2,4.47,2,11,26.59
ENS020,PROG,Programmation,GL,3,5,3,3,1,2,-2,0,0.0,166,0.25,0,0,3.5,3,5,1,0,3,2,0.5,1,1,0.91,1,1,2.92,4,5,19.39
ENS004,WEB_B,Developpement Web Back,WEB,3,3,2,1,3,0,-1,-1,-0.67,134,0.33,0,1,2.25,1,3,0,1,2,2,0.5,2,2,0.72,1,0,4.36,3,4,21.82
ENS024,PROG,Programmation,GL,4,5,4,5,0,1,-1,1,0.33,260,0.42,1,0,4.5,4,5,2,0,2,3,0.67,5,2,0.87,3,2,3.27,1,8,25.39
ENS028,ANG,Anglais Technique,SUP,4,5,5,4,0,1,0,-1,0.0,232,0.42,1,0,4.5,4,5,2,0,3,2,0.5,5,3,0.62,2,2,3.03,4,7,27.16
ENS007,ANG,Anglais Technique,SUP,1,1,2,1,1,0,1,-1,0.0,84,0.17,0,0,1.25,1,2,0,3,2,2,0.5,1,2,0.86,1,0,2.62,2,2,15.54
ENS016,GC_STRU,Structure Batiment,GC,1,3,3,2,4,2,0,-1,0.33,81,0.17,0,0,2.25,1,3,0,1,1,1,1.0,1,2,0.54,4,0,3.64,3,2,20.48
ENS028,PED,Pedagogie,SUP,5,5,3,4,1,0,-2,1,-0.33,150,0.08,0,0,4.25,3,5,2,0,2,3,0.67,2,0,0.74,2,0,4.32,2,5,21.34
ENS013,WEB_B,Developpement Web Back,WEB,3,3,3,2,4,0,0,-1,-0.33,134,0.08,0,0,2.75,2,3,0,0,2,3,0.67,4,0,0.85,1,0,2.91,1,4,20.57
ENS016,GC_STRU,Structure Batiment,GC,3,4,3,5,0,1,-1,2,0.67,281,0.0,1,0,3.75,3,5,1,0,1,2,0.5,1,1,0.77,4,1,3.2,3,9,20.75
ENS021,PROG,Programmation,GL,5,4,4,5,1,-1,0,1,0.0,97,0.25,0,0,4.5,4,5,2,0,1,3,0.67,1,2,0.78,3,0,4.41,3,3,22.22
ENS028,PROG,Programmation,GL,3,4,5,3,0,1,1,-2,0.0,33,0.42,0,0,3.75,3,5,1,0,2,2,0.5,5,2,0.56,0,1,2.65,2,1,21.1
ENS023,PED,Pedagogie,SUP,3,3,4,5,2,0,1,1,0.67,203,0.08,1,0,3.75,3,5,1,0,2,1,1.0,2,3,0.61,1,0,3.07,1,6,15.69
ENS009,RESEAU,Reseaux,RT,3,1,2,2,2,-2,1,0,-0.33,74,0.08,0,0,2.0,1,3,0,1,2,2,0.5,3,2,0.68,0,0,2.94,4,2,21.28
ENS021,ANG,Anglais Technique,SUP,4,5,5,5,1,1,0,0,0.33,104,0.17,0,0,4.75,4,5,3,0,2,2,0.5,2,2,0.57,3,0,4.29,2,3,21.43
ENS012,WEB_F,Developpement Web Front,WEB,3,4,3,4,1,1,-1,1,0.33,262,0.42,1,0,3.5,3,4,0,0,2,1,1.0,0,0,0.9,2,2,4.19,4,8,20.88
ENS009,BD,Bases de Donnees,INFO,3,2,1,2,2,-1,-1,1,-0.33,266,0.0,1,0,2.0,1,3,0,1,1,1,1.0,0,0,0.88,3,2,3.7,2,8,17.8
ENS027,GESTION,Gestion de Projet,SUP,1,2,1,3,2,1,-1,2,0.67,38,0.42,0,0,1.75,1,3,0,2,2,2,0.5,4,2,0.83,2,0,4.24,4,1,28.63
ENS015,GC_STRU,Structure Batiment,GC,3,3,2,3,1,0,-1,1,0.0,104,0.0,0,0,2.75,2,3,0,0,3,3,0.67,1,0,0.57,1,1,3.87,4,3,19.59
ENS001,GESTION,Gestion de Projet,SUP,5,5,4,5,2,0,-1,1,0.0,86,0.33,0,0,4.75,4,5,3,0,1,1,1.0,5,0,0.64,0,1,3.92,1,2,22.54
ENS017,WEB_B,Developpement Web Back,WEB,2,1,1,3,2,-1,0,2,0.33,175,0.25,0,0,1.75,1,3,0,2,2,3,0.67,1,1,0.94,1,0,2.51,4,5,18.72
ENS003,BD,Bases de Donnees,INFO,5,4,5,4,0,-1,1,-1,-0.33,57,0.0,0,0,4.5,4,5,2,0,3,3,0.67,2,0,0.68,2,0,3.4,4,1,22.2
ENS021,WEB_F,Developpement Web Front,WEB,1,2,2,1,2,1,0,-1,0.0,266,0.0,1,0,1.5,1,2,0,2,3,2,0.5,3,0,0.55,1,1,3.91,2,8,20.57
ENS003,GC_STRU,Structure Batiment,GC,5,5,3,3,1,0,-2,0,-0.67,77,0.25,0,1,4.0,3,5,2,0,3,3,0.67,2,3,0.74,3,1,3.71,3,2,22.62
ENS011,BD,Bases de Donnees,INFO,3,4,5,3,0,1,1,-2,0.0,318,0.08,1,0,3.75,3,5,1,0,1,3,0.67,0,0,0.81,2,2,2.67,4,10,17.39
ENS018,GC_STRU,Structure Batiment,GC,4,4,2,2,1,0,-2,0,-0.67,279,0.33,1,1,3.0,2,4,0,0,1,2,0.5,2,3,0.51,4,2,4.13,3,9,23.31
ENS010,ANG,Anglais Technique,SUP,1,2,2,3,3,1,0,1,0.67,211,0.08,1,0,2.0,1,3,0,1,3,2,0.5,4,1,0.92,2,1,2.54,4,7,25.68
ENS017,WEB_B,Developpement Web Back,WEB,1,1,1,2,2,0,0,1,0.33,122,0.0,0,0,1.25,1,2,0,3,2,3,0.67,5,2,0.69,1,1,2.72,2,4,22.89
ENS020,PROG,Programmation,GL,3,2,2,4,2,-1,0,2,0.33,92,0.33,0,0,2.75,2,4,0,0,2,3,0.67,0,0,0.51,4,0,3.37,1,3,14.79
ENS018,PED,Pedagogie,SUP,4,4,2,4,1,0,-2,2,0.0,322,0.0,1,0,3.5,2,4,0,0,3,1,1.0,5,3,0.52,1,0,3.5,4,10,26.6
ENS019,SEC,Securite Informatique,RT,4,2,4,2,0,-2,2,-2,-0.67,298,0.25,1,1,3.0,2,4,0,0,2,2,0.5,3,0,0.54,4,1,2.77,4,9,24.24
ENS024,PROG,Programmation,GL,5,3,3,3,1,-2,0,0,-0.67,361,0.42,1,1,3.5,3,5,1,0,3,3,0.67,3,2,0.7,3,1,2.9,3,12,22.8
ENS025,GESTION,Gestion de Projet,SUP,5,4,4,5,1,-1,0,1,0.0,333,0.08,1,0,4.5,4,5,2,0,1,1,1.0,2,0,0.94,2,1,2.98,4,11,22.66
ENS005,ALG,Algorithmique,GL,1,2,2,2,4,1,0,0,0.33,52,0.0,0,0,1.75,1,2,0,1,2,2,0.5,0,3,0.71,2,2,3.55,4,1,18.65
ENS004,GC_STRU,Structure Batiment,GC,1,2,3,1,3,1,1,-2,0.0,280,0.42,1,0,1.75,1,3,0,2,2,2,0.5,4,3,0.92,2,1,3.4,2,9,24.4
ENS028,SEC,Securite Informatique,RT,4,5,5,5,2,1,0,0,0.33,365,0.33,1,0,4.75,4,5,3,0,2,1,1.0,4,1,0.67,4,2,3.68,1,12,24.21
ENS027,RESEAU,Reseaux,RT,3,4,3,3,1,1,-1,0,0.0,61,0.42,0,0,3.25,3,4,0,0,2,2,0.5,3,0,0.57,3,0,3.65,4,2,25.15
ENS013,RESEAU,Reseaux,RT,2,2,1,1,3,0,-1,0,-0.33,49,0.08,0,0,1.5,1,2,0,2,3,1,1.0,1,3,0.75,0,1,3.78,2,1,16.31
ENS012,GESTION,Gestion de Projet,SUP,3,3,3,2,1,0,0,-1,-0.33,150,0.17,0,0,2.75,2,3,0,0,2,1,1.0,3,1,0.52,4,2,3.05,4,5,24.7
ENS014,RESEAU,Reseaux,RT,4,4,5,3,0,0,1,-2,-0.33,315,0.08,1,0,4.0,3,5,1,0,2,3,0.67,5,1,0.63,2,0,3.4,2,10,24.95
ENS018,SEC,Securite Informatique,RT,2,2,4,2,0,0,2,-2,0.0,360,0.25,1,0,2.5,2,4,0,0,3,2,0.5,2,0,0.86,4,2,3.05,4,12,24.4
ENS016,WEB_B,Developpement Web Back,WEB,4,5,5,3,0,1,0,-2,-0.33,276,0.42,1,0,4.25,3,5,2,0,3,2,0.5,5,3,0.85,4,0,3.42,2,9,28.09
ENS016,GC_MAT,Matériaux,GC,2,2,4,3,1,0,2,-1,0.33,358,0.17,1,0,2.75,2,4,0,0,1,2,0.5,1,0,0.53,2,1,3.2,2,11,16.05
ENS021,ANG,Anglais Technique,SUP,2,1,1,3,0,-1,0,2,0.33,47,0.42,0,0,1.75,1,3,0,2,1,2,0.5,4,2,0.7,2,1,2.87,3,1,23.74
ENS016,GC_MAT,Matériaux,GC,1,1,2,1,2,0,1,-1,0.0,265,0.0,1,0,1.25,1,2,0,3,3,3,0.67,2,2,0.51,4,1,2.96,3,8,20.97
ENS008,WEB_F,Developpement Web Front,WEB,3,2,2,4,1,-1,0,2,0.33,183,0.08,1,0,2.75,2,4,0,0,2,3,0.67,4,3,0.62,1,1,3.06,2,6,21.22
ENS016,GC_STRU,Structure Batiment,GC,2,2,2,4,2,0,0,2,0.67,342,0.33,1,0,2.5,2,4,0,0,3,1,1.0,1,1,0.84,4,0,3.24,3,11,21.18
ENS017,ANG,Anglais Technique,SUP,1,3,2,3,2,2,-1,1,0.67,81,0.0,0,0,2.25,1,3,0,1,2,3,0.67,3,0,0.88,2,1,3.24,1,2,20.38
ENS015,GC_STRU,Structure Batiment,GC,3,1,2,2,2,-2,1,0,-0.33,226,0.08,1,0,2.0,1,3,0,1,2,2,0.5,2,2,0.69,1,0,4.32,1,7,18.59
ENS006,GC_MAT,Matériaux,GC,1,2,3,2,3,1,1,-1,0.33,103,0.42,0,0,2.0,1,3,0,1,1,3,0.67,2,0,0.72,0,1,2.99,3,3,18.08
ENS030,PED,Pedagogie,SUP,2,3,3,3,3,1,0,0,0.33,162,0.25,0,0,2.75,2,3,0,0,3,1,1.0,5,0,0.69,1,2,3.55,1,5,23.05
ENS001,PROG,Programmation,GL,2,3,4,3,1,1,1,-1,0.33,127,0.17,0,0,3.0,2,4,0,0,1,1,1.0,2,0,0.83,0,0,2.83,1,4,15.31
ENS009,ANG,Anglais Technique,SUP,2,2,2,1,1,0,0,-1,-0.33,51,0.33,0,0,1.75,1,2,0,1,2,2,0.5,2,0,0.74,2,1,2.74,2,1,18.18
ENS017,ALG,Algorithmique,GL,4,2,3,3,0,-2,1,0,-0.33,36,0.08,0,0,3.0,2,4,0,0,3,2,0.5,4,0,0.65,3,2,4.02,3,1,26.79
ENS016,BD,Bases de Donnees,INFO,3,1,2,3,3,-2,1,1,0.0,272,0.33,1,0,2.25,1,3,0,1,1,3,0.67,0,2,0.58,2,2,2.86,1,9,12.12
ENS009,PROG,Programmation,GL,4,2,4,4,1,-2,2,0,0.0,174,0.08,0,0,3.5,2,4,0,0,3,3,0.67,4,2,0.73,2,0,3.07,1,5,21.29
ENS014,SEC,Securite Informatique,RT,2,4,3,4,0,2,-1,1,0.67,327,0.0,1,0,3.25,2,4,0,0,2,1,1.0,3,2,0.57,0,0,4.14,1,10,18.63
ENS010,RESEAU,Reseaux,RT,3,4,4,3,0,1,0,-1,0.0,347,0.33,1,0,3.5,3,4,0,0,3,2,0.5,5,2,0.7,4,2,4.42,4,11,32.34
ENS001,GC_STRU,Structure Batiment,GC,4,4,5,4,0,0,1,-1,0.0,267,0.08,1,0,4.25,4,5,1,0,3,1,1.0,1,3,0.71,2,2,4.4,4,8,22.35
ENS021,ANG,Anglais Technique,SUP,2,2,3,3,3,0,1,0,0.33,127,0.08,0,0,2.5,2,3,0,0,3,1,1.0,4,0,0.9,0,0,2.62,3,4,22.24
ENS010,RESEAU,Reseaux,RT,2,2,2,3,1,0,0,1,0.33,150,0.17,0,0,2.25,2,3,0,0,1,3,0.67,2,0,0.83,1,2,4.25,3,5,22.15
ENS009,BD,Bases de Donnees,INFO,2,1,2,2,1,-1,1,0,0.0,110,0.0,0,0,1.75,1,2,0,1,1,2,0.5,1,2,0.57,4,1,3.38,1,3,17.11
ENS011,BD,Bases de Donnees,INFO,1,1,1,1,2,0,0,0,0.0,98,0.33,0,0,1.0,1,1,0,4,3,1,1.0,5,3,0.79,3,2,3.29,4,3,29.53
ENS022,WEB_B,Developpement Web Back,WEB,4,3,5,5,2,-1,2,0,0.33,279,0.08,1,0,4.25,3,5,2,0,1,1,1.0,3,2,0.58,2,2,2.6,2,9,19.1
ENS028,GC_STRU,Structure Batiment,GC,1,3,1,2,2,2,-2,1,0.33,336,0.42,1,0,1.75,1,3,0,2,2,1,1.0,2,3,0.86,1,1,3.05,4,11,21.4
ENS021,PROG,Programmation,GL,3,3,2,3,2,0,-1,1,0.0,333,0.08,1,0,2.75,2,3,0,0,2,2,0.5,5,1,0.76,2,2,2.87,1,11,23.04
ENS005,GC_STRU,Structure Batiment,GC,3,1,3,3,1,-2,2,0,0.0,225,0.42,1,0,2.5,1,3,0,1,1,3,0.67,5,1,0.85,3,2,3.8,1,7,26.35
ENS030,GC_STRU,Structure Batiment,GC,3,4,2,3,0,1,-2,1,0.0,148,0.17,0,0,3.0,2,4,0,0,2,3,0.67,1,0,0.73,4,1,3.66,1,4,18.47
ENS026,GESTION,Gestion de Projet,SUP,2,4,3,4,0,2,-1,1,0.67,71,0.42,0,0,3.25,2,4,0,0,1,2,0.5,1,2,0.82,0,1,2.51,4,2,17.12
ENS005,ALG,Algorithmique,GL,2,1,1,1,3,-1,0,0,-0.33,315,0.33,1,0,1.25,1,2,0,3,2,3,0.67,2,3,0.59,2,1,3.26,4,10,21.47
ENS008,PROG,Programmation,GL,5,4,3,3,0,-1,-1,0,-0.67,35,0.17,0,1,3.75,3,5,1,0,3,2,0.5,0,2,0.75,2,1,4.0,2,1,16.75
ENS019,GC_STRU,Structure Batiment,GC,3,4,3,3,0,1,-1,0,0.0,126,0.42,0,0,3.25,3,4,0,0,1,3,0.67,2,0,0.66,0,2,3.33,3,4,18.46
ENS026,BD,Bases de Donnees,INFO,1,3,3,1,0,2,0,-2,0.0,240,0.25,1,0,2.0,1,3,0,2,2,2,0.5,0,1,0.94,3,0,3.3,3,8,18.8
ENS023,SEC,Securite Informatique,RT,5,5,3,4,2,0,-2,1,-0.33,63,0.25,0,0,4.25,3,5,2,0,1,2,0.5,1,1,0.61,1,1,4.23,4,2,20.51
ENS005,PED,Pedagogie,SUP,3,2,1,3,2,-1,-1,2,0.0,118,0.08,0,0,2.25,1,3,0,1,3,3,0.67,0,1,0.73,3,0,4.27,2,3,18.19
ENS015,ALG,Algorithmique,GL,3,3,4,3,2,0,1,-1,0.0,101,0.0,0,0,3.25,3,4,0,0,1,1,1.0,3,2,0.93,3,0,4.01,4,3,27.67
ENS021,PED,Pedagogie,SUP,2,2,2,3,2,0,0,1,0.33,152,0.0,0,0,2.25,2,3,0,0,1,3,0.67,4,3,0.57,1,0,4.13,3,5,24.61
ENS014,PROG,Programmation,GL,5,4,5,3,0,-1,1,-2,-0.67,302,0.0,1,1,4.25,3,5,2,0,3,1,1.0,1,3,0.63,2,2,2.69,1,10,14.03
ENS028,PROG,Programmation,GL,3,3,3,5,0,0,0,2,0.67,68,0.42,0,0,3.5,3,5,1,0,2,1,1.0,4,0,0.7,1,2,3.02,4,2,24.54
ENS018,BD,Bases de Donnees,INFO,1,2,3,3,2,1,1,0,0.67,358,0.42,1,0,2.25,1,3,0,1,1,1,1.0,0,2,0.76,4,1,4.22,1,11,17.74
ENS005,WEB_F,Developpement Web Front,WEB,1,2,1,1,2,1,-1,0,0.0,359,0.17,1,0,1.25,1,2,0,3,3,2,0.5,2,1,0.83,2,1,2.76,1,11,17.17
ENS030,GESTION,Gestion de Projet,SUP,2,2,1,1,4,0,-1,0,-0.33,232,0.0,1,0,1.5,1,2,0,2,1,1,1.0,5,2,0.55,0,0,3.17,3,7,23.59
ENS025,GC_STRU,Structure Batiment,GC,4,3,4,3,0,-1,1,-1,-0.33,271,0.08,1,0,3.5,3,4,0,0,3,3,0.67,1,1,0.77,2,1,4.01,4,9,21.87
ENS005,GC_MAT,Matériaux,GC,2,4,2,3,1,2,-2,1,0.33,69,0.42,0,0,2.75,2,4,0,0,3,3,0.67,4,3,0.82,3,1,3.35,4,2,27.8
ENS012,BD,Bases de Donnees,INFO,4,3,3,5,0,-1,0,2,0.33,95,0.08,0,0,3.75,3,5,1,0,3,3,0.67,0,1,0.78,1,0,3.06,4,3,17.02
ENS017,GESTION,Gestion de Projet,SUP,2,2,3,3,0,0,1,0,0.33,159,0.17,0,0,2.5,2,3,0,0,2,3,0.67,4,3,0.92,0,2,3.97,4,5,26.54
ENS029,SEC,Securite Informatique,RT,5,3,4,3,1,-2,1,-1,-0.67,285,0.33,1,1,3.75,3,5,1,0,3,2,0.5,2,0,0.61,0,1,4.25,3,9,20.05
ENS030,BD,Bases de Donnees,INFO,2,1,2,1,3,-1,1,-1,-0.33,306,0.42,1,0,1.5,1,2,0,2,2,1,1.0,5,3,0.82,0,1,4.3,3,10,27.2
ENS024,BD,Bases de Donnees,INFO,3,1,1,3,0,-2,0,2,0.0,71,0.42,0,0,2.0,1,3,0,2,3,2,0.5,2,0,0.92,1,2,3.13,4,2,21.86
ENS013,GESTION,Gestion de Projet,SUP,3,2,2,2,0,-1,0,0,-0.33,211,0.08,1,0,2.25,2,3,0,0,2,3,0.67,5,2,0.58,2,1,3.86,3,7,27.12
ENS022,BD,Bases de Donnees,INFO,2,1,1,2,2,-1,0,1,0.0,174,0.0,0,0,1.5,1,2,0,2,2,3,0.67,5,3,0.71,4,2,3.58,2,5,27.71
ENS015,BD,Bases de Donnees,INFO,2,2,2,1,3,0,0,-1,-0.33,46,0.42,0,0,1.75,1,2,0,1,1,2,0.5,1,0,0.92,0,2,3.12,1,1,14.34
ENS016,GC_MAT,Matériaux,GC,2,2,3,3,1,0,1,0,0.33,257,0.17,1,0,2.5,2,3,0,0,3,2,0.5,4,0,0.9,2,0,4.39,1,8,24.78
ENS020,GC_MAT,Matériaux,GC,3,2,3,2,3,-1,1,-1,-0.33,297,0.25,1,0,2.5,2,3,0,0,2,2,0.5,1,3,0.56,2,1,4.15,4,9,21.1
ENS017,WEB_B,Developpement Web Back,WEB,3,5,4,5,2,2,-1,1,0.67,72,0.0,0,0,4.25,3,5,2,0,1,1,1.0,4,3,0.71,0,0,2.98,3,2,22.01
ENS021,PROG,Programmation,GL,3,2,4,3,2,-1,2,-1,0.0,44,0.25,0,0,3.0,2,4,0,0,1,1,1.0,2,3,0.8,4,2,4.48,4,1,26.96
ENS015,GC_STRU,Structure Batiment,GC,4,3,4,4,0,-1,1,0,0.0,139,0.42,0,0,3.75,3,4,0,0,1,2,0.5,1,0,0.86,3,2,3.69,2,4,19.68
ENS006,GC_STRU,Structure Batiment,GC,4,4,5,3,0,0,1,-2,-0.33,41,0.17,0,0,4.0,3,5,1,0,3,1,1.0,0,1,0.53,4,1,4.04,3,1,19.23
ENS028,ALG,Algorithmique,GL,2,2,2,2,2,0,0,0,0.0,224,0.17,1,0,2.0,2,2,0,0,1,3,0.67,0,1,0.71,4,0,4.3,4,7,22.15
ENS001,RESEAU,Reseaux,RT,2,2,2,3,0,0,0,1,0.33,265,0.17,1,0,2.25,2,3,0,0,1,3,0.67,1,2,0.9,3,1,2.56,3,8,19.12
ENS025,GC_STRU,Structure Batiment,GC,2,3,2,3,0,1,-1,1,0.33,362,0.42,1,0,2.5,2,3,0,0,1,1,1.0,0,0,0.87,2,0,3.77,1,12,15.39
ENS024,GC_STRU,Structure Batiment,GC,3,1,3,1,1,-2,2,-2,-0.67,35,0.25,0,1,2.0,1,3,0,2,1,1,1.0,5,3,0.79,1,0,4.07,3,1,27.59
ENS004,SEC,Securite Informatique,RT,2,2,2,4,0,0,0,2,0.67,113,0.42,0,0,2.5,2,4,0,0,2,2,0.5,5,1,0.84,2,0,3.62,2,3,26.44
ENS025,GC_MAT,Matériaux,GC,3,3,2,2,2,0,-1,0,-0.33,190,0.42,1,0,2.5,2,3,0,0,3,3,0.67,5,2,0.62,1,1,4.08,1,6,23.76
ENS025,PROG,Programmation,GL,5,4,4,4,0,-1,0,0,-0.33,192,0.33,1,0,4.25,4,5,1,0,1,2,0.5,4,1,0.82,4,1,2.62,1,6,22.84
ENS013,ALG,Algorithmique,GL,2,3,3,3,1,1,0,0,0.33,46,0.08,0,0,2.75,2,3,0,0,1,1,1.0,1,2,0.75,4,0,4.15,1,1,19.55
ENS029,WEB_B,Developpement Web Back,WEB,3,1,3,3,4,-2,2,0,0.0,360,0.08,1,0,2.5,1,3,0,1,3,3,0.67,0,2,0.51,3,1,2.59,4,12,16.73
ENS017,PED,Pedagogie,SUP,3,3,3,1,4,0,0,-2,-0.67,138,0.17,0,1,2.5,1,3,0,1,2,2,0.5,1,2,0.58,3,1,3.48,3,4,19.36
ENS026,ALG,Algorithmique,GL,3,3,4,3,0,0,1,-1,0.0,330,0.08,1,0,3.25,3,4,0,0,1,2,0.5,3,2,0.86,0,1,2.52,2,11,18.34
ENS008,WEB_B,Developpement Web Back,WEB,1,1,2,1,2,0,1,-1,0.0,264,0.17,1,0,1.25,1,2,0,3,2,1,1.0,3,3,0.77,4,1,4.31,3,8,26.97
ENS021,GESTION,Gestion de Projet,SUP,5,4,3,5,0,-1,-1,2,0.0,92,0.0,0,0,4.25,3,5,2,0,2,1,1.0,3,1,0.89,2,1,3.96,4,3,26.37
ENS003,WEB_B,Developpement Web Back,WEB,3,3,4,3,1,0,1,-1,0.0,102,0.42,0,0,3.25,3,4,0,0,3,2,0.5,3,0,0.7,1,1,4.4,3,3,23.8
ENS015,SEC,Securite Informatique,RT,4,2,4,3,0,-2,2,-1,-0.33,93,0.42,0,0,3.25,2,4,0,0,2,1,1.0,1,1,0.67,1,2,3.86,3,3,18.57
ENS024,BD,Bases de Donnees,INFO,1,3,3,3,3,2,0,0,0.67,166,0.08,0,0,2.5,1,3,0,1,2,3,0.67,4,2,0.57,1,1,2.68,4,5,23.21
ENS001,RESEAU,Reseaux,RT,4,3,4,3,2,-1,1,-1,-0.33,186,0.33,1,0,3.5,3,4,0,0,3,3,0.67,2,2,0.88,4,0,2.85,2,6,21.1
ENS018,ANG,Anglais Technique,SUP,3,1,2,3,1,-2,1,1,0.0,254,0.42,1,0,2.25,1,3,0,1,1,3,0.67,1,1,0.88,2,0,2.82,2,8,17.04
ENS029,ANG,Anglais Technique,SUP,5,5,4,5,0,0,-1,1,0.0,266,0.25,1,0,4.75,4,5,3,0,2,3,0.67,0,2,0.94,2,2,4.35,3,8,19.9
ENS010,WEB_F,Developpement Web Front,WEB,4,3,2,2,1,-1,-1,0,-0.67,223,0.08,1,1,2.75,2,4,0,0,3,1,1.0,0,0,0.66,1,2,4.24,2,7,15.78
ENS029,PROG,Programmation,GL,5,5,5,3,0,0,0,-2,-0.67,362,0.17,1,1,4.5,3,5,3,0,3,3,0.67,2,2,0.58,4,2,4.39,4,12,25.68
ENS005,BD,Bases de Donnees,INFO,4,4,4,4,0,0,0,0,0.0,349,0.08,1,0,4.0,4,4,0,0,2,3,0.67,2,1,0.91,1,2,4.49,4,11,24.53
ENS005,SEC,Securite Informatique,RT,2,4,2,4,2,2,-2,2,0.67,341,0.25,1,0,3.0,2,4,0,0,3,3,0.67,1,0,0.87,2,0,2.58,2,11,16.51
ENS029,GC_STRU,Structure Batiment,GC,2,1,2,2,2,-1,1,0,0.0,161,0.08,0,0,1.75,1,2,0,1,3,3,0.67,2,3,0.93,4,2,4.07,3,5,25.29
ENS020,GESTION,Gestion de Projet,SUP,1,2,1,2,3,1,-1,1,0.33,157,0.0,0,0,1.5,1,2,0,2,1,2,0.5,1,0,0.75,4,0,2.63,4,5,21.01
ENS004,PROG,Programmation,GL,3,3,5,5,0,0,2,0,0.67,273,0.33,1,0,4.0,3,5,2,0,1,1,1.0,3,3,0.88,1,0,4.46,4,9,26.32
ENS005,GC_STRU,Structure Batiment,GC,2,3,2,4,0,1,-1,2,0.67,204,0.0,1,0,2.75,2,4,0,0,1,3,0.67,5,3,0.8,2,2,3.78,1,6,25.06
ENS027,SEC,Securite Informatique,RT,5,3,4,5,1,-2,1,1,0.0,341,0.0,1,0,4.25,3,5,2,0,2,1,1.0,1,0,0.75,3,0,4.24,1,11,18.73
ENS005,GC_STRU,Structure Batiment,GC,5,5,4,4,0,0,-1,0,-0.33,335,0.42,1,0,4.5,4,5,2,0,3,2,0.5,4,3,0.85,1,0,2.92,3,11,23.59
ENS017,BD,Bases de Donnees,INFO,3,3,3,3,3,0,0,0,0.0,88,0.25,0,0,3.0,3,3,0,0,2,2,0.5,4,0,0.59,1,0,4.14,1,2,21.73
ENS018,GC_STRU,Structure Batiment,GC,2,1,3,2,3,-1,2,-1,0.0,202,0.0,1,0,2.0,1,3,0,1,1,3,0.67,2,0,0.93,0,0,3.39,4,6,21.43
ENS010,PED,Pedagogie,SUP,3,4,3,4,3,1,-1,1,0.33,196,0.17,1,0,3.5,3,4,0,0,3,3,0.67,2,0,0.76,4,0,3.11,1,6,19.52
ENS001,ANG,Anglais Technique,SUP,2,3,2,1,3,1,-1,-1,-0.33,241,0.33,1,0,2.0,1,3,0,1,2,3,0.67,3,1,0.7,4,1,4.41,1,8,23.82
ENS022,GC_MAT,Matériaux,GC,2,1,1,2,1,-1,0,1,0.0,187,0.08,1,0,1.5,1,2,0,2,3,3,0.67,2,2,0.91,2,1,2.79,4,6,22.13
ENS021,RESEAU,Reseaux,RT,2,2,3,1,3,0,1,-2,-0.33,323,0.17,1,0,2.0,1,3,0,1,1,2,0.5,5,3,0.7,0,1,3.61,4,10,26.72
ENS017,GC_STRU,Structure Batiment,GC,3,3,3,3,4,0,0,0,0.0,302,0.17,1,0,3.0,3,3,0,0,2,2,0.5,4,0,0.93,0,0,3.29,4,10,25.23
ENS024,GC_MAT,Matériaux,GC,3,4,2,3,0,1,-2,1,0.0,76,0.33,0,0,3.0,2,4,0,0,2,3,0.67,1,3,0.74,2,0,3.41,1,2,16.02
ENS010,SEC,Securite Informatique,RT,2,2,3,4,0,0,1,1,0.67,86,0.25,0,0,2.75,2,4,0,0,3,2,0.5,2,1,0.92,2,0,4.47,4,2,25.54
ENS007,SEC,Securite Informatique,RT,4,2,3,3,1,-2,1,0,-0.33,50,0.25,0,0,3.0,2,4,0,0,3,3,0.67,1,3,0.66,4,1,3.25,2,1,18.8
ENS007,GC_MAT,Matériaux,GC,2,3,3,1,3,1,0,-2,-0.33,111,0.25,0,0,2.25,1,3,0,1,1,2,0.5,3,0,0.56,3,1,4.48,1,3,22.26
ENS013,GC_STRU,Structure Batiment,GC,2,2,2,2,2,0,0,0,0.0,264,0.42,1,0,2.0,2,2,0,0,3,3,0.67,2,0,0.67,1,2,3.11,3,8,19.07
ENS015,ANG,Anglais Technique,SUP,5,5,4,4,0,0,-1,0,-0.33,200,0.25,1,0,4.5,4,5,2,0,3,1,1.0,3,0,0.81,1,0,2.9,3,6,21.35
ENS004,BD,Bases de Donnees,INFO,1,1,2,1,2,0,1,-1,0.0,126,0.08,0,0,1.25,1,2,0,3,3,3,0.67,2,3,0.83,4,1,3.73,4,4,25.61
ENS030,WEB_B,Developpement Web Back,WEB,2,1,1,2,3,-1,0,1,0.0,248,0.0,1,0,1.5,1,2,0,2,1,2,0.5,2,3,0.54,2,0,3.0,4,8,20.7
ENS025,GC_STRU,Structure Batiment,GC,3,3,4,5,1,0,1,1,0.67,188,0.17,1,0,3.75,3,5,1,0,1,2,0.5,4,3,0.54,3,0,3.51,4,6,26.72
ENS025,RESEAU,Reseaux,RT,3,2,2,3,2,-1,0,1,0.0,184,0.0,1,0,2.5,2,3,0,0,3,2,0.5,2,2,0.88,3,1,2.74,2,6,19.88
ENS019,GC_MAT,Matériaux,GC,3,4,4,3,1,1,0,-1,0.0,170,0.08,0,0,3.5,3,4,0,0,2,3,0.67,2,1,0.78,2,0,3.95,4,5,23.8
ENS021,GC_MAT,Matériaux,GC,1,2,1,3,2,1,-1,2,0.67,322,0.08,1,0,1.75,1,3,0,2,1,3,0.67,1,1,0.59,1,2,4.24,2,10,17.43
ENS029,ALG,Algorithmique,GL,2,3,4,2,0,1,1,-2,0.0,92,0.08,0,0,2.75,2,4,0,0,1,3,0.67,5,0,0.63,2,2,3.02,3,3,25.69
ENS012,WEB_B,Developpement Web Back,WEB,1,1,1,1,2,0,0,0,0.0,166,0.0,0,0,1.0,1,1,0,4,3,2,0.5,5,3,0.68,2,1,3.34,2,5,25.08
ENS022,ALG,Algorithmique,GL,4,2,2,3,2,-2,0,1,-0.33,219,0.25,1,0,2.75,2,4,0,0,3,2,0.5,3,3,0.84,3,1,4.13,4,7,27.46
ENS017,ANG,Anglais Technique,SUP,2,2,2,2,2,0,0,0,0.0,317,0.17,1,0,2.0,2,2,0,0,1,1,1.0,4,2,0.88,1,2,3.37,3,10,24.64
ENS027,BD,Bases de Donnees,INFO,2,1,1,2,1,-1,0,1,0.0,177,0.33,0,0,1.5,1,2,0,2,3,3,0.67,4,3,0.74,4,2,3.5,2,5,25.7
ENS025,RESEAU,Reseaux,RT,1,1,1,2,3,0,0,1,0.33,115,0.0,0,0,1.25,1,2,0,3,2,1,1.0,5,2,0.81,3,2,2.84,4,3,28.73
ENS023,WEB_B,Developpement Web Back,WEB,5,3,5,5,2,-2,2,0,0.0,47,0.0,0,0,4.5,3,5,3,0,2,2,0.5,1,2,0.69,3,0,3.67,2,1,18.79
ENS005,PROG,Programmation,GL,3,3,4,3,0,0,1,-1,0.0,75,0.33,0,0,3.25,3,4,0,0,3,1,1.0,4,1,0.61,0,0,2.72,1,2,17.99
ENS026,GESTION,Gestion de Projet,SUP,5,4,5,3,2,-1,1,-2,-0.67,286,0.33,1,1,4.25,3,5,2,0,2,2,0.5,4,3,0.64,1,2,3.08,2,9,21.36
ENS004,ALG,Algorithmique,GL,4,3,2,3,0,-1,-1,1,-0.33,128,0.25,0,0,3.0,2,4,0,0,3,2,0.5,2,2,0.7,4,0,3.13,4,4,23.76
ENS027,SEC,Securite Informatique,RT,4,4,2,4,2,0,-2,2,0.0,153,0.17,0,0,3.5,2,4,0,0,2,2,0.5,3,3,0.94,1,2,4.47,3,5,25.14
ENS019,RESEAU,Reseaux,RT,3,3,3,2,3,0,0,-1,-0.33,267,0.42,1,0,2.75,2,3,0,0,3,1,1.0,2,3,0.91,0,2,3.73,1,8,17.51
ENS007,GC_MAT,Matériaux,GC,4,3,2,3,1,-1,-1,1,-0.33,354,0.25,1,0,3.0,2,4,0,0,2,3,0.67,1,1,0.68,4,1,2.77,3,11,19.44
ENS010,BD,Bases de Donnees,INFO,3,4,5,4,0,1,1,-1,0.33,276,0.33,1,0,4.0,3,5,1,0,3,3,0.67,0,0,0.87,0,0,3.81,4,9,17.97
ENS016,GC_STRU,Structure Batiment,GC,3,5,3,5,1,2,-2,2,0.67,95,0.0,0,0,4.0,3,5,2,0,1,3,0.67,5,3,0.57,1,0,4.05,3,3,26.45
ENS022,WEB_F,Developpement Web Front,WEB,4,2,4,2,3,-2,2,-2,-0.67,225,0.08,1,1,3.0,2,4,0,0,2,3,0.67,2,3,0.81,1,0,2.69,3,7,18.93
ENS013,GESTION,Gestion de Projet,SUP,2,2,1,3,3,0,-1,2,0.33,210,0.0,1,0,2.0,1,3,0,1,3,1,1.0,2,1,0.83,3,0,3.15,1,7,18.95
ENS015,PED,Pedagogie,SUP,4,3,3,3,2,-1,0,0,-0.33,190,0.33,1,0,3.25,3,4,0,0,3,2,0.5,0,2,0.9,0,0,4.27,3,6,17.54
ENS023,PROG,Programmation,GL,3,4,3,4,0,1,-1,1,0.33,37,0.42,0,0,3.5,3,4,0,0,3,1,1.0,5,1,0.92,4,0,4.21,4,1,33.02
ENS001,BD,Bases de Donnees,INFO,1,1,2,2,1,0,1,0,0.33,133,0.0,0,0,1.5,1,2,0,2,1,3,0.67,0,3,0.72,4,0,2.97,3,4,18.04
ENS023,WEB_F,Developpement Web Front,WEB,4,4,2,2,3,0,-2,0,-0.67,273,0.42,1,1,3.0,2,4,0,0,3,1,1.0,3,3,0.66,2,1,3.3,4,9,23.9
ENS025,GC_MAT,Matériaux,GC,2,3,3,3,3,1,0,0,0.33,194,0.17,1,0,2.75,2,3,0,0,3,1,1.0,2,3,0.92,1,1,3.31,1,6,17.72
ENS013,WEB_F,Developpement Web Front,WEB,1,2,1,2,2,1,-1,1,0.33,325,0.42,1,0,1.5,1,2,0,2,1,3,0.67,2,1,0.71,0,0,4.42,3,10,20.89
ENS030,PROG,Programmation,GL,3,5,3,3,1,2,-2,0,0.0,355,0.08,1,0,3.5,3,5,1,0,3,1,1.0,3,1,0.71,4,2,3.79,3,11,25.63
ENS002,BD,Bases de Donnees,INFO,5,3,4,4,1,-2,1,0,-0.33,319,0.0,1,0,4.0,3,5,1,0,1,3,0.67,4,0,0.6,0,2,3.7,2,10,21.4
ENS027,GC_STRU,Structure Batiment,GC,3,3,4,2,2,0,1,-2,-0.33,191,0.25,1,0,3.0,2,4,0,0,3,1,1.0,2,1,0.54,0,1,4.38,2,6,18.46
ENS003,WEB_F,Developpement Web Front,WEB,1,1,2,1,3,0,1,-1,0.0,336,0.0,1,0,1.25,1,2,0,3,1,1,1.0,5,2,0.88,1,1,3.0,2,11,24.4
ENS017,WEB_B,Developpement Web Back,WEB,2,2,2,2,2,0,0,0,0.0,112,0.42,0,0,2.0,2,2,0,0,3,2,0.5,4,0,0.61,1,2,4.02,1,3,21.59
ENS001,PED,Pedagogie,SUP,5,3,4,5,0,-2,1,1,0.0,256,0.25,1,0,4.25,3,5,2,0,3,3,0.67,1,2,0.57,4,0,4.19,4,8,23.23
ENS014,GC_STRU,Structure Batiment,GC,4,3,4,3,0,-1,1,-1,-0.33,338,0.08,1,0,3.5,3,4,0,0,1,3,0.67,2,1,0.52,0,2,2.59,1,11,13.28
ENS005,GC_STRU,Structure Batiment,GC,3,2,1,3,3,-1,-1,2,0.0,293,0.42,1,0,2.25,1,3,0,1,2,3,0.67,3,3,0.9,2,1,3.24,4,9,24.98
ENS013,GC_STRU,Structure Batiment,GC,3,4,3,5,1,1,-1,2,0.67,364,0.0,1,0,3.75,3,5,1,0,1,2,0.5,2,3,0.79,1,0,3.92,4,12,22.79
ENS020,PED,Pedagogie,SUP,3,4,4,3,3,1,0,-1,0.0,63,0.17,0,0,3.5,3,4,0,0,2,3,0.67,3,1,0.65,3,1,3.49,3,2,23.73
ENS025,GESTION,Gestion de Projet,SUP,2,4,3,2,1,2,-1,-1,0.0,232,0.33,1,0,2.75,2,4,0,0,3,2,0.5,2,2,0.91,3,1,4.08,1,7,21.21
ENS014,RESEAU,Reseaux,RT,3,5,3,5,0,2,-2,2,0.67,191,0.08,1,0,4.0,3,5,2,0,1,3,0.67,3,2,0.73,1,0,2.52,2,6,18.69
ENS008,BD,Bases de Donnees,INFO,1,1,1,1,3,0,0,0,0.0,210,0.25,1,0,1.0,1,1,0,4,3,3,0.67,2,1,0.7,1,0,3.47,4,7,21.44
ENS007,BD,Bases de Donnees,INFO,1,2,1,2,1,1,-1,1,0.33,249,0.17,1,0,1.5,1,2,0,2,1,1,1.0,1,3,0.52,0,0,4.08,2,8,15.76
ENS025,WEB_F,Developpement Web Front,WEB,2,4,4,2,1,2,0,-2,0.0,347,0.08,1,0,3.0,2,4,0,0,2,3,0.67,1,2,0.9,1,2,2.81,3,11,17.62
ENS024,GC_STRU,Structure Batiment,GC,2,2,4,4,2,0,2,0,0.67,320,0.25,1,0,3.0,2,4,0,0,1,3,0.67,2,0,0.71,3,2,3.79,3,10,22.63
ENS028,GESTION,Gestion de Projet,SUP,1,3,1,3,3,2,-2,2,0.67,180,0.25,0,0,2.0,1,3,0,2,2,2,0.5,5,0,0.52,3,2,2.81,3,6,25.72
ENS003,PED,Pedagogie,SUP,2,2,2,2,3,0,0,0,0.0,250,0.42,1,0,2.0,2,2,0,0,1,3,0.67,4,2,0.59,3,2,2.82,3,8,24.09
ENS005,PED,Pedagogie,SUP,3,1,3,2,2,-2,2,-1,-0.33,122,0.17,0,0,2.25,1,3,0,1,3,2,0.5,1,3,0.86,3,1,3.63,2,4,19.56
ENS011,ANG,Anglais Technique,SUP,1,1,2,2,2,0,1,0,0.33,279,0.08,1,0,1.5,1,2,0,2,3,2,0.5,5,3,0.91,4,2,2.83,1,9,25.71
ENS004,WEB_B,Developpement Web Back,WEB,2,2,1,1,2,0,-1,0,-0.33,153,0.17,0,0,1.5,1,2,0,2,3,2,0.5,3,3,0.68,0,1,2.7,3,5,19.3
ENS018,GC_STRU,Structure Batiment,GC,3,3,3,2,2,0,0,-1,-0.33,54,0.25,0,0,2.75,2,3,0,0,3,2,0.5,1,3,0.84,4,2,3.54,4,1,23.28
ENS022,GC_STRU,Structure Batiment,GC,3,1,2,2,4,-2,1,0,-0.33,39,0.08,0,0,2.0,1,3,0,1,3,3,0.67,5,2,0.54,3,2,3.91,4,1,29.52
ENS010,ANG,Anglais Technique,SUP,1,1,3,2,1,0,2,-1,0.33,317,0.33,1,0,1.75,1,3,0,2,1,3,0.67,5,1,0.89,4,0,3.59,1,10,27.13
ENS018,BD,Bases de Donnees,INFO,4,5,5,3,0,1,0,-2,-0.33,245,0.33,1,0,4.25,3,5,2,0,1,1,1.0,5,1,0.72,3,2,4.44,2,8,28.48
ENS007,GC_STRU,Structure Batiment,GC,5,5,5,3,0,0,0,-2,-0.67,110,0.08,0,1,4.5,3,5,3,0,1,1,1.0,3,1,0.54,2,0,2.56,2,3,18.82
ENS025,PROG,Programmation,GL,3,5,3,4,0,2,-2,1,0.33,67,0.08,0,0,3.75,3,5,1,0,1,2,0.5,5,1,0.81,2,0,3.69,2,2,26.43
ENS022,ALG,Algorithmique,GL,1,1,1,1,3,0,0,0,0.0,92,0.33,0,0,1.0,1,1,0,4,3,2,0.5,3,1,0.52,0,0,3.74,1,3,17.58
ENS018,BD,Bases de Donnees,INFO,3,3,5,4,1,0,2,-1,0.33,234,0.33,1,0,3.75,3,5,1,0,3,3,0.67,0,0,0.81,0,2,3.66,1,7,12.87
ENS018,RESEAU,Reseaux,RT,4,4,4,3,1,0,0,-1,-0.33,180,0.17,0,0,3.75,3,4,0,0,3,1,1.0,2,1,0.85,4,1,2.73,1,6,19.21
ENS014,WEB_B,Developpement Web Back,WEB,1,1,2,1,2,0,1,-1,0.0,346,0.0,1,0,1.25,1,2,0,3,1,2,0.5,5,0,0.9,4,1,2.52,4,11,29.54
ENS030,PROG,Programmation,GL,3,5,3,3,1,2,-2,0,0.0,53,0.33,0,0,3.5,3,5,1,0,1,3,0.67,5,0,0.89,4,2,2.9,1,1,25.75
ENS027,GESTION,Gestion de Projet,SUP,2,2,2,2,0,0,0,0,0.0,36,0.0,0,0,2.0,2,2,0,0,2,3,0.67,5,1,0.58,0,2,2.97,3,1,23.34
ENS008,ANG,Anglais Technique,SUP,4,5,5,5,0,1,0,0,0.33,105,0.42,0,0,4.75,4,5,3,0,1,1,1.0,0,1,0.55,3,1,3.63,3,3,17.51
ENS024,WEB_B,Developpement Web Back,WEB,1,2,2,1,2,1,0,-1,0.0,227,0.25,1,0,1.5,1,2,0,2,3,1,1.0,0,0,0.68,4,0,2.73,4,7,18.86
ENS023,GC_STRU,Structure Batiment,GC,2,3,3,2,3,1,0,-1,0.0,121,0.17,0,0,2.5,2,3,0,0,1,2,0.5,1,3,0.89,1,1,3.38,1,4,15.71
ENS017,GESTION,Gestion de Projet,SUP,1,1,1,3,3,0,0,2,0.67,277,0.42,1,0,1.5,1,3,0,3,2,1,1.0,5,0,0.63,0,1,4.08,1,9,22.81
ENS014,GC_STRU,Structure Batiment,GC,5,5,4,3,0,0,-1,-1,-0.67,205,0.0,1,1,4.25,3,5,2,0,2,2,0.5,2,0,0.74,4,1,2.83,3,6,21.86
ENS014,BD,Bases de Donnees,INFO,1,1,1,1,2,0,0,0,0.0,284,0.33,1,0,1.0,1,1,0,4,2,2,0.5,3,3,0.52,0,2,3.81,2,9,19.22
ENS014,GC_STRU,Structure Batiment,GC,1,3,2,2,1,2,-1,0,0.33,180,0.0,0,0,2.0,1,3,0,1,2,3,0.67,1,2,0.65,0,0,3.5,2,6,15.25
ENS003,WEB_F,Developpement Web Front,WEB,2,1,2,3,3,-1,1,1,0.33,154,0.42,0,0,2.0,1,3,0,1,1,3,0.67,1,0,0.55,4,0,2.76,3,5,18.77
ENS019,ANG,Anglais Technique,SUP,4,4,4,4,1,0,0,0,0.0,44,0.25,0,0,4.0,4,4,0,0,1,2,0.5,4,0,0.53,4,2,2.58,1,1,21.31
ENS013,PROG,Programmation,GL,2,3,2,3,1,1,-1,1,0.33,63,0.42,0,0,2.5,2,3,0,0,2,3,0.67,5,2,0.89,3,0,3.94,4,2,31.33
ENS022,BD,Bases de Donnees,INFO,3,5,4,4,1,2,-1,0,0.33,320,0.25,1,0,4.0,3,5,1,0,3,3,0.67,3,1,0.78,0,0,4.29,3,10,22.98
ENS022,BD,Bases de Donnees,INFO,1,1,2,2,3,0,1,0,0.33,354,0.17,1,0,1.5,1,2,0,2,3,3,0.67,0,1,0.74,4,0,3.66,1,11,16.52
ENS030,WEB_F,Developpement Web Front,WEB,2,3,3,4,3,1,0,1,0.67,267,0.25,1,0,3.0,2,4,0,0,2,1,1.0,4,2,0.56,4,1,3.98,1,8,24.26
ENS007,GC_MAT,Matériaux,GC,2,1,3,1,4,-1,2,-2,-0.33,246,0.17,1,0,1.75,1,3,0,2,2,1,1.0,3,3,0.84,0,0,4.27,2,8,21.74
ENS027,ALG,Algorithmique,GL,3,1,2,3,2,-2,1,1,0.0,186,0.25,1,0,2.25,1,3,0,1,3,1,1.0,3,3,0.8,2,0,3.96,1,6,21.42
ENS023,PROG,Programmation,GL,5,4,5,5,1,-1,1,0,0.0,302,0.17,1,0,4.75,4,5,3,0,3,3,0.67,4,3,0.85,2,2,3.5,2,10,24.25
ENS023,ANG,Anglais Technique,SUP,2,1,3,3,2,-1,2,0,0.33,140,0.42,0,0,2.25,1,3,0,1,3,2,0.5,5,3,0.9,0,0,3.9,3,4,26.8
ENS023,GC_STRU,Structure Batiment,GC,3,5,3,5,1,2,-2,2,0.67,130,0.42,0,0,4.0,3,5,2,0,3,3,0.67,2,3,0.63,2,1,2.77,4,4,20.69
ENS030,GESTION,Gestion de Projet,SUP,3,5,5,3,0,2,0,-2,0.0,231,0.42,1,0,4.0,3,5,2,0,2,1,1.0,5,1,0.77,4,2,3.61,4,7,31.07
ENS025,RESEAU,Reseaux,RT,3,2,2,3,0,-1,0,1,0.0,145,0.08,0,0,2.5,2,3,0,0,2,1,1.0,3,1,0.53,0,1,3.35,2,4,18.35
ENS001,BD,Bases de Donnees,INFO,4,3,3,4,1,-1,0,1,0.0,77,0.17,0,0,3.5,3,4,0,0,2,3,0.67,1,2,0.9,2,0,4.44,4,2,23.38
ENS030,ANG,Anglais Technique,SUP,1,2,1,3,2,1,-1,2,0.67,141,0.08,0,0,1.75,1,3,0,2,2,2,0.5,0,2,0.62,2,1,4.1,1,4,14.8
ENS015,SEC,Securite Informatique,RT,4,4,3,2,0,0,-1,-1,-0.67,178,0.08,0,1,3.25,2,4,0,0,1,1,1.0,0,3,0.65,4,1,3.09,3,5,17.93
ENS007,ALG,Algorithmique,GL,1,2,1,1,4,1,-1,0,0.0,353,0.33,1,0,1.25,1,2,0,3,3,3,0.67,2,1,0.89,2,1,2.98,1,11,17.91
ENS003,WEB_B,Developpement Web Back,WEB,4,3,3,5,0,-1,0,2,0.33,238,0.17,1,0,3.75,3,5,1,0,2,3,0.67,4,1,0.91,3,1,2.86,4,7,27.27
ENS019,WEB_B,Developpement Web Back,WEB,1,2,2,3,2,1,0,1,0.67,139,0.42,0,0,2.0,1,3,0,1,3,3,0.67,4,3,0.67,4,0,3.22,1,4,23.29
ENS030,GESTION,Gestion de Projet,SUP,1,2,2,1,2,1,0,-1,0.0,363,0.0,1,0,1.5,1,2,0,2,3,1,1.0,2,3,0.9,1,2,4.3,1,12,19.6
ENS015,RESEAU,Reseaux,RT,1,1,2,1,3,0,1,-1,0.0,130,0.0,0,0,1.25,1,2,0,3,1,3,0.67,4,0,0.56,3,1,4.31,2,4,25.42
ENS028,SEC,Securite Informatique,RT,4,3,4,4,3,-1,1,0,0.0,116,0.17,0,0,3.75,3,4,0,0,1,3,0.67,0,0,0.91,3,0,3.35,4,3,20.25
ENS026,GC_STRU,Structure Batiment,GC,2,4,2,3,2,2,-2,1,0.33,154,0.42,0,0,2.75,2,4,0,0,2,2,0.5,4,0,0.9,1,0,3.54,4,5,26.58
ENS006,PED,Pedagogie,SUP,3,3,3,1,2,0,0,-2,-0.67,34,0.25,0,1,2.5,1,3,0,1,1,2,0.5,3,0,0.66,0,0,2.71,2,1,17.72
ENS014,GC_MAT,Matériaux,GC,3,2,2,4,2,-1,0,2,0.33,242,0.0,1,0,2.75,2,4,0,0,1,2,0.5,0,1,0.91,3,0,3.62,4,8,20.79
ENS014,GC_STRU,Structure Batiment,GC,3,1,3,1,2,-2,2,-2,-0.67,118,0.0,0,1,2.0,1,3,0,2,3,2,0.5,0,2,0.84,4,2,3.09,3,3,18.88
ENS001,GC_STRU,Structure Batiment,GC,2,3,4,3,2,1,1,-1,0.33,288,0.17,1,0,3.0,2,4,0,0,1,1,1.0,0,0,0.63,2,1,2.77,4,9,16.69
ENS021,ALG,Algorithmique,GL,2,4,3,2,1,2,-1,-1,0.0,156,0.42,0,0,2.75,2,4,0,0,3,2,0.5,0,2,0.76,1,2,3.91,3,5,17.12
ENS022,GESTION,Gestion de Projet,SUP,3,3,3,3,2,0,0,0,0.0,195,0.42,1,0,3.0,3,3,0,0,2,3,0.67,3,1,0.9,3,2,4.03,2,6,24.56
ENS011,WEB_B,Developpement Web Back,WEB,3,1,1,2,2,-2,0,1,-0.33,274,0.33,1,0,1.75,1,3,0,2,2,3,0.67,4,1,0.68,3,0,3.44,1,9,22.78
ENS006,ANG,Anglais Technique,SUP,1,2,3,1,2,1,1,-2,0.0,192,0.0,1,0,1.75,1,3,0,2,2,1,1.0,4,0,0.94,2,1,3.98,2,6,25.66
ENS023,PROG,Programmation,GL,5,4,5,5,0,-1,1,0,0.0,247,0.42,1,0,4.75,4,5,3,0,1,3,0.67,3,1,0.66,3,1,2.53,4,8,23.36
ENS014,ALG,Algorithmique,GL,1,1,1,1,3,0,0,0,0.0,286,0.17,1,0,1.0,1,1,0,4,1,2,0.5,1,1,0.67,2,0,3.55,2,9,17.45
ENS001,GC_STRU,Structure Batiment,GC,3,3,4,3,0,0,1,-1,0.0,208,0.33,1,0,3.25,3,4,0,0,3,1,1.0,2,3,0.67,2,0,4.1,2,6,20.55
ENS020,SEC,Securite Informatique,RT,3,3,4,4,0,0,1,0,0.33,258,0.42,1,0,3.5,3,4,0,0,2,3,0.67,2,2,0.71,1,1,4.25,3,8,21.55
ENS022,BD,Bases de Donnees,INFO,5,5,5,4,0,0,0,-1,-0.33,199,0.0,1,0,4.75,4,5,3,0,1,1,1.0,2,2,0.69,4,2,2.6,4,6,22.65
ENS018,RESEAU,Reseaux,RT,1,1,1,1,4,0,0,0,0.0,348,0.17,1,0,1.0,1,1,0,4,3,3,0.67,3,2,0.89,1,2,3.29,3,11,22.53
ENS023,WEB_F,Developpement Web Front,WEB,3,3,3,3,1,0,0,0,0.0,60,0.08,0,0,3.0,3,3,0,0,3,3,0.67,2,2,0.52,0,0,3.62,1,2,15.34
ENS015,GC_MAT,Matériaux,GC,2,3,3,1,4,1,0,-2,-0.33,103,0.25,0,0,2.25,1,3,0,1,3,3,0.67,2,3,0.9,1,2,3.59,1,3,18.18
ENS027,GC_STRU,Structure Batiment,GC,5,3,5,5,1,-2,2,0,0.0,156,0.17,0,0,4.5,3,5,3,0,1,3,0.67,2,3,0.53,1,2,3.37,2,5,17.39
ENS004,ANG,Anglais Technique,SUP,1,2,1,3,1,1,-1,2,0.67,41,0.25,0,0,1.75,1,3,0,2,1,1,1.0,2,3,0.53,4,2,3.5,4,1,23.65
ENS012,WEB_B,Developpement Web Back,WEB,1,1,1,2,2,0,0,1,0.33,225,0.17,1,0,1.25,1,2,0,3,3,1,1.0,5,1,0.81,0,1,2.7,1,7,20.95
ENS015,GC_MAT,Matériaux,GC,1,1,1,1,2,0,0,0,0.0,148,0.0,0,0,1.0,1,1,0,4,3,2,0.5,2,2,0.54,2,0,3.34,4,4,21.38
ENS005,GESTION,Gestion de Projet,SUP,1,3,1,3,2,2,-2,2,0.67,339,0.08,1,0,2.0,1,3,0,2,1,1,1.0,3,0,0.83,0,0,3.66,4,11,23.47
ENS006,PROG,Programmation,GL,4,5,5,4,2,1,0,-1,0.0,267,0.25,1,0,4.5,4,5,2,0,1,2,0.5,2,3,0.67,2,1,3.1,1,8,17.05
ENS025,SEC,Securite Informatique,RT,3,4,5,3,2,1,1,-2,0.0,133,0.17,0,0,3.75,3,5,1,0,3,3,0.67,0,0,0.91,1,1,3.75,3,4,17.55
ENS019,SEC,Securite Informatique,RT,3,2,2,2,2,-1,0,0,-0.33,128,0.42,0,0,2.25,2,3,0,0,1,1,1.0,5,0,0.59,0,1,4.45,3,4,26.35
ENS018,GC_STRU,Structure Batiment,GC,3,4,2,3,0,1,-2,1,0.0,222,0.17,1,0,3.0,2,4,0,0,1,2,0.5,1,3,0.51,3,1,3.93,3,7,19.91
ENS009,SEC,Securite Informatique,RT,4,2,4,3,1,-2,2,-1,-0.33,289,0.25,1,0,3.25,2,4,0,0,2,1,1.0,0,3,0.93,4,0,3.97,3,9,21.09
ENS001,PROG,Programmation,GL,5,3,4,5,0,-2,1,1,0.0,157,0.0,0,0,4.25,3,5,2,0,1,3,0.67,2,0,0.7,2,1,4.34,3,5,22.68
ENS021,BD,Bases de Donnees,INFO,3,5,3,3,0,2,-2,0,0.0,214,0.33,1,0,3.5,3,5,1,0,3,1,1.0,3,3,0.85,1,1,3.59,3,7,22.93
ENS027,ANG,Anglais Technique,SUP,3,3,3,1,2,0,0,-2,-0.67,338,0.17,1,1,2.5,1,3,0,1,1,2,0.5,5,2,0.78,0,2,3.91,3,11,26.22
ENS030,ALG,Algorithmique,GL,2,2,3,2,3,0,1,-1,0.0,158,0.17,0,0,2.25,2,3,0,0,1,1,1.0,4,0,0.51,0,1,2.84,2,5,19.23
ENS010,WEB_F,Developpement Web Front,WEB,4,4,3,3,3,0,-1,0,-0.33,160,0.25,0,0,3.5,3,4,0,0,1,1,1.0,4,3,0.84,4,2,3.19,1,5,24.08
ENS008,GC_MAT,Matériaux,GC,2,4,3,3,2,2,-1,0,0.33,345,0.42,1,0,3.0,2,4,0,0,1,2,0.5,3,1,0.84,2,0,3.99,1,11,21.68
ENS006,ANG,Anglais Technique,SUP,1,3,2,3,1,2,-1,1,0.67,277,0.42,1,0,2.25,1,3,0,1,1,3,0.67,3,1,0.62,3,0,3.85,1,9,21.3
ENS029,GC_STRU,Structure Batiment,GC,3,2,2,4,0,-1,0,2,0.33,279,0.33,1,0,2.75,2,4,0,0,3,1,1.0,5,0,0.67,2,1,3.46,2,9,25.27
ENS015,SEC,Securite Informatique,RT,3,3,3,4,0,0,0,1,0.33,287,0.42,1,0,3.25,3,4,0,0,3,1,1.0,1,3,0.72,4,1,4.34,3,9,22.78
ENS005,BD,Bases de Donnees,INFO,2,1,1,1,3,-1,0,0,-0.33,207,0.17,1,0,1.25,1,2,0,3,3,2,0.5,0,2,0.66,3,2,3.33,4,6,18.96
ENS030,SEC,Securite Informatique,RT,4,5,5,4,1,1,0,-1,0.0,245,0.42,1,0,4.5,4,5,2,0,1,2,0.5,2,3,0.79,2,2,4.27,3,8,22.99
ENS023,PROG,Programmation,GL,3,5,4,3,0,2,-1,-1,0.0,142,0.08,0,0,3.75,3,5,1,0,3,2,0.5,3,1,0.58,2,1,4.36,2,4,22.62
ENS026,WEB_B,Developpement Web Back,WEB,4,4,5,4,0,0,1,-1,0.0,95,0.0,0,0,4.25,4,5,1,0,1,3,0.67,5,3,0.91,3,2,4.28,4,3,32.11
ENS009,GESTION,Gestion de Projet,SUP,4,3,4,3,1,-1,1,-1,-0.33,131,0.0,0,0,3.5,3,4,0,0,3,2,0.5,1,0,0.66,3,2,2.6,2,4,16.5
ENS011,WEB_B,Developpement Web Back,WEB,4,5,3,3,1,1,-2,0,-0.33,246,0.17,1,0,3.75,3,5,1,0,1,1,1.0,0,0,0.56,2,1,3.67,1,8,13.64
ENS014,ALG,Algorithmique,GL,2,3,3,2,1,1,0,-1,0.0,322,0.33,1,0,2.5,2,3,0,0,2,1,1.0,3,0,0.88,2,2,3.19,4,10,24.78
ENS013,ALG,Algorithmique,GL,1,1,1,1,3,0,0,0,0.0,241,0.08,1,0,1.0,1,1,0,4,2,2,0.5,3,1,0.79,2,1,3.41,4,8,24.77
ENS006,WEB_F,Developpement Web Front,WEB,3,3,2,1,3,0,-1,-1,-0.67,63,0.0,0,1,2.25,1,3,0,1,2,1,1.0,5,0,0.6,1,1,2.91,2,2,22.82
ENS029,SEC,Securite Informatique,RT,2,3,4,2,3,1,1,-2,0.0,225,0.08,1,0,2.75,2,4,0,0,3,2,0.5,1,1,0.85,3,0,2.73,2,7,17.71
ENS011,RESEAU,Reseaux,RT,1,1,2,1,4,0,1,-1,0.0,328,0.17,1,0,1.25,1,2,0,3,3,3,0.67,3,1,0.8,4,1,2.9,1,10,21.3
ENS029,PED,Pedagogie,SUP,3,1,1,3,3,-2,0,2,0.0,268,0.25,1,0,2.0,1,3,0,2,3,1,1.0,1,3,0.69,3,0,3.28,3,8,19.51
ENS010,PROG,Programmation,GL,3,2,4,2,2,-1,2,-2,-0.33,242,0.17,1,0,2.75,2,4,0,0,3,3,0.67,2,2,0.5,1,2,3.48,1,8,15.96
ENS027,GESTION,Gestion de Projet,SUP,3,1,3,3,3,-2,2,0,0.0,145,0.25,0,0,2.5,1,3,0,1,2,1,1.0,2,1,0.8,0,2,2.9,3,4,18.3
ENS001,BD,Bases de Donnees,INFO,5,4,3,5,1,-1,-1,2,0.0,242,0.25,1,0,4.25,3,5,2,0,1,3,0.67,5,2,0.52,1,0,3.24,4,8,26.08
ENS016,WEB_B,Developpement Web Back,WEB,5,3,4,3,0,-2,1,-1,-0.67,233,0.17,1,1,3.75,3,5,1,0,1,2,0.5,4,2,0.86,4,0,3.5,2,7,26.3
ENS018,PROG,Programmation,GL,5,5,5,3,1,0,0,-2,-0.67,32,0.42,0,1,4.5,3,5,3,0,1,2,0.5,0,2,0.76,3,1,3.33,1,1,14.96
ENS011,PROG,Programmation,GL,2,3,4,2,3,1,1,-2,0.0,255,0.25,1,0,2.75,2,4,0,0,2,1,1.0,4,1,0.93,3,0,4.18,3,8,28.51
ENS008,PED,Pedagogie,SUP,4,3,4,4,2,-1,1,0,0.0,97,0.33,0,0,3.75,3,4,0,0,2,3,0.67,2,2,0.59,2,2,4.22,4,3,23.39
ENS006,WEB_B,Developpement Web Back,WEB,2,2,2,1,3,0,0,-1,-0.33,307,0.33,1,0,1.75,1,2,0,1,2,2,0.5,5,2,0.51,0,2,4.29,1,10,22.63
ENS024,RESEAU,Reseaux,RT,5,4,5,4,2,-1,1,-1,-0.33,293,0.08,1,0,4.5,4,5,2,0,1,1,1.0,4,2,0.93,4,0,3.27,1,9,24.69
ENS018,GC_MAT,Matériaux,GC,2,4,3,2,0,2,-1,-1,0.0,265,0.0,1,0,2.75,2,4,0,0,2,2,0.5,0,2,0.8,3,0,3.91,4,8,20.82
ENS003,ANG,Anglais Technique,SUP,3,1,2,1,1,-2,1,-1,-0.67,101,0.0,0,1,1.75,1,3,0,2,1,3,0.67,5,1,0.75,4,0,4.39,2,3,29.53
ENS017,PED,Pedagogie,SUP,1,3,3,2,2,2,0,-1,0.33,274,0.25,1,0,2.25,1,3,0,1,1,2,0.5,1,0,0.59,3,0,3.09,3,9,18.63
ENS006,RESEAU,Reseaux,RT,5,3,4,4,1,-2,1,0,-0.33,265,0.42,1,0,4.0,3,5,1,0,1,3,0.67,5,0,0.66,2,1,4.11,2,8,26.52
ENS011,ALG,Algorithmique,GL,3,2,2,2,1,-1,0,0,-0.33,163,0.25,0,0,2.25,2,3,0,0,2,1,1.0,4,1,0.53,2,2,3.69,3,5,24.53
ENS013,PED,Pedagogie,SUP,4,4,5,5,0,0,1,0,0.33,55,0.17,0,0,4.5,4,5,2,0,3,3,0.67,3,0,0.53,1,1,2.92,1,1,16.99
ENS014,GC_STRU,Structure Batiment,GC,2,4,2,3,2,2,-2,1,0.33,95,0.17,0,0,2.75,2,4,0,0,2,2,0.5,4,0,0.81,4,1,3.53,3,3,27.61
ENS023,WEB_B,Developpement Web Back,WEB,3,3,4,4,0,0,1,0,0.33,191,0.33,1,0,3.5,3,4,0,0,2,3,0.67,0,0,0.51,4,2,2.61,1,6,13.27
ENS005,ALG,Algorithmique,GL,1,1,2,2,4,0,1,0,0.33,230,0.25,1,0,1.5,1,2,0,2,3,1,1.0,5,2,0.83,2,0,4.19,2,7,27.53
ENS005,WEB_F,Developpement Web Front,WEB,4,4,2,4,2,0,-2,2,0.0,137,0.0,0,0,3.5,2,4,0,0,3,3,0.67,2,3,0.72,4,0,2.79,2,4,20.18
ENS009,SEC,Securite Informatique,RT,2,3,3,2,3,1,0,-1,0.0,365,0.42,1,0,2.5,2,3,0,0,1,2,0.5,5,0,0.55,4,2,2.58,3,12,26.41
ENS006,GC_STRU,Structure Batiment,GC,5,4,5,3,0,-1,1,-2,-0.67,325,0.17,1,1,4.25,3,5,2,0,1,1,1.0,2,3,0.78,4,0,3.96,2,10,22.82
ENS013,WEB_F,Developpement Web Front,WEB,1,1,3,3,3,0,2,0,0.67,269,0.25,1,0,2.0,1,3,0,2,2,1,1.0,5,3,0.87,4,2,4.38,1,8,28.61
ENS029,ALG,Algorithmique,GL,2,3,2,4,0,1,-1,2,0.67,343,0.25,1,0,2.75,2,4,0,0,3,1,1.0,4,3,0.63,1,0,3.56,2,11,22.27
ENS001,BD,Bases de Donnees,INFO,4,3,3,5,1,-1,0,2,0.33,354,0.33,1,0,3.75,3,5,1,0,3,2,0.5,5,0,0.58,3,0,3.52,1,11,24.44
ENS008,GESTION,Gestion de Projet,SUP,4,3,4,4,2,-1,1,0,0.0,90,0.08,0,0,3.75,3,4,0,0,1,1,1.0,0,3,0.73,0,1,3.38,4,3,16.41
ENS013,BD,Bases de Donnees,INFO,2,2,2,1,1,0,0,-1,-0.33,47,0.08,0,0,1.75,1,2,0,1,1,1,1.0,4,3,0.64,3,1,2.57,2,1,22.34
ENS022,SEC,Securite Informatique,RT,2,4,2,2,3,2,-2,0,0.0,254,0.25,1,0,2.5,2,4,0,0,3,2,0.5,0,1,0.62,4,1,3.82,2,8,17.74
ENS024,ANG,Anglais Technique,SUP,2,2,2,2,1,0,0,0,0.0,237,0.17,1,0,2.0,2,2,0,0,3,2,0.5,3,2,0.81,0,2,3.99,3,7,22.53
ENS025,WEB_F,Developpement Web Front,WEB,1,1,1,1,2,0,0,0,0.0,183,0.17,1,0,1.0,1,1,0,4,3,3,0.67,4,1,0.94,2,0,3.94,1,6,24.08
ENS024,ANG,Anglais Technique,SUP,5,4,5,5,0,-1,1,0,0.0,87,0.17,0,0,4.75,4,5,3,0,3,2,0.5,3,1,0.85,4,1,2.65,4,2,25.55
ENS021,PED,Pedagogie,SUP,4,4,5,4,1,0,1,-1,0.0,362,0.17,1,0,4.25,4,5,1,0,1,3,0.67,3,0,0.94,4,0,3.51,2,12,24.72
ENS022,RESEAU,Reseaux,RT,1,3,1,2,3,2,-2,1,0.33,120,0.25,0,0,1.75,1,3,0,2,2,3,0.67,3,0,0.61,2,2,3.99,3,4,23.53
ENS024,GC_STRU,Structure Batiment,GC,4,3,5,3,0,-1,2,-2,-0.33,155,0.17,0,0,3.75,3,5,1,0,3,2,0.5,1,2,0.85,3,0,3.18,3,5,20.11
ENS012,ANG,Anglais Technique,SUP,2,3,2,3,1,1,-1,1,0.33,236,0.08,1,0,2.5,2,3,0,0,3,3,0.67,0,1,0.86,2,2,3.98,2,7,17.26
ENS030,RESEAU,Reseaux,RT,2,1,2,1,4,-1,1,-1,-0.33,112,0.42,0,0,1.5,1,2,0,2,3,3,0.67,5,3,0.76,3,2,3.0,4,3,28.8
ENS005,ANG,Anglais Technique,SUP,5,4,4,5,0,-1,0,1,0.0,314,0.17,1,0,4.5,4,5,2,0,3,2,0.5,3,3,0.84,1,1,3.55,2,10,21.3
ENS026,GC_MAT,Matériaux,GC,2,4,2,2,1,2,-2,0,0.0,76,0.42,0,0,2.5,2,4,0,0,1,3,0.67,1,1,0.73,0,1,2.87,2,2,14.39
ENS007,ANG,Anglais Technique,SUP,3,3,2,3,0,0,-1,1,0.0,286,0.17,1,0,2.75,2,3,0,0,2,2,0.5,2,2,0.53,4,2,2.83,2,9,19.31
ENS003,ALG,Algorithmique,GL,1,1,1,1,4,0,0,0,0.0,235,0.08,1,0,1.0,1,1,0,4,1,1,1.0,1,1,0.69,1,1,3.84,1,7,15.63
ENS004,RESEAU,Reseaux,RT,2,2,3,3,4,0,1,0,0.33,256,0.0,1,0,2.5,2,3,0,0,2,3,0.67,4,3,0.79,0,0,2.8,3,8,22.05
ENS022,PROG,Programmation,GL,3,5,4,3,0,2,-1,-1,0.0,304,0.17,1,0,3.75,3,5,1,0,2,2,0.5,5,1,0.63,3,0,3.87,2,10,26.89
ENS029,RESEAU,Reseaux,RT,1,1,2,1,4,0,1,-1,0.0,120,0.33,0,0,1.25,1,2,0,3,3,3,0.67,5,2,0.68,1,1,2.92,4,4,26.24
ENS018,GC_MAT,Matériaux,GC,2,2,2,4,0,0,0,2,0.67,51,0.0,0,0,2.5,2,4,0,0,2,1,1.0,5,3,0.94,1,2,4.04,2,1,26.78
ENS022,ALG,Algorithmique,GL,1,2,1,1,4,1,-1,0,0.0,285,0.17,1,0,1.25,1,2,0,3,3,1,1.0,5,0,0.69,1,1,4.21,2,9,25.87
ENS002,ALG,Algorithmique,GL,2,1,1,1,3,-1,0,0,-0.33,80,0.25,0,0,1.25,1,2,0,3,2,1,1.0,3,3,0.58,1,2,3.05,3,2,20.5
ENS017,GC_MAT,Matériaux,GC,3,2,3,2,3,-1,1,-1,-0.33,262,0.33,1,0,2.5,2,3,0,0,2,1,1.0,1,2,0.53,0,2,2.5,3,8,14.15
ENS011,RESEAU,Reseaux,RT,2,1,1,1,3,-1,0,0,-0.33,242,0.42,1,0,1.25,1,2,0,3,1,3,0.67,5,0,0.58,3,0,3.09,1,8,23.58
ENS005,RESEAU,Reseaux,RT,3,1,2,2,4,-2,1,0,-0.33,132,0.33,0,0,2.0,1,3,0,1,3,3,0.67,0,3,0.9,1,1,3.05,1,4,13.1
ENS023,WEB_F,Developpement Web Front,WEB,1,1,2,1,3,0,1,-1,0.0,193,0.25,1,0,1.25,1,2,0,3,1,1,1.0,0,3,0.66,1,2,3.05,2,6,13.4
ENS022,GESTION,Gestion de Projet,SUP,4,4,2,3,0,0,-2,1,-0.33,160,0.0,0,0,3.25,2,4,0,0,2,1,1.0,0,0,0.81,1,2,3.53,1,5,13.61
ENS002,ANG,Anglais Technique,SUP,1,1,3,3,0,0,2,0,0.67,207,0.42,1,0,2.0,1,3,0,2,3,1,1.0,3,3,0.7,2,2,3.18,2,6,20.86
ENS026,GC_STRU,Structure Batiment,GC,3,1,1,2,3,-2,0,1,-0.33,263,0.33,1,0,1.75,1,3,0,2,2,2,0.5,2,0,0.58,4,2,2.83,2,8,19.56
ENS024,GESTION,Gestion de Projet,SUP,2,2,2,4,0,0,0,2,0.67,212,0.42,1,0,2.5,2,4,0,0,1,1,1.0,4,2,0.56,3,1,3.6,1,7,22.5
ENS023,RESEAU,Reseaux,RT,2,3,4,3,0,1,1,-1,0.33,53,0.17,0,0,3.0,2,4,0,0,1,2,0.5,5,1,0.94,1,1,4.0,1,1,25.2
ENS013,ANG,Anglais Technique,SUP,1,3,2,1,1,2,-1,-1,0.0,116,0.17,0,0,1.75,1,3,0,2,1,3,0.67,1,3,0.61,3,0,4.08,2,3,19.21
ENS030,WEB_F,Developpement Web Front,WEB,4,2,4,3,1,-2,2,-1,-0.33,148,0.25,0,0,3.25,2,4,0,0,3,2,0.5,2,2,0.59,4,2,3.03,3,4,21.51
ENS001,ALG,Algorithmique,GL,2,2,1,1,3,0,-1,0,-0.33,43,0.33,0,0,1.5,1,2,0,2,2,3,0.67,2,0,0.63,3,2,2.99,2,1,19.13
ENS027,PROG,Programmation,GL,4,4,2,4,1,0,-2,2,0.0,40,0.17,0,0,3.5,2,4,0,0,1,2,0.5,5,3,0.8,2,2,2.56,3,1,25.62
ENS006,PROG,Programmation,GL,3,5,3,3,1,2,-2,0,0.0,83,0.0,0,0,3.5,3,5,1,0,3,1,1.0,3,2,0.63,3,2,3.88,1,2,21.41
ENS030,SEC,Securite Informatique,RT,4,2,3,2,3,-2,1,-1,-0.67,35,0.0,0,1,2.75,2,4,0,0,1,3,0.67,2,2,0.68,4,2,3.05,4,1,23.5
ENS002,SEC,Securite Informatique,RT,3,4,3,2,1,1,-1,-1,-0.33,336,0.25,1,0,3.0,2,4,0,0,2,2,0.5,0,3,0.56,3,1,3.96,3,11,18.22
ENS024,PROG,Programmation,GL,3,3,2,2,1,0,-1,0,-0.33,84,0.33,0,0,2.5,2,3,0,0,1,1,1.0,3,1,0.73,1,1,4.18,2,2,22.01
ENS011,BD,Bases de Donnees,INFO,3,3,3,3,0,0,0,0,0.0,186,0.08,1,0,3.0,3,3,0,0,3,1,1.0,2,0,0.68,1,1,3.72,3,6,20.34
ENS004,WEB_F,Developpement Web Front,WEB,1,1,1,1,3,0,0,0,0.0,244,0.33,1,0,1.0,1,1,0,4,2,3,0.67,0,1,0.8,0,1,2.89,4,8,15.78
ENS027,BD,Bases de Donnees,INFO,5,3,4,4,0,-2,1,0,-0.33,361,0.33,1,0,4.0,3,5,1,0,1,1,1.0,2,1,0.72,2,0,3.72,2,12,20.04
ENS019,SEC,Securite Informatique,RT,5,3,3,3,2,-2,0,0,-0.67,153,0.33,0,1,3.5,3,5,1,0,2,1,1.0,5,3,0.52,4,1,2.88,4,5,28.36
ENS028,WEB_F,Developpement Web Front,WEB,1,1,2,1,2,0,1,-1,0.0,160,0.33,0,0,1.25,1,2,0,3,3,2,0.5,5,2,0.7,2,1,3.96,2,5,26.42
ENS016,WEB_F,Developpement Web Front,WEB,3,3,2,2,1,0,-1,0,-0.33,331,0.33,1,0,2.5,2,3,0,0,1,3,0.67,3,3,0.74,4,1,3.23,4,11,26.16
ENS027,RESEAU,Reseaux,RT,1,2,1,1,3,1,-1,0,0.0,227,0.0,1,0,1.25,1,2,0,3,1,3,0.67,1,2,0.51,3,0,4.32,4,7,22.19
ENS011,GESTION,Gestion de Projet,SUP,3,3,3,1,2,0,0,-2,-0.67,180,0.0,0,1,2.5,1,3,0,1,3,3,0.67,3,2,0.69,2,0,2.56,2,6,19.57
ENS010,GC_MAT,Matériaux,GC,2,4,4,4,3,2,0,0,0.67,262,0.0,1,0,3.5,2,4,0,0,3,3,0.67,3,0,0.67,4,1,2.86,4,8,25.07
ENS029,GC_STRU,Structure Batiment,GC,3,4,3,3,0,1,-1,0,0.0,305,0.17,1,0,3.25,3,4,0,0,2,3,0.67,5,3,0.7,0,0,3.27,4,10,26.04
ENS028,PROG,Programmation,GL,5,3,5,3,0,-2,2,-2,-0.67,330,0.0,1,1,4.0,3,5,2,0,1,2,0.5,4,2,0.91,1,1,3.65,1,11,22.35
ENS016,ANG,Anglais Technique,SUP,3,2,1,3,2,-1,-1,2,0.0,208,0.42,1,0,2.25,1,3,0,1,3,2,0.5,2,1,0.71,1,0,3.91,3,6,20.87
ENS011,GC_MAT,Matériaux,GC,2,3,3,2,0,1,0,-1,0.0,194,0.17,1,0,2.5,2,3,0,0,3,2,0.5,3,0,0.72,0,1,4.0,3,6,22.1
ENS021,GC_MAT,Matériaux,GC,2,3,3,1,2,1,0,-2,-0.33,186,0.0,1,0,2.25,1,3,0,1,1,1,1.0,5,2,0.52,3,1,3.32,2,6,25.24
ENS015,GESTION,Gestion de Projet,SUP,1,1,1,3,2,0,0,2,0.67,257,0.33,1,0,1.5,1,3,0,3,2,1,1.0,4,3,0.74,1,0,3.97,3,8,25.14
ENS015,ANG,Anglais Technique,SUP,3,2,1,2,2,-1,-1,1,-0.33,162,0.33,0,0,2.0,1,3,0,1,3,2,0.5,4,1,0.9,2,0,4.09,4,5,28.68
ENS027,SEC,Securite Informatique,RT,5,3,4,4,2,-2,1,0,-0.33,171,0.25,0,0,4.0,3,5,1,0,3,2,0.5,4,3,0.88,1,2,3.47,1,5,21.84
ENS001,GC_MAT,Matériaux,GC,1,2,1,1,2,1,-1,0,0.0,211,0.42,1,0,1.25,1,2,0,3,3,3,0.67,0,3,0.81,3,1,2.74,3,7,17.03
ENS027,RESEAU,Reseaux,RT,3,5,4,3,1,2,-1,-1,0.0,273,0.17,1,0,3.75,3,5,1,0,1,3,0.67,0,2,0.53,1,1,3.25,1,9,11.65
ENS016,GESTION,Gestion de Projet,SUP,1,2,1,1,3,1,-1,0,0.0,233,0.25,1,0,1.25,1,2,0,3,2,2,0.5,1,3,0.85,0,1,2.72,2,7,14.69
ENS029,BD,Bases de Donnees,INFO,2,3,3,3,2,1,0,0,0.33,254,0.25,1,0,2.75,2,3,0,0,1,3,0.67,2,0,0.68,2,0,4.5,4,8,24.4
ENS012,GC_MAT,Matériaux,GC,2,4,4,4,1,2,0,0,0.67,137,0.33,0,0,3.5,2,4,0,0,3,3,0.67,0,3,0.91,3,1,3.3,2,4,17.15
ENS016,GESTION,Gestion de Projet,SUP,2,1,1,3,2,-1,0,2,0.33,156,0.0,0,0,1.75,1,3,0,2,2,3,0.67,1,0,0.64,2,1,3.05,4,5,19.3
ENS015,PROG,Programmation,GL,3,4,4,3,1,1,0,-1,0.0,269,0.33,1,0,3.5,3,4,0,0,1,3,0.67,0,1,0.7,0,1,3.89,1,8,12.78
ENS001,WEB_B,Developpement Web Back,WEB,2,3,3,2,2,1,0,-1,0.0,124,0.25,0,0,2.5,2,3,0,0,1,1,1.0,2,0,0.82,3,0,2.69,2,4,19.48
ENS026,GC_STRU,Structure Batiment,GC,2,4,2,4,2,2,-2,2,0.67,252,0.25,1,0,3.0,2,4,0,0,2,2,0.5,5,0,0.65,1,1,2.81,1,8,21.37
ENS011,PROG,Programmation,GL,4,3,4,3,1,-1,1,-1,-0.33,144,0.42,0,0,3.5,3,4,0,0,1,3,0.67,5,3,0.91,3,2,3.83,3,4,29.71
ENS019,BD,Bases de Donnees,INFO,5,3,3,5,0,-2,0,2,0.0,200,0.25,1,0,4.0,3,5,2,0,1,1,1.0,0,1,0.67,3,2,4.01,4,6,20.37
ENS017,RESEAU,Reseaux,RT,1,1,1,1,3,0,0,0,0.0,86,0.17,0,0,1.0,1,1,0,4,1,1,1.0,3,0,0.95,2,2,3.23,4,2,25.21
ENS023,PED,Pedagogie,SUP,3,4,3,5,1,1,-1,2,0.67,317,0.25,1,0,3.75,3,5,1,0,3,2,0.5,2,2,0.54,1,1,4.36,4,10,22.42
ENS013,GC_STRU,Structure Batiment,GC,4,2,3,4,0,-2,1,1,0.0,107,0.25,0,0,3.25,2,4,0,0,1,2,0.5,3,0,0.52,1,1,3.83,1,3,18.76
ENS013,BD,Bases de Donnees,INFO,1,1,1,2,3,0,0,1,0.33,215,0.0,1,0,1.25,1,2,0,3,3,1,1.0,3,2,0.76,1,0,4.17,2,7,22.14
ENS014,BD,Bases de Donnees,INFO,2,1,2,2,2,-1,1,0,0.0,301,0.42,1,0,1.75,1,2,0,1,1,3,0.67,0,3,0.69,1,0,2.89,3,10,14.73
ENS026,WEB_B,Developpement Web Back,WEB,2,1,2,2,3,-1,1,0,0.0,193,0.08,1,0,1.75,1,2,0,1,3,2,0.5,2,1,0.57,1,0,4.19,3,6,20.73
ENS012,GESTION,Gestion de Projet,SUP,2,1,3,3,2,-1,2,0,0.33,84,0.17,0,0,2.25,1,3,0,1,3,3,0.67,0,1,0.76,3,0,3.73,3,2,18.76
ENS011,GESTION,Gestion de Projet,SUP,1,3,3,3,2,2,0,0,0.67,259,0.17,1,0,2.5,1,3,0,1,3,3,0.67,5,0,0.86,3,2,2.72,2,8,25.74
ENS015,PROG,Programmation,GL,3,5,3,5,2,2,-2,2,0.67,293,0.33,1,0,4.0,3,5,2,0,3,3,0.67,0,2,0.88,4,0,3.59,3,9,20.08
ENS003,WEB_F,Developpement Web Front,WEB,2,2,2,3,2,0,0,1,0.33,204,0.0,1,0,2.25,2,3,0,0,3,3,0.67,0,0,0.65,1,1,4.41,4,6,19.07
ENS027,BD,Bases de Donnees,INFO,3,3,1,3,0,0,-2,2,0.0,84,0.08,0,0,2.5,1,3,0,1,1,1,1.0,3,3,0.76,3,0,4.28,1,2,22.86
ENS017,RESEAU,Reseaux,RT,3,4,4,4,2,1,0,0,0.33,103,0.33,0,0,3.75,3,4,0,0,1,1,1.0,5,2,0.75,1,1,4.05,1,3,24.35
ENS001,WEB_B,Developpement Web Back,WEB,4,4,5,5,2,0,1,0,0.33,329,0.42,1,0,4.5,4,5,2,0,3,2,0.5,4,0,0.88,3,0,4.22,2,10,26.84
ENS013,BD,Bases de Donnees,INFO,1,1,1,1,2,0,0,0,0.0,251,0.17,1,0,1.0,1,1,0,4,2,3,0.67,2,3,0.82,0,1,3.28,4,8,20.66
ENS010,PROG,Programmation,GL,5,5,3,3,0,0,-2,0,-0.67,324,0.33,1,1,4.0,3,5,2,0,2,1,1.0,2,1,0.92,4,2,4.01,3,10,25.12
ENS030,BD,Bases de Donnees,INFO,3,1,2,2,0,-2,1,0,-0.33,300,0.25,1,0,2.0,1,3,0,1,1,3,0.67,5,2,0.59,1,0,4.19,1,10,23.83
ENS022,RESEAU,Reseaux,RT,1,1,1,2,4,0,0,1,0.33,227,0.17,1,0,1.25,1,2,0,3,1,1,1.0,3,0,0.9,4,1,4.13,3,7,27.26
ENS029,PED,Pedagogie,SUP,4,4,4,5,0,0,0,1,0.33,288,0.42,1,0,4.25,4,5,1,0,1,3,0.67,2,1,0.76,2,0,3.54,3,9,21.38
ENS021,PROG,Programmation,GL,4,5,4,3,0,1,-1,-1,-0.33,293,0.33,1,0,4.0,3,5,1,0,2,3,0.67,4,0,0.77,0,1,3.72,3,9,23.79
ENS019,SEC,Securite Informatique,RT,3,4,2,2,0,1,-2,0,-0.33,336,0.25,1,0,2.75,2,4,0,0,1,2,0.5,3,1,0.56,3,2,2.97,2,11,20.74
ENS013,ALG,Algorithmique,GL,3,3,2,3,0,0,-1,1,0.0,135,0.33,0,0,2.75,2,3,0,0,3,3,0.67,5,2,0.93,3,2,4.14,1,4,27.43
ENS007,GESTION,Gestion de Projet,SUP,1,1,3,1,2,0,2,-2,0.0,262,0.25,1,0,1.5,1,3,0,3,1,3,0.67,0,3,0.56,2,1,4.24,1,8,14.78
ENS003,GC_STRU,Structure Batiment,GC,2,4,3,4,2,2,-1,1,0.67,166,0.25,0,0,3.25,2,4,0,0,1,2,0.5,5,1,0.62,2,2,2.99,1,5,22.58
ENS009,SEC,Securite Informatique,RT,2,4,2,2,2,2,-2,0,0.0,300,0.25,1,0,2.5,2,4,0,0,3,3,0.67,3,3,0.89,0,1,3.34,4,10,23.13
ENS018,BD,Bases de Donnees,INFO,5,4,4,4,1,-1,0,0,-0.33,56,0.42,0,0,4.25,4,5,1,0,1,1,1.0,5,0,0.63,4,0,3.52,2,1,27.19
ENS023,GC_MAT,Matériaux,GC,3,2,3,1,2,-1,1,-2,-0.67,73,0.42,0,1,2.25,1,3,0,1,3,2,0.5,3,3,0.85,2,2,2.94,3,2,22.63
ENS002,RESEAU,Reseaux,RT,1,1,2,1,3,0,1,-1,0.0,98,0.17,0,0,1.25,1,2,0,3,1,2,0.5,3,3,0.7,1,1,3.41,3,3,21.82
ENS021,GC_MAT,Matériaux,GC,3,4,3,2,1,1,-1,-1,-0.33,84,0.42,0,0,3.0,2,4,0,0,3,3,0.67,2,1,0.54,2,2,3.12,1,2,16.44
ENS024,BD,Bases de Donnees,INFO,3,5,4,3,2,2,-1,-1,0.0,303,0.25,1,0,3.75,3,5,1,0,3,3,0.67,2,1,0.87,0,2,4.09,3,10,21.03
ENS016,ALG,Algorithmique,GL,1,1,2,2,4,0,1,0,0.33,218,0.42,1,0,1.5,1,2,0,2,3,3,0.67,2,3,0.84,0,1,3.65,2,7,18.5
ENS002,ALG,Algorithmique,GL,4,4,2,4,0,0,-2,2,0.0,96,0.42,0,0,3.5,2,4,0,0,3,1,1.0,1,2,0.64,0,1,3.93,4,3,19.06
ENS004,GESTION,Gestion de Projet,SUP,4,3,3,4,1,-1,0,1,0.0,298,0.42,1,0,3.5,3,4,0,0,1,3,0.67,4,3,0.6,3,2,4.34,2,9,25.68
ENS027,GC_MAT,Matériaux,GC,4,3,4,4,0,-1,1,0,0.0,356,0.17,1,0,3.75,3,4,0,0,3,1,1.0,5,0,0.55,4,1,4.0,2,11,27.75
ENS007,RESEAU,Reseaux,RT,1,2,1,2,3,1,-1,1,0.33,346,0.17,1,0,1.5,1,2,0,2,2,1,1.0,3,3,0.76,1,1,3.85,4,11,24.5
ENS002,PED,Pedagogie,SUP,2,2,3,3,4,0,1,0,0.33,321,0.0,1,0,2.5,2,3,0,0,3,2,0.5,4,1,0.86,1,0,2.59,1,10,19.98
ENS008,ALG,Algorithmique,GL,2,2,2,4,0,0,0,2,0.67,288,0.25,1,0,2.5,2,4,0,0,3,2,0.5,4,0,0.68,2,0,3.14,3,9,24.18
ENS012,ANG,Anglais Technique,SUP,3,2,1,2,2,-1,-1,1,-0.33,319,0.42,1,0,2.0,1,3,0,1,2,2,0.5,0,0,0.8,0,0,3.93,3,10,16.36
ENS021,WEB_B,Developpement Web Back,WEB,5,5,4,3,0,0,-1,-1,-0.67,119,0.25,0,1,4.25,3,5,2,0,3,3,0.67,2,3,0.69,1,2,3.09,2,3,17.63
ENS015,WEB_B,Developpement Web Back,WEB,3,4,3,4,0,1,-1,1,0.33,267,0.08,1,0,3.5,3,4,0,0,3,2,0.5,0,1,0.79,2,0,4.02,2,8,16.99
ENS027,ALG,Algorithmique,GL,2,1,2,2,1,-1,1,0,0.0,259,0.42,1,0,1.75,1,2,0,1,2,2,0.5,3,1,0.61,1,1,4.1,3,8,22.75
ENS003,WEB_F,Developpement Web Front,WEB,2,1,1,1,2,-1,0,0,-0.33,65,0.0,0,0,1.25,1,2,0,3,2,3,0.67,5,3,0.77,2,0,3.44,4,2,28.73
ENS006,RESEAU,Reseaux,RT,1,3,3,3,2,2,0,0,0.67,291,0.0,1,0,2.5,1,3,0,1,2,1,1.0,5,0,0.72,2,1,3.29,4,9,28.18
ENS021,ALG,Algorithmique,GL,2,1,2,1,4,-1,1,-1,-0.33,265,0.0,1,0,1.5,1,2,0,2,1,2,0.5,1,2,0.68,4,2,4.12,1,8,19.14
ENS018,GESTION,Gestion de Projet,SUP,3,3,4,3,0,0,1,-1,0.0,323,0.17,1,0,3.25,3,4,0,0,3,1,1.0,2,2,0.74,3,1,2.91,1,10,18.02
ENS009,GC_MAT,Matériaux,GC,3,4,2,4,1,1,-2,2,0.33,285,0.08,1,0,3.25,2,4,0,0,3,3,0.67,1,2,0.87,3,1,4.39,4,9,24.13
ENS022,BD,Bases de Donnees,INFO,2,2,1,1,3,0,-1,0,-0.33,163,0.33,0,0,1.5,1,2,0,2,3,3,0.67,4,1,0.8,1,0,4.04,4,5,27.08
ENS012,BD,Bases de Donnees,INFO,1,2,2,2,2,1,0,0,0.33,144,0.33,0,0,1.75,1,2,0,1,1,3,0.67,2,0,0.78,2,1,4.28,4,4,24.46
ENS012,WEB_B,Developpement Web Back,WEB,1,1,1,2,2,0,0,1,0.33,229,0.08,1,0,1.25,1,2,0,3,3,1,1.0,0,2,0.81,3,1,2.61,4,7,18.27
ENS024,GC_STRU,Structure Batiment,GC,4,4,4,2,1,0,0,-2,-0.67,76,0.08,0,1,3.5,2,4,0,0,3,3,0.67,2,1,0.89,3,2,3.76,2,2,21.97
ENS025,ANG,Anglais Technique,SUP,5,5,5,4,0,0,0,-1,-0.33,334,0.17,1,0,4.75,4,5,3,0,3,3,0.67,4,3,0.7,3,2,2.62,3,11,24.24
ENS016,PED,Pedagogie,SUP,2,3,3,3,3,1,0,0,0.33,272,0.0,1,0,2.75,2,3,0,0,1,3,0.67,4,3,0.77,4,0,3.15,2,9,25.15
ENS002,GC_STRU,Structure Batiment,GC,2,1,1,3,2,-1,0,2,0.33,156,0.08,0,0,1.75,1,3,0,2,3,1,1.0,1,1,0.68,4,0,3.44,3,5,20.78
ENS024,GESTION,Gestion de Projet,SUP,2,1,1,1,2,-1,0,0,-0.33,309,0.33,1,0,1.25,1,2,0,3,2,1,1.0,2,3,0.72,1,2,3.72,1,10,17.54
ENS004,SEC,Securite Informatique,RT,4,3,2,4,3,-1,-1,2,0.0,62,0.42,0,0,3.25,2,4,0,0,3,2,0.5,3,0,0.71,2,1,3.62,2,2,21.79
ENS026,ALG,Algorithmique,GL,2,2,4,3,0,0,2,-1,0.33,96,0.42,0,0,2.75,2,4,0,0,3,2,0.5,4,3,0.8,3,0,2.51,2,3,23.02
ENS021,WEB_B,Developpement Web Back,WEB,1,3,3,1,3,2,0,-2,0.0,150,0.17,0,0,2.0,1,3,0,2,1,3,0.67,3,3,0.55,1,1,4.11,4,5,23.97
ENS009,PED,Pedagogie,SUP,2,2,1,2,4,0,-1,1,0.0,285,0.17,1,0,1.75,1,2,0,1,2,2,0.5,5,2,0.64,3,2,2.8,2,9,24.8
ENS001,WEB_F,Developpement Web Front,WEB,1,1,1,3,2,0,0,2,0.67,299,0.33,1,0,1.5,1,3,0,3,1,3,0.67,3,2,0.68,2,1,4.0,3,9,23.9
ENS008,PROG,Programmation,GL,5,3,5,3,0,-2,2,-2,-0.67,35,0.0,0,1,4.0,3,5,2,0,1,3,0.67,5,3,0.72,3,1,3.01,4,1,28.62
ENS030,RESEAU,Reseaux,RT,2,4,2,3,2,2,-2,1,0.33,222,0.08,1,0,2.75,2,4,0,0,2,3,0.67,2,3,0.84,1,0,2.97,4,7,21.14
ENS001,ANG,Anglais Technique,SUP,2,2,3,3,2,0,1,0,0.33,131,0.25,0,0,2.5,2,3,0,0,3,1,1.0,1,3,0.91,1,2,2.73,1,4,14.51
ENS006,GC_MAT,Matériaux,GC,3,2,2,2,2,-1,0,0,-0.33,311,0.42,1,0,2.25,2,3,0,0,2,1,1.0,2,2,0.52,1,0,3.7,1,10,16.5
ENS007,GC_STRU,Structure Batiment,GC,4,5,3,4,1,1,-2,1,0.0,43,0.33,0,0,4.0,3,5,1,0,2,3,0.67,4,3,0.57,0,1,3.21,4,1,23.27
ENS025,GC_STRU,Structure Batiment,GC,3,2,3,3,0,-1,1,0,0.0,302,0.42,1,0,2.75,2,3,0,0,2,3,0.67,0,0,0.7,2,1,4.45,2,10,17.4
ENS029,WEB_B,Developpement Web Back,WEB,2,2,2,1,4,0,0,-1,-0.33,298,0.25,1,0,1.75,1,2,0,1,2,3,0.67,5,2,0.91,2,1,2.73,1,9,23.51
ENS005,RESEAU,Reseaux,RT,4,4,4,3,2,0,0,-1,-0.33,337,0.25,1,0,3.75,3,4,0,0,1,2,0.5,1,2,0.58,3,1,3.45,4,11,20.8
ENS016,BD,Bases de Donnees,INFO,2,1,2,3,0,-1,1,1,0.33,102,0.08,0,0,2.0,1,3,0,1,3,2,0.5,4,3,0.7,3,0,4.07,1,3,24.14
ENS001,SEC,Securite Informatique,RT,4,4,4,3,1,0,0,-1,-0.33,282,0.33,1,0,3.75,3,4,0,0,3,3,0.67,1,1,0.83,4,0,3.78,1,9,19.21
ENS003,GC_MAT,Matériaux,GC,2,3,4,2,1,1,1,-2,0.0,209,0.42,1,0,2.75,2,4,0,0,1,2,0.5,1,3,0.64,2,1,2.56,1,6,13.82
ENS021,PROG,Programmation,GL,4,2,3,3,3,-2,1,0,-0.33,239,0.08,1,0,3.0,2,4,0,0,3,3,0.67,3,0,0.94,1,2,2.97,1,7,19.14
ENS028,RESEAU,Reseaux,RT,4,4,3,3,0,0,-1,0,-0.33,129,0.42,0,0,3.5,3,4,0,0,2,3,0.67,3,2,0.92,4,2,3.58,4,4,27.76
ENS017,GC_MAT,Matériaux,GC,2,4,2,4,3,2,-2,2,0.67,30,0.33,0,0,3.0,2,4,0,0,2,3,0.67,3,2,0.78,4,2,4.22,2,1,25.34
ENS004,PROG,Programmation,GL,4,3,2,3,3,-1,-1,1,-0.33,156,0.0,0,0,3.0,2,4,0,0,3,2,0.5,3,1,0.76,4,2,2.99,4,5,25.78
ENS001,WEB_B,Developpement Web Back,WEB,4,4,3,5,2,0,-1,2,0.33,287,0.17,1,0,4.0,3,5,1,0,2,1,1.0,0,2,0.62,2,2,2.59,2,9,13.28
ENS004,RESEAU,Reseaux,RT,3,2,1,3,3,-1,-1,2,0.0,71,0.0,0,0,2.25,1,3,0,1,2,3,0.67,1,1,0.81,1,1,3.21,4,2,19.47
ENS008,GC_MAT,Matériaux,GC,4,2,3,3,1,-2,1,0,-0.33,38,0.17,0,0,3.0,2,4,0,0,3,2,0.5,5,0,0.83,3,1,2.74,4,1,28.63
ENS014,BD,Bases de Donnees,INFO,2,2,1,3,2,0,-1,2,0.33,114,0.17,0,0,2.0,1,3,0,1,3,2,0.5,4,0,0.82,4,2,3.42,1,3,24.44
ENS009,PED,Pedagogie,SUP,3,3,3,2,2,0,0,-1,-0.33,198,0.42,1,0,2.75,2,3,0,0,2,1,1.0,5,0,0.66,3,1,3.74,4,6,29.78
ENS028,GC_MAT,Matériaux,GC,2,3,4,2,3,1,1,-2,0.0,47,0.25,0,0,2.75,2,4,0,0,3,3,0.67,0,2,0.54,1,0,3.32,4,1,16.34
ENS030,PED,Pedagogie,SUP,3,2,2,2,3,-1,0,0,-0.33,228,0.33,1,0,2.25,2,3,0,0,1,3,0.67,3,0,0.87,1,1,4.23,3,7,24.31
ENS005,GC_STRU,Structure Batiment,GC,1,2,3,3,2,1,1,0,0.67,177,0.42,0,0,2.25,1,3,0,1,3,1,1.0,2,0,0.6,0,1,2.98,4,5,18.96
ENS024,WEB_F,Developpement Web Front,WEB,4,2,4,2,3,-2,2,-2,-0.67,301,0.08,1,1,3.0,2,4,0,0,1,2,0.5,4,2,0.81,4,0,4.46,4,10,30.97
ENS006,GC_MAT,Matériaux,GC,4,2,3,3,1,-2,1,0,-0.33,304,0.25,1,0,3.0,2,4,0,0,2,2,0.5,5,3,0.52,3,1,3.46,3,10,27.02
ENS015,RESEAU,Reseaux,RT,4,3,3,2,2,-1,0,-1,-0.67,178,0.0,0,1,3.0,2,4,0,0,1,2,0.5,5,3,0.72,1,1,4.45,3,5,28.0
ENS013,PROG,Programmation,GL,2,2,3,4,2,0,1,1,0.67,43,0.42,0,0,2.75,2,4,0,0,3,2,0.5,2,3,0.57,2,1,3.51,3,1,20.37
ENS015,WEB_F,Developpement Web Front,WEB,3,4,2,2,2,1,-2,0,-0.33,177,0.0,0,0,2.75,2,4,0,0,1,2,0.5,0,2,0.53,3,2,4.4,3,5,18.95
ENS030,PROG,Programmation,GL,4,2,2,3,1,-2,0,1,-0.33,297,0.42,1,0,2.75,2,4,0,0,1,2,0.5,5,0,0.54,2,2,3.26,4,9,27.22
ENS004,WEB_B,Developpement Web Back,WEB,1,1,3,2,2,0,2,-1,0.33,171,0.25,0,0,1.75,1,3,0,2,3,3,0.67,2,0,0.52,2,1,3.6,1,5,17.3
ENS025,SEC,Securite Informatique,RT,4,4,4,2,0,0,0,-2,-0.67,274,0.0,1,1,3.5,2,4,0,0,2,3,0.67,4,0,0.92,3,1,3.71,3,9,27.52
ENS009,PROG,Programmation,GL,4,2,3,3,2,-2,1,0,-0.33,145,0.42,0,0,3.0,2,4,0,0,2,1,1.0,4,1,0.68,3,0,4.24,3,4,27.38
ENS030,WEB_F,Developpement Web Front,WEB,3,3,4,4,1,0,1,0,0.33,49,0.33,0,0,3.5,3,4,0,0,3,1,1.0,1,2,0.53,2,2,3.84,3,1,18.83
ENS002,WEB_B,Developpement Web Back,WEB,4,5,5,5,2,1,0,0,0.33,235,0.42,1,0,4.75,4,5,3,0,1,3,0.67,4,0,0.85,0,1,3.21,1,7,20.17
ENS013,RESEAU,Reseaux,RT,2,3,3,3,4,1,0,0,0.33,283,0.42,1,0,2.75,2,3,0,0,1,2,0.5,0,2,0.5,4,1,2.72,4,9,17.94
ENS007,ALG,Algorithmique,GL,1,3,3,3,2,2,0,0,0.67,67,0.25,0,0,2.5,1,3,0,1,1,3,0.67,4,0,0.9,3,2,4.32,1,2,25.64
ENS021,ANG,Anglais Technique,SUP,1,1,1,3,3,0,0,2,0.67,338,0.0,1,0,1.5,1,3,0,3,3,1,1.0,4,0,0.66,0,1,3.0,3,11,21.8
ENS025,GC_MAT,Matériaux,GC,2,2,1,2,3,0,-1,1,0.0,109,0.17,0,0,1.75,1,2,0,1,1,2,0.5,0,1,0.7,4,2,3.4,2,3,17.3
ENS015,RESEAU,Reseaux,RT,3,5,4,4,2,2,-1,0,0.33,280,0.17,1,0,4.0,3,5,1,0,2,1,1.0,4,0,0.78,4,2,4.07,1,9,25.54
ENS023,RESEAU,Reseaux,RT,3,2,4,2,0,-1,2,-2,-0.33,202,0.25,1,0,2.75,2,4,0,0,1,2,0.5,0,2,0.58,0,1,4.17,3,6,15.74
ENS030,WEB_F,Developpement Web Front,WEB,2,1,2,2,1,-1,1,0,0.0,165,0.17,0,0,1.75,1,2,0,1,1,2,0.5,1,3,0.62,2,2,3.82,2,5,17.74
ENS001,GESTION,Gestion de Projet,SUP,3,2,3,3,2,-1,1,0,0.0,218,0.17,1,0,2.75,2,3,0,0,1,3,0.67,5,0,0.88,3,2,2.59,4,7,28.58
ENS019,GC_MAT,Matériaux,GC,3,2,2,4,1,-1,0,2,0.33,310,0.08,1,0,2.75,2,4,0,0,2,1,1.0,4,3,0.92,1,1,4.3,4,10,28.2
ENS008,PROG,Programmation,GL,5,4,3,5,0,-1,-1,2,0.0,91,0.17,0,0,4.25,3,5,2,0,2,2,0.5,2,0,0.86,3,2,2.75,3,3,21.3
ENS005,GC_MAT,Matériaux,GC,1,2,1,2,2,1,-1,1,0.33,227,0.0,1,0,1.5,1,2,0,2,3,1,1.0,1,3,0.82,0,0,3.57,1,7,14.74
ENS028,PED,Pedagogie,SUP,5,4,4,3,1,-1,0,-1,-0.67,169,0.08,0,1,4.0,3,5,1,0,3,2,0.5,1,3,0.65,2,1,4.31,1,5,17.37
ENS009,BD,Bases de Donnees,INFO,5,4,5,5,1,-1,1,0,0.0,254,0.08,1,0,4.75,4,5,3,0,2,1,1.0,1,3,0.58,2,0,3.88,2,8,17.66
ENS018,GESTION,Gestion de Projet,SUP,5,5,3,4,1,0,-2,1,-0.33,157,0.08,0,0,4.25,3,5,2,0,2,2,0.5,1,3,0.61,1,1,2.75,4,5,17.55
ENS001,SEC,Securite Informatique,RT,4,3,3,3,2,-1,0,0,-0.33,289,0.33,1,0,3.25,3,4,0,0,1,3,0.67,5,2,0.84,4,1,3.78,4,9,31.76
ENS008,GC_STRU,Structure Batiment,GC,3,4,4,2,2,1,0,-2,-0.33,167,0.33,0,0,3.25,2,4,0,0,3,1,1.0,0,1,0.69,2,2,4.27,2,5,16.99
ENS024,ALG,Algorithmique,GL,3,2,2,3,1,-1,0,1,0.0,339,0.0,1,0,2.5,2,3,0,0,3,2,0.5,1,3,0.79,3,2,3.5,2,11,18.95
ENS014,WEB_F,Developpement Web Front,WEB,2,2,2,3,1,0,0,1,0.33,135,0.0,0,0,2.25,2,3,0,0,2,2,0.5,4,0,0.65,2,0,4.33,2,4,24.91
ENS008,SEC,Securite Informatique,RT,2,2,2,4,1,0,0,2,0.67,79,0.33,0,0,2.5,2,4,0,0,1,1,1.0,3,3,0.63,0,0,3.0,2,2,18.15
ENS018,ANG,Anglais Technique,SUP,5,4,4,5,0,-1,0,1,0.0,300,0.42,1,0,4.5,4,5,2,0,3,3,0.67,5,2,0.93,0,0,3.21,2,10,24.07
ENS025,PROG,Programmation,GL,4,3,4,2,1,-1,1,-2,-0.67,155,0.17,0,1,3.25,2,4,0,0,1,2,0.5,4,0,0.51,3,1,2.52,4,5,24.59
ENS009,BD,Bases de Donnees,INFO,3,3,5,4,0,0,2,-1,0.33,178,0.25,0,0,3.75,3,5,1,0,1,1,1.0,3,1,0.86,2,1,3.6,2,5,22.5
ENS019,ANG,Anglais Technique,SUP,1,2,1,3,1,1,-1,2,0.67,248,0.42,1,0,1.75,1,3,0,2,1,1,1.0,2,0,0.93,1,0,2.62,3,8,19.39
ENS030,WEB_B,Developpement Web Back,WEB,3,3,4,4,2,0,1,0,0.33,363,0.0,1,0,3.5,3,4,0,0,2,1,1.0,5,0,0.52,4,1,3.79,2,12,27.18
ENS029,WEB_F,Developpement Web Front,WEB,3,4,3,3,2,1,-1,0,0.0,303,0.08,1,0,3.25,3,4,0,0,2,3,0.67,0,3,0.75,1,0,3.08,4,10,16.91
ENS006,ANG,Anglais Technique,SUP,1,2,1,1,2,1,-1,0,0.0,72,0.17,0,0,1.25,1,2,0,3,1,3,0.67,0,1,0.78,4,0,2.55,1,2,14.5
ENS004,GC_MAT,Matériaux,GC,3,4,4,3,1,1,0,-1,0.0,50,0.25,0,0,3.5,3,4,0,0,1,3,0.67,1,2,0.72,4,1,4.29,4,1,24.18
ENS005,BD,Bases de Donnees,INFO,2,2,2,2,3,0,0,0,0.0,62,0.08,0,0,2.0,2,2,0,0,1,2,0.5,1,0,0.9,1,0,3.69,2,2,17.88
ENS020,GESTION,Gestion de Projet,SUP,1,1,3,2,2,0,2,-1,0.33,197,0.17,1,0,1.75,1,3,0,2,1,1,1.0,2,1,0.75,2,1,4.04,3,6,22.33
ENS030,WEB_F,Developpement Web Front,WEB,1,1,2,1,3,0,1,-1,0.0,189,0.17,1,0,1.25,1,2,0,3,3,2,0.5,3,0,0.53,4,0,3.97,3,6,25.09
ENS002,ANG,Anglais Technique,SUP,2,1,2,2,2,-1,1,0,0.0,274,0.17,1,0,1.75,1,2,0,1,2,3,0.67,5,2,0.79,2,1,3.59,4,9,29.13
ENS015,BD,Bases de Donnees,INFO,1,1,1,2,3,0,0,1,0.33,46,0.33,0,0,1.25,1,2,0,3,3,1,1.0,5,1,0.55,1,0,3.76,1,1,22.77
ENS012,RESEAU,Reseaux,RT,3,4,5,5,2,1,1,0,0.67,128,0.08,0,0,4.25,3,5,2,0,1,1,1.0,2,3,0.76,2,0,2.73,1,4,16.76
ENS022,ALG,Algorithmique,GL,2,2,1,1,2,0,-1,0,-0.33,136,0.17,0,0,1.5,1,2,0,2,1,1,1.0,3,1,0.94,3,0,3.87,2,4,24.44
ENS006,SEC,Securite Informatique,RT,2,3,4,3,0,1,1,-1,0.33,227,0.25,1,0,3.0,2,4,0,0,1,1,1.0,0,3,0.54,0,2,4.41,2,7,14.52
ENS018,PROG,Programmation,GL,3,3,3,4,0,0,0,1,0.33,259,0.0,1,0,3.25,3,4,0,0,3,3,0.67,2,2,0.71,2,0,3.17,1,8,17.39
ENS003,PROG,Programmation,GL,5,5,5,5,0,0,0,0,0.0,313,0.0,1,0,5.0,5,5,4,0,3,3,0.67,0,0,0.88,2,1,4.04,2,10,17.48
ENS007,PROG,Programmation,GL,5,4,3,4,2,-1,-1,1,-0.33,336,0.17,1,0,4.0,3,5,1,0,1,2,0.5,3,1,0.66,2,0,2.98,1,11,18.76
ENS010,PROG,Programmation,GL,2,4,2,4,3,2,-2,2,0.67,275,0.0,1,0,3.0,2,4,0,0,1,2,0.5,3,2,0.83,0,0,3.09,2,9,19.33
ENS021,SEC,Securite Informatique,RT,2,3,3,3,2,1,0,0,0.33,184,0.33,1,0,2.75,2,3,0,0,1,2,0.5,3,0,0.72,1,0,2.76,4,6,22.12
ENS030,SEC,Securite Informatique,RT,4,4,4,3,1,0,0,-1,-0.33,113,0.25,0,0,3.75,3,4,0,0,1,2,0.5,4,3,0.92,4,2,3.91,1,3,25.92
ENS014,GESTION,Gestion de Projet,SUP,4,5,5,3,0,1,0,-2,-0.33,84,0.17,0,0,4.25,3,5,2,0,1,1,1.0,0,2,0.57,2,0,2.81,3,2,14.97
ENS021,WEB_B,Developpement Web Back,WEB,4,4,4,4,0,0,0,0,0.0,134,0.25,0,0,4.0,4,4,0,0,1,3,0.67,3,2,0.54,0,2,3.32,3,4,19.84
ENS010,WEB_B,Developpement Web Back,WEB,2,2,3,1,4,0,1,-2,-0.33,32,0.08,0,0,2.0,1,3,0,1,2,1,1.0,0,0,0.92,3,0,3.42,4,1,20.44
ENS029,BD,Bases de Donnees,INFO,1,1,2,1,2,0,1,-1,0.0,94,0.25,0,0,1.25,1,2,0,3,1,3,0.67,1,0,0.8,4,2,4.16,1,3,19.82
ENS019,PROG,Programmation,GL,4,3,3,3,1,-1,0,0,-0.33,330,0.25,1,0,3.25,3,4,0,0,2,2,0.5,2,0,0.51,4,0,3.83,3,11,22.71
ENS023,GESTION,Gestion de Projet,SUP,2,1,2,3,2,-1,1,1,0.33,254,0.33,1,0,2.0,1,3,0,1,1,2,0.5,0,0,0.69,2,0,3.04,2,8,14.53
ENS004,WEB_F,Developpement Web Front,WEB,1,2,2,1,3,1,0,-1,0.0,272,0.17,1,0,1.5,1,2,0,2,2,3,0.67,3,3,0.57,4,0,2.75,1,9,19.85
ENS019,PROG,Programmation,GL,5,4,4,3,1,-1,0,-1,-0.67,246,0.33,1,1,4.0,3,5,1,0,2,2,0.5,0,1,0.73,4,1,2.7,3,8,17.55
ENS019,ALG,Algorithmique,GL,2,1,1,1,4,-1,0,0,-0.33,230,0.17,1,0,1.25,1,2,0,3,1,1,1.0,3,2,0.69,2,0,4.02,2,7,22.49
ENS006,GC_MAT,Matériaux,GC,2,3,3,4,2,1,0,1,0.67,250,0.0,1,0,3.0,2,4,0,0,2,3,0.67,2,0,0.54,1,1,4.46,1,8,18.12
ENS011,GESTION,Gestion de Projet,SUP,2,4,4,3,0,2,0,-1,0.33,353,0.0,1,0,3.25,2,4,0,0,3,1,1.0,3,0,0.79,4,1,3.65,3,11,25.75
ENS021,PED,Pedagogie,SUP,2,3,2,1,2,1,-1,-1,-0.33,299,0.08,1,0,2.0,1,3,0,1,1,2,0.5,0,2,0.79,2,2,3.07,3,9,16.59
ENS018,ANG,Anglais Technique,SUP,2,1,1,2,2,-1,0,1,0.0,365,0.42,1,0,1.5,1,2,0,2,3,2,0.5,1,3,0.84,3,0,2.69,4,12,20.58
ENS007,ALG,Algorithmique,GL,3,2,1,2,2,-1,-1,1,-0.33,277,0.17,1,0,2.0,1,3,0,1,1,2,0.5,0,1,0.71,0,2,2.73,3,9,13.51
ENS021,PROG,Programmation,GL,5,4,5,5,2,-1,1,0,0.0,359,0.0,1,0,4.75,4,5,3,0,3,3,0.67,2,1,0.75,2,2,4.08,3,11,22.41
ENS030,WEB_F,Developpement Web Front,WEB,2,4,3,3,2,2,-1,0,0.33,287,0.0,1,0,3.0,2,4,0,0,3,2,0.5,3,1,0.68,4,0,3.29,2,9,22.98
ENS005,BD,Bases de Donnees,INFO,5,5,5,5,1,0,0,0,0.0,69,0.25,0,0,5.0,5,5,4,0,3,1,1.0,0,2,0.89,0,2,3.94,4,2,18.33
ENS008,GC_MAT,Matériaux,GC,2,4,3,4,2,2,-1,1,0.67,291,0.33,1,0,3.25,2,4,0,0,3,3,0.67,5,0,0.68,1,0,4.02,2,9,25.44
ENS023,ANG,Anglais Technique,SUP,5,4,5,5,0,-1,1,0,0.0,101,0.33,0,0,4.75,4,5,3,0,1,1,1.0,1,1,0.93,1,1,3.28,4,3,20.21
ENS009,PED,Pedagogie,SUP,2,3,2,4,2,1,-1,2,0.67,295,0.17,1,0,2.75,2,4,0,0,2,1,1.0,3,1,0.81,0,1,2.68,3,9,19.91
ENS023,PROG,Programmation,GL,3,4,5,5,0,1,1,0,0.67,133,0.17,0,0,4.25,3,5,2,0,3,2,0.5,1,3,0.89,1,0,3.85,3,4,19.65
ENS016,PED,Pedagogie,SUP,3,1,1,3,2,-2,0,2,0.0,47,0.25,0,0,2.0,1,3,0,2,3,1,1.0,3,2,0.55,4,1,2.63,3,1,22.51
ENS026,GESTION,Gestion de Projet,SUP,2,3,2,4,0,1,-1,2,0.67,320,0.08,1,0,2.75,2,4,0,0,3,2,0.5,1,0,0.89,4,1,3.22,4,10,22.89
ENS003,GESTION,Gestion de Projet,SUP,2,3,3,3,1,1,0,0,0.33,181,0.42,1,0,2.75,2,3,0,0,1,2,0.5,1,3,0.76,3,0,2.95,1,6,16.2
ENS007,ALG,Algorithmique,GL,2,3,1,1,2,1,-2,0,-0.33,152,0.17,0,0,1.75,1,3,0,2,1,1,1.0,5,0,0.61,1,0,2.71,4,5,25.47
ENS003,GC_STRU,Structure Batiment,GC,3,2,3,4,0,-1,1,1,0.33,163,0.25,0,0,3.0,2,4,0,0,3,2,0.5,4,2,0.82,0,0,2.92,2,5,20.94
ENS018,GC_MAT,Matériaux,GC,2,2,2,2,0,0,0,0,0.0,298,0.17,1,0,2.0,2,2,0,0,3,2,0.5,0,2,0.59,0,0,3.46,3,9,14.37
ENS011,PROG,Programmation,GL,5,4,5,3,1,-1,1,-2,-0.67,93,0.08,0,1,4.25,3,5,2,0,1,2,0.5,5,1,0.56,0,2,2.51,2,3,20.82
ENS027,GC_STRU,Structure Batiment,GC,4,3,4,3,0,-1,1,-1,-0.33,259,0.33,1,0,3.5,3,4,0,0,2,2,0.5,5,1,0.74,1,1,3.78,4,8,28.26
ENS021,RESEAU,Reseaux,RT,3,1,3,1,2,-2,2,-2,-0.67,136,0.25,0,1,2.0,1,3,0,2,1,3,0.67,2,2,0.68,2,1,3.13,1,4,17.16
ENS004,GC_MAT,Matériaux,GC,3,3,2,2,1,0,-1,0,-0.33,149,0.17,0,0,2.5,2,3,0,0,2,3,0.67,4,1,0.88,2,2,3.95,1,4,23.8
ENS027,GC_STRU,Structure Batiment,GC,5,3,5,5,0,-2,2,0,0.0,294,0.17,1,0,4.5,3,5,3,0,1,1,1.0,5,2,0.72,4,2,4.03,3,9,30.16
ENS009,RESEAU,Reseaux,RT,2,1,2,1,3,-1,1,-1,-0.33,65,0.17,0,0,1.5,1,2,0,2,2,2,0.5,0,2,0.9,1,0,3.99,4,2,19.48
ENS022,WEB_B,Developpement Web Back,WEB,1,2,2,2,4,1,0,0,0.33,61,0.42,0,0,1.75,1,2,0,1,3,3,0.67,3,1,0.84,1,0,2.7,1,2,18.1
ENS029,ALG,Algorithmique,GL,4,3,4,2,2,-1,1,-2,-0.67,202,0.42,1,1,3.25,2,4,0,0,1,1,1.0,4,1,0.72,0,0,3.01,1,6,19.12
ENS024,PED,Pedagogie,SUP,3,4,4,5,0,1,0,1,0.67,268,0.0,1,0,4.0,3,5,1,0,1,2,0.5,4,1,0.51,0,2,3.66,1,8,19.37
ENS026,WEB_B,Developpement Web Back,WEB,3,4,4,5,0,1,0,1,0.67,274,0.08,1,0,4.0,3,5,1,0,1,2,0.5,1,2,0.7,2,0,3.1,3,9,18.2
ENS005,WEB_F,Developpement Web Front,WEB,1,1,1,1,3,0,0,0,0.0,61,0.25,0,0,1.0,1,1,0,4,2,1,1.0,4,0,0.65,1,1,4.11,4,2,26.47
ENS020,GC_MAT,Matériaux,GC,3,3,1,1,2,0,-2,0,-0.67,260,0.08,1,1,2.0,1,3,0,2,3,3,0.67,0,2,0.71,4,0,4.19,3,8,20.43
ENS023,GESTION,Gestion de Projet,SUP,5,5,4,3,1,0,-1,-1,-0.67,321,0.33,1,1,4.25,3,5,2,0,2,3,0.67,5,2,0.62,3,1,4.4,4,10,30.9
ENS007,BD,Bases de Donnees,INFO,2,2,2,2,3,0,0,0,0.0,164,0.17,0,0,2.0,2,2,0,0,1,1,1.0,2,2,0.52,2,0,4.45,3,5,22.0
ENS016,PROG,Programmation,GL,5,5,4,4,2,0,-1,0,-0.33,34,0.33,0,0,4.5,4,5,2,0,1,1,1.0,0,3,0.79,2,2,3.97,2,1,16.89
ENS017,GESTION,Gestion de Projet,SUP,1,1,1,1,3,0,0,0,0.0,185,0.0,1,0,1.0,1,1,0,4,2,3,0.67,5,0,0.67,3,0,3.64,3,6,28.13
ENS021,WEB_F,Developpement Web Front,WEB,2,2,2,2,2,0,0,0,0.0,55,0.0,0,0,2.0,2,2,0,0,1,2,0.5,0,0,0.63,3,1,4.2,3,1,19.05
ENS024,ANG,Anglais Technique,SUP,5,5,5,5,1,0,0,0,0.0,304,0.25,1,0,5.0,5,5,4,0,2,1,1.0,2,3,0.51,4,2,3.71,3,10,22.47
ENS023,GC_MAT,Matériaux,GC,3,3,2,3,0,0,-1,1,0.0,72,0.08,0,0,2.75,2,3,0,0,3,1,1.0,5,3,0.77,0,0,4.48,1,2,24.31
ENS004,WEB_F,Developpement Web Front,WEB,2,4,2,3,1,2,-2,1,0.33,220,0.0,1,0,2.75,2,4,0,0,3,3,0.67,0,2,0.75,4,0,3.12,1,7,15.49
ENS008,BD,Bases de Donnees,INFO,4,3,4,3,2,-1,1,-1,-0.33,66,0.42,0,0,3.5,3,4,0,0,2,3,0.67,2,3,0.93,3,2,3.82,2,2,22.29
ENS008,GESTION,Gestion de Projet,SUP,2,4,2,4,0,2,-2,2,0.67,110,0.42,0,0,3.0,2,4,0,0,1,1,1.0,4,3,0.68,0,0,3.22,4,3,23.84
ENS006,SEC,Securite Informatique,RT,2,3,4,3,2,1,1,-1,0.33,224,0.33,1,0,3.0,2,4,0,0,2,2,0.5,2,1,0.61,2,0,4.38,2,7,20.81
ENS016,GC_MAT,Matériaux,GC,1,3,1,1,3,2,-2,0,0.0,257,0.42,1,0,1.5,1,3,0,3,1,2,0.5,5,2,0.85,4,2,2.81,4,8,29.87
ENS018,WEB_B,Developpement Web Back,WEB,3,3,2,3,2,0,-1,1,0.0,166,0.17,0,0,2.75,2,3,0,0,3,3,0.67,2,0,0.9,4,2,3.12,3,5,23.24
ENS014,ALG,Algorithmique,GL,2,1,1,1,4,-1,0,0,-0.33,359,0.42,1,0,1.25,1,2,0,3,2,3,0.67,5,3,0.75,3,0,3.46,4,11,29.67
ENS030,GC_MAT,Matériaux,GC,1,1,2,1,2,0,1,-1,0.0,301,0.0,1,0,1.25,1,2,0,3,2,1,1.0,2,1,0.66,4,0,4.21,4,10,25.72
ENS007,WEB_B,Developpement Web Back,WEB,3,4,3,5,2,1,-1,2,0.67,256,0.25,1,0,3.75,3,5,1,0,2,2,0.5,3,3,0.84,4,0,3.68,2,8,24.56
ENS012,RESEAU,Reseaux,RT,4,3,4,4,0,-1,1,0,0.0,325,0.42,1,0,3.75,3,4,0,0,3,3,0.67,1,0,0.7,4,1,4.19,1,10,19.38
ENS013,ANG,Anglais Technique,SUP,3,2,2,2,1,-1,0,0,-0.33,89,0.0,0,0,2.25,2,3,0,0,3,2,0.5,5,3,0.83,1,2,3.68,4,2,28.51
ENS002,PROG,Programmation,GL,4,3,5,4,2,-1,2,-1,0.0,274,0.25,1,0,4.0,3,5,1,0,1,2,0.5,0,2,0.86,3,0,2.77,3,9,17.34
ENS026,PED,Pedagogie,SUP,5,3,5,3,0,-2,2,-2,-0.67,174,0.17,0,1,4.0,3,5,2,0,3,2,0.5,0,2,0.71,2,0,3.24,2,5,15.03
ENS004,WEB_B,Developpement Web Back,WEB,1,1,1,2,3,0,0,1,0.33,202,0.42,1,0,1.25,1,2,0,3,2,3,0.67,5,3,0.68,3,0,2.98,3,6,26.86
ENS006,PED,Pedagogie,SUP,5,4,3,3,2,-1,-1,0,-0.67,43,0.33,0,1,3.75,3,5,1,0,2,1,1.0,0,3,0.57,3,0,3.56,2,1,15.97
ENS019,GESTION,Gestion de Projet,SUP,2,2,3,2,3,0,1,-1,0.0,60,0.42,0,0,2.25,2,3,0,0,3,3,0.67,2,1,0.83,3,1,2.55,4,2,22.25
ENS030,GESTION,Gestion de Projet,SUP,2,3,3,1,2,1,0,-2,-0.33,267,0.25,1,0,2.25,1,3,0,1,3,2,0.5,2,1,0.79,4,1,2.89,3,8,22.23
ENS009,WEB_F,Developpement Web Front,WEB,2,2,3,4,2,0,1,1,0.67,251,0.17,1,0,2.75,2,4,0,0,1,2,0.5,3,3,0.81,2,0,3.06,1,8,19.67
ENS021,GC_MAT,Matériaux,GC,3,3,4,2,1,0,1,-2,-0.33,128,0.42,0,0,3.0,2,4,0,0,2,3,0.67,2,0,0.88,3,0,3.19,2,4,20.78
ENS018,GC_STRU,Structure Batiment,GC,3,2,2,3,2,-1,0,1,0.0,248,0.33,1,0,2.5,2,3,0,0,2,3,0.67,0,3,0.78,1,0,2.61,1,8,11.62
ENS029,ALG,Algorithmique,GL,2,4,2,2,0,2,-2,0,0.0,187,0.42,1,0,2.5,2,4,0,0,3,1,1.0,1,1,0.93,3,1,2.96,4,6,21.57
ENS007,GC_STRU,Structure Batiment,GC,5,5,3,4,0,0,-2,1,-0.33,312,0.0,1,0,4.25,3,5,2,0,1,3,0.67,3,2,0.91,4,0,2.74,2,10,23.03
ENS005,BD,Bases de Donnees,INFO,5,4,4,4,0,-1,0,0,-0.33,64,0.0,0,0,4.25,4,5,1,0,3,1,1.0,4,3,0.95,0,1,3.37,3,2,23.99
ENS013,GESTION,Gestion de Projet,SUP,4,3,2,2,0,-1,-1,0,-0.67,126,0.08,0,1,2.75,2,4,0,0,3,3,0.67,0,2,0.77,3,1,3.86,3,4,19.07
ENS005,GC_STRU,Structure Batiment,GC,1,1,3,2,2,0,2,-1,0.33,276,0.17,1,0,1.75,1,3,0,2,3,3,0.67,2,1,0.74,2,1,2.98,4,9,21.66
ENS016,GESTION,Gestion de Projet,SUP,1,2,3,3,3,1,1,0,0.67,57,0.42,0,0,2.25,1,3,0,1,1,1,1.0,5,1,0.89,3,0,3.87,1,1,26.69
ENS030,PED,Pedagogie,SUP,4,5,3,3,2,1,-2,0,-0.33,53,0.17,0,0,3.75,3,5,1,0,2,1,1.0,1,3,0.7,4,0,3.06,3,1,20.12
ENS001,WEB_F,Developpement Web Front,WEB,4,4,4,2,2,0,0,-2,-0.67,232,0.33,1,1,3.5,2,4,0,0,3,2,0.5,5,3,0.77,1,2,3.52,3,7,26.39
ENS024,WEB_F,Developpement Web Front,WEB,3,1,1,3,3,-2,0,2,0.0,114,0.33,0,0,2.0,1,3,0,2,2,2,0.5,2,3,0.85,3,2,2.67,3,3,21.09
ENS005,SEC,Securite Informatique,RT,2,3,3,4,2,1,0,1,0.67,335,0.25,1,0,3.0,2,4,0,0,3,2,0.5,2,1,0.88,2,0,3.99,4,11,24.38
ENS001,ALG,Algorithmique,GL,2,2,4,4,0,0,2,0,0.67,39,0.17,0,0,3.0,2,4,0,0,1,2,0.5,0,0,0.71,0,2,2.64,3,1,13.33
ENS027,GESTION,Gestion de Projet,SUP,2,4,2,3,0,2,-2,1,0.33,122,0.25,0,0,2.75,2,4,0,0,2,2,0.5,4,0,0.63,3,0,4.1,3,4,26.85
ENS029,BD,Bases de Donnees,INFO,1,1,2,1,2,0,1,-1,0.0,62,0.42,0,0,1.25,1,2,0,3,1,1,1.0,0,2,0.73,2,1,3.39,2,2,15.43
ENS016,PROG,Programmation,GL,2,2,3,2,2,0,1,-1,0.0,266,0.17,1,0,2.25,2,3,0,0,3,1,1.0,0,3,0.66,0,1,4.5,1,8,13.8
ENS008,RESEAU,Reseaux,RT,1,1,3,3,4,0,2,0,0.67,139,0.25,0,0,2.0,1,3,0,2,1,1,1.0,4,3,0.87,0,0,4.18,1,4,22.21
ENS016,GC_STRU,Structure Batiment,GC,2,4,3,4,0,2,-1,1,0.67,110,0.0,0,0,3.25,2,4,0,0,3,3,0.67,1,1,0.93,2,0,4.47,4,3,23.59
ENS003,RESEAU,Reseaux,RT,1,1,3,2,2,0,2,-1,0.33,333,0.25,1,0,1.75,1,3,0,2,2,1,1.0,1,2,0.88,2,0,3.18,1,11,16.26
ENS008,ANG,Anglais Technique,SUP,2,2,1,1,1,0,-1,0,-0.33,46,0.17,0,0,1.5,1,2,0,2,2,1,1.0,0,2,0.84,0,2,2.73,3,1,14.16
ENS014,PED,Pedagogie,SUP,5,5,4,3,0,0,-1,-1,-0.67,276,0.25,1,1,4.25,3,5,2,0,3,1,1.0,5,2,0.86,3,1,3.71,4,9,30.72
ENS008,GC_STRU,Structure Batiment,GC,1,2,2,3,4,1,0,1,0.67,222,0.08,1,0,2.0,1,3,0,1,2,2,0.5,2,0,0.88,1,0,3.12,3,7,20.14
ENS024,PED,Pedagogie,SUP,1,2,3,2,4,1,1,-1,0.33,86,0.42,0,0,2.0,1,3,0,1,2,2,0.5,2,0,0.83,1,1,4.05,1,2,18.75
ENS012,BD,Bases de Donnees,INFO,1,1,2,2,3,0,1,0,0.33,225,0.0,1,0,1.5,1,2,0,2,2,3,0.67,0,0,0.76,2,1,4.32,1,7,15.94
ENS024,ANG,Anglais Technique,SUP,3,1,2,2,3,-2,1,0,-0.33,196,0.0,1,0,2.0,1,3,0,1,2,2,0.5,5,2,0.54,2,1,3.99,3,6,27.18
ENS013,WEB_B,Developpement Web Back,WEB,1,3,2,2,3,2,-1,0,0.33,301,0.33,1,0,2.0,1,3,0,1,1,3,0.67,2,0,0.53,0,0,3.38,4,10,19.41
ENS028,ANG,Anglais Technique,SUP,1,2,3,2,3,1,1,-1,0.33,52,0.17,0,0,2.0,1,3,0,1,1,2,0.5,0,3,0.83,4,0,3.09,1,1,15.83
ENS004,WEB_F,Developpement Web Front,WEB,3,3,4,4,1,0,1,0,0.33,364,0.0,1,0,3.5,3,4,0,0,1,2,0.5,4,0,0.91,1,1,3.22,4,12,25.99
ENS013,BD,Bases de Donnees,INFO,3,5,3,5,1,2,-2,2,0.67,230,0.25,1,0,4.0,3,5,2,0,3,1,1.0,5,0,0.64,0,1,4.07,3,7,25.84
ENS014,PROG,Programmation,GL,3,3,4,4,0,0,1,0,0.33,264,0.17,1,0,3.5,3,4,0,0,1,3,0.67,5,0,0.5,3,1,3.61,2,8,25.72
ENS026,PROG,Programmation,GL,5,4,4,4,1,-1,0,0,-0.33,301,0.42,1,0,4.25,4,5,1,0,2,2,0.5,3,0,0.7,3,0,3.88,2,10,23.26
ENS016,WEB_B,Developpement Web Back,WEB,3,5,3,4,1,2,-2,1,0.33,162,0.08,0,0,3.75,3,5,1,0,1,3,0.67,4,1,0.55,1,1,4.4,3,5,25.05
ENS026,ANG,Anglais Technique,SUP,3,2,3,1,1,-1,1,-2,-0.67,267,0.17,1,1,2.25,1,3,0,1,3,1,1.0,4,0,0.58,0,1,3.69,3,8,22.78
ENS019,BD,Bases de Donnees,INFO,1,2,1,2,3,1,-1,1,0.33,332,0.42,1,0,1.5,1,2,0,2,3,3,0.67,0,0,0.58,1,1,4.01,2,11,14.92
ENS001,WEB_F,Developpement Web Front,WEB,1,2,1,1,2,1,-1,0,0.0,37,0.33,0,0,1.25,1,2,0,3,3,1,1.0,1,2,0.72,0,0,4.2,2,1,17.0
ENS027,RESEAU,Reseaux,RT,3,1,3,3,2,-2,2,0,0.0,153,0.25,0,0,2.5,1,3,0,1,1,1,1.0,2,2,0.78,4,0,3.14,4,5,24.18
ENS014,PROG,Programmation,GL,4,4,3,4,0,0,-1,1,0.0,323,0.25,1,0,3.75,3,4,0,0,2,3,0.67,3,1,0.67,0,0,4.06,2,10,20.47
ENS024,GC_MAT,Matériaux,GC,3,4,3,2,2,1,-1,-1,-0.33,346,0.08,1,0,3.0,2,4,0,0,1,2,0.5,2,2,0.52,4,0,3.27,3,11,21.64
ENS007,GC_MAT,Matériaux,GC,1,3,2,3,4,2,-1,1,0.67,134,0.42,0,0,2.25,1,3,0,1,3,2,0.5,0,1,0.79,2,0,4.01,1,4,15.47
ENS025,ALG,Algorithmique,GL,4,2,3,3,0,-2,1,0,-0.33,179,0.33,0,0,3.0,2,4,0,0,2,1,1.0,5,1,0.93,0,1,3.36,2,5,24.37
ENS004,WEB_B,Developpement Web Back,WEB,3,2,3,3,4,-1,1,0,0.0,49,0.25,0,0,2.75,2,3,0,0,2,3,0.67,5,1,0.71,4,0,3.07,4,1,29.69
ENS014,ALG,Algorithmique,GL,3,1,3,2,2,-2,2,-1,-0.33,59,0.17,0,0,2.25,1,3,0,1,2,1,1.0,1,3,0.79,4,0,2.82,4,1,21.59
ENS010,RESEAU,Reseaux,RT,4,4,4,3,1,0,0,-1,-0.33,54,0.17,0,0,3.75,3,4,0,0,3,1,1.0,0,2,0.91,2,1,3.46,1,1,14.97
ENS029,GC_STRU,Structure Batiment,GC,4,3,2,3,0,-1,-1,1,-0.33,225,0.08,1,0,3.0,2,4,0,0,3,1,1.0,4,2,0.85,3,0,3.19,2,7,24.63
ENS026,SEC,Securite Informatique,RT,2,2,3,4,0,0,1,1,0.67,304,0.17,1,0,2.75,2,4,0,0,1,2,0.5,2,0,0.55,2,0,3.01,1,10,16.27
ENS027,RESEAU,Reseaux,RT,2,3,4,4,2,1,1,0,0.67,36,0.42,0,0,3.25,2,4,0,0,2,1,1.0,1,0,0.89,2,0,3.53,3,1,20.01
ENS016,SEC,Securite Informatique,RT,4,2,3,2,0,-2,1,-1,-0.67,31,0.25,0,1,2.75,2,4,0,0,2,3,0.67,0,2,0.83,2,0,3.16,2,1,15.47
ENS026,BD,Bases de Donnees,INFO,1,1,1,1,3,0,0,0,0.0,225,0.33,1,0,1.0,1,1,0,4,3,3,0.67,2,3,0.6,3,2,2.91,2,7,18.82
ENS013,PROG,Programmation,GL,4,3,2,2,3,-1,-1,0,-0.67,56,0.17,0,1,2.75,2,4,0,0,2,1,1.0,3,0,0.7,1,1,4.16,1,1,20.32
ENS003,PROG,Programmation,GL,2,3,2,4,2,1,-1,2,0.67,100,0.42,0,0,2.75,2,4,0,0,2,3,0.67,0,1,0.9,3,2,3.07,2,3,16.64
ENS019,BD,Bases de Donnees,INFO,2,2,1,2,0,0,-1,1,0.0,129,0.0,0,0,1.75,1,2,0,1,3,2,0.5,5,2,0.81,4,1,3.25,4,4,30.55
ENS023,ANG,Anglais Technique,SUP,3,1,2,1,2,-2,1,-1,-0.67,85,0.17,0,1,1.75,1,3,0,2,2,3,0.67,1,0,0.74,4,2,3.66,4,2,23.02
ENS029,GC_STRU,Structure Batiment,GC,1,1,3,1,2,0,2,-2,0.0,34,0.17,0,0,1.5,1,3,0,3,1,1,1.0,1,1,0.81,4,2,4.02,1,1,19.59
ENS006,SEC,Securite Informatique,RT,5,5,4,3,2,0,-1,-1,-0.67,43,0.33,0,1,4.25,3,5,2,0,3,3,0.67,5,1,0.72,2,0,2.55,3,1,25.2
ENS020,GC_STRU,Structure Batiment,GC,2,4,3,3,2,2,-1,0,0.33,269,0.0,1,0,3.0,2,4,0,0,2,3,0.67,1,3,0.52,1,1,3.13,4,8,17.86
ENS027,WEB_B,Developpement Web Back,WEB,2,1,2,3,2,-1,1,1,0.33,135,0.25,0,0,2.0,1,3,0,1,1,3,0.67,0,1,0.59,0,2,3.42,1,4,11.29
ENS004,PED,Pedagogie,SUP,3,3,3,1,2,0,0,-2,-0.67,285,0.0,1,1,2.5,1,3,0,1,3,3,0.67,3,2,0.54,3,0,2.71,4,9,23.12
ENS004,GC_STRU,Structure Batiment,GC,1,2,2,3,2,1,0,1,0.67,288,0.42,1,0,2.0,1,3,0,1,3,1,1.0,3,3,0.51,3,1,4.21,1,9,21.47
ENS018,ANG,Anglais Technique,SUP,4,5,5,4,0,1,0,-1,0.0,113,0.17,0,0,4.5,4,5,2,0,1,3,0.67,5,2,0.67,4,0,3.34,1,3,25.53
ENS016,WEB_F,Developpement Web Front,WEB,4,3,4,2,1,-1,1,-2,-0.67,176,0.0,0,1,3.25,2,4,0,0,3,3,0.67,4,3,0.95,3,0,2.93,1,5,23.11
ENS029,WEB_B,Developpement Web Back,WEB,5,3,5,3,0,-2,2,-2,-0.67,32,0.33,0,1,4.0,3,5,2,0,3,2,0.5,5,2,0.62,4,1,3.6,1,1,25.8
ENS007,RESEAU,Reseaux,RT,4,5,3,3,0,1,-2,0,-0.33,192,0.33,1,0,3.75,3,5,1,0,2,3,0.67,3,1,0.67,1,0,2.93,1,6,17.71
ENS025,PROG,Programmation,GL,4,5,4,5,2,1,-1,1,0.33,58,0.17,0,0,4.5,4,5,2,0,3,3,0.67,4,3,0.79,2,0,3.78,4,1,27.51
ENS016,WEB_F,Developpement Web Front,WEB,4,4,2,4,1,0,-2,2,0.0,298,0.08,1,0,3.5,2,4,0,0,3,2,0.5,5,1,0.7,1,1,3.97,4,9,28.44
ENS013,PROG,Programmation,GL,3,4,3,4,2,1,-1,1,0.33,279,0.33,1,0,3.5,3,4,0,0,3,1,1.0,1,3,0.59,0,1,4.14,1,9,14.73
ENS008,PROG,Programmation,GL,4,5,4,4,2,1,-1,0,0.0,276,0.33,1,0,4.25,4,5,1,0,3,2,0.5,5,2,0.61,0,1,4.45,2,9,24.95
ENS015,GC_STRU,Structure Batiment,GC,3,2,4,2,0,-1,2,-2,-0.33,345,0.25,1,0,2.75,2,4,0,0,2,2,0.5,1,0,0.74,0,1,3.54,4,11,18.78
ENS017,PROG,Programmation,GL,4,3,3,4,1,-1,0,1,0.0,238,0.25,1,0,3.5,3,4,0,0,1,1,1.0,4,3,0.73,2,1,3.19,2,7,23.03
ENS006,WEB_F,Developpement Web Front,WEB,2,2,3,2,1,0,1,-1,0.0,201,0.33,1,0,2.25,2,3,0,0,2,2,0.5,3,1,0.77,4,2,2.61,4,6,25.07
ENS013,GC_MAT,Matériaux,GC,2,2,4,3,3,0,2,-1,0.33,52,0.25,0,0,2.75,2,4,0,0,3,1,1.0,0,2,0.95,2,0,2.96,2,1,15.67
ENS018,GESTION,Gestion de Projet,SUP,2,3,1,3,3,1,-2,2,0.33,151,0.33,0,0,2.25,1,3,0,1,1,1,1.0,4,3,0.56,2,2,4.26,4,5,27.32
ENS013,PROG,Programmation,GL,5,5,5,4,0,0,0,-1,-0.33,241,0.25,1,0,4.75,4,5,3,0,1,1,1.0,1,2,0.68,3,1,3.78,1,8,17.46
ENS007,GC_STRU,Structure Batiment,GC,3,2,1,2,2,-1,-1,1,-0.33,186,0.33,1,0,2.0,1,3,0,1,1,2,0.5,1,3,0.6,2,0,3.8,1,6,16.1
ENS001,WEB_B,Developpement Web Back,WEB,3,5,3,3,2,2,-2,0,0.0,176,0.25,0,0,3.5,3,5,1,0,3,1,1.0,4,3,0.53,4,0,3.63,1,5,23.41
ENS007,WEB_F,Developpement Web Front,WEB,1,1,3,1,3,0,2,-2,0.0,333,0.17,1,0,1.5,1,3,0,3,2,2,0.5,2,1,0.52,0,1,4.27,3,11,19.64
ENS030,PROG,Programmation,GL,4,3,5,5,1,-1,2,0,0.33,363,0.42,1,0,4.25,3,5,2,0,1,1,1.0,5,2,0.58,1,1,3.83,4,12,27.56
ENS015,ALG,Algorithmique,GL,2,1,1,1,4,-1,0,0,-0.33,110,0.0,0,0,1.25,1,2,0,3,2,2,0.5,2,3,0.76,0,0,4.0,1,3,17.3
ENS028,BD,Bases de Donnees,INFO,5,5,5,5,1,0,0,0,0.0,90,0.25,0,0,5.0,5,5,4,0,1,1,1.0,5,2,0.5,1,1,2.57,1,3,20.14
ENS021,PROG,Programmation,GL,4,4,3,3,2,0,-1,0,-0.33,161,0.08,0,0,3.5,3,4,0,0,2,3,0.67,5,2,0.84,3,1,2.78,4,5,28.76
ENS020,GC_STRU,Structure Batiment,GC,4,4,3,2,1,0,-1,-1,-0.67,175,0.25,0,1,3.25,2,4,0,0,2,3,0.67,2,0,0.54,3,0,2.81,3,5,19.82
ENS017,WEB_F,Developpement Web Front,WEB,4,4,3,2,3,0,-1,-1,-0.67,205,0.17,1,1,3.25,2,4,0,0,3,3,0.67,4,3,0.92,4,2,2.87,3,6,26.84
ENS028,PROG,Programmation,GL,4,2,4,3,2,-2,2,-1,-0.33,301,0.42,1,0,3.25,2,4,0,0,1,1,1.0,0,0,0.68,2,2,2.96,2,10,14.32
ENS013,SEC,Securite Informatique,RT,5,3,5,4,2,-2,2,-1,-0.33,180,0.42,0,0,4.25,3,5,2,0,2,1,1.0,1,1,0.77,2,1,3.86,4,6,21.57
ENS006,WEB_F,Developpement Web Front,WEB,1,2,2,2,2,1,0,0,0.33,57,0.17,0,0,1.75,1,2,0,1,2,2,0.5,1,2,0.79,3,2,3.05,4,1,21.05
ENS025,RESEAU,Reseaux,RT,1,3,3,1,4,2,0,-2,0.0,82,0.33,0,0,2.0,1,3,0,2,1,2,0.5,3,0,0.51,4,2,3.38,3,2,23.81
ENS004,ANG,Anglais Technique,SUP,2,1,3,3,1,-1,2,0,0.33,321,0.08,1,0,2.25,1,3,0,1,1,2,0.5,5,2,0.56,1,2,2.75,3,10,23.8
ENS011,GC_STRU,Structure Batiment,GC,3,2,3,2,2,-1,1,-1,-0.33,122,0.17,0,0,2.5,2,3,0,0,3,3,0.67,0,0,0.65,2,1,3.63,1,4,14.01
ENS006,RESEAU,Reseaux,RT,4,5,5,4,0,1,0,-1,0.0,209,0.25,1,0,4.5,4,5,2,0,2,1,1.0,5,1,0.95,1,1,2.91,3,6,26.07
ENS016,GC_STRU,Structure Batiment,GC,3,2,4,3,1,-1,2,-1,0.0,242,0.42,1,0,3.0,2,4,0,0,1,1,1.0,5,1,0.77,4,2,3.08,3,8,28.51
ENS015,PROG,Programmation,GL,3,4,4,4,3,1,0,0,0.33,347,0.0,1,0,3.75,3,4,0,0,3,2,0.5,1,0,0.57,1,0,3.77,1,11,14.89
ENS001,GC_MAT,Matériaux,GC,1,2,2,3,2,1,0,1,0.67,291,0.0,1,0,2.0,1,3,0,1,2,2,0.5,2,3,0.94,4,2,2.93,4,9,24.56
ENS005,PROG,Programmation,GL,4,3,2,3,1,-1,-1,1,-0.33,44,0.25,0,0,3.0,2,4,0,0,1,3,0.67,2,0,0.79,1,1,3.84,2,1,19.63
ENS017,GESTION,Gestion de Projet,SUP,2,2,1,2,3,0,-1,1,0.0,96,0.25,0,0,1.75,1,2,0,1,2,2,0.5,1,0,0.93,3,2,3.55,3,3,21.25
ENS023,SEC,Securite Informatique,RT,5,4,3,4,1,-1,-1,1,-0.33,255,0.33,1,0,4.0,3,5,1,0,3,2,0.5,3,2,0.57,1,2,3.68,4,8,23.21
ENS022,GC_STRU,Structure Batiment,GC,1,2,3,1,4,1,1,-2,0.0,215,0.17,1,0,1.75,1,3,0,2,2,1,1.0,5,1,0.94,2,1,4.45,2,7,28.6
ENS017,BD,Bases de Donnees,INFO,3,1,2,1,1,-2,1,-1,-0.67,81,0.25,0,1,1.75,1,3,0,2,2,1,1.0,2,2,0.57,2,1,4.2,4,2,23.25
ENS029,GESTION,Gestion de Projet,SUP,3,4,5,4,1,1,1,-1,0.33,134,0.0,0,0,4.0,3,5,1,0,3,2,0.5,4,1,0.53,1,2,3.1,4,4,23.85
ENS024,PROG,Programmation,GL,4,4,3,5,0,0,-1,2,0.33,267,0.25,1,0,4.0,3,5,1,0,2,3,0.67,0,1,0.55,0,0,4.07,2,8,13.89
ENS026,PROG,Programmation,GL,3,4,3,3,3,1,-1,0,0.0,297,0.42,1,0,3.25,3,4,0,0,2,1,1.0,0,2,0.55,1,1,2.95,1,9,11.15
ENS006,PED,Pedagogie,SUP,3,2,1,1,3,-1,-1,0,-0.67,199,0.08,1,1,1.75,1,3,0,2,2,2,0.5,4,1,0.58,4,1,3.77,2,6,25.44
ENS008,SEC,Securite Informatique,RT,4,3,3,4,2,-1,0,1,0.0,125,0.08,0,0,3.5,3,4,0,0,2,3,0.67,5,3,0.64,0,0,3.99,3,4,25.68
ENS005,WEB_F,Developpement Web Front,WEB,2,4,3,2,2,2,-1,-1,0.0,43,0.25,0,0,2.75,2,4,0,0,2,2,0.5,4,1,0.83,2,2,3.1,3,1,24.85
ENS029,SEC,Securite Informatique,RT,2,4,4,4,1,2,0,0,0.67,168,0.17,0,0,3.5,2,4,0,0,3,3,0.67,5,3,0.58,2,2,2.91,3,5,25.22
ENS028,SEC,Securite Informatique,RT,2,4,4,2,2,2,0,-2,0.0,68,0.17,0,0,3.0,2,4,0,0,2,1,1.0,5,3,0.74,0,2,3.39,3,2,24.98
ENS010,RESEAU,Reseaux,RT,4,2,4,2,0,-2,2,-2,-0.67,360,0.0,1,1,3.0,2,4,0,0,1,1,1.0,0,3,0.7,0,1,3.21,1,12,11.42
ENS017,WEB_F,Developpement Web Front,WEB,3,3,4,3,2,0,1,-1,0.0,347,0.25,1,0,3.25,3,4,0,0,2,3,0.67,3,3,0.86,0,2,3.17,3,11,21.14
ENS014,PED,Pedagogie,SUP,2,3,2,2,1,1,-1,0,0.0,124,0.25,0,0,2.25,2,3,0,0,3,2,0.5,2,3,0.67,2,1,3.24,4,4,21.83
ENS011,GESTION,Gestion de Projet,SUP,4,5,4,3,2,1,-1,-1,-0.33,275,0.17,1,0,4.0,3,5,1,0,1,1,1.0,2,0,0.69,2,2,2.54,2,9,17.53
ENS025,RESEAU,Reseaux,RT,3,3,3,5,2,0,0,2,0.67,125,0.0,0,0,3.5,3,5,1,0,2,3,0.67,3,0,0.89,0,1,4.4,3,4,23.75
ENS006,RESEAU,Reseaux,RT,1,2,1,1,2,1,-1,0,0.0,181,0.08,1,0,1.25,1,2,0,3,3,3,0.67,0,3,0.82,0,2,4.28,4,6,18.66
ENS027,BD,Bases de Donnees,INFO,1,3,1,1,3,2,-2,0,0.0,87,0.17,0,0,1.5,1,3,0,3,1,2,0.5,0,0,0.69,0,1,3.71,2,2,13.87
ENS014,RESEAU,Reseaux,RT,4,4,3,4,2,0,-1,1,0.0,90,0.0,0,0,3.75,3,4,0,0,2,3,0.67,4,3,0.7,3,2,2.91,3,3,24.82
ENS016,ALG,Algorithmique,GL,3,3,2,4,2,0,-1,2,0.33,54,0.33,0,0,3.0,2,4,0,0,2,2,0.5,4,3,0.87,1,0,3.71,2,1,23.77
ENS008,GC_STRU,Structure Batiment,GC,1,3,3,2,4,2,0,-1,0.33,270,0.25,1,0,2.25,1,3,0,1,3,3,0.67,4,1,0.62,1,1,3.2,4,9,24.5
ENS002,GC_MAT,Matériaux,GC,4,4,3,4,0,0,-1,1,0.0,258,0.17,1,0,3.75,3,4,0,0,3,1,1.0,5,1,0.51,0,2,3.93,1,8,21.91
ENS003,GC_STRU,Structure Batiment,GC,2,2,2,2,3,0,0,0,0.0,38,0.0,0,0,2.0,2,2,0,0,1,1,1.0,3,3,0.89,0,0,4.17,4,1,24.79
ENS005,PROG,Programmation,GL,3,4,4,2,1,1,0,-2,-0.33,304,0.08,1,0,3.25,2,4,0,0,3,1,1.0,2,3,0.64,4,2,4.16,1,10,21.02
ENS024,WEB_B,Developpement Web Back,WEB,5,3,4,3,2,-2,1,-1,-0.67,58,0.33,0,1,3.75,3,5,1,0,2,3,0.67,5,1,0.8,1,2,2.71,4,1,26.42
ENS027,GESTION,Gestion de Projet,SUP,3,1,2,3,1,-2,1,1,0.0,144,0.0,0,0,2.25,1,3,0,1,3,3,0.67,0,2,0.55,0,2,2.98,1,4,10.21
ENS024,PROG,Programmation,GL,3,4,4,5,0,1,0,1,0.67,251,0.42,1,0,4.0,3,5,1,0,2,2,0.5,4,2,0.53,2,2,4.11,1,8,22.37
ENS012,SEC,Securite Informatique,RT,3,2,4,2,1,-1,2,-2,-0.33,283,0.33,1,0,2.75,2,4,0,0,3,1,1.0,5,0,0.78,1,1,4.08,1,9,24.56
ENS021,ANG,Anglais Technique,SUP,1,3,3,2,2,2,0,-1,0.33,357,0.25,1,0,2.25,1,3,0,1,3,1,1.0,2,2,0.89,3,2,3.35,4,11,24.15
ENS013,WEB_B,Developpement Web Back,WEB,1,1,1,1,3,0,0,0,0.0,113,0.0,0,0,1.0,1,1,0,4,2,2,0.5,0,0,0.65,4,2,4.46,2,3,19.17
ENS004,RESEAU,Reseaux,RT,2,3,1,2,4,1,-2,1,0.0,278,0.42,1,0,2.0,1,3,0,1,3,3,0.67,5,2,0.82,1,1,4.5,1,9,25.6
ENS014,GESTION,Gestion de Projet,SUP,1,1,1,1,2,0,0,0,0.0,296,0.25,1,0,1.0,1,1,0,4,1,2,0.5,2,3,0.58,1,2,3.12,3,9,18.64
ENS018,WEB_F,Developpement Web Front,WEB,4,3,3,3,2,-1,0,0,-0.33,342,0.17,1,0,3.25,3,4,0,0,3,2,0.5,4,1,0.58,2,0,3.7,1,11,21.8
ENS030,RESEAU,Reseaux,RT,2,2,2,3,0,0,0,1,0.33,164,0.33,0,0,2.25,2,3,0,0,1,1,1.0,3,3,0.81,3,0,3.56,3,5,24.67
ENS008,GC_MAT,Matériaux,GC,4,2,3,4,1,-2,1,1,0.0,345,0.42,1,0,3.25,2,4,0,0,3,2,0.5,5,2,0.62,2,1,3.58,2,11,25.26
ENS004,ALG,Algorithmique,GL,1,1,2,2,3,0,1,0,0.33,91,0.17,0,0,1.5,1,2,0,2,3,2,0.5,3,3,0.77,0,2,4.43,1,3,20.21
ENS015,WEB_F,Developpement Web Front,WEB,2,4,4,3,2,2,0,-1,0.33,110,0.08,0,0,3.25,2,4,0,0,2,2,0.5,0,1,0.77,1,0,3.43,2,3,14.71
ENS020,RESEAU,Reseaux,RT,3,2,4,4,0,-1,2,0,0.33,172,0.08,0,0,3.25,2,4,0,0,2,3,0.67,1,0,0.83,4,1,4.1,4,5,24.35
ENS012,BD,Bases de Donnees,INFO,3,2,2,2,1,-1,0,0,-0.33,33,0.25,0,0,2.25,2,3,0,0,1,1,1.0,2,0,0.51,2,2,3.15,3,1,19.35
ENS006,GC_STRU,Structure Batiment,GC,3,3,1,2,2,0,-2,1,-0.33,343,0.17,1,0,2.25,1,3,0,1,1,2,0.5,5,1,0.73,1,1,3.97,4,11,28.59
ENS004,GC_STRU,Structure Batiment,GC,4,2,4,2,2,-2,2,-2,-0.67,41,0.25,0,1,3.0,2,4,0,0,1,3,0.67,5,2,0.89,3,2,2.94,1,1,24.83
ENS017,RESEAU,Reseaux,RT,2,1,1,1,4,-1,0,0,-0.33,244,0.08,1,0,1.25,1,2,0,3,1,3,0.67,5,0,0.94,3,1,4.2,1,8,27.6
ENS004,WEB_F,Developpement Web Front,WEB,2,3,2,2,3,1,-1,0,0.0,42,0.08,0,0,2.25,2,3,0,0,2,1,1.0,2,3,0.71,2,1,4.2,4,1,23.95
ENS010,PROG,Programmation,GL,3,5,4,3,0,2,-1,-1,0.0,255,0.33,1,0,3.75,3,5,1,0,3,3,0.67,3,0,0.74,2,0,3.51,1,8,20.22
ENS026,PED,Pedagogie,SUP,1,3,1,3,3,2,-2,2,0.67,343,0.25,1,0,2.0,1,3,0,2,2,2,0.5,5,2,0.88,3,1,3.04,3,11,27.98
ENS020,WEB_B,Developpement Web Back,WEB,4,3,3,5,0,-1,0,2,0.33,226,0.08,1,0,3.75,3,5,1,0,1,1,1.0,0,1,0.85,3,1,3.85,2,7,17.95
ENS016,GC_STRU,Structure Batiment,GC,4,4,4,4,0,0,0,0,0.0,137,0.33,0,0,4.0,4,4,0,0,1,2,0.5,0,3,0.52,3,2,3.69,2,4,15.98
ENS008,BD,Bases de Donnees,INFO,3,3,2,2,1,0,-1,0,-0.33,226,0.42,1,0,2.5,2,3,0,0,3,1,1.0,4,1,0.78,0,1,2.79,4,7,23.48
ENS007,GESTION,Gestion de Projet,SUP,3,4,5,3,2,1,1,-2,0.0,283,0.0,1,0,3.75,3,5,1,0,1,1,1.0,3,1,0.79,2,1,3.7,4,9,25.35
ENS016,GESTION,Gestion de Projet,SUP,3,4,5,3,2,1,1,-2,0.0,344,0.17,1,0,3.75,3,5,1,0,1,1,1.0,1,2,0.58,4,2,3.73,1,11,17.86
ENS026,PED,Pedagogie,SUP,5,5,5,5,1,0,0,0,0.0,298,0.0,1,0,5.0,5,5,4,0,1,1,1.0,3,0,0.63,1,0,3.91,1,9,19.47
ENS018,BD,Bases de Donnees,INFO,1,2,3,1,3,1,1,-2,0.0,315,0.42,1,0,1.75,1,3,0,2,3,2,0.5,2,2,0.59,3,0,4.06,2,10,21.07
ENS029,WEB_F,Developpement Web Front,WEB,1,2,3,3,3,1,1,0,0.67,243,0.08,1,0,2.25,1,3,0,1,3,1,1.0,0,0,0.81,4,0,4.1,2,8,19.25
ENS016,SEC,Securite Informatique,RT,4,3,4,2,0,-1,1,-2,-0.67,332,0.25,1,1,3.25,2,4,0,0,3,2,0.5,2,3,0.73,2,0,2.73,1,11,16.61
ENS005,WEB_B,Developpement Web Back,WEB,5,3,3,5,2,-2,0,2,0.0,172,0.25,0,0,4.0,3,5,2,0,1,3,0.67,0,1,0.55,1,1,3.21,4,5,16.17
ENS024,GESTION,Gestion de Projet,SUP,3,3,2,2,0,0,-1,0,-0.33,138,0.0,0,0,2.5,2,3,0,0,1,1,1.0,3,0,0.7,0,1,2.86,2,4,18.22
ENS016,ANG,Anglais Technique,SUP,1,2,2,3,2,1,0,1,0.67,70,0.33,0,0,2.0,1,3,0,1,2,3,0.67,1,0,0.69,0,1,2.73,3,2,15.41
ENS002,PED,Pedagogie,SUP,1,2,1,2,2,1,-1,1,0.33,320,0.0,1,0,1.5,1,2,0,2,1,3,0.67,2,1,0.54,0,0,4.45,1,10,17.1
ENS018,WEB_F,Developpement Web Front,WEB,1,2,2,1,3,1,0,-1,0.0,145,0.25,0,0,1.5,1,2,0,2,3,1,1.0,1,1,0.74,0,0,2.93,4,4,17.56
ENS015,WEB_B,Developpement Web Back,WEB,3,3,3,5,1,0,0,2,0.67,335,0.17,1,0,3.5,3,5,1,0,1,1,1.0,2,3,0.78,0,2,2.97,4,11,19.84
ENS002,WEB_B,Developpement Web Back,WEB,1,1,1,1,3,0,0,0,0.0,48,0.42,0,0,1.0,1,1,0,4,3,2,0.5,2,0,0.81,4,2,2.51,2,1,20.07
ENS019,BD,Bases de Donnees,INFO,3,3,2,1,1,0,-1,-1,-0.67,135,0.17,0,1,2.25,1,3,0,1,1,1,1.0,3,1,0.69,2,0,2.57,3,4,21.09
ENS027,ALG,Algorithmique,GL,3,2,3,2,0,-1,1,-1,-0.33,215,0.42,1,0,2.5,2,3,0,0,1,3,0.67,2,0,0.59,1,0,3.68,4,7,21.31
ENS009,PED,Pedagogie,SUP,1,1,3,1,2,0,2,-2,0.0,30,0.25,0,0,1.5,1,3,0,3,2,1,1.0,5,1,0.65,3,1,3.17,2,1,25.59
ENS029,RESEAU,Reseaux,RT,5,3,3,4,0,-2,0,1,-0.33,294,0.17,1,0,3.75,3,5,1,0,2,2,0.5,1,1,0.77,4,1,4.25,1,9,19.85
ENS013,WEB_B,Developpement Web Back,WEB,5,3,3,5,0,-2,0,2,0.0,230,0.08,1,0,4.0,3,5,2,0,3,2,0.5,3,2,0.52,2,1,3.54,1,7,19.18
ENS007,GC_STRU,Structure Batiment,GC,2,2,2,1,2,0,0,-1,-0.33,145,0.33,0,0,1.75,1,2,0,1,2,3,0.67,2,2,0.73,2,1,4.22,3,4,22.59
ENS030,PED,Pedagogie,SUP,4,2,2,2,2,-2,0,0,-0.67,101,0.08,0,1,2.5,2,4,0,0,1,1,1.0,0,3,0.94,0,2,3.54,1,3,13.28
ENS030,BD,Bases de Donnees,INFO,2,3,1,3,1,1,-2,2,0.33,279,0.17,1,0,2.25,1,3,0,1,1,2,0.5,2,0,0.91,4,0,3.28,4,9,25.11
ENS002,BD,Bases de Donnees,INFO,2,3,2,1,1,1,-1,-1,-0.33,78,0.25,0,0,2.0,1,3,0,1,3,1,1.0,5,1,0.8,4,2,4.39,2,2,29.78
ENS010,PED,Pedagogie,SUP,4,4,4,3,1,0,0,-1,-0.33,305,0.42,1,0,3.75,3,4,0,0,3,3,0.67,5,3,0.85,1,0,2.78,1,10,22.31
ENS023,GESTION,Gestion de Projet,SUP,4,5,4,3,1,1,-1,-1,-0.33,226,0.42,1,0,4.0,3,5,1,0,2,1,1.0,2,3,0.67,2,0,3.01,2,7,18.37
ENS027,BD,Bases de Donnees,INFO,2,2,2,1,2,0,0,-1,-0.33,328,0.25,1,0,1.75,1,2,0,1,2,2,0.5,1,0,0.89,2,2,3.24,1,10,16.43
ENS030,RESEAU,Reseaux,RT,3,1,1,1,3,-2,0,0,-0.67,248,0.42,1,1,1.5,1,3,0,3,3,2,0.5,2,3,0.59,2,1,4.32,3,8,22.09
ENS030,ALG,Algorithmique,GL,1,2,3,1,2,1,1,-2,0.0,241,0.42,1,0,1.75,1,3,0,2,1,1,1.0,4,0,0.75,1,1,3.15,1,8,20.55
ENS029,WEB_F,Developpement Web Front,WEB,3,4,3,4,1,1,-1,1,0.33,51,0.08,0,0,3.5,3,4,0,0,1,2,0.5,0,3,0.63,3,0,4.07,1,1,15.79
ENS002,WEB_F,Developpement Web Front,WEB,1,1,1,1,2,0,0,0,0.0,133,0.42,0,0,1.0,1,1,0,4,3,1,1.0,1,2,0.83,3,1,2.87,2,4,17.89
ENS005,BD,Bases de Donnees,INFO,5,3,5,4,0,-2,2,-1,-0.33,65,0.25,0,0,4.25,3,5,2,0,2,2,0.5,5,0,0.54,1,1,3.73,3,2,25.66
ENS021,ANG,Anglais Technique,SUP,3,2,3,1,3,-1,1,-2,-0.67,126,0.33,0,1,2.25,1,3,0,1,1,1,1.0,4,3,0.78,0,0,4.02,2,4,22.94
ENS011,PROG,Programmation,GL,5,4,5,5,2,-1,1,0,0.0,85,0.08,0,0,4.75,4,5,3,0,1,2,0.5,2,3,0.62,3,1,3.25,4,2,22.6
ENS024,GESTION,Gestion de Projet,SUP,3,2,2,1,2,-1,0,-1,-0.67,54,0.33,0,1,2.0,1,3,0,1,2,2,0.5,0,0,0.79,2,0,4.09,2,1,17.13
ENS011,GC_STRU,Structure Batiment,GC,2,2,1,3,2,0,-1,2,0.33,293,0.25,1,0,2.0,1,3,0,1,1,1,1.0,1,2,0.78,0,1,2.98,2,9,14.86
ENS017,GC_MAT,Matériaux,GC,3,4,3,2,1,1,-1,-1,-0.33,125,0.42,0,0,3.0,2,4,0,0,3,3,0.67,3,2,0.87,0,2,4.03,1,4,19.91
ENS017,WEB_F,Developpement Web Front,WEB,2,2,1,1,2,0,-1,0,-0.33,135,0.33,0,0,1.5,1,2,0,2,1,2,0.5,1,0,0.94,3,0,4.28,2,4,21.26
ENS020,GC_MAT,Matériaux,GC,1,1,2,2,1,0,1,0,0.33,83,0.42,0,0,1.5,1,2,0,2,2,3,0.67,3,3,0.86,4,0,3.89,1,2,23.58
ENS011,ALG,Algorithmique,GL,2,2,1,2,3,0,-1,1,0.0,36,0.25,0,0,1.75,1,2,0,1,1,3,0.67,3,0,0.77,3,1,4.44,3,1,26.23
ENS030,PROG,Programmation,GL,4,5,4,3,0,1,-1,-1,-0.33,188,0.08,1,0,4.0,3,5,1,0,3,2,0.5,3,3,0.59,2,0,2.73,3,6,20.91
ENS027,GESTION,Gestion de Projet,SUP,3,2,2,2,4,-1,0,0,-0.33,336,0.25,1,0,2.25,2,3,0,0,3,1,1.0,4,3,0.58,3,0,2.83,4,11,25.56
ENS003,GC_MAT,Matériaux,GC,2,2,3,2,0,0,1,-1,0.0,127,0.42,0,0,2.25,2,3,0,0,3,3,0.67,0,0,0.65,3,1,3.87,1,4,15.49
ENS006,GC_STRU,Structure Batiment,GC,2,1,3,1,2,-1,2,-2,-0.33,40,0.25,0,0,1.75,1,3,0,2,2,3,0.67,5,1,0.57,4,2,3.39,1,1,25.13
ENS020,PROG,Programmation,GL,5,5,5,4,0,0,0,-1,-0.33,211,0.42,1,0,4.75,4,5,3,0,3,1,1.0,4,0,0.71,0,0,3.86,2,7,22.27
ENS002,PROG,Programmation,GL,3,4,5,3,0,1,1,-2,0.0,266,0.08,1,0,3.75,3,5,1,0,3,1,1.0,0,1,0.94,4,1,2.89,1,8,15.98
ENS004,PED,Pedagogie,SUP,3,4,5,4,2,1,1,-1,0.33,317,0.08,1,0,4.0,3,5,1,0,2,1,1.0,0,0,0.83,2,1,3.26,2,10,15.67
ENS020,PED,Pedagogie,SUP,3,4,3,4,1,1,-1,1,0.33,147,0.42,0,0,3.5,3,4,0,0,2,2,0.5,0,2,0.87,2,1,4.09,4,4,20.53
ENS003,BD,Bases de Donnees,INFO,1,1,1,1,3,0,0,0,0.0,292,0.33,1,0,1.0,1,1,0,4,2,3,0.67,1,3,0.68,3,2,3.95,1,9,17.8
ENS021,RESEAU,Reseaux,RT,2,2,2,2,3,0,0,0,0.0,310,0.08,1,0,2.0,2,2,0,0,1,1,1.0,2,2,0.71,0,1,3.25,4,10,20.05
ENS023,ANG,Anglais Technique,SUP,1,3,3,1,2,2,0,-2,0.0,65,0.33,0,0,2.0,1,3,0,2,3,3,0.67,0,1,0.63,3,2,2.87,2,2,14.89
ENS017,RESEAU,Reseaux,RT,2,1,2,1,2,-1,1,-1,-0.33,223,0.0,1,0,1.5,1,2,0,2,3,2,0.5,1,3,0.88,0,1,3.63,1,7,15.16
ENS012,GC_MAT,Matériaux,GC,4,2,2,3,2,-2,0,1,-0.33,331,0.42,1,0,2.75,2,4,0,0,1,3,0.67,5,0,0.64,0,2,2.96,2,11,22.12
ENS029,PROG,Programmation,GL,3,4,2,4,1,1,-2,2,0.33,176,0.25,0,0,3.25,2,4,0,0,2,2,0.5,4,1,0.83,1,2,3.88,4,5,26.91
ENS023,RESEAU,Reseaux,RT,3,1,1,1,4,-2,0,0,-0.67,362,0.08,1,1,1.5,1,3,0,3,3,1,1.0,5,3,0.86,4,0,3.62,3,12,30.04
ENS015,WEB_B,Developpement Web Back,WEB,4,3,5,5,0,-1,2,0,0.33,287,0.33,1,0,4.25,3,5,2,0,1,1,1.0,1,0,0.59,3,0,3.32,2,9,17.59
ENS029,ANG,Anglais Technique,SUP,1,3,2,1,3,2,-1,-1,0.0,296,0.25,1,0,1.75,1,3,0,2,2,1,1.0,1,3,0.64,0,1,2.82,3,9,15.34
ENS020,BD,Bases de Donnees,INFO,5,5,3,3,0,0,-2,0,-0.67,45,0.08,0,1,4.0,3,5,2,0,3,1,1.0,3,3,0.74,1,2,3.52,2,1,20.74
ENS008,BD,Bases de Donnees,INFO,2,3,3,1,2,1,0,-2,-0.33,354,0.33,1,0,2.25,1,3,0,1,1,1,1.0,4,1,0.93,1,1,3.79,1,11,22.73
ENS005,WEB_F,Developpement Web Front,WEB,3,3,4,3,1,0,1,-1,0.0,192,0.08,1,0,3.25,3,4,0,0,2,3,0.67,4,1,0.61,1,0,3.38,3,6,23.31
ENS012,GC_MAT,Matériaux,GC,3,2,1,3,2,-1,-1,2,0.0,251,0.42,1,0,2.25,1,3,0,1,1,1,1.0,0,3,0.72,0,0,3.86,3,8,15.82
ENS002,PROG,Programmation,GL,3,3,2,2,1,0,-1,0,-0.33,69,0.08,0,0,2.5,2,3,0,0,3,1,1.0,2,2,0.7,1,0,4.47,2,2,20.44
ENS007,GC_STRU,Structure Batiment,GC,4,3,4,5,1,-1,1,1,0.33,236,0.08,1,0,4.0,3,5,1,0,1,2,0.5,4,3,0.82,3,0,4.11,2,7,26.32
ENS008,PED,Pedagogie,SUP,4,4,4,3,0,0,0,-1,-0.33,342,0.42,1,0,3.75,3,4,0,0,3,2,0.5,5,0,0.82,3,2,3.64,1,11,25.88
ENS027,PROG,Programmation,GL,4,4,4,4,0,0,0,0,0.0,241,0.33,1,0,4.0,4,4,0,0,3,2,0.5,5,1,0.93,3,1,4.36,2,8,29.37
ENS007,WEB_B,Developpement Web Back,WEB,3,1,2,3,4,-2,1,1,0.0,243,0.0,1,0,2.25,1,3,0,1,3,2,0.5,2,1,0.65,3,1,3.93,3,8,22.61
ENS022,WEB_B,Developpement Web Back,WEB,5,3,5,5,0,-2,2,0,0.0,203,0.33,1,0,4.5,3,5,3,0,1,2,0.5,0,1,0.7,2,2,4.25,2,6,17.0
ENS009,PROG,Programmation,GL,3,5,4,3,0,2,-1,-1,0.0,167,0.17,0,0,3.75,3,5,1,0,2,1,1.0,1,2,0.87,3,1,3.78,2,5,19.91
ENS029,ANG,Anglais Technique,SUP,1,2,3,1,2,1,1,-2,0.0,233,0.0,1,0,1.75,1,3,0,2,3,1,1.0,1,3,0.82,1,0,3.68,1,7,15.96
ENS025,GC_STRU,Structure Batiment,GC,1,3,3,1,2,2,0,-2,0.0,281,0.17,1,0,2.0,1,3,0,2,1,3,0.67,1,3,0.77,4,0,3.53,4,9,22.91
ENS003,GC_MAT,Matériaux,GC,2,2,1,1,3,0,-1,0,-0.33,344,0.33,1,0,1.5,1,2,0,2,2,1,1.0,3,1,0.78,1,2,2.66,2,11,19.22
ENS019,RESEAU,Reseaux,RT,5,4,3,3,2,-1,-1,0,-0.67,331,0.17,1,1,3.75,3,5,1,0,1,2,0.5,0,0,0.9,3,1,3.4,3,11,18.8
ENS012,GC_STRU,Structure Batiment,GC,3,3,3,4,0,0,0,1,0.33,354,0.08,1,0,3.25,3,4,0,0,3,1,1.0,0,3,0.8,0,1,3.29,3,11,15.08
ENS014,SEC,Securite Informatique,RT,3,3,2,4,2,0,-1,2,0.33,89,0.0,0,0,3.0,2,4,0,0,3,2,0.5,0,0,0.84,3,0,3.32,1,2,15.34
ENS017,RESEAU,Reseaux,RT,3,2,1,1,4,-1,-1,0,-0.67,40,0.42,0,1,1.75,1,3,0,2,1,2,0.5,2,2,0.67,3,2,3.68,1,1,19.21
ENS005,WEB_F,Developpement Web Front,WEB,3,2,2,4,3,-1,0,2,0.33,347,0.25,1,0,2.75,2,4,0,0,2,2,0.5,2,2,0.62,0,1,3.61,3,11,18.82
ENS003,SEC,Securite Informatique,RT,2,3,2,3,1,1,-1,1,0.33,298,0.33,1,0,2.5,2,3,0,0,1,3,0.67,2,3,0.76,3,2,2.6,1,9,17.5
ENS013,GC_STRU,Structure Batiment,GC,5,4,4,5,1,-1,0,1,0.0,85,0.17,0,0,4.5,4,5,2,0,3,1,1.0,1,3,0.94,2,2,3.39,3,2,19.98
ENS005,ANG,Anglais Technique,SUP,4,4,5,5,0,0,1,0,0.33,318,0.08,1,0,4.5,4,5,2,0,2,3,0.67,0,1,0.57,4,0,4.26,3,10,19.87
ENS004,PROG,Programmation,GL,4,3,3,5,0,-1,0,2,0.33,131,0.17,0,0,3.75,3,5,1,0,3,2,0.5,2,3,0.77,4,0,4.34,4,4,26.53
ENS019,GC_MAT,Matériaux,GC,1,2,2,2,4,1,0,0,0.33,97,0.08,0,0,1.75,1,2,0,1,1,2,0.5,5,1,0.92,2,1,4.23,2,3,28.06
ENS023,PED,Pedagogie,SUP,4,5,3,5,1,1,-2,2,0.33,56,0.17,0,0,4.25,3,5,2,0,1,1,1.0,3,3,0.7,3,1,3.71,2,1,22.92
ENS024,PROG,Programmation,GL,4,2,4,2,1,-2,2,-2,-0.67,337,0.25,1,1,3.0,2,4,0,0,2,1,1.0,3,0,0.77,3,1,3.16,4,11,25.17
ENS012,PROG,Programmation,GL,4,2,2,2,3,-2,0,0,-0.67,201,0.17,1,1,2.5,2,4,0,0,3,1,1.0,1,2,0.91,1,2,4.35,2,6,19.25
ENS024,WEB_F,Developpement Web Front,WEB,1,2,1,1,3,1,-1,0,0.0,150,0.42,0,0,1.25,1,2,0,3,2,2,0.5,3,2,0.84,4,1,4.18,4,5,28.56
ENS012,SEC,Securite Informatique,RT,4,2,4,3,2,-2,2,-1,-0.33,319,0.0,1,0,3.25,2,4,0,0,2,1,1.0,4,1,0.65,0,2,3.95,3,10,23.65
ENS009,PED,Pedagogie,SUP,4,2,4,3,3,-2,2,-1,-0.33,268,0.17,1,0,3.25,2,4,0,0,1,2,0.5,0,3,0.56,2,1,3.19,2,8,14.18
ENS013,BD,Bases de Donnees,INFO,4,5,4,3,0,1,-1,-1,-0.33,201,0.17,1,0,4.0,3,5,1,0,2,3,0.67,1,3,0.62,0,1,3.14,1,6,12.88
ENS009,PED,Pedagogie,SUP,5,3,5,3,2,-2,2,-2,-0.67,33,0.08,0,1,4.0,3,5,2,0,2,3,0.67,1,0,0.6,3,2,4.4,1,1,18.3
ENS003,WEB_F,Developpement Web Front,WEB,3,1,3,3,3,-2,2,0,0.0,275,0.25,1,0,2.5,1,3,0,1,1,3,0.67,3,2,0.51,1,2,3.81,2,9,20.17
ENS016,PROG,Programmation,GL,5,5,3,4,0,0,-2,1,-0.33,261,0.33,1,0,4.25,3,5,2,0,2,3,0.67,2,3,0.87,0,1,4.06,1,8,17.97
ENS009,ANG,Anglais Technique,SUP,3,2,1,2,2,-1,-1,1,-0.33,300,0.25,1,0,2.0,1,3,0,1,1,2,0.5,1,1,0.84,3,0,4.08,1,10,18.86
ENS012,ALG,Algorithmique,GL,2,2,2,2,2,0,0,0,0.0,96,0.17,0,0,2.0,2,2,0,0,3,3,0.67,4,3,0.64,4,1,3.3,3,3,26.3
ENS022,GC_STRU,Structure Batiment,GC,4,5,4,4,0,1,-1,0,0.0,190,0.08,1,0,4.25,4,5,1,0,2,2,0.5,2,1,0.87,4,2,3.17,1,6,20.19
ENS013,RESEAU,Reseaux,RT,1,1,3,2,2,0,2,-1,0.33,54,0.33,0,0,1.75,1,3,0,2,3,1,1.0,0,1,0.89,4,0,4.29,2,1,20.03
ENS005,GC_STRU,Structure Batiment,GC,3,1,1,3,3,-2,0,2,0.0,211,0.08,1,0,2.0,1,3,0,2,2,2,0.5,0,2,0.78,3,2,3.35,4,7,19.6
ENS016,PROG,Programmation,GL,4,2,2,2,2,-2,0,0,-0.67,126,0.0,0,1,2.5,2,4,0,0,2,1,1.0,2,0,0.93,0,1,3.77,3,4,20.69
ENS014,GC_STRU,Structure Batiment,GC,4,4,3,4,2,0,-1,1,0.0,246,0.33,1,0,3.75,3,4,0,0,2,1,1.0,5,1,0.72,4,2,4.2,2,8,29.0
ENS020,PROG,Programmation,GL,3,3,4,4,0,0,1,0,0.33,109,0.0,0,0,3.5,3,4,0,0,1,3,0.67,2,2,0.86,3,1,4.43,1,3,21.66
ENS001,PROG,Programmation,GL,4,5,5,3,1,1,0,-2,-0.33,57,0.42,0,0,4.25,3,5,2,0,2,2,0.5,0,0,0.6,4,1,2.63,4,1,18.26
ENS009,BD,Bases de Donnees,INFO,1,3,1,3,1,2,-2,2,0.67,138,0.17,0,0,2.0,1,3,0,2,3,2,0.5,2,2,0.63,0,0,4.14,1,4,16.93
ENS021,GC_MAT,Matériaux,GC,1,2,1,2,2,1,-1,1,0.33,118,0.25,0,0,1.5,1,2,0,2,2,2,0.5,5,0,0.53,4,2,3.74,1,3,25.63
ENS001,GESTION,Gestion de Projet,SUP,4,5,3,4,2,1,-2,1,0.0,357,0.17,1,0,4.0,3,5,1,0,1,2,0.5,5,3,0.56,4,2,4.23,1,11,26.76
ENS010,SEC,Securite Informatique,RT,3,4,4,2,0,1,0,-2,-0.33,289,0.17,1,0,3.25,2,4,0,0,3,2,0.5,2,0,0.61,2,0,3.43,3,9,20.41
ENS026,RESEAU,Reseaux,RT,2,1,2,2,3,-1,1,0,0.0,221,0.42,1,0,1.75,1,2,0,1,3,1,1.0,5,2,0.52,2,2,4.37,3,7,27.84
ENS010,RESEAU,Reseaux,RT,4,5,4,3,0,1,-1,-1,-0.33,235,0.33,1,0,4.0,3,5,1,0,1,3,0.67,5,3,0.55,4,2,3.2,4,7,29.15
ENS022,PROG,Programmation,GL,2,4,3,2,1,2,-1,-1,0.0,30,0.08,0,0,2.75,2,4,0,0,1,2,0.5,4,2,0.67,1,2,4.07,3,1,24.99
ENS024,WEB_F,Developpement Web Front,WEB,2,4,2,4,1,2,-2,2,0.67,38,0.0,0,0,3.0,2,4,0,0,3,1,1.0,5,1,0.55,2,0,4.41,4,1,29.57
ENS001,PROG,Programmation,GL,2,2,3,4,1,0,1,1,0.67,43,0.0,0,0,2.75,2,4,0,0,1,2,0.5,5,1,0.93,4,0,4.26,2,1,30.17
ENS014,PED,Pedagogie,SUP,1,2,3,2,4,1,1,-1,0.33,207,0.42,1,0,2.0,1,3,0,1,2,1,1.0,4,2,0.77,2,1,4.09,4,6,28.03
ENS025,PROG,Programmation,GL,5,5,3,3,1,0,-2,0,-0.67,136,0.0,0,1,4.0,3,5,2,0,1,3,0.67,5,2,0.54,4,2,3.52,4,4,29.74
ENS007,PROG,Programmation,GL,4,3,4,2,2,-1,1,-2,-0.67,319,0.17,1,1,3.25,2,4,0,0,2,1,1.0,5,1,0.77,4,0,2.52,1,10,24.39
ENS028,GC_STRU,Structure Batiment,GC,3,3,3,2,3,0,0,-1,-0.33,236,0.42,1,0,2.75,2,3,0,0,3,3,0.67,0,3,0.84,2,1,2.81,3,7,16.32
ENS028,SEC,Securite Informatique,RT,4,4,3,4,1,0,-1,1,0.0,110,0.25,0,0,3.75,3,4,0,0,1,3,0.67,5,3,0.66,3,1,2.61,1,3,23.02
ENS004,ANG,Anglais Technique,SUP,3,1,1,2,0,-2,0,1,-0.33,94,0.0,0,0,1.75,1,3,0,2,2,2,0.5,4,0,0.9,2,0,3.66,4,3,27.82
ENS010,WEB_B,Developpement Web Back,WEB,4,5,4,4,1,1,-1,0,0.0,344,0.08,1,0,4.25,4,5,1,0,1,1,1.0,2,2,0.87,2,0,3.86,2,11,21.07
ENS011,PED,Pedagogie,SUP,3,1,3,2,2,-2,2,-1,-0.33,307,0.42,1,0,2.25,1,3,0,1,3,3,0.67,5,0,0.55,1,0,4.01,4,10,27.77
ENS021,ANG,Anglais Technique,SUP,2,1,3,3,1,-1,2,0,0.33,232,0.33,1,0,2.25,1,3,0,1,3,2,0.5,1,3,0.54,3,1,3.82,3,7,19.84
ENS004,GESTION,Gestion de Projet,SUP,2,1,1,2,3,-1,0,1,0.0,207,0.08,1,0,1.5,1,2,0,2,2,2,0.5,3,2,0.56,0,2,3.0,2,6,17.8
ENS026,GC_MAT,Matériaux,GC,2,4,2,2,2,2,-2,0,0.0,355,0.33,1,0,2.5,2,4,0,0,1,1,1.0,0,2,0.57,4,0,2.62,4,11,18.09
ENS015,SEC,Securite Informatique,RT,3,2,4,3,1,-1,2,-1,0.0,137,0.0,0,0,3.0,2,4,0,0,3,2,0.5,0,2,0.57,1,0,3.3,2,4,13.45
ENS021,PROG,Programmation,GL,2,2,3,3,3,0,1,0,0.33,173,0.25,0,0,2.5,2,3,0,0,1,1,1.0,3,0,0.86,0,1,3.41,2,5,20.12
ENS001,RESEAU,Reseaux,RT,4,4,5,5,1,0,1,0,0.33,67,0.17,0,0,4.5,4,5,2,0,1,3,0.67,0,0,0.53,1,2,2.55,3,2,13.25
ENS030,PROG,Programmation,GL,3,4,4,4,1,1,0,0,0.33,83,0.42,0,0,3.75,3,4,0,0,1,2,0.5,0,2,0.85,2,1,3.78,4,2,19.81
ENS010,GC_MAT,Matériaux,GC,4,3,4,4,1,-1,1,0,0.0,216,0.25,1,0,3.75,3,4,0,0,3,1,1.0,1,1,0.68,3,2,3.14,3,7,19.18
ENS024,WEB_B,Developpement Web Back,WEB,1,2,1,1,3,1,-1,0,0.0,277,0.33,1,0,1.25,1,2,0,3,2,3,0.67,5,3,0.64,1,0,3.58,3,9,25.86
ENS002,PROG,Programmation,GL,3,2,2,3,2,-1,0,1,0.0,165,0.33,0,0,2.5,2,3,0,0,3,1,1.0,0,3,0.88,0,0,2.81,4,5,16.02
ENS019,PROG,Programmation,GL,4,4,4,4,0,0,0,0,0.0,345,0.25,1,0,4.0,4,4,0,0,2,3,0.67,0,3,0.59,1,1,2.66,4,11,15.27
ENS014,PED,Pedagogie,SUP,2,4,2,2,1,2,-2,0,0.0,208,0.33,1,0,2.5,2,4,0,0,1,1,1.0,3,1,0.94,1,2,3.0,1,6,19.2
ENS005,SEC,Securite Informatique,RT,5,3,5,4,1,-2,2,-1,-0.33,304,0.42,1,0,4.25,3,5,2,0,3,3,0.67,3,0,0.55,2,2,2.54,3,10,20.33
ENS004,GC_STRU,Structure Batiment,GC,5,3,3,4,1,-2,0,1,-0.33,277,0.08,1,0,3.75,3,5,1,0,1,1,1.0,1,3,0.55,3,2,2.71,1,9,14.67
ENS008,GESTION,Gestion de Projet,SUP,4,3,3,3,1,-1,0,0,-0.33,95,0.0,0,0,3.25,3,4,0,0,2,1,1.0,3,3,0.59,3,0,2.65,4,3,23.25
ENS010,PED,Pedagogie,SUP,3,4,5,4,1,1,1,-1,0.33,170,0.25,0,0,4.0,3,5,1,0,3,2,0.5,0,2,0.71,1,1,4.25,3,5,17.55
ENS003,GC_MAT,Matériaux,GC,1,2,2,1,1,1,0,-1,0.0,268,0.17,1,0,1.5,1,2,0,2,1,2,0.5,1,2,0.71,3,2,3.67,4,8,21.89
ENS017,SEC,Securite Informatique,RT,4,3,2,4,2,-1,-1,2,0.0,75,0.25,0,0,3.25,2,4,0,0,3,2,0.5,0,1,0.83,1,2,3.46,1,2,13.57
ENS026,PED,Pedagogie,SUP,3,4,5,5,0,1,1,0,0.67,344,0.17,1,0,4.25,3,5,2,0,3,3,0.67,0,3,0.86,0,1,3.79,1,11,13.38
ENS007,PROG,Programmation,GL,5,5,4,5,0,0,-1,1,0.0,102,0.08,0,0,4.75,4,5,3,0,1,3,0.67,2,3,0.91,1,1,3.94,4,3,23.43
ENS027,GESTION,Gestion de Projet,SUP,1,3,1,2,4,2,-2,1,0.33,352,0.08,1,0,1.75,1,3,0,2,1,3,0.67,2,0,0.68,4,2,4.44,1,11,21.78
ENS018,PROG,Programmation,GL,4,3,5,5,0,-1,2,0,0.33,194,0.42,1,0,4.25,3,5,2,0,3,3,0.67,3,3,0.52,1,0,4.44,1,6,19.98
ENS005,RESEAU,Reseaux,RT,4,3,5,5,0,-1,2,0,0.33,132,0.17,0,0,4.25,3,5,2,0,3,1,1.0,3,1,0.64,4,0,3.88,4,4,26.96
ENS015,GC_STRU,Structure Batiment,GC,4,5,5,3,0,1,0,-2,-0.33,104,0.17,0,0,4.25,3,5,2,0,3,2,0.5,0,3,0.71,1,0,4.1,4,3,18.75
ENS025,GESTION,Gestion de Projet,SUP,3,2,1,1,4,-1,-1,0,-0.67,285,0.17,1,1,1.75,1,3,0,2,1,3,0.67,5,1,0.56,4,0,3.96,4,9,30.72
ENS002,ANG,Anglais Technique,SUP,4,5,5,5,0,1,0,0,0.33,201,0.0,1,0,4.75,4,5,3,0,2,3,0.67,1,0,0.75,2,1,3.55,2,6,17.85
ENS026,GC_STRU,Structure Batiment,GC,2,1,2,2,2,-1,1,0,0.0,82,0.08,0,0,1.75,1,2,0,1,2,3,0.67,0,1,0.8,4,1,3.29,4,2,20.58
ENS002,GC_MAT,Matériaux,GC,1,1,1,1,2,0,0,0,0.0,159,0.17,0,0,1.0,1,1,0,4,2,2,0.5,2,1,0.88,1,1,3.3,4,5,22.0
ENS015,SEC,Securite Informatique,RT,5,4,3,4,1,-1,-1,1,-0.33,274,0.17,1,0,4.0,3,5,1,0,1,2,0.5,0,1,0.67,1,2,3.61,3,9,16.07
ENS009,PROG,Programmation,GL,4,5,4,3,2,1,-1,-1,-0.33,33,0.42,0,0,4.0,3,5,1,0,1,2,0.5,3,2,0.81,4,0,3.47,4,1,26.99
ENS012,WEB_F,Developpement Web Front,WEB,3,4,3,4,1,1,-1,1,0.33,145,0.33,0,0,3.5,3,4,0,0,3,1,1.0,0,1,0.71,0,1,3.57,2,4,13.69
ENS013,RESEAU,Reseaux,RT,2,3,4,3,1,1,1,-1,0.33,161,0.17,0,0,3.0,2,4,0,0,1,2,0.5,4,0,0.67,0,2,2.88,3,5,21.61
ENS007,SEC,Securite Informatique,RT,2,3,2,3,2,1,-1,1,0.33,189,0.25,1,0,2.5,2,3,0,0,1,2,0.5,0,0,0.79,4,2,2.72,1,6,14.89
ENS015,PED,Pedagogie,SUP,4,5,4,3,1,1,-1,-1,-0.33,352,0.08,1,0,4.0,3,5,1,0,3,3,0.67,5,1,0.92,2,2,3.0,1,11,24.1
ENS030,PROG,Programmation,GL,5,3,3,4,1,-2,0,1,-0.33,256,0.25,1,0,3.75,3,5,1,0,3,1,1.0,2,3,0.79,2,0,4.16,1,8,19.77
ENS023,GC_MAT,Matériaux,GC,3,1,3,2,2,-2,2,-1,-0.33,279,0.33,1,0,2.25,1,3,0,1,2,1,1.0,4,0,0.8,0,2,3.69,2,9,22.38
ENS007,BD,Bases de Donnees,INFO,3,5,5,3,2,2,0,-2,0.0,79,0.33,0,0,4.0,3,5,2,0,3,2,0.5,2,2,0.51,4,0,3.43,3,2,21.91
ENS001,RESEAU,Reseaux,RT,2,1,2,3,2,-1,1,1,0.33,261,0.08,1,0,2.0,1,3,0,1,3,1,1.0,1,1,0.75,3,1,3.34,4,8,21.43
ENS026,GESTION,Gestion de Projet,SUP,1,1,3,1,2,0,2,-2,0.0,308,0.0,1,0,1.5,1,3,0,3,3,1,1.0,4,0,0.5,1,0,2.5,2,10,19.5
ENS001,ANG,Anglais Technique,SUP,5,5,4,5,1,0,-1,1,0.0,352,0.08,1,0,4.75,4,5,3,0,3,3,0.67,5,1,0.52,1,0,3.41,1,11,21.92
ENS003,ANG,Anglais Technique,SUP,3,1,2,3,2,-2,1,1,0.0,134,0.42,0,0,2.25,1,3,0,1,3,2,0.5,3,3,0.58,2,1,2.64,1,4,17.68
ENS001,PED,Pedagogie,SUP,5,5,3,4,0,0,-2,1,-0.33,94,0.25,0,0,4.25,3,5,2,0,3,1,1.0,4,1,0.87,4,1,4.2,2,3,27.75
ENS011,ANG,Anglais Technique,SUP,3,3,2,1,1,0,-1,-1,-0.67,151,0.17,0,1,2.25,1,3,0,1,3,1,1.0,5,3,0.59,4,2,4.14,4,5,31.23
ENS015,GC_STRU,Structure Batiment,GC,5,5,4,5,0,0,-1,1,0.0,341,0.0,1,0,4.75,4,5,3,0,1,3,0.67,1,1,0.92,2,1,4.2,3,11,21.5
ENS008,ALG,Algorithmique,GL,3,2,4,4,0,-1,2,0,0.33,234,0.42,1,0,3.25,2,4,0,0,1,3,0.67,4,0,0.9,0,2,3.7,3,7,24.4
ENS019,WEB_B,Developpement Web Back,WEB,2,3,2,2,2,1,-1,0,0.0,355,0.08,1,0,2.25,2,3,0,0,3,2,0.5,0,2,0.82,4,2,4.02,3,11,20.64
ENS030,ANG,Anglais Technique,SUP,1,2,2,3,1,1,0,1,0.67,110,0.42,0,0,2.0,1,3,0,1,1,1,1.0,3,0,0.62,2,2,2.66,1,3,17.92
ENS020,PROG,Programmation,GL,4,4,2,3,3,0,-2,1,-0.33,202,0.33,1,0,3.25,2,4,0,0,2,3,0.67,5,3,0.62,2,0,4.18,2,6,26.46
ENS004,GC_STRU,Structure Batiment,GC,3,2,4,4,2,-1,2,0,0.33,306,0.0,1,0,3.25,2,4,0,0,2,3,0.67,1,0,0.87,4,2,3.82,3,10,22.49
ENS018,WEB_F,Developpement Web Front,WEB,2,1,1,3,3,-1,0,2,0.33,137,0.42,0,0,1.75,1,3,0,2,3,2,0.5,3,2,0.81,4,0,3.16,3,4,24.87
ENS001,GC_STRU,Structure Batiment,GC,5,4,5,3,1,-1,1,-2,-0.67,247,0.33,1,1,4.25,3,5,2,0,3,1,1.0,0,0,0.65,4,0,2.76,2,8,15.77
ENS007,WEB_B,Developpement Web Back,WEB,1,1,1,2,2,0,0,1,0.33,347,0.42,1,0,1.25,1,2,0,3,3,2,0.5,3,0,0.5,2,0,3.64,1,11,19.28
ENS026,WEB_B,Developpement Web Back,WEB,4,5,4,3,0,1,-1,-1,-0.33,167,0.25,0,0,4.0,3,5,1,0,1,3,0.67,2,3,0.81,1,1,3.57,4,5,22.19
ENS014,ALG,Algorithmique,GL,2,2,2,1,2,0,0,-1,-0.33,302,0.08,1,0,1.75,1,2,0,1,2,2,0.5,1,0,0.93,0,2,2.61,4,10,17.87
ENS030,RESEAU,Reseaux,RT,1,1,2,1,3,0,1,-1,0.0,71,0.33,0,0,1.25,1,2,0,3,1,2,0.5,1,0,0.81,1,0,2.53,4,2,18.11
ENS006,ANG,Anglais Technique,SUP,2,2,1,1,3,0,-1,0,-0.33,314,0.42,1,0,1.5,1,2,0,2,1,3,0.67,3,3,0.65,3,1,3.96,3,10,24.67
ENS001,RESEAU,Reseaux,RT,1,2,3,2,4,1,1,-1,0.33,306,0.17,1,0,2.0,1,3,0,1,1,3,0.67,3,3,0.62,4,1,3.55,4,10,26.2
ENS018,RESEAU,Reseaux,RT,3,4,3,2,0,1,-1,-1,-0.33,56,0.0,0,0,3.0,2,4,0,0,1,2,0.5,2,2,0.68,2,1,4.2,2,1,20.8
ENS012,GC_MAT,Matériaux,GC,3,3,4,4,1,0,1,0,0.33,329,0.17,1,0,3.5,3,4,0,0,3,3,0.67,4,2,0.63,0,1,4.14,3,10,23.93
ENS003,WEB_B,Developpement Web Back,WEB,2,1,2,3,3,-1,1,1,0.33,130,0.25,0,0,2.0,1,3,0,1,1,2,0.5,4,2,0.79,0,2,2.71,4,4,23.37
ENS002,WEB_F,Developpement Web Front,WEB,3,1,1,3,3,-2,0,2,0.0,365,0.33,1,0,2.0,1,3,0,2,2,2,0.5,4,2,0.57,4,2,4.38,2,12,26.61
ENS026,RESEAU,Reseaux,RT,2,4,2,3,0,2,-2,1,0.33,344,0.25,1,0,2.75,2,4,0,0,2,3,0.67,0,0,0.73,0,2,3.89,4,11,17.43
ENS013,GESTION,Gestion de Projet,SUP,5,4,4,3,0,-1,0,-1,-0.67,165,0.33,0,1,4.0,3,5,1,0,3,1,1.0,4,2,0.77,3,0,4.49,2,5,26.83
ENS012,GESTION,Gestion de Projet,SUP,3,2,3,2,3,-1,1,-1,-0.33,355,0.17,1,0,2.5,2,3,0,0,2,2,0.5,5,1,0.82,3,0,3.28,1,11,25.16
ENS020,GESTION,Gestion de Projet,SUP,5,5,5,4,2,0,0,-1,-0.33,187,0.42,1,0,4.75,4,5,3,0,2,3,0.67,5,0,0.74,1,0,4.08,4,6,28.86
ENS015,PED,Pedagogie,SUP,4,3,2,4,1,-1,-1,2,0.0,258,0.33,1,0,3.25,2,4,0,0,3,1,1.0,5,0,0.89,1,2,2.63,4,8,26.71
ENS001,PROG,Programmation,GL,3,4,4,5,2,1,0,1,0.67,61,0.08,0,0,4.0,3,5,1,0,3,3,0.67,2,2,0.78,4,1,3.35,3,2,23.1
ENS014,WEB_B,Developpement Web Back,WEB,1,2,1,2,2,1,-1,1,0.33,294,0.0,1,0,1.5,1,2,0,2,1,1,1.0,3,1,0.7,1,0,4.06,2,9,21.62
ENS001,WEB_F,Developpement Web Front,WEB,1,2,1,1,2,1,-1,0,0.0,150,0.42,0,0,1.25,1,2,0,3,2,2,0.5,4,1,0.59,2,2,3.53,2,5,23.01
ENS030,PROG,Programmation,GL,3,3,3,3,1,0,0,0,0.0,82,0.25,0,0,3.0,3,3,0,0,1,3,0.67,3,2,0.85,2,0,4.32,3,2,25.39
ENS023,GESTION,Gestion de Projet,SUP,5,3,5,4,0,-2,2,-1,-0.33,283,0.42,1,0,4.25,3,5,2,0,1,1,1.0,1,0,0.71,0,0,3.55,1,9,14.15
ENS024,WEB_B,Developpement Web Back,WEB,1,2,1,3,4,1,-1,2,0.67,148,0.17,0,0,1.75,1,3,0,2,2,1,1.0,1,2,0.81,0,0,3.8,4,4,19.65
ENS001,GC_STRU,Structure Batiment,GC,2,2,4,3,0,0,2,-1,0.33,67,0.42,0,0,2.75,2,4,0,0,2,3,0.67,1,3,0.52,1,1,2.8,3,2,15.7
ENS022,WEB_B,Developpement Web Back,WEB,5,5,3,4,1,0,-2,1,-0.33,209,0.0,1,0,4.25,3,5,2,0,2,1,1.0,5,1,0.8,4,1,2.59,3,6,27.68
ENS006,RESEAU,Reseaux,RT,3,2,1,2,2,-1,-1,1,-0.33,102,0.42,0,0,2.0,1,3,0,1,1,2,0.5,2,3,0.57,1,1,2.57,3,3,17.49
ENS012,ALG,Algorithmique,GL,2,1,1,1,4,-1,0,0,-0.33,89,0.08,0,0,1.25,1,2,0,3,3,1,1.0,0,2,0.66,4,2,2.77,3,2,17.34
ENS014,ANG,Anglais Technique,SUP,3,1,1,2,0,-2,0,1,-0.33,281,0.0,1,0,1.75,1,3,0,2,2,2,0.5,4,1,0.6,2,1,3.3,3,9,24.1
ENS006,SEC,Securite Informatique,RT,4,4,2,4,2,0,-2,2,0.0,137,0.33,0,0,3.5,2,4,0,0,3,2,0.5,2,3,0.76,0,0,4.25,3,4,20.8
ENS008,RESEAU,Reseaux,RT,2,3,1,1,3,1,-2,0,-0.33,265,0.33,1,0,1.75,1,3,0,2,3,1,1.0,3,3,0.5,2,0,3.11,4,8,22.72
ENS018,PED,Pedagogie,SUP,2,1,1,2,3,-1,0,1,0.0,200,0.25,1,0,1.5,1,2,0,2,3,2,0.5,2,2,0.73,4,2,4.43,1,6,22.01
ENS019,GC_STRU,Structure Batiment,GC,3,2,2,3,4,-1,0,1,0.0,98,0.08,0,0,2.5,2,3,0,0,1,1,1.0,2,1,0.52,1,0,2.62,2,3,15.84
ENS016,RESEAU,Reseaux,RT,2,1,2,1,4,-1,1,-1,-0.33,318,0.25,1,0,1.5,1,2,0,2,1,3,0.67,1,3,0.84,2,2,2.66,1,10,15.02
ENS007,SEC,Securite Informatique,RT,3,4,2,2,1,1,-2,0,-0.33,310,0.25,1,0,2.75,2,4,0,0,1,1,1.0,1,1,0.57,3,2,4.21,1,10,17.77
ENS030,ANG,Anglais Technique,SUP,5,4,5,4,1,-1,1,-1,-0.33,182,0.08,1,0,4.5,4,5,2,0,1,2,0.5,5,1,0.58,1,0,2.8,2,6,22.5
ENS006,ALG,Algorithmique,GL,2,1,1,1,3,-1,0,0,-0.33,96,0.25,0,0,1.25,1,2,0,3,3,3,0.67,1,1,0.62,1,1,2.62,4,3,17.34
ENS009,GESTION,Gestion de Projet,SUP,5,3,5,3,0,-2,2,-2,-0.67,112,0.33,0,1,4.0,3,5,2,0,2,2,0.5,0,3,0.95,1,2,3.06,3,3,16.37
ENS028,PROG,Programmation,GL,3,4,3,3,1,1,-1,0,0.0,305,0.33,1,0,3.25,3,4,0,0,2,2,0.5,4,2,0.6,0,1,2.51,2,10,19.02
ENS014,PROG,Programmation,GL,3,5,4,3,2,2,-1,-1,0.0,155,0.08,0,0,3.75,3,5,1,0,2,1,1.0,1,3,0.93,0,2,4.44,4,5,21.53
ENS017,PED,Pedagogie,SUP,3,4,2,3,1,1,-2,1,0.0,131,0.25,0,0,3.0,2,4,0,0,1,3,0.67,1,2,0.64,4,2,3.59,4,4,22.38
ENS001,PROG,Programmation,GL,4,3,3,2,2,-1,0,-1,-0.67,183,0.08,1,1,3.0,2,4,0,0,3,1,1.0,0,2,0.69,4,0,2.83,2,6,16.11
ENS010,PROG,Programmation,GL,5,3,3,5,0,-2,0,2,0.0,130,0.33,0,0,4.0,3,5,2,0,2,1,1.0,5,1,0.6,4,0,3.27,4,4,29.54
ENS030,SEC,Securite Informatique,RT,4,2,4,4,1,-2,2,0,0.0,51,0.42,0,0,3.5,2,4,0,0,3,1,1.0,2,2,0.53,2,1,4.35,2,1,20.35
ENS014,SEC,Securite Informatique,RT,4,2,3,3,0,-2,1,0,-0.33,43,0.33,0,0,3.0,2,4,0,0,3,3,0.67,4,1,0.76,1,2,3.79,1,1,21.88
ENS017,GC_STRU,Structure Batiment,GC,3,3,2,4,1,0,-1,2,0.33,130,0.42,0,0,3.0,2,4,0,0,2,2,0.5,0,2,0.92,2,2,4.14,2,4,17.88
ENS023,GC_STRU,Structure Batiment,GC,1,3,3,2,3,2,0,-1,0.33,349,0.0,1,0,2.25,1,3,0,1,3,3,0.67,0,2,0.61,0,2,3.78,3,11,15.11
ENS002,ALG,Algorithmique,GL,1,2,1,1,4,1,-1,0,0.0,290,0.42,1,0,1.25,1,2,0,3,1,2,0.5,3,1,0.6,1,0,2.51,1,9,16.52
ENS017,PED,Pedagogie,SUP,5,4,3,5,2,-1,-1,2,0.0,287,0.17,1,0,4.25,3,5,2,0,2,3,0.67,3,2,0.71,2,0,3.99,1,9,21.03
ENS015,WEB_F,Developpement Web Front,WEB,2,3,1,3,1,1,-2,2,0.33,360,0.25,1,0,2.25,1,3,0,1,2,1,1.0,4,3,0.76,1,1,4.19,1,12,22.68
ENS013,BD,Bases de Donnees,INFO,3,1,2,1,2,-2,1,-1,-0.67,355,0.42,1,1,1.75,1,3,0,2,3,2,0.5,5,0,0.86,0,1,3.21,4,11,26.72
ENS005,ALG,Algorithmique,GL,1,3,2,1,1,2,-1,-1,0.0,238,0.25,1,0,1.75,1,3,0,2,2,3,0.67,4,0,0.85,4,1,4.4,3,7,29.55
ENS014,WEB_B,Developpement Web Back,WEB,5,4,4,4,0,-1,0,0,-0.33,132,0.25,0,0,4.25,4,5,1,0,2,1,1.0,2,2,0.84,1,0,3.36,3,4,20.42
ENS018,PED,Pedagogie,SUP,5,5,3,3,1,0,-2,0,-0.67,181,0.08,1,1,4.0,3,5,2,0,2,1,1.0,5,1,0.72,2,0,4.28,3,6,28.66
ENS019,WEB_B,Developpement Web Back,WEB,1,1,1,2,2,0,0,1,0.33,240,0.33,1,0,1.25,1,2,0,3,1,3,0.67,0,2,0.61,0,2,4.48,2,8,15.01
ENS014,PROG,Programmation,GL,4,3,5,4,0,-1,2,-1,0.0,257,0.17,1,0,4.0,3,5,1,0,2,3,0.67,3,0,0.7,3,1,3.06,4,8,24.62
ENS024,SEC,Securite Informatique,RT,4,2,2,3,2,-2,0,1,-0.33,265,0.33,1,0,2.75,2,4,0,0,1,3,0.67,0,0,0.83,0,0,3.09,3,8,14.83
ENS024,WEB_F,Developpement Web Front,WEB,3,1,2,2,3,-2,1,0,-0.33,95,0.0,0,0,2.0,1,3,0,1,1,3,0.67,4,3,0.64,4,2,2.54,3,3,24.78
ENS020,WEB_B,Developpement Web Back,WEB,4,5,3,3,1,1,-2,0,-0.33,254,0.08,1,0,3.75,3,5,1,0,3,1,1.0,5,0,0.83,2,2,2.85,1,8,23.35
ENS008,WEB_F,Developpement Web Front,WEB,3,4,4,2,1,1,0,-2,-0.33,242,0.17,1,0,3.25,2,4,0,0,1,2,0.5,0,1,0.53,3,0,3.84,3,8,17.83
ENS028,GC_STRU,Structure Batiment,GC,3,1,1,1,4,-2,0,0,-0.67,34,0.08,0,1,1.5,1,3,0,3,1,2,0.5,5,3,0.75,0,1,3.33,4,1,26.41
ENS004,GESTION,Gestion de Projet,SUP,4,4,5,3,0,0,1,-2,-0.33,165,0.33,0,0,4.0,3,5,1,0,1,2,0.5,0,2,0.68,4,1,2.74,2,5,15.88
ENS004,ALG,Algorithmique,GL,2,2,1,3,1,0,-1,2,0.33,205,0.08,1,0,2.0,1,3,0,1,3,2,0.5,0,0,0.93,0,0,2.66,4,6,15.97
ENS008,BD,Bases de Donnees,INFO,1,2,1,1,2,1,-1,0,0.0,219,0.33,1,0,1.25,1,2,0,3,1,2,0.5,0,0,0.68,3,1,2.52,3,7,15.94
ENS017,GESTION,Gestion de Projet,SUP,3,2,1,2,2,-1,-1,1,-0.33,92,0.42,0,0,2.0,1,3,0,1,1,2,0.5,1,3,0.9,1,0,2.51,2,3,15.52
ENS003,BD,Bases de Donnees,INFO,1,2,1,2,3,1,-1,1,0.33,194,0.42,1,0,1.5,1,2,0,2,3,1,1.0,2,0,0.75,3,2,4.08,4,6,24.91
ENS008,GC_MAT,Matériaux,GC,3,3,1,2,3,0,-2,1,-0.33,150,0.25,0,0,2.25,1,3,0,1,1,1,1.0,5,0,0.92,4,2,3.81,2,5,29.22
ENS005,GC_STRU,Structure Batiment,GC,3,5,3,5,0,2,-2,2,0.67,43,0.33,0,0,4.0,3,5,2,0,3,3,0.67,4,0,0.57,4,1,4.38,1,1,25.11
ENS004,GC_STRU,Structure Batiment,GC,3,1,3,3,2,-2,2,0,0.0,294,0.33,1,0,2.5,1,3,0,1,2,2,0.5,5,0,0.65,4,1,3.75,3,9,29.25
ENS029,WEB_F,Developpement Web Front,WEB,1,2,1,1,3,1,-1,0,0.0,106,0.25,0,0,1.25,1,2,0,3,2,2,0.5,5,1,0.72,4,2,3.37,4,3,30.34
ENS025,PROG,Programmation,GL,4,4,5,3,1,0,1,-2,-0.33,201,0.0,1,0,4.0,3,5,1,0,1,3,0.67,5,1,0.81,3,0,4.14,2,6,28.33
ENS008,ANG,Anglais Technique,SUP,1,3,2,2,2,2,-1,0,0.33,227,0.25,1,0,2.0,1,3,0,1,2,3,0.67,0,0,0.72,4,2,4.28,3,7,20.66
ENS008,SEC,Securite Informatique,RT,3,5,5,3,1,2,0,-2,0.0,142,0.08,0,0,4.0,3,5,2,0,3,1,1.0,2,3,0.76,0,2,2.86,2,4,16.52
ENS004,GESTION,Gestion de Projet,SUP,4,4,3,5,0,0,-1,2,0.33,113,0.0,0,0,4.0,3,5,1,0,1,2,0.5,1,2,0.83,1,1,3.79,4,3,20.73
ENS008,GESTION,Gestion de Projet,SUP,3,5,5,4,2,2,0,-1,0.33,86,0.0,0,0,4.25,3,5,2,0,1,3,0.67,2,0,0.8,4,0,3.98,2,2,22.96
ENS014,BD,Bases de Donnees,INFO,5,5,5,4,0,0,0,-1,-0.33,277,0.08,1,0,4.75,4,5,3,0,2,1,1.0,4,3,0.6,1,0,4.13,3,9,24.76
ENS009,ALG,Algorithmique,GL,1,1,1,2,4,0,0,1,0.33,249,0.0,1,0,1.25,1,2,0,3,3,2,0.5,2,0,0.74,0,2,2.57,1,8,14.34
ENS029,SEC,Securite Informatique,RT,4,4,2,4,1,0,-2,2,0.0,243,0.42,1,0,3.5,2,4,0,0,3,1,1.0,2,0,0.81,4,2,4.16,3,8,24.87
ENS005,BD,Bases de Donnees,INFO,4,4,4,4,1,0,0,0,0.0,64,0.08,0,0,4.0,4,4,0,0,2,1,1.0,3,0,0.68,2,0,3.9,1,2,20.7
ENS021,PROG,Programmation,GL,4,4,3,5,0,0,-1,2,0.33,352,0.33,1,0,4.0,3,5,1,0,1,3,0.67,2,1,0.69,4,1,3.72,2,11,21.89
ENS010,BD,Bases de Donnees,INFO,3,3,4,4,0,0,1,0,0.33,77,0.0,0,0,3.5,3,4,0,0,2,2,0.5,3,2,0.67,0,1,2.88,4,2,21.11
ENS030,WEB_F,Developpement Web Front,WEB,2,3,1,3,3,1,-2,2,0.33,258,0.17,1,0,2.25,1,3,0,1,3,3,0.67,1,1,0.78,0,2,3.58,4,8,19.06
ENS008,WEB_B,Developpement Web Back,WEB,3,3,5,3,0,0,2,-2,0.0,283,0.17,1,0,3.5,3,5,1,0,3,2,0.5,3,2,0.9,3,1,4.21,3,9,26.42
ENS008,ALG,Algorithmique,GL,1,1,1,1,4,0,0,0,0.0,175,0.08,0,0,1.0,1,1,0,4,3,1,1.0,3,0,0.73,1,0,3.42,1,5,18.99
ENS017,BD,Bases de Donnees,INFO,5,3,3,4,0,-2,0,1,-0.33,89,0.0,0,0,3.75,3,5,1,0,1,3,0.67,1,0,0.73,1,1,4.31,4,2,21.27
ENS021,GC_STRU,Structure Batiment,GC,2,4,4,4,0,2,0,0,0.67,267,0.17,1,0,3.5,2,4,0,0,2,3,0.67,4,2,0.55,3,1,2.67,1,8,20.59
ENS026,PROG,Programmation,GL,4,4,4,4,0,0,0,0,0.0,336,0.0,1,0,4.0,4,4,0,0,2,1,1.0,4,2,0.84,3,2,2.65,2,11,23.5
ENS018,ANG,Anglais Technique,SUP,1,3,1,2,3,2,-2,1,0.33,97,0.25,0,0,1.75,1,3,0,2,1,1,1.0,2,2,0.85,0,0,3.95,1,3,17.65
ENS016,GC_MAT,Matériaux,GC,2,1,2,2,1,-1,1,0,0.0,241,0.17,1,0,1.75,1,2,0,1,3,2,0.5,4,1,0.91,4,2,3.13,4,8,28.81
ENS006,WEB_B,Developpement Web Back,WEB,4,5,5,3,2,1,0,-2,-0.33,170,0.17,0,0,4.25,3,5,2,0,1,3,0.67,0,0,0.58,4,1,3.61,4,5,20.12
ENS003,ANG,Anglais Technique,SUP,1,3,2,2,1,2,-1,0,0.33,144,0.42,0,0,2.0,1,3,0,1,3,2,0.5,1,3,0.85,0,2,4.44,1,4,16.63
ENS030,ANG,Anglais Technique,SUP,3,2,2,2,1,-1,0,0,-0.33,269,0.33,1,0,2.25,2,3,0,0,2,2,0.5,3,1,0.55,1,2,3.01,1,8,17.27
ENS008,WEB_B,Developpement Web Back,WEB,3,3,4,5,0,0,1,1,0.67,279,0.33,1,0,3.75,3,5,1,0,2,1,1.0,1,2,0.68,0,1,2.64,2,9,13.68
ENS019,BD,Bases de Donnees,INFO,1,2,2,2,3,1,0,0,0.33,52,0.0,0,0,1.75,1,2,0,1,1,2,0.5,3,2,0.73,4,1,3.5,2,1,23.65
ENS001,BD,Bases de Donnees,INFO,5,4,3,5,0,-1,-1,2,0.0,245,0.17,1,0,4.25,3,5,2,0,3,1,1.0,4,1,0.75,2,1,3.9,1,8,23.05
ENS023,SEC,Securite Informatique,RT,5,5,4,5,0,0,-1,1,0.0,202,0.0,1,0,4.75,4,5,3,0,3,1,1.0,4,3,0.59,1,2,3.01,4,6,23.97
ENS011,BD,Bases de Donnees,INFO,5,3,5,3,2,-2,2,-2,-0.67,340,0.33,1,1,4.0,3,5,2,0,2,1,1.0,1,3,0.86,1,0,3.87,2,11,18.04
ENS002,GC_MAT,Matériaux,GC,1,1,2,1,1,0,1,-1,0.0,38,0.25,0,0,1.25,1,2,0,3,3,1,1.0,4,0,0.86,4,2,3.49,4,1,29.28
ENS027,BD,Bases de Donnees,INFO,3,3,4,3,1,0,1,-1,0.0,152,0.17,0,0,3.25,3,4,0,0,2,1,1.0,1,1,0.77,2,1,3.05,1,5,15.45
ENS022,PED,Pedagogie,SUP,3,1,1,2,3,-2,0,1,-0.33,185,0.42,1,0,1.75,1,3,0,2,2,3,0.67,2,1,0.9,0,1,4.11,3,6,21.22
ENS010,ANG,Anglais Technique,SUP,4,5,4,4,1,1,-1,0,0.0,60,0.42,0,0,4.25,4,5,1,0,3,1,1.0,3,3,0.7,2,1,2.5,3,2,21.0
ENS012,GESTION,Gestion de Projet,SUP,2,4,3,3,1,2,-1,0,0.33,60,0.42,0,0,3.0,2,4,0,0,1,2,0.5,3,1,0.6,3,0,3.04,3,2,22.58
ENS028,GC_MAT,Matériaux,GC,2,2,1,2,3,0,-1,1,0.0,252,0.42,1,0,1.75,1,2,0,1,1,1,1.0,4,2,0.7,0,2,3.05,2,8,20.6
ENS002,BD,Bases de Donnees,INFO,3,2,3,1,3,-1,1,-2,-0.67,68,0.25,0,1,2.25,1,3,0,1,3,1,1.0,5,3,0.81,3,1,2.91,4,2,28.87
ENS017,BD,Bases de Donnees,INFO,1,1,1,1,2,0,0,0,0.0,160,0.0,0,0,1.0,1,1,0,4,3,2,0.5,2,0,0.9,0,0,4.15,2,5,19.8
ENS020,PROG,Programmation,GL,4,4,5,5,1,0,1,0,0.33,337,0.42,1,0,4.5,4,5,2,0,2,1,1.0,3,1,0.78,4,1,3.46,4,11,26.82
ENS020,ALG,Algorithmique,GL,2,2,1,1,1,0,-1,0,-0.33,271,0.0,1,0,1.5,1,2,0,2,2,2,0.5,0,1,0.7,0,0,3.56,2,9,13.62
ENS025,PROG,Programmation,GL,4,4,5,4,1,0,1,-1,0.0,321,0.08,1,0,4.25,4,5,1,0,3,2,0.5,3,2,0.67,3,1,4.02,3,10,24.89
ENS001,PROG,Programmation,GL,5,4,3,3,1,-1,-1,0,-0.67,339,0.25,1,1,3.75,3,5,1,0,2,3,0.67,2,2,0.61,2,2,4.38,2,11,20.81
ENS024,PED,Pedagogie,SUP,4,2,4,3,3,-2,2,-1,-0.33,161,0.17,0,0,3.25,2,4,0,0,2,2,0.5,2,1,0.77,0,0,4.39,4,5,22.63
ENS014,RESEAU,Reseaux,RT,2,3,3,1,3,1,0,-2,-0.33,169,0.08,0,0,2.25,1,3,0,1,3,3,0.67,2,1,0.89,4,1,2.63,3,5,22.21
ENS012,RESEAU,Reseaux,RT,2,2,1,1,4,0,-1,0,-0.33,145,0.0,0,0,1.5,1,2,0,2,1,3,0.67,4,3,0.9,1,2,3.14,3,4,24.28
ENS001,WEB_B,Developpement Web Back,WEB,3,4,3,3,2,1,-1,0,0.0,304,0.0,1,0,3.25,3,4,0,0,2,3,0.67,3,3,0.82,4,2,4.42,1,10,24.44
ENS003,PED,Pedagogie,SUP,4,4,3,3,1,0,-1,0,-0.33,160,0.42,0,0,3.5,3,4,0,0,1,2,0.5,1,2,0.7,3,0,2.72,4,5,19.94
ENS009,BD,Bases de Donnees,INFO,5,4,3,4,1,-1,-1,1,-0.33,204,0.25,1,0,4.0,3,5,1,0,1,2,0.5,1,0,0.83,1,1,4.36,1,6,17.37
ENS001,GC_MAT,Matériaux,GC,2,4,4,4,2,2,0,0,0.67,179,0.0,0,0,3.5,2,4,0,0,3,3,0.67,1,0,0.76,0,1,3.35,1,5,14.0
ENS005,GC_STRU,Structure Batiment,GC,3,2,3,4,2,-1,1,1,0.33,346,0.42,1,0,3.0,2,4,0,0,3,3,0.67,5,3,0.72,3,0,4.37,1,11,26.84
ENS008,GC_STRU,Structure Batiment,GC,4,2,2,3,1,-2,0,1,-0.33,94,0.17,0,0,2.75,2,4,0,0,2,2,0.5,5,3,0.7,3,0,3.28,4,3,29.06
ENS025,ALG,Algorithmique,GL,1,3,2,3,3,2,-1,1,0.67,265,0.33,1,0,2.25,1,3,0,1,1,2,0.5,3,2,0.81,1,1,4.49,1,8,21.53
ENS023,BD,Bases de Donnees,INFO,3,5,3,4,1,2,-2,1,0.33,256,0.08,1,0,3.75,3,5,1,0,2,2,0.5,2,1,0.95,3,0,4.43,3,8,25.11
ENS029,GC_MAT,Matériaux,GC,2,3,1,1,3,1,-2,0,-0.33,319,0.17,1,0,1.75,1,3,0,2,1,2,0.5,0,0,0.7,0,1,3.41,4,10,16.32
ENS017,WEB_B,Developpement Web Back,WEB,2,2,1,1,2,0,-1,0,-0.33,230,0.17,1,0,1.5,1,2,0,2,2,1,1.0,4,1,0.59,2,0,3.2,1,7,20.85
ENS014,GC_STRU,Structure Batiment,GC,1,2,1,1,2,1,-1,0,0.0,75,0.0,0,0,1.25,1,2,0,3,1,1,1.0,2,2,0.81,3,1,4.04,1,2,20.63
ENS009,WEB_B,Developpement Web Back,WEB,1,2,2,2,3,1,0,0,0.33,271,0.0,1,0,1.75,1,2,0,1,1,1,1.0,5,3,0.5,3,2,3.82,2,9,26.14
ENS016,RESEAU,Reseaux,RT,2,3,1,1,2,1,-2,0,-0.33,166,0.08,0,0,1.75,1,3,0,2,2,2,0.5,2,3,0.86,1,1,4.25,2,5,20.8
ENS026,SEC,Securite Informatique,RT,3,4,3,2,3,1,-1,-1,-0.33,189,0.42,1,0,3.0,2,4,0,0,2,3,0.67,4,0,0.51,3,0,4.0,4,6,27.55
ENS010,BD,Bases de Donnees,INFO,4,3,5,3,2,-1,2,-2,-0.33,41,0.17,0,0,3.75,3,5,1,0,1,3,0.67,2,1,0.78,1,0,2.68,2,1,17.26
ENS004,GC_MAT,Matériaux,GC,3,3,3,2,1,0,0,-1,-0.33,55,0.25,0,0,2.75,2,3,0,0,3,3,0.67,3,1,0.53,4,2,2.91,4,1,24.47
ENS006,PED,Pedagogie,SUP,1,1,1,1,3,0,0,0,0.0,291,0.08,1,0,1.0,1,1,0,4,3,3,0.67,4,1,0.76,4,0,2.71,1,9,22.72
ENS009,ANG,Anglais Technique,SUP,3,3,2,3,0,0,-1,1,0.0,182,0.25,1,0,2.75,2,3,0,0,2,1,1.0,3,0,0.83,3,2,2.57,2,6,21.29
ENS002,BD,Bases de Donnees,INFO,3,4,5,3,0,1,1,-2,0.0,197,0.42,1,0,3.75,3,5,1,0,3,2,0.5,3,0,0.54,1,0,4.14,3,6,22.48
ENS010,GC_STRU,Structure Batiment,GC,2,2,3,2,2,0,1,-1,0.0,164,0.08,0,0,2.25,2,3,0,0,1,1,1.0,5,0,0.55,2,1,3.65,2,5,25.05
ENS010,GC_STRU,Structure Batiment,GC,3,1,3,2,2,-2,2,-1,-0.33,335,0.25,1,0,2.25,1,3,0,1,3,3,0.67,0,0,0.61,2,0,3.48,4,11,18.01
ENS023,SEC,Securite Informatique,RT,4,5,5,3,0,1,0,-2,-0.33,218,0.33,1,0,4.25,3,5,2,0,2,3,0.67,5,1,0.85,0,2,4.48,1,7,24.71
ENS029,PROG,Programmation,GL,4,5,3,3,2,1,-2,0,-0.33,140,0.42,0,0,3.75,3,5,1,0,2,1,1.0,4,3,0.63,4,1,3.23,2,4,24.61
ENS017,WEB_F,Developpement Web Front,WEB,3,2,3,2,1,-1,1,-1,-0.33,60,0.0,0,0,2.5,2,3,0,0,3,2,0.5,0,0,0.67,2,0,4.11,1,2,15.07
ENS008,GC_MAT,Matériaux,GC,1,1,1,1,2,0,0,0,0.0,187,0.42,1,0,1.0,1,1,0,4,3,3,0.67,5,0,0.89,2,2,3.49,3,6,27.93
ENS028,PED,Pedagogie,SUP,4,4,5,5,0,0,1,0,0.33,212,0.0,1,0,4.5,4,5,2,0,3,2,0.5,4,1,0.57,2,0,4.19,4,7,27.23
ENS003,ANG,Anglais Technique,SUP,5,5,4,4,0,0,-1,0,-0.33,219,0.08,1,0,4.5,4,5,2,0,3,1,1.0,5,0,0.61,4,0,3.89,4,7,30.83
ENS029,SEC,Securite Informatique,RT,3,3,4,2,3,0,1,-2,-0.33,109,0.0,0,0,3.0,2,4,0,0,3,2,0.5,5,3,0.74,0,1,3.89,2,3,24.48
ENS025,PED,Pedagogie,SUP,5,4,3,5,0,-1,-1,2,0.0,293,0.42,1,0,4.25,3,5,2,0,3,3,0.67,4,1,0.65,4,2,3.15,2,9,24.55
ENS008,GC_MAT,Matériaux,GC,2,2,2,1,1,0,0,-1,-0.33,42,0.08,0,0,1.75,1,2,0,1,2,2,0.5,1,0,0.57,2,2,4.08,4,1,21.01
ENS018,GC_STRU,Structure Batiment,GC,4,4,4,3,1,0,0,-1,-0.33,61,0.25,0,0,3.75,3,4,0,0,2,3,0.67,3,0,0.86,2,0,3.95,3,2,24.7
ENS013,GC_MAT,Matériaux,GC,3,3,1,2,2,0,-2,1,-0.33,59,0.42,0,0,2.25,1,3,0,1,1,3,0.67,0,1,0.82,3,0,3.49,1,1,15.58
ENS025,ALG,Algorithmique,GL,1,1,2,3,3,0,1,1,0.67,85,0.42,0,0,1.75,1,3,0,2,3,1,1.0,5,1,0.8,4,0,2.52,3,2,27.54
ENS021,PED,Pedagogie,SUP,5,4,3,4,0,-1,-1,1,-0.33,157,0.42,0,0,4.0,3,5,1,0,3,2,0.5,1,2,0.88,3,0,3.04,1,5,16.98
ENS007,WEB_B,Developpement Web Back,WEB,1,3,3,3,4,2,0,0,0.67,61,0.0,0,0,2.5,1,3,0,1,1,3,0.67,1,1,0.55,1,2,3.01,4,2,17.77
ENS001,ANG,Anglais Technique,SUP,2,1,1,1,3,-1,0,0,-0.33,293,0.08,1,0,1.25,1,2,0,3,1,2,0.5,5,0,0.77,2,0,4.36,4,9,30.57
ENS027,GESTION,Gestion de Projet,SUP,1,1,1,2,3,0,0,1,0.33,318,0.17,1,0,1.25,1,2,0,3,3,1,1.0,5,0,0.5,0,0,3.92,2,10,23.34
ENS015,WEB_B,Developpement Web Back,WEB,2,1,1,1,3,-1,0,0,-0.33,202,0.17,1,0,1.25,1,2,0,3,3,2,0.5,5,3,0.91,1,0,3.6,2,6,25.75
ENS020,ANG,Anglais Technique,SUP,2,3,2,1,0,1,-1,-1,-0.33,187,0.17,1,0,2.0,1,3,0,1,2,1,1.0,1,0,0.84,2,2,3.71,1,6,17.12
ENS020,PROG,Programmation,GL,3,2,4,4,2,-1,2,0,0.33,205,0.42,1,0,3.25,2,4,0,0,3,2,0.5,0,2,0.57,0,1,3.59,4,6,16.03
ENS002,ALG,Algorithmique,GL,1,2,2,2,1,1,0,0,0.33,43,0.42,0,0,1.75,1,2,0,1,3,2,0.5,1,3,0.63,0,0,4.17,3,1,17.99
ENS006,PROG,Programmation,GL,5,3,4,5,0,-2,1,1,0.0,221,0.17,1,0,4.25,3,5,2,0,2,1,1.0,4,2,0.77,2,0,3.75,3,7,25.85
ENS021,GESTION,Gestion de Projet,SUP,3,5,4,3,0,2,-1,-1,0.0,277,0.08,1,0,3.75,3,5,1,0,1,3,0.67,2,1,0.62,4,1,4.35,2,9,22.8
ENS028,GESTION,Gestion de Projet,SUP,3,3,1,3,1,0,-2,2,0.0,109,0.33,0,0,2.5,1,3,0,1,1,3,0.67,3,1,0.67,0,2,3.8,3,3,21.45
ENS023,WEB_F,Developpement Web Front,WEB,2,2,3,4,1,0,1,1,0.67,281,0.33,1,0,2.75,2,4,0,0,1,1,1.0,0,2,0.66,3,0,3.94,2,9,17.18
ENS006,GC_STRU,Structure Batiment,GC,1,1,1,1,2,0,0,0,0.0,63,0.08,0,0,1.0,1,1,0,4,1,1,1.0,0,0,0.59,2,1,3.1,3,2,15.65
ENS003,GC_MAT,Matériaux,GC,1,1,2,1,4,0,1,-1,0.0,287,0.42,1,0,1.25,1,2,0,3,3,1,1.0,2,2,0.8,4,0,3.98,4,9,25.96
ENS028,ALG,Algorithmique,GL,1,1,2,1,4,0,1,-1,0.0,318,0.25,1,0,1.25,1,2,0,3,2,3,0.67,5,3,0.78,4,1,3.89,3,10,30.18
ENS015,GC_STRU,Structure Batiment,GC,3,4,4,3,2,1,0,-1,0.0,69,0.0,0,0,3.5,3,4,0,0,1,2,0.5,0,3,0.81,2,2,3.75,4,2,19.55
ENS006,RESEAU,Reseaux,RT,2,4,3,4,1,2,-1,1,0.67,319,0.25,1,0,3.25,2,4,0,0,3,1,1.0,0,3,0.55,0,2,4.23,4,10,17.21
ENS016,PROG,Programmation,GL,3,2,4,3,2,-1,2,-1,0.0,53,0.0,0,0,3.0,2,4,0,0,1,1,1.0,3,0,0.83,1,0,4.41,3,1,24.47
ENS011,GESTION,Gestion de Projet,SUP,3,3,1,1,3,0,-2,0,-0.67,137,0.33,0,1,2.0,1,3,0,2,1,2,0.5,1,1,0.55,0,1,4.47,4,4,19.69
ENS026,RESEAU,Reseaux,RT,3,4,3,3,1,1,-1,0,0.0,279,0.0,1,0,3.25,3,4,0,0,1,3,0.67,4,2,0.9,0,0,3.24,4,9,24.98
ENS003,GC_STRU,Structure Batiment,GC,1,1,3,1,3,0,2,-2,0.0,90,0.17,0,0,1.5,1,3,0,3,3,2,0.5,4,3,0.5,3,1,2.76,4,3,25.02
ENS008,WEB_B,Developpement Web Back,WEB,1,3,2,2,4,2,-1,0,0.33,222,0.42,1,0,2.0,1,3,0,1,3,1,1.0,3,0,0.87,3,2,3.6,3,7,25.05
ENS021,SEC,Securite Informatique,RT,2,4,4,2,1,2,0,-2,0.0,265,0.42,1,0,3.0,2,4,0,0,1,1,1.0,3,2,0.78,2,0,2.62,4,8,23.14
ENS021,RESEAU,Reseaux,RT,2,3,3,2,2,1,0,-1,0.0,187,0.08,1,0,2.5,2,3,0,0,2,3,0.67,1,3,0.68,0,1,3.12,4,6,17.64
ENS018,PROG,Programmation,GL,4,3,2,2,2,-1,-1,0,-0.67,238,0.0,1,1,2.75,2,4,0,0,3,1,1.0,5,3,0.82,1,1,4.15,4,7,29.4
ENS029,GESTION,Gestion de Projet,SUP,4,5,4,4,2,1,-1,0,0.0,221,0.42,1,0,4.25,4,5,1,0,1,2,0.5,1,1,0.79,0,2,3.53,1,7,14.51
ENS026,ALG,Algorithmique,GL,1,1,1,1,4,0,0,0,0.0,139,0.17,0,0,1.0,1,1,0,4,2,3,0.67,5,2,0.65,3,2,3.41,1,4,24.57
ENS013,GC_STRU,Structure Batiment,GC,5,4,5,5,0,-1,1,0,0.0,256,0.42,1,0,4.75,4,5,3,0,1,2,0.5,5,2,0.65,1,0,4.48,1,8,24.71
ENS020,WEB_B,Developpement Web Back,WEB,4,3,3,4,0,-1,0,1,0.0,271,0.08,1,0,3.5,3,4,0,0,2,3,0.67,1,0,0.79,4,2,3.61,4,9,23.17
ENS018,BD,Bases de Donnees,INFO,2,3,1,2,1,1,-2,1,0.0,217,0.17,1,0,2.0,1,3,0,1,3,3,0.67,1,2,0.88,0,1,3.44,3,7,17.78
ENS016,BD,Bases de Donnees,INFO,2,2,1,3,2,0,-1,2,0.33,168,0.08,0,0,2.0,1,3,0,1,2,2,0.5,1,1,0.85,0,0,2.75,3,5,16.25
ENS003,GC_MAT,Matériaux,GC,2,2,3,3,1,0,1,0,0.33,51,0.25,0,0,2.5,2,3,0,0,1,2,0.5,2,1,0.82,0,2,3.06,4,1,20.22
ENS014,SEC,Securite Informatique,RT,3,2,4,3,2,-1,2,-1,0.0,254,0.08,1,0,3.0,2,4,0,0,2,1,1.0,0,1,0.95,0,2,3.65,4,8,18.05
ENS006,BD,Bases de Donnees,INFO,2,2,1,1,2,0,-1,0,-0.33,30,0.25,0,0,1.5,1,2,0,2,3,2,0.5,0,3,0.9,3,2,2.73,3,1,17.46
ENS014,PED,Pedagogie,SUP,5,5,4,4,0,0,-1,0,-0.33,141,0.25,0,0,4.5,4,5,2,0,2,3,0.67,2,0,0.55,0,0,4.09,2,4,17.93
ENS028,ANG,Anglais Technique,SUP,1,3,3,2,2,2,0,-1,0.33,182,0.0,1,0,2.25,1,3,0,1,2,1,1.0,1,1,0.54,2,0,3.89,4,6,20.48
ENS017,GC_STRU,Structure Batiment,GC,3,2,4,3,1,-1,2,-1,0.0,325,0.25,1,0,3.0,2,4,0,0,1,2,0.5,4,3,0.66,0,1,3.86,2,10,22.02
ENS025,PROG,Programmation,GL,4,3,3,3,0,-1,0,0,-0.33,176,0.08,0,0,3.25,3,4,0,0,1,3,0.67,0,3,0.71,1,0,3.62,3,5,16.29
ENS030,GESTION,Gestion de Projet,SUP,5,5,4,5,2,0,-1,1,0.0,279,0.17,1,0,4.75,4,5,3,0,1,3,0.67,5,3,0.51,3,1,4.47,4,9,30.49
ENS018,BD,Bases de Donnees,INFO,3,3,2,1,1,0,-1,-1,-0.67,90,0.0,0,1,2.25,1,3,0,1,1,1,1.0,0,2,0.58,4,0,4.39,2,3,18.68
ENS005,ALG,Algorithmique,GL,1,1,1,1,4,0,0,0,0.0,52,0.17,0,0,1.0,1,1,0,4,2,3,0.67,0,3,0.79,1,1,3.06,4,1,17.07
ENS023,WEB_B,Developpement Web Back,WEB,5,4,4,3,0,-1,0,-1,-0.67,86,0.42,0,1,4.0,3,5,1,0,1,2,0.5,0,3,0.83,2,1,3.76,2,2,16.67
ENS010,GC_STRU,Structure Batiment,GC,4,5,3,3,1,1,-2,0,-0.33,58,0.08,0,0,3.75,3,5,1,0,1,2,0.5,5,3,0.53,3,2,4.16,1,1,25.47
ENS003,PROG,Programmation,GL,4,4,5,4,0,0,1,-1,0.0,106,0.33,0,0,4.25,4,5,1,0,2,3,0.67,5,2,0.62,0,2,4.0,3,3,25.6
ENS002,GC_MAT,Matériaux,GC,1,2,2,1,2,1,0,-1,0.0,242,0.25,1,0,1.5,1,2,0,2,1,2,0.5,0,1,0.64,1,0,4.4,2,8,16.0
ENS019,ALG,Algorithmique,GL,2,2,3,2,3,0,1,-1,0.0,34,0.17,0,0,2.25,2,3,0,0,3,2,0.5,0,0,0.76,0,1,3.14,4,1,16.08
ENS002,BD,Bases de Donnees,INFO,3,1,1,1,2,-2,0,0,-0.67,339,0.0,1,1,1.5,1,3,0,3,1,1,1.0,3,2,0.55,2,2,3.92,4,11,24.59
ENS017,WEB_F,Developpement Web Front,WEB,2,4,2,3,2,2,-2,1,0.33,104,0.08,0,0,2.75,2,4,0,0,3,1,1.0,2,1,0.75,0,2,3.39,4,3,20.53
ENS024,ANG,Anglais Technique,SUP,2,1,2,2,1,-1,1,0,0.0,278,0.08,1,0,1.75,1,2,0,1,1,3,0.67,2,2,0.88,4,0,3.37,1,9,20.64
ENS025,ALG,Algorithmique,GL,2,3,3,1,1,1,0,-2,-0.33,174,0.0,0,0,2.25,1,3,0,1,3,1,1.0,5,1,0.71,1,1,4.2,1,5,24.45
ENS021,PROG,Programmation,GL,4,5,5,3,1,1,0,-2,-0.33,297,0.25,1,0,4.25,3,5,2,0,2,3,0.67,4,0,0.74,0,1,3.68,4,9,25.06
ENS020,GESTION,Gestion de Projet,SUP,2,1,1,1,1,-1,0,0,-0.33,103,0.25,0,0,1.25,1,2,0,3,2,1,1.0,4,1,0.81,0,1,3.44,1,3,20.43
ENS020,WEB_F,Developpement Web Front,WEB,3,1,3,1,1,-2,2,-2,-0.67,143,0.25,0,1,2.0,1,3,0,2,1,2,0.5,1,0,0.6,3,1,3.4,2,4,17.8
ENS028,RESEAU,Reseaux,RT,2,3,1,3,2,1,-2,2,0.33,103,0.42,0,0,2.25,1,3,0,1,2,3,0.67,5,2,0.89,2,1,2.82,4,3,28.09
ENS029,WEB_B,Developpement Web Back,WEB,3,1,3,1,3,-2,2,-2,-0.67,232,0.42,1,1,2.0,1,3,0,2,3,3,0.67,1,1,0.84,0,2,3.44,1,7,14.58
ENS007,PROG,Programmation,GL,5,4,5,5,0,-1,1,0,0.0,243,0.0,1,0,4.75,4,5,3,0,3,3,0.67,0,0,0.77,4,2,2.62,1,8,14.59
ENS025,SEC,Securite Informatique,RT,4,2,2,3,2,-2,0,1,-0.33,105,0.17,0,0,2.75,2,4,0,0,2,2,0.5,1,1,0.72,4,1,2.77,4,3,21.14
ENS014,PED,Pedagogie,SUP,2,2,4,4,3,0,2,0,0.67,121,0.08,0,0,3.0,2,4,0,0,1,1,1.0,2,2,0.61,2,0,4.05,4,4,23.15
ENS012,PED,Pedagogie,SUP,3,3,1,1,4,0,-2,0,-0.67,159,0.17,0,1,2.0,1,3,0,2,1,1,1.0,5,3,0.65,0,1,2.51,4,5,24.27
ENS004,PROG,Programmation,GL,2,3,4,3,2,1,1,-1,0.33,132,0.33,0,0,3.0,2,4,0,0,2,2,0.5,5,0,0.93,2,1,3.15,2,4,25.95
ENS016,GC_MAT,Matériaux,GC,2,2,1,1,2,0,-1,0,-0.33,63,0.42,0,0,1.5,1,2,0,2,1,3,0.67,0,1,0.91,1,2,2.51,2,2,13.57
ENS029,ALG,Algorithmique,GL,1,3,3,1,2,2,0,-2,0.0,305,0.17,1,0,2.0,1,3,0,2,2,2,0.5,2,0,0.85,1,1,3.66,3,10,21.07
ENS022,RESEAU,Reseaux,RT,3,4,4,5,2,1,0,1,0.67,211,0.33,1,0,4.0,3,5,1,0,3,3,0.67,0,3,0.95,3,2,3.39,1,7,16.03
ENS030,BD,Bases de Donnees,INFO,2,1,1,1,2,-1,0,0,-0.33,186,0.33,1,0,1.25,1,2,0,3,3,3,0.67,2,0,0.88,1,1,3.83,3,6,21.56
ENS018,PED,Pedagogie,SUP,1,3,2,1,2,2,-1,-1,0.0,83,0.25,0,0,1.75,1,3,0,2,1,2,0.5,1,0,0.72,3,1,3.92,3,2,20.94
ENS018,GC_STRU,Structure Batiment,GC,3,3,3,3,1,0,0,0,0.0,97,0.42,0,0,3.0,3,3,0,0,1,3,0.67,4,3,0.59,4,0,3.84,1,3,24.13
ENS019,WEB_F,Developpement Web Front,WEB,1,2,2,1,1,1,0,-1,0.0,197,0.0,1,0,1.5,1,2,0,2,1,3,0.67,1,2,0.74,4,1,2.53,2,6,17.76
ENS019,BD,Bases de Donnees,INFO,1,1,2,1,1,0,1,-1,0.0,190,0.08,1,0,1.25,1,2,0,3,3,2,0.5,0,1,0.64,3,2,2.9,3,6,16.5
ENS028,RESEAU,Reseaux,RT,1,1,3,2,3,0,2,-1,0.33,224,0.08,1,0,1.75,1,3,0,2,1,2,0.5,2,3,0.78,2,1,4.23,2,7,21.36
ENS024,WEB_F,Developpement Web Front,WEB,1,3,3,3,2,2,0,0,0.67,195,0.17,1,0,2.5,1,3,0,1,1,2,0.5,3,1,0.81,1,0,3.3,2,6,20.65
ENS015,PROG,Programmation,GL,5,5,5,5,0,0,0,0,0.0,312,0.42,1,0,5.0,5,5,4,0,1,1,1.0,4,2,0.66,0,2,3.61,1,10,20.02
ENS025,GC_MAT,Matériaux,GC,3,3,3,3,4,0,0,0,0.0,120,0.17,0,0,3.0,3,3,0,0,2,3,0.67,4,1,0.55,2,1,3.0,4,4,24.75
ENS020,PED,Pedagogie,SUP,4,3,3,3,2,-1,0,0,-0.33,86,0.08,0,0,3.25,3,4,0,0,2,2,0.5,5,2,0.88,0,1,2.7,1,2,21.3
ENS005,GC_MAT,Matériaux,GC,3,3,2,2,2,0,-1,0,-0.33,277,0.42,1,0,2.5,2,3,0,0,3,1,1.0,3,3,0.54,3,2,3.02,1,9,19.24
ENS022,SEC,Securite Informatique,RT,4,5,4,3,1,1,-1,-1,-0.33,85,0.25,0,0,4.0,3,5,1,0,3,3,0.67,2,0,0.8,3,2,4.04,2,2,22.08
ENS021,BD,Bases de Donnees,INFO,3,2,2,1,3,-1,0,-1,-0.67,75,0.33,0,1,2.0,1,3,0,1,2,1,1.0,4,1,0.53,0,2,3.25,4,2,23.15
ENS028,GC_MAT,Matériaux,GC,4,4,3,3,3,0,-1,0,-0.33,162,0.25,0,0,3.5,3,4,0,0,2,1,1.0,0,1,0.79,2,0,4.25,4,5,20.45
ENS010,SEC,Securite Informatique,RT,3,3,2,3,1,0,-1,1,0.0,82,0.25,0,0,2.75,2,3,0,0,1,2,0.5,5,1,0.74,2,0,2.95,4,2,27.6
ENS016,ALG,Algorithmique,GL,2,3,3,3,0,1,0,0,0.33,255,0.25,1,0,2.75,2,3,0,0,3,3,0.67,0,2,0.54,1,1,4.37,1,8,13.94
ENS019,GC_MAT,Matériaux,GC,4,3,3,2,2,-1,0,-1,-0.67,141,0.33,0,1,3.0,2,4,0,0,2,3,0.67,2,1,0.73,4,0,2.88,2,4,20.41
ENS011,BD,Bases de Donnees,INFO,1,3,3,2,2,2,0,-1,0.33,188,0.08,1,0,2.25,1,3,0,1,2,3,0.67,5,2,0.78,0,2,3.43,4,6,26.76
ENS021,PROG,Programmation,GL,4,3,5,4,1,-1,2,-1,0.0,324,0.08,1,0,4.0,3,5,1,0,1,2,0.5,5,2,0.6,3,0,3.34,2,10,25.68
ENS025,BD,Bases de Donnees,INFO,3,2,1,1,1,-1,-1,0,-0.67,253,0.17,1,1,1.75,1,3,0,2,1,3,0.67,2,2,0.66,1,2,3.04,3,8,18.88
ENS002,GC_MAT,Matériaux,GC,1,1,2,2,2,0,1,0,0.33,287,0.42,1,0,1.5,1,2,0,2,1,3,0.67,2,3,0.61,0,2,3.65,4,9,20.35
ENS005,RESEAU,Reseaux,RT,3,1,3,2,2,-2,2,-1,-0.33,351,0.17,1,0,2.25,1,3,0,1,1,2,0.5,4,1,0.82,4,1,4.32,1,11,26.24
ENS030,PROG,Programmation,GL,3,4,4,2,1,1,0,-2,-0.33,66,0.17,0,0,3.25,2,4,0,0,2,2,0.5,5,0,0.76,3,1,2.79,2,2,25.38
ENS019,ANG,Anglais Technique,SUP,3,2,2,2,1,-1,0,0,-0.33,41,0.17,0,0,2.25,2,3,0,0,1,3,0.67,5,3,0.79,3,0,2.9,3,1,27.25
ENS021,GC_STRU,Structure Batiment,GC,3,3,3,2,0,0,0,-1,-0.33,261,0.42,1,0,2.75,2,3,0,0,2,3,0.67,4,3,0.64,0,2,2.56,3,8,20.82
ENS011,BD,Bases de Donnees,INFO,1,3,2,1,1,2,-1,-1,0.0,173,0.25,0,0,1.75,1,3,0,2,1,2,0.5,5,0,0.62,0,1,2.6,2,5,21.3
ENS020,RESEAU,Reseaux,RT,3,1,1,1,4,-2,0,0,-0.67,75,0.42,0,1,1.5,1,3,0,3,1,3,0.67,0,0,0.58,2,0,2.63,1,2,11.66
ENS020,SEC,Securite Informatique,RT,4,4,4,5,2,0,0,1,0.33,120,0.33,0,0,4.25,4,5,1,0,3,1,1.0,5,2,0.95,2,0,2.98,2,4,25.71
ENS006,PROG,Programmation,GL,5,5,3,4,0,0,-2,1,-0.33,206,0.25,1,0,4.25,3,5,2,0,3,2,0.5,2,3,0.92,2,1,2.77,4,6,22.14
ENS030,WEB_F,Developpement Web Front,WEB,2,2,2,2,3,0,0,0,0.0,242,0.17,1,0,2.0,2,2,0,0,1,3,0.67,0,1,0.82,4,0,4.08,2,8,19.26
ENS005,RESEAU,Reseaux,RT,3,2,2,2,0,-1,0,0,-0.33,55,0.25,0,0,2.25,2,3,0,0,3,2,0.5,5,2,0.86,0,0,3.23,2,1,23.76
ENS025,RESEAU,Reseaux,RT,2,1,2,3,3,-1,1,1,0.33,134,0.17,0,0,2.0,1,3,0,1,3,3,0.67,5,1,0.92,0,2,4.17,4,4,28.94
ENS021,PROG,Programmation,GL,3,5,5,3,0,2,0,-2,0.0,350,0.33,1,0,4.0,3,5,2,0,1,1,1.0,3,0,0.9,1,2,2.83,2,11,20.16
ENS022,GC_MAT,Matériaux,GC,2,4,3,3,0,2,-1,0,0.33,73,0.42,0,0,3.0,2,4,0,0,1,3,0.67,0,1,0.92,1,2,3.61,4,2,18.82
ENS014,WEB_B,Developpement Web Back,WEB,2,2,1,1,3,0,-1,0,-0.33,212,0.25,1,0,1.5,1,2,0,2,3,2,0.5,1,2,0.69,2,2,2.63,1,7,14.21
ENS028,SEC,Securite Informatique,RT,4,4,4,2,1,0,0,-2,-0.67,261,0.42,1,1,3.5,2,4,0,0,1,3,0.67,3,1,0.77,4,2,3.28,3,8,24.91
ENS012,PROG,Programmation,GL,3,5,3,3,1,2,-2,0,0.0,348,0.08,1,0,3.5,3,5,1,0,1,1,1.0,0,3,0.79,4,0,3.02,1,11,15.49
ENS022,ANG,Anglais Technique,SUP,3,1,3,3,0,-2,2,0,0.0,127,0.33,0,0,2.5,1,3,0,1,3,2,0.5,3,1,0.73,3,2,2.98,3,4,23.11
ENS014,SEC,Securite Informatique,RT,2,4,4,2,1,2,0,-2,0.0,276,0.08,1,0,3.0,2,4,0,0,1,1,1.0,4,1,0.7,2,0,4.4,3,9,26.8
ENS024,WEB_B,Developpement Web Back,WEB,3,3,1,1,4,0,-2,0,-0.67,230,0.33,1,1,2.0,1,3,0,2,3,3,0.67,5,1,0.61,4,1,3.6,3,7,28.75
ENS030,PED,Pedagogie,SUP,3,1,1,1,2,-2,0,0,-0.67,87,0.42,0,1,1.5,1,3,0,3,3,3,0.67,5,2,0.81,2,1,3.6,3,2,27.75
ENS025,RESEAU,Reseaux,RT,2,3,1,1,3,1,-2,0,-0.33,217,0.0,1,0,1.75,1,3,0,2,3,3,0.67,4,3,0.51,1,2,2.77,1,7,18.59
ENS017,GC_MAT,Matériaux,GC,2,2,1,1,1,0,-1,0,-0.33,343,0.0,1,0,1.5,1,2,0,2,1,2,0.5,2,1,0.76,0,0,2.85,3,11,18.0
ENS030,WEB_B,Developpement Web Back,WEB,3,5,3,3,1,2,-2,0,0.0,290,0.0,1,0,3.5,3,5,1,0,1,1,1.0,4,3,0.58,2,1,3.15,3,9,23.7
ENS013,GC_STRU,Structure Batiment,GC,2,2,3,2,1,0,1,-1,0.0,282,0.33,1,0,2.25,2,3,0,0,2,3,0.67,5,1,0.59,0,0,2.82,1,9,20.09
ENS013,ANG,Anglais Technique,SUP,2,2,2,2,2,0,0,0,0.0,90,0.08,0,0,2.0,2,2,0,0,2,2,0.5,3,1,0.54,1,0,3.11,3,3,20.42
ENS026,ANG,Anglais Technique,SUP,3,1,3,3,3,-2,2,0,0.0,209,0.25,1,0,2.5,1,3,0,1,1,1,1.0,4,1,0.77,2,2,2.57,3,6,23.49
ENS018,BD,Bases de Donnees,INFO,1,1,1,1,2,0,0,0,0.0,136,0.25,0,0,1.0,1,1,0,4,2,1,1.0,3,1,0.66,3,1,4.04,3,4,24.88
ENS016,WEB_B,Developpement Web Back,WEB,3,2,2,2,4,-1,0,0,-0.33,195,0.42,1,0,2.25,2,3,0,0,2,2,0.5,5,0,0.64,4,1,4.22,1,6,27.14
ENS026,ALG,Algorithmique,GL,3,3,4,4,2,0,1,0,0.33,173,0.17,0,0,3.5,3,4,0,0,1,1,1.0,2,0,0.64,1,1,3.33,4,5,20.86
ENS025,PROG,Programmation,GL,3,4,3,4,0,1,-1,1,0.33,342,0.25,1,0,3.5,3,4,0,0,3,2,0.5,0,0,0.85,2,2,3.29,1,11,14.33
ENS014,GESTION,Gestion de Projet,SUP,3,3,2,1,2,0,-1,-1,-0.67,288,0.17,1,1,2.25,1,3,0,1,1,3,0.67,2,0,0.69,3,1,2.5,2,9,18.45
ENS012,GC_STRU,Structure Batiment,GC,2,4,4,2,0,2,0,-2,0.0,119,0.0,0,0,3.0,2,4,0,0,1,1,1.0,4,0,0.58,2,1,3.9,4,3,26.7
ENS004,PROG,Programmation,GL,3,4,4,3,0,1,0,-1,0.0,79,0.17,0,0,3.5,3,4,0,0,3,2,0.5,2,3,0.78,2,2,2.7,3,2,19.8
ENS008,WEB_B,Developpement Web Back,WEB,4,4,5,5,0,0,1,0,0.33,309,0.17,1,0,4.5,4,5,2,0,1,3,0.67,1,2,0.73,2,2,3.72,1,10,16.59
ENS009,RESEAU,Reseaux,RT,1,2,1,1,4,1,-1,0,0.0,103,0.08,0,0,1.25,1,2,0,3,3,3,0.67,3,2,0.54,0,2,3.89,1,3,17.98
ENS020,ANG,Anglais Technique,SUP,3,1,2,3,1,-2,1,1,0.0,324,0.25,1,0,2.25,1,3,0,1,1,1,1.0,0,0,0.63,4,1,2.98,4,10,19.11
ENS006,RESEAU,Reseaux,RT,1,2,2,2,4,1,0,0,0.33,191,0.42,1,0,1.75,1,2,0,1,1,2,0.5,5,2,0.77,3,2,4.2,4,6,31.25
ENS001,SEC,Securite Informatique,RT,4,3,2,2,1,-1,-1,0,-0.67,345,0.25,1,1,2.75,2,4,0,0,2,3,0.67,1,2,0.91,2,1,3.7,3,11,20.45
ENS016,GESTION,Gestion de Projet,SUP,3,3,3,5,0,0,0,2,0.67,38,0.42,0,0,3.5,3,5,1,0,3,2,0.5,0,1,0.75,3,1,3.04,1,1,14.33
ENS010,ANG,Anglais Technique,SUP,2,3,2,1,0,1,-1,-1,-0.33,47,0.42,0,0,2.0,1,3,0,1,2,2,0.5,0,2,0.95,0,2,2.6,2,1,12.95
ENS003,PROG,Programmation,GL,4,4,4,4,0,0,0,0,0.0,326,0.25,1,0,4.0,4,4,0,0,3,1,1.0,5,3,0.54,3,2,3.05,2,10,24.8
ENS003,SEC,Securite Informatique,RT,3,2,2,4,0,-1,0,2,0.33,314,0.08,1,0,2.75,2,4,0,0,2,3,0.67,2,2,0.76,2,2,4.44,4,10,24.68
ENS025,ANG,Anglais Technique,SUP,5,5,4,5,0,0,-1,1,0.0,99,0.25,0,0,4.75,4,5,3,0,3,3,0.67,0,2,0.67,2,2,2.56,1,3,11.97
ENS027,GESTION,Gestion de Projet,SUP,5,5,3,4,1,0,-2,1,-0.33,35,0.08,0,0,4.25,3,5,2,0,3,1,1.0,2,0,0.8,0,2,4.03,3,1,20.56
ENS019,WEB_F,Developpement Web Front,WEB,1,2,2,1,3,1,0,-1,0.0,270,0.08,1,0,1.5,1,2,0,2,3,2,0.5,4,2,0.9,4,1,4.35,4,9,31.2
ENS024,ALG,Algorithmique,GL,1,1,2,2,3,0,1,0,0.33,333,0.42,1,0,1.5,1,2,0,2,1,1,1.0,5,3,0.9,4,1,4.24,1,11,28.48
ENS008,ANG,Anglais Technique,SUP,5,5,4,5,0,0,-1,1,0.0,91,0.42,0,0,4.75,4,5,3,0,1,1,1.0,3,2,0.89,1,0,2.9,3,3,21.75
ENS026,ANG,Anglais Technique,SUP,1,1,2,1,3,0,1,-1,0.0,36,0.42,0,0,1.25,1,2,0,3,2,1,1.0,1,3,0.73,4,1,2.98,4,1,21.61
ENS020,WEB_F,Developpement Web Front,WEB,2,2,1,2,3,0,-1,1,0.0,118,0.08,0,0,1.75,1,2,0,1,3,1,1.0,4,1,0.58,0,1,3.06,3,3,21.52
ENS026,RESEAU,Reseaux,RT,2,2,1,1,3,0,-1,0,-0.33,281,0.33,1,0,1.5,1,2,0,2,3,1,1.0,3,2,0.76,3,0,4.11,1,9,22.52
ENS021,WEB_F,Developpement Web Front,WEB,3,2,4,3,2,-1,2,-1,0.0,37,0.42,0,0,3.0,2,4,0,0,3,1,1.0,4,2,0.57,2,0,3.5,1,1,21.35
ENS004,WEB_B,Developpement Web Back,WEB,5,5,3,5,1,0,-2,2,0.0,283,0.25,1,0,4.5,3,5,3,0,3,2,0.5,1,2,0.52,0,1,3.98,4,9,18.56
ENS012,GC_STRU,Structure Batiment,GC,3,1,2,3,3,-2,1,1,0.0,284,0.08,1,0,2.25,1,3,0,1,1,1,1.0,2,0,0.6,4,0,4.02,1,9,20.54
ENS029,GC_STRU,Structure Batiment,GC,2,4,3,2,2,2,-1,-1,0.0,345,0.25,1,0,2.75,2,4,0,0,3,2,0.5,2,3,0.58,0,1,4.41,1,11,17.22
ENS018,PED,Pedagogie,SUP,5,3,4,3,0,-2,1,-1,-0.67,100,0.0,0,1,3.75,3,5,1,0,1,2,0.5,0,3,0.88,3,1,3.07,3,3,18.04
ENS008,RESEAU,Reseaux,RT,2,1,1,1,4,-1,0,0,-0.33,89,0.42,0,0,1.25,1,2,0,3,1,3,0.67,2,0,0.78,0,0,2.98,3,2,18.36
ENS016,ANG,Anglais Technique,SUP,3,2,3,3,3,-1,1,0,0.0,43,0.33,0,0,2.75,2,3,0,0,1,3,0.67,0,2,0.73,4,2,3.01,3,1,18.17
ENS018,PED,Pedagogie,SUP,4,4,4,3,3,0,0,-1,-0.33,102,0.17,0,0,3.75,3,4,0,0,2,2,0.5,1,0,0.63,2,1,4.48,1,3,17.61
ENS022,ANG,Anglais Technique,SUP,2,2,2,1,2,0,0,-1,-0.33,164,0.25,0,0,1.75,1,2,0,1,2,1,1.0,2,2,0.62,3,2,4.1,4,5,24.3
ENS012,PROG,Programmation,GL,4,5,3,4,1,1,-2,1,0.0,192,0.08,1,0,4.0,3,5,1,0,3,3,0.67,4,3,0.63,2,0,4.27,2,6,24.69
ENS014,GC_MAT,Matériaux,GC,2,3,2,2,1,1,-1,0,0.0,109,0.0,0,0,2.25,2,3,0,0,1,3,0.67,0,1,0.85,4,2,4.4,3,3,21.55
ENS009,RESEAU,Reseaux,RT,3,4,2,4,0,1,-2,2,0.33,278,0.25,1,0,3.25,2,4,0,0,1,3,0.67,3,0,0.95,2,0,2.83,1,9,19.91
ENS014,PED,Pedagogie,SUP,2,3,2,4,1,1,-1,2,0.67,299,0.42,1,0,2.75,2,4,0,0,1,2,0.5,0,1,0.63,1,0,2.96,4,9,16.07
ENS028,PROG,Programmation,GL,3,3,4,4,2,0,1,0,0.33,206,0.08,1,0,3.5,3,4,0,0,2,1,1.0,5,0,0.89,1,0,2.97,4,6,27.39
ENS028,WEB_F,Developpement Web Front,WEB,2,1,1,2,1,-1,0,1,0.0,30,0.33,0,0,1.5,1,2,0,2,2,3,0.67,1,3,0.66,4,0,4.44,2,1,21.18
ENS004,WEB_B,Developpement Web Back,WEB,1,1,2,2,2,0,1,0,0.33,219,0.0,1,0,1.5,1,2,0,2,3,1,1.0,4,2,0.84,4,2,3.88,1,7,25.46
ENS025,ANG,Anglais Technique,SUP,5,4,4,5,0,-1,0,1,0.0,317,0.0,1,0,4.5,4,5,2,0,2,3,0.67,4,1,0.63,0,1,3.01,2,10,20.17
ENS008,RESEAU,Reseaux,RT,2,2,2,2,4,0,0,0,0.0,203,0.08,1,0,2.0,2,2,0,0,2,1,1.0,1,2,0.75,3,2,2.7,4,6,20.15
ENS016,PROG,Programmation,GL,3,5,3,4,0,2,-2,1,0.33,319,0.42,1,0,3.75,3,5,1,0,1,1,1.0,2,1,0.62,1,2,4.44,1,10,18.48
ENS022,WEB_F,Developpement Web Front,WEB,1,3,3,1,3,2,0,-2,0.0,145,0.0,0,0,2.0,1,3,0,2,2,1,1.0,1,1,0.63,1,0,3.82,4,4,19.79
ENS015,PROG,Programmation,GL,2,3,3,3,2,1,0,0,0.33,278,0.0,1,0,2.75,2,3,0,0,1,1,1.0,1,2,0.72,4,2,3.36,1,9,17.82
ENS001,RESEAU,Reseaux,RT,2,2,3,2,1,0,1,-1,0.0,271,0.08,1,0,2.25,2,3,0,0,2,2,0.5,5,2,0.58,0,1,3.27,1,9,20.94
ENS026,RESEAU,Reseaux,RT,2,1,3,1,2,-1,2,-2,-0.33,319,0.25,1,0,1.75,1,3,0,2,2,3,0.67,4,2,0.55,3,1,4.21,1,10,23.67
ENS012,BD,Bases de Donnees,INFO,3,5,3,3,0,2,-2,0,0.0,181,0.0,1,0,3.5,3,5,1,0,1,2,0.5,3,3,0.53,1,0,2.69,2,6,18.03
ENS014,RESEAU,Reseaux,RT,2,2,2,1,2,0,0,-1,-0.33,47,0.0,0,0,1.75,1,2,0,1,1,2,0.5,3,2,0.71,2,0,3.67,4,1,24.89
ENS003,PROG,Programmation,GL,5,3,5,4,2,-2,2,-1,-0.33,357,0.0,1,0,4.25,3,5,2,0,3,3,0.67,4,2,0.86,2,2,2.65,4,11,25.6
ENS019,WEB_F,Developpement Web Front,WEB,1,1,1,1,1,0,0,0,0.0,69,0.33,0,0,1.0,1,1,0,4,1,1,1.0,3,1,0.94,3,0,3.16,1,2,21.52
ENS017,GC_MAT,Matériaux,GC,2,2,4,4,0,0,2,0,0.67,135,0.42,0,0,3.0,2,4,0,0,1,1,1.0,1,3,0.57,3,0,3.23,4,4,20.31
ENS013,WEB_B,Developpement Web Back,WEB,2,3,2,3,3,1,-1,1,0.33,209,0.08,1,0,2.5,2,3,0,0,1,3,0.67,1,2,0.63,3,1,4.41,3,6,21.47
ENS005,BD,Bases de Donnees,INFO,4,4,3,3,1,0,-1,0,-0.33,182,0.17,1,0,3.5,3,4,0,0,2,3,0.67,0,1,0.67,1,1,4.5,3,6,17.85
ENS002,SEC,Securite Informatique,RT,2,2,3,2,3,0,1,-1,0.0,253,0.25,1,0,2.25,2,3,0,0,2,2,0.5,5,1,0.58,3,1,2.65,3,8,25.7
ENS021,GC_MAT,Matériaux,GC,4,3,4,2,0,-1,1,-2,-0.67,212,0.17,1,1,3.25,2,4,0,0,1,1,1.0,2,1,0.81,2,2,4.06,3,7,22.67
ENS020,ALG,Algorithmique,GL,1,1,1,2,4,0,0,1,0.33,222,0.17,1,0,1.25,1,2,0,3,1,2,0.5,0,3,0.52,1,1,4.2,4,7,18.0
ENS004,ALG,Algorithmique,GL,1,1,1,1,3,0,0,0,0.0,208,0.25,1,0,1.0,1,1,0,4,2,1,1.0,4,2,0.58,0,0,4.04,3,6,23.48
ENS021,RESEAU,Reseaux,RT,2,1,2,1,2,-1,1,-1,-0.33,41,0.42,0,0,1.5,1,2,0,2,3,2,0.5,1,3,0.77,0,2,3.55,1,1,14.45
ENS013,BD,Bases de Donnees,INFO,2,2,1,1,3,0,-1,0,-0.33,210,0.33,1,0,1.5,1,2,0,2,3,1,1.0,3,2,0.64,4,1,3.25,4,7,25.7
ENS010,SEC,Securite Informatique,RT,4,4,4,3,0,0,0,-1,-0.33,208,0.42,1,0,3.75,3,4,0,0,2,1,1.0,5,0,0.83,2,0,3.27,2,6,25.69
ENS010,RESEAU,Reseaux,RT,4,4,4,5,0,0,0,1,0.33,283,0.42,1,0,4.25,4,5,1,0,3,2,0.5,0,3,0.74,3,1,4.35,3,9,19.9
ENS026,ANG,Anglais Technique,SUP,1,1,3,1,1,0,2,-2,0.0,32,0.33,0,0,1.5,1,3,0,3,2,2,0.5,4,2,0.67,0,2,4.31,2,1,22.97
ENS012,WEB_B,Developpement Web Back,WEB,4,4,4,3,1,0,0,-1,-0.33,267,0.17,1,0,3.75,3,4,0,0,1,1,1.0,3,0,0.51,0,2,2.79,3,8,18.63
ENS015,ALG,Algorithmique,GL,3,3,2,1,1,0,-1,-1,-0.67,316,0.25,1,1,2.25,1,3,0,1,2,2,0.5,0,2,0.59,1,0,3.63,2,10,14.21
ENS012,ALG,Algorithmique,GL,3,2,2,4,1,-1,0,2,0.33,177,0.17,0,0,2.75,2,4,0,0,2,2,0.5,0,3,0.57,4,2,3.08,1,5,14.51
ENS012,GC_STRU,Structure Batiment,GC,2,3,3,3,1,1,0,0,0.33,228,0.33,1,0,2.75,2,3,0,0,3,1,1.0,1,2,0.52,0,1,2.66,2,7,12.92
ENS025,BD,Bases de Donnees,INFO,3,3,5,4,0,0,2,-1,0.33,265,0.0,1,0,3.75,3,5,1,0,3,2,0.5,3,3,0.77,4,1,3.45,2,8,23.75
ENS003,ANG,Anglais Technique,SUP,5,4,5,4,0,-1,1,-1,-0.33,259,0.17,1,0,4.5,4,5,2,0,3,1,1.0,3,2,0.69,0,0,2.59,4,8,20.63
ENS002,GC_STRU,Structure Batiment,GC,3,3,3,2,2,0,0,-1,-0.33,30,0.33,0,0,2.75,2,3,0,0,3,2,0.5,0,0,0.73,1,1,3.76,4,1,18.17
ENS007,ALG,Algorithmique,GL,3,4,2,4,0,1,-2,2,0.33,78,0.0,0,0,3.25,2,4,0,0,3,2,0.5,1,3,0.52,3,0,4.16,1,2,17.42
ENS024,BD,Bases de Donnees,INFO,1,1,1,1,3,0,0,0,0.0,232,0.33,1,0,1.0,1,1,0,4,1,3,0.67,0,2,0.54,0,0,4.35,1,7,12.9
ENS025,ANG,Anglais Technique,SUP,3,1,3,2,3,-2,2,-1,-0.33,331,0.0,1,0,2.25,1,3,0,1,1,2,0.5,3,3,0.78,3,0,2.58,1,11,19.56
ENS011,BD,Bases de Donnees,INFO,2,3,2,1,1,1,-1,-1,-0.33,247,0.08,1,0,2.0,1,3,0,1,1,3,0.67,1,1,0.66,4,1,3.01,2,8,18.32
ENS028,GC_MAT,Matériaux,GC,2,1,2,2,1,-1,1,0,0.0,251,0.25,1,0,1.75,1,2,0,1,1,1,1.0,0,3,0.51,1,1,3.01,3,8,14.07
ENS001,WEB_B,Developpement Web Back,WEB,2,1,1,1,2,-1,0,0,-0.33,110,0.42,0,0,1.25,1,2,0,3,2,3,0.67,1,0,0.88,1,1,4.17,3,3,20.24
ENS025,GESTION,Gestion de Projet,SUP,4,4,2,3,1,0,-2,1,-0.33,346,0.17,1,0,3.25,2,4,0,0,1,1,1.0,2,1,0.94,1,1,2.93,3,11,20.06
ENS009,SEC,Securite Informatique,RT,2,2,2,4,1,0,0,2,0.67,177,0.33,0,0,2.5,2,4,0,0,2,2,0.5,0,1,0.57,1,0,3.3,2,5,13.45
ENS028,GESTION,Gestion de Projet,SUP,4,4,2,2,0,0,-2,0,-0.67,298,0.25,1,1,3.0,2,4,0,0,2,2,0.5,5,3,0.63,4,0,2.86,4,9,28.87
ENS006,GC_STRU,Structure Batiment,GC,4,2,3,2,1,-2,1,-1,-0.67,183,0.33,1,1,2.75,2,4,0,0,2,1,1.0,0,3,0.69,3,1,2.85,4,6,18.15
ENS008,ANG,Anglais Technique,SUP,4,5,4,5,1,1,-1,1,0.33,363,0.17,1,0,4.5,4,5,2,0,3,3,0.67,0,0,0.62,3,0,4.47,3,12,19.54
ENS021,RESEAU,Reseaux,RT,3,2,2,2,4,-1,0,0,-0.33,185,0.25,1,0,2.25,2,3,0,0,2,2,0.5,3,0,0.61,3,0,3.19,3,6,22.93
ENS017,ANG,Anglais Technique,SUP,1,2,3,3,2,1,1,0,0.67,296,0.25,1,0,2.25,1,3,0,1,1,1,1.0,1,3,0.85,3,1,3.01,3,9,19.77
ENS001,PROG,Programmation,GL,2,3,3,4,3,1,0,1,0.67,249,0.42,1,0,3.0,2,4,0,0,2,2,0.5,5,2,0.79,1,2,2.56,1,8,21.57
ENS017,GC_STRU,Structure Batiment,GC,2,4,2,3,0,2,-2,1,0.33,242,0.17,1,0,2.75,2,4,0,0,3,2,0.5,2,1,0.75,4,0,4.47,2,8,23.69
ENS007,PED,Pedagogie,SUP,3,3,4,4,0,0,1,0,0.33,208,0.25,1,0,3.5,3,4,0,0,2,3,0.67,1,1,0.85,4,2,4.43,4,6,25.11
ENS021,SEC,Securite Informatique,RT,3,3,4,3,0,0,1,-1,0.0,354,0.08,1,0,3.25,3,4,0,0,3,1,1.0,1,0,0.55,1,2,3.43,4,11,18.61
ENS024,PROG,Programmation,GL,2,4,2,3,3,2,-2,1,0.33,34,0.0,0,0,2.75,2,4,0,0,2,1,1.0,0,0,0.66,4,0,3.77,2,1,17.84
ENS029,WEB_F,Developpement Web Front,WEB,1,1,2,1,2,0,1,-1,0.0,310,0.0,1,0,1.25,1,2,0,3,1,2,0.5,4,3,0.89,3,1,2.58,1,10,22.11
ENS007,ANG,Anglais Technique,SUP,2,1,3,2,2,-1,2,-1,0.0,41,0.17,0,0,2.0,1,3,0,1,2,3,0.67,4,1,0.55,2,0,2.58,1,1,19.41
ENS002,GC_STRU,Structure Batiment,GC,2,2,4,4,2,0,2,0,0.67,143,0.0,0,0,3.0,2,4,0,0,1,1,1.0,3,3,0.6,0,2,3.25,4,4,21.5
ENS030,SEC,Securite Informatique,RT,5,4,3,4,1,-1,-1,1,-0.33,313,0.0,1,0,4.0,3,5,1,0,3,3,0.67,1,3,0.89,1,1,4.12,4,10,21.69
ENS024,PED,Pedagogie,SUP,4,2,4,4,1,-2,2,0,0.0,188,0.08,1,0,3.5,2,4,0,0,1,3,0.67,0,3,0.65,4,2,4.23,4,6,21.71
ENS012,GESTION,Gestion de Projet,SUP,1,2,1,2,3,1,-1,1,0.33,251,0.42,1,0,1.5,1,2,0,2,2,1,1.0,4,1,0.51,3,2,4.49,3,8,27.03
ENS015,WEB_F,Developpement Web Front,WEB,4,3,2,3,2,-1,-1,1,-0.33,289,0.42,1,0,3.0,2,4,0,0,1,2,0.5,3,2,0.82,1,2,3.58,3,9,22.76
ENS003,GC_MAT,Matériaux,GC,2,1,2,3,2,-1,1,1,0.33,272,0.17,1,0,2.0,1,3,0,1,1,3,0.67,4,2,0.72,2,0,4.09,4,9,27.78
ENS009,WEB_B,Developpement Web Back,WEB,3,5,4,4,2,2,-1,0,0.33,318,0.33,1,0,4.0,3,5,1,0,3,3,0.67,1,1,0.92,2,1,3.19,3,10,19.48
ENS006,ANG,Anglais Technique,SUP,1,3,3,2,1,2,0,-1,0.33,40,0.0,0,0,2.25,1,3,0,1,1,2,0.5,5,3,0.55,3,1,3.55,3,1,27.35
ENS023,SEC,Securite Informatique,RT,3,2,4,4,0,-1,2,0,0.33,207,0.25,1,0,3.25,2,4,0,0,3,3,0.67,4,3,0.67,1,2,3.36,2,6,22.07
ENS021,SEC,Securite Informatique,RT,3,3,5,4,1,0,2,-1,0.33,46,0.42,0,0,3.75,3,5,1,0,3,3,0.67,1,2,0.83,1,2,3.17,2,1,16.49
ENS009,PED,Pedagogie,SUP,3,2,2,3,2,-1,0,1,0.0,279,0.42,1,0,2.5,2,3,0,0,3,1,1.0,0,1,0.87,1,1,3.22,4,9,17.79
ENS017,GC_MAT,Matériaux,GC,1,1,1,1,3,0,0,0,0.0,62,0.25,0,0,1.0,1,1,0,4,2,1,1.0,3,1,0.8,2,2,2.89,2,2,20.78
ENS019,PED,Pedagogie,SUP,2,3,3,1,2,1,0,-2,-0.33,74,0.17,0,0,2.25,1,3,0,1,2,3,0.67,2,2,0.6,3,2,3.45,4,2,22.9
ENS026,PROG,Programmation,GL,3,3,4,5,0,0,1,1,0.67,208,0.42,1,0,3.75,3,5,1,0,3,3,0.67,5,0,0.91,2,1,3.58,2,6,26.71
ENS007,ANG,Anglais Technique,SUP,5,5,4,5,0,0,-1,1,0.0,342,0.25,1,0,4.75,4,5,3,0,2,1,1.0,5,1,0.89,3,0,4.03,1,11,27.01
ENS029,RESEAU,Reseaux,RT,4,4,4,2,2,0,0,-2,-0.67,303,0.42,1,1,3.5,2,4,0,0,3,3,0.67,3,2,0.57,3,1,3.16,3,10,22.67
ENS011,ANG,Anglais Technique,SUP,4,5,5,5,0,1,0,0,0.33,332,0.25,1,0,4.75,4,5,3,0,3,2,0.5,0,3,0.67,4,0,3.87,2,11,18.09
ENS016,ALG,Algorithmique,GL,4,4,3,4,0,0,-1,1,0.0,198,0.33,1,0,3.75,3,4,0,0,2,2,0.5,0,3,0.63,4,0,2.91,1,6,14.47
ENS021,GC_STRU,Structure Batiment,GC,1,2,2,3,4,1,0,1,0.67,189,0.0,1,0,2.0,1,3,0,1,1,2,0.5,5,1,0.54,0,1,3.93,1,6,22.06
ENS013,GC_STRU,Structure Batiment,GC,4,2,3,2,0,-2,1,-1,-0.67,219,0.42,1,1,2.75,2,4,0,0,1,3,0.67,2,1,0.57,0,1,4.14,4,7,21.13
ENS006,RESEAU,Reseaux,RT,2,2,4,2,1,0,2,-2,0.0,347,0.33,1,0,2.5,2,4,0,0,2,1,1.0,5,2,0.73,2,1,3.12,2,11,24.89
ENS001,GESTION,Gestion de Projet,SUP,1,1,2,3,2,0,1,1,0.67,202,0.42,1,0,1.75,1,3,0,2,2,3,0.67,3,3,0.91,0,2,4.28,4,6,25.11
ENS010,GC_STRU,Structure Batiment,GC,3,2,1,3,1,-1,-1,2,0.0,235,0.08,1,0,2.25,1,3,0,1,1,1,1.0,2,1,0.89,1,2,3.37,1,7,17.69
ENS023,SEC,Securite Informatique,RT,3,3,4,3,1,0,1,-1,0.0,236,0.0,1,0,3.25,3,4,0,0,2,1,1.0,1,2,0.51,3,1,3.35,4,7,20.25
ENS003,GC_MAT,Matériaux,GC,3,3,3,2,2,0,0,-1,-0.33,214,0.42,1,0,2.75,2,3,0,0,1,2,0.5,0,0,0.69,4,1,3.24,2,7,16.93
ENS013,PROG,Programmation,GL,3,4,4,4,0,1,0,0,0.33,84,0.42,0,0,3.75,3,4,0,0,3,2,0.5,0,1,0.8,0,2,4.01,3,2,16.52
ENS014,RESEAU,Reseaux,RT,3,5,4,5,0,2,-1,1,0.67,137,0.17,0,0,4.25,3,5,2,0,3,2,0.5,0,0,0.5,0,2,3.82,2,4,13.14
ENS027,BD,Bases de Donnees,INFO,3,5,4,3,0,2,-1,-1,0.0,140,0.33,0,0,3.75,3,5,1,0,3,1,1.0,4,1,0.82,4,2,3.78,4,4,29.66
ENS006,GC_STRU,Structure Batiment,GC,3,5,3,5,0,2,-2,2,0.67,316,0.0,1,0,4.0,3,5,2,0,3,3,0.67,3,1,0.54,2,0,2.69,1,10,17.58
ENS008,PED,Pedagogie,SUP,4,5,4,4,1,1,-1,0,0.0,82,0.33,0,0,4.25,4,5,1,0,1,3,0.67,3,3,0.81,2,2,2.75,4,2,23.55
ENS020,PED,Pedagogie,SUP,3,4,5,3,0,1,1,-2,0.0,295,0.33,1,0,3.75,3,5,1,0,1,1,1.0,4,0,0.91,3,1,3.17,1,9,23.39
ENS009,BD,Bases de Donnees,INFO,2,2,1,1,0,0,-1,0,-0.33,344,0.25,1,0,1.5,1,2,0,2,2,3,0.67,1,0,0.61,1,2,4.44,4,11,20.93
ENS030,RESEAU,Reseaux,RT,5,4,3,4,0,-1,-1,1,-0.33,156,0.25,0,0,4.0,3,5,1,0,2,3,0.67,2,0,0.54,4,0,3.14,4,5,22.98
ENS023,RESEAU,Reseaux,RT,3,2,1,2,2,-1,-1,1,-0.33,86,0.25,0,0,2.0,1,3,0,1,1,2,0.5,0,2,0.61,1,1,2.84,1,2,11.23
ENS009,PROG,Programmation,GL,5,3,4,3,0,-2,1,-1,-0.67,200,0.0,1,1,3.75,3,5,1,0,1,1,1.0,2,3,0.51,3,1,4.48,4,6,24.51
ENS029,WEB_B,Developpement Web Back,WEB,5,5,4,4,2,0,-1,0,-0.33,249,0.42,1,0,4.5,4,5,2,0,2,2,0.5,5,2,0.74,0,2,4.19,4,8,28.08
ENS015,GESTION,Gestion de Projet,SUP,1,3,3,3,2,2,0,0,0.67,95,0.17,0,0,2.5,1,3,0,1,2,3,0.67,4,3,0.93,2,0,4.3,3,3,27.75
ENS020,SEC,Securite Informatique,RT,2,2,2,3,0,0,0,1,0.33,188,0.42,1,0,2.25,2,3,0,0,2,2,0.5,0,3,0.65,3,2,3.63,4,6,19.51
ENS006,BD,Bases de Donnees,INFO,5,5,3,5,2,0,-2,2,0.0,180,0.25,0,0,4.5,3,5,3,0,2,1,1.0,1,2,0.54,2,2,2.98,2,6,15.66
ENS015,ANG,Anglais Technique,SUP,2,1,1,2,0,-1,0,1,0.0,264,0.08,1,0,1.5,1,2,0,2,3,3,0.67,5,3,0.69,3,1,3.34,2,8,26.13
ENS009,RESEAU,Reseaux,RT,3,1,2,2,3,-2,1,0,-0.33,340,0.08,1,0,2.0,1,3,0,1,1,2,0.5,3,3,0.7,2,0,2.57,3,11,21.14
ENS004,WEB_F,Developpement Web Front,WEB,2,4,3,2,2,2,-1,-1,0.0,296,0.08,1,0,2.75,2,4,0,0,3,1,1.0,0,1,0.8,2,0,3.74,2,9,16.48
ENS015,PROG,Programmation,GL,4,5,5,3,1,1,0,-2,-0.33,278,0.08,1,0,4.25,3,5,2,0,3,3,0.67,1,0,0.6,0,1,3.29,3,9,16.08
ENS019,PROG,Programmation,GL,4,5,4,3,2,1,-1,-1,-0.33,273,0.33,1,0,4.0,3,5,1,0,3,2,0.5,5,3,0.74,4,1,3.2,4,9,30.1
ENS009,SEC,Securite Informatique,RT,5,5,4,4,2,0,-1,0,-0.33,73,0.0,0,0,4.5,4,5,2,0,2,3,0.67,0,3,0.91,4,1,3.33,1,2,16.71
ENS003,ALG,Algorithmique,GL,3,4,4,2,2,1,0,-2,-0.33,79,0.0,0,0,3.25,2,4,0,0,3,3,0.67,5,1,0.93,3,2,3.53,4,2,30.71
ENS005,PROG,Programmation,GL,3,4,3,4,3,1,-1,1,0.33,104,0.0,0,0,3.5,3,4,0,0,1,1,1.0,1,3,0.92,2,0,3.78,1,3,17.66
ENS019,ALG,Algorithmique,GL,2,1,2,1,1,-1,1,-1,-0.33,116,0.0,0,0,1.5,1,2,0,2,3,2,0.5,3,2,0.88,1,0,3.17,3,3,22.24
ENS014,BD,Bases de Donnees,INFO,3,2,2,2,0,-1,0,0,-0.33,352,0.33,1,0,2.25,2,3,0,0,2,3,0.67,0,0,0.74,4,0,4.01,4,11,21.72
ENS025,GC_MAT,Matériaux,GC,2,3,3,2,3,1,0,-1,0.0,307,0.25,1,0,2.5,2,3,0,0,2,1,1.0,1,3,0.69,3,0,2.73,2,10,16.91
ENS029,GC_MAT,Matériaux,GC,2,2,3,2,3,0,1,-1,0.0,173,0.42,0,0,2.25,2,3,0,0,1,1,1.0,2,1,0.92,4,2,2.88,3,5,22.86
ENS026,ANG,Anglais Technique,SUP,3,3,3,3,3,0,0,0,0.0,155,0.0,0,0,3.0,3,3,0,0,1,1,1.0,0,2,0.76,0,1,2.6,1,5,10.5
ENS020,GESTION,Gestion de Projet,SUP,3,4,3,5,1,1,-1,2,0.67,237,0.42,1,0,3.75,3,5,1,0,2,1,1.0,1,3,0.83,1,0,2.91,2,7,15.97
ENS018,GC_MAT,Matériaux,GC,3,2,3,4,3,-1,1,1,0.33,231,0.08,1,0,3.0,2,4,0,0,1,2,0.5,3,2,0.83,4,0,2.7,1,7,21.05
ENS025,GC_STRU,Structure Batiment,GC,3,2,3,3,1,-1,1,0,0.0,71,0.42,0,0,2.75,2,3,0,0,2,1,1.0,3,2,0.94,3,2,3.63,2,2,23.96
ENS019,WEB_F,Developpement Web Front,WEB,1,1,1,2,3,0,0,1,0.33,330,0.25,1,0,1.25,1,2,0,3,1,3,0.67,3,2,0.54,3,1,2.84,1,11,18.88
ENS008,GC_MAT,Matériaux,GC,1,1,1,1,2,0,0,0,0.0,302,0.42,1,0,1.0,1,1,0,4,2,3,0.67,3,1,0.88,1,1,3.52,4,10,24.44
ENS030,SEC,Securite Informatique,RT,4,3,5,4,0,-1,2,-1,0.0,63,0.33,0,0,4.0,3,5,1,0,3,3,0.67,1,0,0.72,3,0,3.83,4,2,22.26
ENS008,ANG,Anglais Technique,SUP,3,1,1,1,1,-2,0,0,-0.67,254,0.33,1,1,1.5,1,3,0,3,2,1,1.0,5,2,0.64,1,1,3.51,3,8,25.72
ENS015,SEC,Securite Informatique,RT,2,2,4,2,0,0,2,-2,0.0,309,0.25,1,0,2.5,2,4,0,0,3,3,0.67,0,3,0.94,2,1,4.3,3,10,19.8
ENS022,GESTION,Gestion de Projet,SUP,5,4,5,5,0,-1,1,0,0.0,306,0.25,1,0,4.75,4,5,3,0,3,3,0.67,5,2,0.77,4,1,3.89,2,10,28.63
ENS017,PROG,Programmation,GL,5,3,3,3,1,-2,0,0,-0.67,115,0.25,0,1,3.5,3,5,1,0,3,2,0.5,4,3,0.51,1,1,3.23,4,3,24.01
ENS013,PED,Pedagogie,SUP,5,4,4,4,1,-1,0,0,-0.33,196,0.08,1,0,4.25,4,5,1,0,1,3,0.67,1,2,0.84,3,1,2.91,1,6,16.52
ENS017,ALG,Algorithmique,GL,2,2,2,2,0,0,0,0,0.0,265,0.17,1,0,2.0,2,2,0,0,1,2,0.5,0,1,0.57,3,1,4.0,3,8,18.35
ENS029,PROG,Programmation,GL,5,3,5,4,2,-2,2,-1,-0.33,219,0.42,1,0,4.25,3,5,2,0,3,3,0.67,3,1,0.54,4,0,3.82,4,7,26.34
ENS014,GC_STRU,Structure Batiment,GC,3,2,2,4,0,-1,0,2,0.33,254,0.25,1,0,2.75,2,4,0,0,1,1,1.0,4,1,0.86,4,0,3.46,1,8,24.72
ENS024,GESTION,Gestion de Projet,SUP,1,1,1,2,2,0,0,1,0.33,300,0.42,1,0,1.25,1,2,0,3,2,2,0.5,0,3,0.79,1,2,3.71,4,10,18.37
ENS007,GESTION,Gestion de Projet,SUP,4,3,4,2,0,-1,1,-2,-0.67,343,0.08,1,1,3.25,2,4,0,0,1,3,0.67,1,1,0.74,3,2,3.52,4,11,21.74
ENS005,RESEAU,Reseaux,RT,3,3,3,1,2,0,0,-2,-0.67,92,0.25,0,1,2.5,1,3,0,1,1,3,0.67,5,3,0.94,0,1,3.2,2,3,24.1
ENS026,ALG,Algorithmique,GL,1,1,1,1,4,0,0,0,0.0,275,0.33,1,0,1.0,1,1,0,4,2,1,1.0,5,2,0.56,4,2,3.55,4,9,29.9
ENS021,BD,Bases de Donnees,INFO,3,2,3,2,0,-1,1,-1,-0.33,130,0.08,0,0,2.5,2,3,0,0,2,1,1.0,4,2,0.53,3,1,2.81,2,4,22.27
ENS029,WEB_F,Developpement Web Front,WEB,3,4,4,3,1,1,0,-1,0.0,75,0.0,0,0,3.5,3,4,0,0,2,2,0.5,3,3,0.83,3,2,4.21,4,2,27.57
ENS028,BD,Bases de Donnees,INFO,5,5,3,5,1,0,-2,2,0.0,302,0.0,1,0,4.5,3,5,3,0,3,1,1.0,2,3,0.62,3,2,4.4,2,10,21.9
ENS018,GESTION,Gestion de Projet,SUP,1,1,2,1,3,0,1,-1,0.0,51,0.42,0,0,1.25,1,2,0,3,2,1,1.0,2,1,0.67,0,2,2.97,2,1,16.29
ENS008,SEC,Securite Informatique,RT,3,4,4,3,1,1,0,-1,0.0,209,0.0,1,0,3.5,3,4,0,0,3,3,0.67,2,0,0.78,3,1,2.66,2,6,19.22
ENS007,SEC,Securite Informatique,RT,5,4,3,4,0,-1,-1,1,-0.33,216,0.25,1,0,4.0,3,5,1,0,1,2,0.5,3,3,0.88,4,2,3.2,2,7,23.8
ENS026,SEC,Securite Informatique,RT,3,4,4,4,0,1,0,0,0.33,35,0.25,0,0,3.75,3,4,0,0,1,3,0.67,5,2,0.88,4,2,3.92,3,1,30.74
ENS020,WEB_F,Developpement Web Front,WEB,3,1,1,3,3,-2,0,2,0.0,252,0.42,1,0,2.0,1,3,0,2,3,3,0.67,1,2,0.79,2,2,2.53,3,8,17.51
ENS020,PROG,Programmation,GL,3,4,5,3,0,1,1,-2,0.0,269,0.42,1,0,3.75,3,5,1,0,1,2,0.5,5,3,0.67,1,1,4.4,3,8,27.65
ENS027,BD,Bases de Donnees,INFO,1,2,2,3,1,1,0,1,0.67,61,0.25,0,0,2.0,1,3,0,1,2,3,0.67,4,3,0.71,1,0,2.78,4,2,24.11
ENS021,GC_MAT,Matériaux,GC,3,3,4,4,1,0,1,0,0.33,195,0.08,1,0,3.5,3,4,0,0,1,1,1.0,0,1,0.72,1,1,4.05,1,6,14.2
ENS003,GC_MAT,Matériaux,GC,3,3,4,3,1,0,1,-1,0.0,318,0.08,1,0,3.25,3,4,0,0,3,3,0.67,0,2,0.55,2,0,4.24,4,10,19.23
ENS014,WEB_F,Developpement Web Front,WEB,4,4,4,2,1,0,0,-2,-0.67,252,0.33,1,1,3.5,2,4,0,0,1,1,1.0,0,3,0.65,0,0,2.55,1,8,9.85
ENS012,WEB_B,Developpement Web Back,WEB,4,4,5,4,1,0,1,-1,0.0,329,0.42,1,0,4.25,4,5,1,0,1,1,1.0,2,2,0.64,3,1,2.87,2,10,18.94
ENS012,GESTION,Gestion de Projet,SUP,1,1,2,3,4,0,1,1,0.67,173,0.0,0,0,1.75,1,3,0,2,1,3,0.67,4,2,0.8,3,1,3.63,2,5,25.26
ENS005,SEC,Securite Informatique,RT,2,2,2,4,1,0,0,2,0.67,252,0.33,1,0,2.5,2,4,0,0,2,3,0.67,0,3,0.51,3,2,3.24,1,8,13.53
ENS004,SEC,Securite Informatique,RT,3,4,3,4,1,1,-1,1,0.33,101,0.33,0,0,3.5,3,4,0,0,2,2,0.5,0,0,0.53,1,0,3.87,2,3,14.39
ENS026,BD,Bases de Donnees,INFO,2,1,1,1,2,-1,0,0,-0.33,309,0.25,1,0,1.25,1,2,0,3,3,3,0.67,4,3,0.56,4,0,2.51,2,10,22.82
ENS016,GESTION,Gestion de Projet,SUP,4,3,2,3,0,-1,-1,1,-0.33,287,0.17,1,0,3.0,2,4,0,0,1,2,0.5,3,0,0.75,1,2,2.71,1,9,17.67
ENS018,GC_MAT,Matériaux,GC,1,3,2,1,2,2,-1,-1,0.0,309,0.17,1,0,1.75,1,3,0,2,3,3,0.67,4,3,0.65,4,2,2.64,3,10,25.03
ENS028,RESEAU,Reseaux,RT,1,1,2,1,4,0,1,-1,0.0,210,0.17,1,0,1.25,1,2,0,3,2,1,1.0,4,1,0.91,0,2,4.41,3,7,25.87
ENS027,WEB_F,Developpement Web Front,WEB,4,3,3,4,3,-1,0,1,0.0,234,0.25,1,0,3.5,3,4,0,0,1,1,1.0,0,0,0.88,3,0,3.67,3,7,19.24
ENS028,SEC,Securite Informatique,RT,3,4,3,2,0,1,-1,-1,-0.33,79,0.08,0,0,3.0,2,4,0,0,3,3,0.67,1,2,0.52,3,2,3.25,4,2,20.1
ENS005,PROG,Programmation,GL,4,3,4,3,1,-1,1,-1,-0.33,291,0.17,1,0,3.5,3,4,0,0,3,2,0.5,5,3,0.69,3,2,4.28,2,9,28.01
ENS015,WEB_F,Developpement Web Front,WEB,1,2,2,1,3,1,0,-1,0.0,279,0.17,1,0,1.5,1,2,0,2,1,2,0.5,1,0,0.82,2,0,2.67,4,9,19.44
ENS018,RESEAU,Reseaux,RT,1,3,1,1,2,2,-2,0,0.0,246,0.17,1,0,1.5,1,3,0,3,2,1,1.0,2,1,0.61,1,0,2.66,1,8,14.87
ENS025,GC_STRU,Structure Batiment,GC,3,3,1,1,4,0,-2,0,-0.67,98,0.08,0,1,2.0,1,3,0,2,2,2,0.5,1,0,0.85,1,0,3.72,2,3,17.69
ENS010,PROG,Programmation,GL,2,3,3,2,1,1,0,-1,0.0,303,0.0,1,0,2.5,2,3,0,0,1,2,0.5,3,1,0.86,1,2,3.39,2,10,21.08
ENS008,WEB_B,Developpement Web Back,WEB,4,4,4,4,2,0,0,0,0.0,241,0.33,1,0,4.0,4,4,0,0,1,3,0.67,5,2,0.91,0,0,2.6,3,8,24.25
ENS030,GC_STRU,Structure Batiment,GC,4,4,4,3,1,0,0,-1,-0.33,308,0.0,1,0,3.75,3,4,0,0,2,2,0.5,2,0,0.91,2,1,2.94,3,10,20.93
ENS007,ANG,Anglais Technique,SUP,2,3,1,3,2,1,-2,2,0.33,262,0.33,1,0,2.25,1,3,0,1,3,2,0.5,4,0,0.86,4,2,4.24,1,8,26.28
ENS018,GESTION,Gestion de Projet,SUP,3,4,4,2,1,1,0,-2,-0.33,248,0.25,1,0,3.25,2,4,0,0,1,3,0.67,5,2,0.61,3,0,2.57,4,8,27.19
ENS014,WEB_F,Developpement Web Front,WEB,2,2,1,2,1,0,-1,1,0.0,304,0.33,1,0,1.75,1,2,0,1,2,2,0.5,2,2,0.61,3,0,3.5,4,10,23.05
ENS008,GC_MAT,Matériaux,GC,3,3,3,4,1,0,0,1,0.33,346,0.33,1,0,3.25,3,4,0,0,1,1,1.0,5,1,0.62,1,0,4.29,1,11,24.18
ENS026,BD,Bases de Donnees,INFO,2,1,1,2,2,-1,0,1,0.0,291,0.17,1,0,1.5,1,2,0,2,3,3,0.67,0,3,0.54,3,0,3.6,2,9,15.9
ENS012,RESEAU,Reseaux,RT,2,1,3,2,3,-1,2,-1,0.0,221,0.08,1,0,2.0,1,3,0,1,1,1,1.0,5,2,0.54,1,0,3.86,2,7,24.42
ENS010,WEB_B,Developpement Web Back,WEB,1,1,1,1,3,0,0,0,0.0,113,0.25,0,0,1.0,1,1,0,4,3,2,0.5,3,1,0.63,3,2,4.08,4,3,26.31
ENS015,GC_STRU,Structure Batiment,GC,2,4,2,2,1,2,-2,0,0.0,277,0.25,1,0,2.5,2,4,0,0,1,3,0.67,5,3,0.75,1,1,3.54,3,9,26.33
ENS011,GESTION,Gestion de Projet,SUP,4,4,3,4,0,0,-1,1,0.0,140,0.42,0,0,3.75,3,4,0,0,3,2,0.5,5,3,0.64,4,1,3.11,3,4,27.92
ENS015,GC_MAT,Matériaux,GC,1,1,1,2,2,0,0,1,0.33,83,0.42,0,0,1.25,1,2,0,3,2,2,0.5,3,2,0.7,4,2,4.12,1,2,23.24
ENS013,WEB_B,Developpement Web Back,WEB,1,1,2,1,3,0,1,-1,0.0,106,0.17,0,0,1.25,1,2,0,3,1,1,1.0,4,0,0.77,2,1,3.13,2,3,23.11
ENS019,GC_STRU,Structure Batiment,GC,2,1,2,1,3,-1,1,-1,-0.33,151,0.17,0,0,1.5,1,2,0,2,3,2,0.5,0,0,0.93,0,2,3.4,4,5,17.45
ENS001,ALG,Algorithmique,GL,3,4,2,3,0,1,-2,1,0.0,138,0.08,0,0,3.0,2,4,0,0,2,3,0.67,2,1,0.51,2,1,3.73,3,4,20.51
ENS009,WEB_B,Developpement Web Back,WEB,4,5,3,4,2,1,-2,1,0.0,69,0.17,0,0,4.0,3,5,1,0,2,1,1.0,1,3,0.69,4,1,2.51,1,2,15.97
ENS029,GC_STRU,Structure Batiment,GC,1,2,1,3,2,1,-1,2,0.67,37,0.33,0,0,1.75,1,3,0,2,1,2,0.5,0,2,0.72,0,2,4.41,3,1,16.92
ENS029,ALG,Algorithmique,GL,1,2,3,2,1,1,1,-1,0.33,328,0.42,1,0,2.0,1,3,0,1,3,2,0.5,2,1,0.74,1,1,3.6,4,10,21.9
ENS028,GC_STRU,Structure Batiment,GC,1,3,2,2,3,2,-1,0,0.33,303,0.17,1,0,2.0,1,3,0,1,1,3,0.67,4,0,0.67,4,1,3.56,4,10,28.47
ENS007,WEB_F,Developpement Web Front,WEB,2,1,1,2,3,-1,0,1,0.0,263,0.0,1,0,1.5,1,2,0,2,2,3,0.67,3,2,0.61,0,0,2.54,1,8,15.63
ENS029,GC_MAT,Matériaux,GC,3,4,2,3,0,1,-2,1,0.0,93,0.42,0,0,3.0,2,4,0,0,3,3,0.67,0,0,0.88,3,0,2.92,1,3,14.74
ENS029,SEC,Securite Informatique,RT,3,4,5,4,0,1,1,-1,0.33,101,0.25,0,0,4.0,3,5,1,0,1,1,1.0,1,3,0.6,3,2,4.21,1,3,17.92
ENS005,ANG,Anglais Technique,SUP,5,4,4,5,0,-1,0,1,0.0,52,0.17,0,0,4.5,4,5,2,0,3,1,1.0,2,3,0.61,1,1,4.19,2,1,19.43
ENS017,WEB_F,Developpement Web Front,WEB,3,4,3,3,2,1,-1,0,0.0,206,0.08,1,0,3.25,3,4,0,0,3,2,0.5,1,2,0.88,0,0,3.85,3,6,18.6
ENS027,BD,Bases de Donnees,INFO,5,5,4,4,0,0,-1,0,-0.33,60,0.42,0,0,4.5,4,5,2,0,2,1,1.0,5,0,0.77,4,2,3.42,4,2,30.69
ENS006,SEC,Securite Informatique,RT,3,2,4,3,0,-1,2,-1,0.0,365,0.42,1,0,3.0,2,4,0,0,1,1,1.0,3,2,0.54,0,2,3.73,1,12,17.66
ENS011,WEB_B,Developpement Web Back,WEB,5,3,4,4,1,-2,1,0,-0.33,358,0.08,1,0,4.0,3,5,1,0,3,2,0.5,2,1,0.69,0,1,2.75,2,11,15.95
ENS021,BD,Bases de Donnees,INFO,1,1,3,2,0,0,2,-1,0.33,266,0.33,1,0,1.75,1,3,0,2,3,1,1.0,4,2,0.92,2,1,4.25,2,8,26.1
ENS016,ALG,Algorithmique,GL,1,1,1,2,4,0,0,1,0.33,194,0.08,1,0,1.25,1,2,0,3,3,2,0.5,4,3,0.71,3,1,3.13,2,6,23.81
ENS018,WEB_F,Developpement Web Front,WEB,3,3,3,3,3,0,0,0,0.0,133,0.33,0,0,3.0,3,3,0,0,1,2,0.5,3,3,0.69,3,0,2.92,1,4,19.79
ENS014,WEB_F,Developpement Web Front,WEB,1,1,1,2,2,0,0,1,0.33,144,0.42,0,0,1.25,1,2,0,3,3,3,0.67,3,2,0.85,2,0,2.65,3,4,22.05
ENS030,ALG,Algorithmique,GL,3,3,1,2,1,0,-2,1,-0.33,199,0.25,1,0,2.25,1,3,0,1,2,3,0.67,4,1,0.78,4,0,3.62,2,6,26.14
ENS015,ANG,Anglais Technique,SUP,2,1,2,2,1,-1,1,0,0.0,349,0.08,1,0,1.75,1,2,0,1,2,3,0.67,1,2,0.58,0,1,2.63,2,11,13.16
ENS029,GC_MAT,Matériaux,GC,3,2,2,2,3,-1,0,0,-0.33,251,0.33,1,0,2.25,2,3,0,0,3,3,0.67,5,1,0.94,2,1,2.7,3,8,26.6
ENS023,BD,Bases de Donnees,INFO,4,4,4,3,0,0,0,-1,-0.33,53,0.42,0,0,3.75,3,4,0,0,1,1,1.0,1,0,0.57,0,2,2.78,3,1,14.91
ENS007,WEB_B,Developpement Web Back,WEB,1,1,1,1,3,0,0,0,0.0,335,0.33,1,0,1.0,1,1,0,4,1,1,1.0,1,1,0.75,2,0,3.02,2,11,16.79
ENS015,RESEAU,Reseaux,RT,1,2,1,3,2,1,-1,2,0.67,95,0.0,0,0,1.75,1,3,0,2,2,2,0.5,2,1,0.91,0,1,3.79,3,3,20.63
ENS018,RESEAU,Reseaux,RT,2,1,3,2,4,-1,2,-1,0.0,282,0.33,1,0,2.0,1,3,0,1,3,1,1.0,0,0,0.79,4,0,2.92,4,9,19.79
ENS026,PED,Pedagogie,SUP,5,4,3,3,2,-1,-1,0,-0.67,127,0.17,0,1,3.75,3,5,1,0,2,2,0.5,3,0,0.59,3,2,3.63,2,4,22.21
ENS001,GC_STRU,Structure Batiment,GC,1,1,2,2,2,0,1,0,0.33,262,0.08,1,0,1.5,1,2,0,2,1,1,1.0,5,0,0.66,2,1,2.78,4,8,26.86
ENS005,GESTION,Gestion de Projet,SUP,3,4,2,4,0,1,-2,2,0.33,123,0.08,0,0,3.25,2,4,0,0,2,2,0.5,2,0,0.94,4,0,2.53,4,4,23.76
ENS028,GC_STRU,Structure Batiment,GC,3,3,1,3,3,0,-2,2,0.0,276,0.42,1,0,2.5,1,3,0,1,3,2,0.5,3,3,0.76,4,2,2.93,1,9,21.16
ENS008,PED,Pedagogie,SUP,5,5,3,5,2,0,-2,2,0.0,169,0.25,0,0,4.5,3,5,3,0,1,1,1.0,1,0,0.77,0,0,2.78,1,5,12.91
ENS009,RESEAU,Reseaux,RT,3,3,2,3,2,0,-1,1,0.0,296,0.25,1,0,2.75,2,3,0,0,1,2,0.5,1,2,0.59,1,1,2.57,4,9,17.09
ENS026,PROG,Programmation,GL,4,4,5,4,2,0,1,-1,0.0,306,0.42,1,0,4.25,4,5,1,0,2,1,1.0,0,0,0.67,0,0,3.92,4,10,17.19
ENS019,PROG,Programmation,GL,3,2,3,4,3,-1,1,1,0.33,135,0.33,0,0,3.0,2,4,0,0,2,3,0.67,2,2,0.84,0,0,3.18,4,4,20.56
ENS023,BD,Bases de Donnees,INFO,4,3,5,3,1,-1,2,-2,-0.33,103,0.25,0,0,3.75,3,5,1,0,2,3,0.67,3,0,0.75,4,2,4.03,4,3,27.81
ENS012,BD,Bases de Donnees,INFO,3,2,3,1,2,-1,1,-2,-0.67,134,0.17,0,1,2.25,1,3,0,1,1,1,1.0,0,2,0.76,2,0,3.98,2,4,16.76
ENS013,PROG,Programmation,GL,3,4,4,3,1,1,0,-1,0.0,101,0.42,0,0,3.5,3,4,0,0,1,3,0.67,4,0,0.75,2,0,3.81,1,3,22.87
ENS018,PROG,Programmation,GL,3,2,3,4,1,-1,1,1,0.33,31,0.17,0,0,3.0,2,4,0,0,1,3,0.67,2,0,0.8,1,2,3.03,3,1,19.56
ENS023,SEC,Securite Informatique,RT,4,2,4,4,1,-2,2,0,0.0,242,0.17,1,0,3.5,2,4,0,0,1,1,1.0,1,3,0.64,1,1,3.88,2,8,16.96
ENS027,WEB_B,Developpement Web Back,WEB,3,3,3,1,2,0,0,-2,-0.67,138,0.33,0,1,2.5,1,3,0,1,3,2,0.5,0,2,0.56,0,2,4.41,4,4,17.62
ENS030,RESEAU,Reseaux,RT,2,3,3,2,2,1,0,-1,0.0,151,0.33,0,0,2.5,2,3,0,0,3,3,0.67,5,3,0.74,2,2,2.87,4,5,27.44
ENS004,ANG,Anglais Technique,SUP,3,1,1,3,1,-2,0,2,0.0,361,0.33,1,0,2.0,1,3,0,2,1,1,1.0,1,2,0.85,3,1,2.75,3,12,19.25
ENS020,PED,Pedagogie,SUP,3,5,3,5,0,2,-2,2,0.67,112,0.0,0,0,4.0,3,5,2,0,3,2,0.5,4,0,0.77,1,1,4.23,1,3,22.81
ENS020,PED,Pedagogie,SUP,4,3,4,2,1,-1,1,-2,-0.67,204,0.42,1,1,3.25,2,4,0,0,1,1,1.0,0,3,0.52,2,0,2.98,4,6,16.56
ENS001,PROG,Programmation,GL,3,5,4,3,0,2,-1,-1,0.0,361,0.08,1,0,3.75,3,5,1,0,2,2,0.5,2,3,0.58,2,0,3.43,4,12,21.76
ENS007,WEB_B,Developpement Web Back,WEB,1,1,3,1,2,0,2,-2,0.0,152,0.08,0,0,1.5,1,3,0,3,1,1,1.0,1,1,0.65,3,2,4.33,4,5,22.91
ENS012,SEC,Securite Informatique,RT,3,3,3,2,0,0,0,-1,-0.33,150,0.0,0,0,2.75,2,3,0,0,1,2,0.5,0,3,0.73,4,1,4.47,3,5,21.09
ENS018,GC_MAT,Matériaux,GC,2,2,3,4,0,0,1,1,0.67,218,0.17,1,0,2.75,2,4,0,0,1,1,1.0,4,0,0.95,2,2,3.64,2,7,25.03
ENS025,GC_STRU,Structure Batiment,GC,2,3,3,4,0,1,0,1,0.67,224,0.25,1,0,3.0,2,4,0,0,2,1,1.0,1,3,0.64,1,1,2.67,3,7,16.04
ENS022,BD,Bases de Donnees,INFO,2,1,1,3,2,-1,0,2,0.33,138,0.08,0,0,1.75,1,3,0,2,2,3,0.67,1,2,0.73,2,2,2.87,4,4,19.39
ENS005,RESEAU,Reseaux,RT,2,2,1,2,3,0,-1,1,0.0,238,0.17,1,0,1.75,1,2,0,1,2,2,0.5,2,1,0.95,1,1,2.85,4,7,21.45
ENS024,WEB_B,Developpement Web Back,WEB,1,2,1,1,2,1,-1,0,0.0,251,0.17,1,0,1.25,1,2,0,3,1,1,1.0,1,0,0.65,0,0,3.12,4,8,17.49
ENS025,PED,Pedagogie,SUP,5,3,3,4,1,-2,0,1,-0.33,84,0.25,0,0,3.75,3,5,1,0,1,1,1.0,3,0,0.93,2,2,2.73,1,2,19.61
ENS018,GESTION,Gestion de Projet,SUP,2,4,3,2,0,2,-1,-1,0.0,339,0.42,1,0,2.75,2,4,0,0,2,1,1.0,3,2,0.58,1,2,2.65,4,11,21.2
ENS022,GESTION,Gestion de Projet,SUP,4,5,4,4,0,1,-1,0,0.0,279,0.25,1,0,4.25,4,5,1,0,3,3,0.67,3,3,0.72,2,1,3.46,2,9,21.52
ENS013,RESEAU,Reseaux,RT,1,2,2,1,4,1,0,-1,0.0,75,0.42,0,0,1.5,1,2,0,2,1,1,1.0,1,1,0.72,4,2,4.1,2,2,20.8
ENS024,GC_MAT,Matériaux,GC,2,3,2,2,3,1,-1,0,0.0,277,0.0,1,0,2.25,2,3,0,0,3,3,0.67,3,0,0.63,4,1,3.75,3,9,25.15
ENS028,SEC,Securite Informatique,RT,3,4,5,4,0,1,1,-1,0.33,93,0.25,0,0,4.0,3,5,1,0,3,1,1.0,1,2,0.76,2,2,2.8,1,3,14.9
ENS016,GC_MAT,Matériaux,GC,3,4,2,2,3,1,-2,0,-0.33,319,0.17,1,0,2.75,2,4,0,0,3,2,0.5,0,2,0.85,0,2,4.33,4,10,18.91
ENS027,PROG,Programmation,GL,3,5,4,5,0,2,-1,1,0.67,127,0.08,0,0,4.25,3,5,2,0,3,2,0.5,3,0,0.91,4,1,4.09,1,4,24.23
ENS030,PROG,Programmation,GL,4,5,3,3,0,1,-2,0,-0.33,143,0.17,0,0,3.75,3,5,1,0,3,3,0.67,3,0,0.54,0,0,3.44,1,4,17.08
ENS009,PED,Pedagogie,SUP,5,3,3,5,2,-2,0,2,0.0,356,0.33,1,0,4.0,3,5,2,0,2,3,0.67,0,1,0.77,1,0,3.43,2,11,14.71
ENS030,RESEAU,Reseaux,RT,1,1,1,1,3,0,0,0,0.0,313,0.08,1,0,1.0,1,1,0,4,1,1,1.0,4,2,0.53,0,0,3.75,4,10,24.15
ENS022,GC_MAT,Matériaux,GC,2,1,1,2,2,-1,0,1,0.0,338,0.08,1,0,1.5,1,2,0,2,2,3,0.67,3,3,0.94,4,0,2.99,1,11,22.18
ENS022,WEB_B,Developpement Web Back,WEB,5,5,5,4,0,0,0,-1,-0.33,333,0.25,1,0,4.75,4,5,3,0,2,2,0.5,0,2,0.62,2,2,3.25,4,11,17.6
ENS030,ALG,Algorithmique,GL,3,2,2,3,0,-1,0,1,0.0,41,0.25,0,0,2.5,2,3,0,0,3,1,1.0,2,2,0.86,4,2,2.75,4,1,23.8
ENS016,ANG,Anglais Technique,SUP,1,1,1,3,1,0,0,2,0.67,136,0.0,0,0,1.5,1,3,0,3,1,3,0.67,2,1,0.91,1,2,2.74,3,4,19.53
ENS019,GC_STRU,Structure Batiment,GC,2,4,4,4,0,2,0,0,0.67,68,0.42,0,0,3.5,2,4,0,0,3,2,0.5,4,3,0.61,1,0,3.75,1,2,21.05
ENS027,RESEAU,Reseaux,RT,4,4,5,4,0,0,1,-1,0.0,174,0.17,0,0,4.25,4,5,1,0,1,1,1.0,3,0,0.87,4,0,3.64,1,5,23.13
ENS004,GC_MAT,Matériaux,GC,1,3,3,2,4,2,0,-1,0.33,87,0.25,0,0,2.25,1,3,0,1,1,3,0.67,3,1,0.94,3,0,3.05,1,2,21.3
ENS030,SEC,Securite Informatique,RT,4,4,4,3,1,0,0,-1,-0.33,365,0.42,1,0,3.75,3,4,0,0,2,1,1.0,1,1,0.73,1,1,2.53,3,12,16.21
ENS030,WEB_B,Developpement Web Back,WEB,1,2,2,1,2,1,0,-1,0.0,154,0.25,0,0,1.5,1,2,0,2,2,1,1.0,1,3,0.88,2,2,3.04,3,5,18.98
ENS002,PED,Pedagogie,SUP,3,4,5,3,0,1,1,-2,0.0,250,0.08,1,0,3.75,3,5,1,0,2,2,0.5,4,0,0.95,0,1,3.07,3,8,23.39
ENS013,WEB_B,Developpement Web Back,WEB,5,4,4,5,0,-1,0,1,0.0,275,0.0,1,0,4.5,4,5,2,0,1,1,1.0,5,0,0.86,0,0,4.27,1,9,24.34
ENS022,PED,Pedagogie,SUP,3,4,4,3,2,1,0,-1,0.0,312,0.17,1,0,3.5,3,4,0,0,3,1,1.0,0,0,0.54,3,0,2.76,3,10,15.72
ENS023,PROG,Programmation,GL,3,4,5,5,0,1,1,0,0.67,291,0.33,1,0,4.25,3,5,2,0,1,1,1.0,2,0,0.74,1,2,2.98,4,9,20.66
ENS027,RESEAU,Reseaux,RT,3,3,4,4,2,0,1,0,0.33,55,0.08,0,0,3.5,3,4,0,0,2,1,1.0,3,1,0.71,4,2,3.05,4,1,25.65
ENS025,PED,Pedagogie,SUP,4,4,3,2,2,0,-1,-1,-0.67,302,0.08,1,1,3.25,2,4,0,0,2,2,0.5,5,3,0.84,2,0,2.53,3,10,25.76
ENS007,PED,Pedagogie,SUP,2,1,1,3,3,-1,0,2,0.33,294,0.08,1,0,1.75,1,3,0,2,1,1,1.0,0,0,0.81,4,0,3.12,1,9,15.79
ENS023,SEC,Securite Informatique,RT,4,3,4,2,0,-1,1,-2,-0.67,181,0.17,1,1,3.25,2,4,0,0,2,3,0.67,3,2,0.57,2,2,3.33,3,6,22.01
ENS017,GESTION,Gestion de Projet,SUP,5,3,3,3,2,-2,0,0,-0.67,299,0.42,1,1,3.5,3,5,1,0,3,3,0.67,1,1,0.62,0,0,3.02,3,9,15.64
ENS026,ALG,Algorithmique,GL,1,3,1,1,2,2,-2,0,0.0,43,0.25,0,0,1.5,1,3,0,3,2,2,0.5,0,3,0.5,0,1,3.87,4,1,16.24
ENS017,RESEAU,Reseaux,RT,3,3,2,2,2,0,-1,0,-0.33,305,0.42,1,0,2.5,2,3,0,0,1,3,0.67,0,3,0.56,2,2,4.34,1,10,14.98
ENS025,WEB_F,Developpement Web Front,WEB,4,2,4,3,2,-2,2,-1,-0.33,145,0.17,0,0,3.25,2,4,0,0,2,2,0.5,0,2,0.67,1,1,3.5,4,4,17.35
ENS011,GC_MAT,Matériaux,GC,1,1,1,3,3,0,0,2,0.67,362,0.25,1,0,1.5,1,3,0,3,1,1,1.0,5,0,0.68,2,2,3.85,3,12,27.6
ENS016,ANG,Anglais Technique,SUP,1,2,3,3,1,1,1,0,0.67,129,0.0,0,0,2.25,1,3,0,1,3,1,1.0,0,3,0.53,3,1,4.48,4,4,20.61
ENS013,RESEAU,Reseaux,RT,1,2,1,1,4,1,-1,0,0.0,314,0.33,1,0,1.25,1,2,0,3,1,2,0.5,4,2,0.83,0,1,3.46,3,10,23.57
ENS002,GESTION,Gestion de Projet,SUP,3,2,1,1,3,-1,-1,0,-0.67,228,0.17,1,1,1.75,1,3,0,2,2,3,0.67,2,0,0.81,2,1,3.28,4,7,22.61
ENS003,GC_MAT,Matériaux,GC,2,3,3,2,2,1,0,-1,0.0,101,0.0,0,0,2.5,2,3,0,0,2,1,1.0,0,0,0.81,4,2,2.88,3,3,18.31
ENS015,PED,Pedagogie,SUP,5,4,4,5,1,-1,0,1,0.0,239,0.08,1,0,4.5,4,5,2,0,2,3,0.67,2,1,0.66,3,0,3.2,2,7,19.7
ENS027,GC_MAT,Matériaux,GC,1,1,2,2,2,0,1,0,0.33,304,0.0,1,0,1.5,1,2,0,2,3,2,0.5,0,3,0.8,4,2,4.41,1,10,18.32
ENS005,BD,Bases de Donnees,INFO,4,3,4,3,0,-1,1,-1,-0.33,338,0.42,1,0,3.5,3,4,0,0,2,3,0.67,2,1,0.56,0,2,3.88,1,11,16.06
ENS017,RESEAU,Reseaux,RT,3,1,1,3,3,-2,0,2,0.0,34,0.33,0,0,2.0,1,3,0,2,1,2,0.5,0,0,0.61,3,1,3.61,1,1,14.77
ENS012,WEB_B,Developpement Web Back,WEB,3,4,3,4,1,1,-1,1,0.33,105,0.17,0,0,3.5,3,4,0,0,2,3,0.67,3,0,0.8,4,0,3.72,1,3,22.94
ENS030,BD,Bases de Donnees,INFO,1,3,2,3,2,2,-1,1,0.67,168,0.25,0,0,2.25,1,3,0,1,1,2,0.5,4,0,0.85,4,0,3.53,2,5,26.31
ENS004,GC_STRU,Structure Batiment,GC,5,4,4,5,0,-1,0,1,0.0,224,0.08,1,0,4.5,4,5,2,0,2,3,0.67,3,0,0.69,1,1,4.41,4,7,25.27
ENS020,GC_STRU,Structure Batiment,GC,1,2,3,2,2,1,1,-1,0.33,336,0.25,1,0,2.0,1,3,0,1,3,3,0.67,4,2,0.92,1,2,3.27,1,11,21.64
ENS021,GC_MAT,Matériaux,GC,3,3,4,4,1,0,1,0,0.33,306,0.33,1,0,3.5,3,4,0,0,3,1,1.0,5,2,0.54,1,1,3.16,2,10,23.02
ENS024,ALG,Algorithmique,GL,1,1,1,1,3,0,0,0,0.0,303,0.25,1,0,1.0,1,1,0,4,2,2,0.5,0,2,0.69,2,1,4.19,1,10,15.33
ENS015,PROG,Programmation,GL,5,5,5,5,2,0,0,0,0.0,256,0.33,1,0,5.0,5,5,4,0,3,3,0.67,2,0,0.55,4,0,4.34,2,8,22.43
ENS008,BD,Bases de Donnees,INFO,5,4,3,4,0,-1,-1,1,-0.33,182,0.08,1,0,4.0,3,5,1,0,1,1,1.0,1,2,0.88,4,1,2.92,2,6,19.24
ENS012,SEC,Securite Informatique,RT,4,4,2,3,0,0,-2,1,-0.33,229,0.08,1,0,3.25,2,4,0,0,2,2,0.5,4,3,0.81,1,1,4.18,2,7,24.41
ENS003,GESTION,Gestion de Projet,SUP,3,4,5,3,1,1,1,-2,0.0,149,0.0,0,0,3.75,3,5,1,0,3,3,0.67,4,0,0.61,2,1,3.12,3,4,23.79
ENS015,GC_MAT,Matériaux,GC,2,2,2,4,0,0,0,2,0.67,334,0.17,1,0,2.5,2,4,0,0,2,3,0.67,3,3,0.55,3,2,3.83,1,11,20.91
ENS010,GESTION,Gestion de Projet,SUP,3,4,2,4,1,1,-2,2,0.33,233,0.25,1,0,3.25,2,4,0,0,2,1,1.0,3,0,0.77,2,0,2.69,1,7,18.73
ENS022,ANG,Anglais Technique,SUP,1,3,2,2,2,2,-1,0,0.33,193,0.25,1,0,2.0,1,3,0,1,3,2,0.5,1,0,0.53,4,0,2.78,1,6,15.71
ENS005,ANG,Anglais Technique,SUP,2,2,3,3,1,0,1,0,0.33,41,0.0,0,0,2.5,2,3,0,0,1,2,0.5,2,2,0.53,3,1,3.86,1,1,18.87
ENS020,GC_STRU,Structure Batiment,GC,2,3,2,1,3,1,-1,-1,-0.33,109,0.08,0,0,2.0,1,3,0,1,1,1,1.0,0,3,0.64,4,0,4.14,2,3,18.48
ENS006,PED,Pedagogie,SUP,5,5,3,4,0,0,-2,1,-0.33,44,0.0,0,0,4.25,3,5,2,0,3,1,1.0,5,3,0.82,0,2,3.41,1,1,22.42
ENS018,GC_STRU,Structure Batiment,GC,4,2,2,4,0,-2,0,2,0.0,341,0.08,1,0,3.0,2,4,0,0,1,1,1.0,5,3,0.9,3,1,3.34,4,11,30.18
ENS010,GESTION,Gestion de Projet,SUP,3,2,2,2,3,-1,0,0,-0.33,134,0.08,0,0,2.25,2,3,0,0,2,1,1.0,2,2,0.57,4,2,3.52,1,4,19.39
ENS026,ANG,Anglais Technique,SUP,2,2,2,2,2,0,0,0,0.0,253,0.17,1,0,2.0,2,2,0,0,3,2,0.5,5,3,0.75,3,1,3.23,2,8,26.21
ENS013,RESEAU,Reseaux,RT,4,3,4,5,0,-1,1,1,0.33,227,0.33,1,0,4.0,3,5,1,0,3,1,1.0,5,2,0.54,2,0,2.87,4,7,26.44
ENS005,GC_MAT,Matériaux,GC,1,1,1,1,2,0,0,0,0.0,301,0.25,1,0,1.0,1,1,0,4,1,2,0.5,5,0,0.62,4,1,3.83,4,10,30.76
ENS006,PROG,Programmation,GL,4,4,4,3,0,0,0,-1,-0.33,39,0.08,0,0,3.75,3,4,0,0,1,3,0.67,4,3,0.88,1,1,3.47,4,1,26.34
ENS013,ALG,Algorithmique,GL,1,1,2,2,4,0,1,0,0.33,254,0.42,1,0,1.5,1,2,0,2,3,2,0.5,5,1,0.93,2,2,3.91,3,8,28.97
ENS009,GESTION,Gestion de Projet,SUP,3,4,3,3,0,1,-1,0,0.0,65,0.25,0,0,3.25,3,4,0,0,1,2,0.5,3,2,0.54,3,1,4.04,3,2,24.28
ENS025,GC_MAT,Matériaux,GC,1,1,1,1,2,0,0,0,0.0,66,0.42,0,0,1.0,1,1,0,4,1,3,0.67,4,1,0.78,4,2,4.18,1,2,25.76
ENS019,PROG,Programmation,GL,5,5,5,4,0,0,0,-1,-0.33,191,0.0,1,0,4.75,4,5,3,0,3,2,0.5,3,3,0.86,0,1,2.53,3,6,19.86
ENS027,ANG,Anglais Technique,SUP,3,1,3,2,2,-2,2,-1,-0.33,201,0.17,1,0,2.25,1,3,0,1,3,1,1.0,1,3,0.64,1,1,4.49,3,6,19.68
ENS018,SEC,Securite Informatique,RT,3,2,4,4,3,-1,2,0,0.33,278,0.33,1,0,3.25,2,4,0,0,2,1,1.0,2,0,0.67,1,0,2.51,2,9,16.37
ENS023,GC_STRU,Structure Batiment,GC,2,3,4,2,0,1,1,-2,0.0,364,0.0,1,0,2.75,2,4,0,0,3,1,1.0,0,1,0.54,2,2,3.54,1,12,13.28
ENS014,WEB_F,Developpement Web Front,WEB,2,2,1,1,3,0,-1,0,-0.33,200,0.17,1,0,1.5,1,2,0,2,2,3,0.67,3,1,0.63,1,0,3.62,2,6,20.39
ENS024,GESTION,Gestion de Projet,SUP,5,3,3,3,1,-2,0,0,-0.67,311,0.42,1,1,3.5,3,5,1,0,1,2,0.5,3,2,0.78,1,1,3.68,1,10,19.76
ENS010,RESEAU,Reseaux,RT,5,4,4,5,2,-1,0,1,0.0,135,0.08,0,0,4.5,4,5,2,0,3,2,0.5,2,2,0.84,3,0,3.45,2,4,21.1
ENS027,PED,Pedagogie,SUP,3,2,4,2,1,-1,2,-2,-0.33,183,0.25,1,0,2.75,2,4,0,0,3,3,0.67,2,2,0.75,4,2,2.56,1,6,18.37
ENS010,GC_MAT,Matériaux,GC,3,3,2,4,0,0,-1,2,0.33,298,0.08,1,0,3.0,2,4,0,0,1,2,0.5,1,3,0.63,2,2,4.29,4,9,21.73
ENS015,WEB_B,Developpement Web Back,WEB,3,4,4,4,0,1,0,0,0.33,154,0.0,0,0,3.75,3,4,0,0,1,3,0.67,4,2,0.86,0,2,4.39,4,5,27.08
ENS029,SEC,Securite Informatique,RT,3,4,2,4,2,1,-2,2,0.33,331,0.33,1,0,3.25,2,4,0,0,1,3,0.67,0,1,0.56,1,0,3.18,1,11,11.66
ENS014,PROG,Programmation,GL,2,4,4,4,1,2,0,0,0.67,137,0.25,0,0,3.5,2,4,0,0,3,2,0.5,0,2,0.63,0,2,3.28,3,4,14.21
ENS020,PROG,Programmation,GL,3,3,4,3,0,0,1,-1,0.0,305,0.25,1,0,3.25,3,4,0,0,2,2,0.5,2,0,0.78,0,0,2.85,4,10,19.6
ENS011,PROG,Programmation,GL,3,4,3,4,0,1,-1,1,0.33,290,0.42,1,0,3.5,3,4,0,0,2,1,1.0,1,3,0.71,2,2,3.12,3,9,18.29
ENS028,PED,Pedagogie,SUP,4,2,2,2,2,-2,0,0,-0.67,101,0.08,0,1,2.5,2,4,0,0,1,3,0.67,5,2,0.86,1,1,3.93,4,3,29.16
ENS001,GC_MAT,Matériaux,GC,1,1,3,2,3,0,2,-1,0.33,69,0.33,0,0,1.75,1,3,0,2,2,3,0.67,2,2,0.77,4,1,3.59,2,2,22.03
ENS023,ANG,Anglais Technique,SUP,5,4,4,4,0,-1,0,0,-0.33,106,0.17,0,0,4.25,4,5,1,0,2,3,0.67,4,1,0.83,1,2,2.91,4,3,24.97
ENS027,ANG,Anglais Technique,SUP,5,4,5,4,0,-1,1,-1,-0.33,198,0.25,1,0,4.5,4,5,2,0,1,3,0.67,3,3,0.91,3,1,4.16,2,6,24.87
ENS021,RESEAU,Reseaux,RT,1,1,2,1,3,0,1,-1,0.0,270,0.17,1,0,1.25,1,2,0,3,3,3,0.67,3,0,0.55,0,1,4.12,4,9,22.99
ENS004,PED,Pedagogie,SUP,5,4,3,3,1,-1,-1,0,-0.67,182,0.08,1,1,3.75,3,5,1,0,2,2,0.5,2,3,0.9,4,1,4.43,3,6,25.86
ENS002,SEC,Securite Informatique,RT,3,4,2,4,1,1,-2,2,0.33,36,0.33,0,0,3.25,2,4,0,0,1,1,1.0,2,2,0.73,3,0,3.26,2,1,20.17
ENS011,GC_STRU,Structure Batiment,GC,5,4,4,3,1,-1,0,-1,-0.67,354,0.0,1,1,4.0,3,5,1,0,3,1,1.0,3,2,0.58,0,0,2.97,4,11,20.84
ENS010,RESEAU,Reseaux,RT,1,2,2,1,4,1,0,-1,0.0,242,0.42,1,0,1.5,1,2,0,2,3,3,0.67,2,3,0.52,4,1,3.66,1,8,19.42
ENS025,GC_STRU,Structure Batiment,GC,5,5,5,5,0,0,0,0,0.0,237,0.42,1,0,5.0,5,5,4,0,3,2,0.5,1,1,0.66,1,0,3.66,1,7,15.12
ENS004,PED,Pedagogie,SUP,2,2,2,2,3,0,0,0,0.0,32,0.42,0,0,2.0,2,2,0,0,1,1,1.0,0,1,0.58,0,1,2.97,2,1,11.84
ENS012,WEB_F,Developpement Web Front,WEB,1,3,3,1,3,2,0,-2,0.0,226,0.0,1,0,2.0,1,3,0,2,3,3,0.67,4,0,0.63,3,0,4.2,1,7,24.05
ENS029,GC_MAT,Matériaux,GC,2,2,3,3,0,0,1,0,0.33,164,0.25,0,0,2.5,2,3,0,0,2,3,0.67,4,0,0.85,3,0,3.64,4,5,28.53
ENS007,GC_STRU,Structure Batiment,GC,4,4,3,5,1,0,-1,2,0.33,266,0.42,1,0,4.0,3,5,1,0,2,1,1.0,1,3,0.93,1,0,3.35,2,8,17.35
ENS010,BD,Bases de Donnees,INFO,4,3,3,5,0,-1,0,2,0.33,204,0.0,1,0,3.75,3,5,1,0,2,1,1.0,1,3,0.85,0,2,3.89,3,6,18.53
ENS017,BD,Bases de Donnees,INFO,1,2,1,3,2,1,-1,2,0.67,341,0.17,1,0,1.75,1,3,0,2,3,3,0.67,2,3,0.9,3,2,3.33,4,11,24.16
ENS007,ALG,Algorithmique,GL,1,2,2,2,4,1,0,0,0.33,344,0.0,1,0,1.75,1,2,0,1,2,1,1.0,5,2,0.5,0,0,4.17,1,11,22.34
ENS023,ALG,Algorithmique,GL,1,1,1,1,4,0,0,0,0.0,280,0.42,1,0,1.0,1,1,0,4,1,1,1.0,3,1,0.73,1,0,4.42,2,9,22.49
ENS029,ALG,Algorithmique,GL,3,4,4,4,1,1,0,0,0.33,144,0.25,0,0,3.75,3,4,0,0,2,1,1.0,5,1,0.89,1,2,2.97,3,4,25.89
ENS018,PROG,Programmation,GL,2,2,3,3,1,0,1,0,0.33,282,0.25,1,0,2.5,2,3,0,0,2,2,0.5,4,3,0.95,3,0,2.58,1,9,22.41
ENS030,WEB_F,Developpement Web Front,WEB,1,1,2,3,1,0,1,1,0.67,92,0.33,0,0,1.75,1,3,0,2,2,1,1.0,5,2,0.72,1,2,2.93,2,3,23.46
ENS018,PED,Pedagogie,SUP,4,5,5,5,0,1,0,0,0.33,58,0.08,0,0,4.75,4,5,3,0,2,3,0.67,5,3,0.93,1,0,4.42,3,1,28.99
ENS018,WEB_B,Developpement Web Back,WEB,3,2,3,3,2,-1,1,0,0.0,39,0.33,0,0,2.75,2,3,0,0,2,2,0.5,3,2,0.71,0,2,2.92,2,1,18.39
ENS026,RESEAU,Reseaux,RT,3,3,3,1,4,0,0,-2,-0.67,57,0.42,0,1,2.5,1,3,0,1,3,3,0.67,2,2,0.62,4,2,3.14,1,1,18.88
ENS006,PROG,Programmation,GL,4,2,4,4,1,-2,2,0,0.0,289,0.17,1,0,3.5,2,4,0,0,3,3,0.67,2,0,0.75,2,0,3.73,2,9,20.21
ENS014,GC_STRU,Structure Batiment,GC,4,5,4,4,0,1,-1,0,0.0,270,0.25,1,0,4.25,4,5,1,0,1,1,1.0,3,0,0.53,3,1,2.89,1,9,18.93
ENS030,ANG,Anglais Technique,SUP,5,5,5,5,0,0,0,0,0.0,272,0.33,1,0,5.0,5,5,4,0,1,1,1.0,5,0,0.74,3,0,3.79,4,9,30.28
ENS013,ANG,Anglais Technique,SUP,2,2,2,3,1,0,0,1,0.33,252,0.42,1,0,2.25,2,3,0,0,1,2,0.5,0,3,0.78,3,0,3.72,3,8,18.84
ENS030,PROG,Programmation,GL,4,4,3,3,0,0,-1,0,-0.33,311,0.33,1,0,3.5,3,4,0,0,1,1,1.0,5,0,0.94,2,2,3.36,2,10,26.42
ENS022,RESEAU,Reseaux,RT,2,3,1,1,4,1,-2,0,-0.33,144,0.08,0,0,1.75,1,3,0,2,3,2,0.5,1,0,0.93,4,0,3.5,4,4,23.65
ENS025,GESTION,Gestion de Projet,SUP,5,3,5,5,2,-2,2,0,0.0,193,0.42,1,0,4.5,3,5,3,0,2,3,0.67,3,1,0.61,2,2,3.05,4,6,23.15
ENS023,ALG,Algorithmique,GL,3,4,4,2,0,1,0,-2,-0.33,243,0.33,1,0,3.25,2,4,0,0,3,3,0.67,1,2,0.85,4,0,2.61,2,8,18.47
ENS013,SEC,Securite Informatique,RT,3,4,2,4,3,1,-2,2,0.33,218,0.25,1,0,3.25,2,4,0,0,3,1,1.0,2,2,0.78,0,2,3.54,2,7,17.98
ENS014,PROG,Programmation,GL,4,5,5,3,0,1,0,-2,-0.33,255,0.42,1,0,4.25,3,5,2,0,1,2,0.5,3,1,0.63,3,2,4.17,2,8,23.49
ENS003,GC_STRU,Structure Batiment,GC,3,5,3,5,0,2,-2,2,0.67,272,0.0,1,0,4.0,3,5,2,0,2,2,0.5,5,0,0.55,1,1,2.59,1,9,20.43
ENS018,PROG,Programmation,GL,4,3,4,3,2,-1,1,-1,-0.33,262,0.17,1,0,3.5,3,4,0,0,1,2,0.5,5,0,0.73,4,0,2.54,1,8,24.23
ENS002,GC_STRU,Structure Batiment,GC,1,1,1,1,2,0,0,0,0.0,356,0.08,1,0,1.0,1,1,0,4,3,1,1.0,2,0,0.61,0,0,2.69,2,11,15.43
ENS028,PROG,Programmation,GL,5,5,3,3,0,0,-2,0,-0.67,355,0.33,1,1,4.0,3,5,2,0,3,1,1.0,4,1,0.71,3,0,3.03,2,11,23.61
ENS001,PED,Pedagogie,SUP,4,3,4,3,3,-1,1,-1,-0.33,223,0.0,1,0,3.5,3,4,0,0,3,3,0.67,5,2,0.69,4,0,3.25,2,7,26.95
ENS004,GESTION,Gestion de Projet,SUP,1,2,2,3,3,1,0,1,0.67,279,0.0,1,0,2.0,1,3,0,1,3,3,0.67,0,2,0.73,0,2,2.87,1,9,10.89
ENS004,GC_MAT,Matériaux,GC,3,1,1,3,4,-2,0,2,0.0,207,0.25,1,0,2.0,1,3,0,2,1,3,0.67,3,3,0.74,0,0,3.25,4,6,22.2
ENS013,GC_MAT,Matériaux,GC,3,3,3,1,2,0,0,-2,-0.67,323,0.33,1,1,2.5,1,3,0,1,1,3,0.67,5,3,0.89,0,2,4.18,4,10,28.81
ENS005,BD,Bases de Donnees,INFO,3,2,2,2,3,-1,0,0,-0.33,305,0.42,1,0,2.25,2,3,0,0,2,2,0.5,4,3,0.7,2,2,4.32,4,10,28.14
ENS028,GC_STRU,Structure Batiment,GC,2,2,2,1,3,0,0,-1,-0.33,50,0.25,0,0,1.75,1,2,0,1,2,1,1.0,5,3,0.74,1,2,3.96,4,1,28.62
ENS028,PROG,Programmation,GL,3,3,5,3,0,0,2,-2,0.0,174,0.42,0,0,3.5,3,5,1,0,1,3,0.67,5,1,0.7,4,2,3.31,3,5,28.62
ENS007,GC_STRU,Structure Batiment,GC,2,1,2,1,3,-1,1,-1,-0.33,163,0.25,0,0,1.5,1,2,0,2,1,3,0.67,5,2,0.57,3,0,2.77,2,5,24.39
ENS015,BD,Bases de Donnees,INFO,1,1,2,1,3,0,1,-1,0.0,316,0.33,1,0,1.25,1,2,0,3,1,3,0.67,4,0,0.94,1,2,3.81,3,10,25.82
ENS008,WEB_F,Developpement Web Front,WEB,2,2,2,3,2,0,0,1,0.33,292,0.33,1,0,2.25,2,3,0,0,3,1,1.0,3,0,0.7,4,2,2.64,1,9,20.28
ENS021,GESTION,Gestion de Projet,SUP,2,1,1,3,2,-1,0,2,0.33,207,0.42,1,0,1.75,1,3,0,2,2,1,1.0,2,2,0.78,4,1,3.12,4,6,24.14
ENS017,WEB_F,Developpement Web Front,WEB,1,2,2,1,3,1,0,-1,0.0,279,0.0,1,0,1.5,1,2,0,2,1,3,0.67,3,1,0.63,4,2,3.13,4,9,25.41
ENS005,BD,Bases de Donnees,INFO,1,2,1,2,0,1,-1,1,0.33,54,0.33,0,0,1.5,1,2,0,2,2,1,1.0,3,1,0.78,3,1,2.86,1,1,20.12
ENS023,BD,Bases de Donnees,INFO,5,5,4,3,2,0,-1,-1,-0.67,59,0.0,0,1,4.25,3,5,2,0,3,1,1.0,1,0,0.67,3,1,3.4,1,1,16.65
ENS015,GC_STRU,Structure Batiment,GC,4,4,2,4,2,0,-2,2,0.0,86,0.0,0,0,3.5,2,4,0,0,2,2,0.5,5,1,0.82,0,1,4.12,1,2,23.84
ENS021,SEC,Securite Informatique,RT,3,3,3,3,0,0,0,0,0.0,314,0.33,1,0,3.0,3,3,0,0,3,2,0.5,0,2,0.52,2,1,2.72,1,10,11.54
ENS015,BD,Bases de Donnees,INFO,1,1,1,1,3,0,0,0,0.0,161,0.0,0,0,1.0,1,1,0,4,2,2,0.5,2,2,0.64,0,0,4.42,2,5,19.04
ENS015,GESTION,Gestion de Projet,SUP,4,4,5,3,2,0,1,-2,-0.33,347,0.0,1,0,4.0,3,5,1,0,2,3,0.67,3,3,0.59,1,1,2.9,4,11,21.75
ENS024,RESEAU,Reseaux,RT,3,2,3,2,2,-1,1,-1,-0.33,57,0.25,0,0,2.5,2,3,0,0,2,2,0.5,1,2,0.58,2,2,2.5,1,1,13.4
ENS026,PROG,Programmation,GL,3,3,2,3,1,0,-1,1,0.0,40,0.25,0,0,2.75,2,3,0,0,3,2,0.5,4,3,0.88,3,1,3.51,1,1,23.92
ENS017,SEC,Securite Informatique,RT,3,4,3,4,1,1,-1,1,0.33,170,0.17,0,0,3.5,3,4,0,0,3,2,0.5,2,0,0.81,2,0,3.19,1,5,17.93
ENS029,SEC,Securite Informatique,RT,4,2,4,3,1,-2,2,-1,-0.33,209,0.42,1,0,3.25,2,4,0,0,1,3,0.67,2,0,0.93,3,0,3.7,3,6,23.55
ENS017,RESEAU,Reseaux,RT,5,5,4,4,0,0,-1,0,-0.33,134,0.08,0,0,4.5,4,5,2,0,2,1,1.0,0,0,0.63,4,0,4.23,4,4,21.61
ENS009,GC_STRU,Structure Batiment,GC,2,1,3,2,3,-1,2,-1,0.0,342,0.33,1,0,2.0,1,3,0,1,1,3,0.67,1,0,0.66,4,0,4.49,2,11,21.28
ENS030,GC_STRU,Structure Batiment,GC,2,4,4,4,1,2,0,0,0.67,230,0.08,1,0,3.5,2,4,0,0,2,3,0.67,1,1,0.89,3,1,3.48,1,7,17.91
ENS011,BD,Bases de Donnees,INFO,3,5,5,3,0,2,0,-2,0.0,101,0.33,0,0,4.0,3,5,2,0,3,1,1.0,0,0,0.69,1,2,2.73,2,3,12.91
ENS027,WEB_B,Developpement Web Back,WEB,3,3,1,2,2,0,-2,1,-0.33,242,0.25,1,0,2.25,1,3,0,1,3,1,1.0,3,3,0.68,4,1,2.52,1,8,19.94
ENS020,GESTION,Gestion de Projet,SUP,1,2,1,3,3,1,-1,2,0.67,151,0.08,0,0,1.75,1,3,0,2,3,2,0.5,4,0,0.61,1,1,2.91,3,5,22.37
ENS016,GC_STRU,Structure Batiment,GC,3,4,4,3,1,1,0,-1,0.0,100,0.42,0,0,3.5,3,4,0,0,2,2,0.5,5,0,0.85,0,2,3.01,3,3,24.77
ENS026,BD,Bases de Donnees,INFO,4,5,4,3,1,1,-1,-1,-0.33,311,0.08,1,0,4.0,3,5,1,0,3,3,0.67,4,1,0.53,1,1,3.07,2,10,20.79
ENS029,RESEAU,Reseaux,RT,3,4,3,4,0,1,-1,1,0.33,279,0.0,1,0,3.5,3,4,0,0,1,3,0.67,3,2,0.79,3,0,2.78,2,9,21.51
ENS029,ALG,Algorithmique,GL,2,2,2,3,0,0,0,1,0.33,251,0.08,1,0,2.25,2,3,0,0,2,3,0.67,5,1,0.68,0,0,3.18,1,8,21.26
ENS023,GC_STRU,Structure Batiment,GC,2,2,1,3,4,0,-1,2,0.33,274,0.17,1,0,2.0,1,3,0,1,3,1,1.0,2,2,0.71,0,1,3.35,2,9,17.25
ENS020,WEB_B,Developpement Web Back,WEB,1,1,1,1,2,0,0,0,0.0,330,0.17,1,0,1.0,1,1,0,4,3,3,0.67,0,3,0.81,1,1,2.93,2,11,13.91
ENS010,ANG,Anglais Technique,SUP,5,4,5,5,0,-1,1,0,0.0,172,0.42,0,0,4.75,4,5,3,0,2,1,1.0,4,2,0.64,0,2,3.8,4,5,24.8
ENS006,ALG,Algorithmique,GL,1,1,1,1,3,0,0,0,0.0,308,0.0,1,0,1.0,1,1,0,4,3,2,0.5,5,3,0.51,3,1,2.86,1,10,22.77
ENS024,ANG,Anglais Technique,SUP,1,3,2,1,1,2,-1,-1,0.0,183,0.08,1,0,1.75,1,3,0,2,3,2,0.5,3,0,0.62,2,2,4.35,2,6,22.8
ENS004,SEC,Securite Informatique,RT,3,4,3,4,2,1,-1,1,0.33,89,0.17,0,0,3.5,3,4,0,0,1,3,0.67,5,1,0.5,3,2,2.77,1,2,22.54
ENS018,BD,Bases de Donnees,INFO,5,3,5,3,0,-2,2,-2,-0.67,272,0.42,1,1,4.0,3,5,2,0,3,1,1.0,4,1,0.58,0,2,4.15,3,9,23.7
ENS004,RESEAU,Reseaux,RT,3,5,3,3,2,2,-2,0,0.0,103,0.08,0,0,3.5,3,5,1,0,3,2,0.5,5,2,0.72,0,0,2.6,2,3,21.8
ENS016,RESEAU,Reseaux,RT,2,3,1,3,3,1,-2,2,0.33,115,0.17,0,0,2.25,1,3,0,1,1,1,1.0,0,1,0.58,4,2,4.35,2,3,18.6
ENS028,ANG,Anglais Technique,SUP,5,5,5,5,0,0,0,0,0.0,200,0.33,1,0,5.0,5,5,4,0,3,3,0.67,5,2,0.92,1,1,4.08,2,6,26.76
ENS026,GC_MAT,Matériaux,GC,1,1,1,1,2,0,0,0,0.0,272,0.42,1,0,1.0,1,1,0,4,1,1,1.0,1,3,0.85,0,1,2.71,3,9,16.17
ENS012,GC_STRU,Structure Batiment,GC,2,3,4,3,0,1,1,-1,0.33,225,0.0,1,0,3.0,2,4,0,0,3,3,0.67,4,2,0.87,1,2,2.6,3,7,23.05
ENS025,GC_STRU,Structure Batiment,GC,1,2,1,1,2,1,-1,0,0.0,291,0.25,1,0,1.25,1,2,0,3,2,1,1.0,0,3,0.94,2,2,3.06,1,9,14.32
ENS010,GC_STRU,Structure Batiment,GC,1,2,1,2,2,1,-1,1,0.33,150,0.25,0,0,1.5,1,2,0,2,2,3,0.67,5,3,0.61,1,2,3.19,1,5,21.93
ENS027,PED,Pedagogie,SUP,2,2,3,4,3,0,1,1,0.67,296,0.42,1,0,2.75,2,4,0,0,1,2,0.5,1,1,0.94,3,2,4.34,4,9,24.38
ENS016,GC_STRU,Structure Batiment,GC,4,3,2,3,0,-1,-1,1,-0.33,124,0.42,0,0,3.0,2,4,0,0,3,3,0.67,2,2,0.86,0,2,3.1,4,4,20.5
ENS004,ALG,Algorithmique,GL,1,1,2,1,2,0,1,-1,0.0,359,0.42,1,0,1.25,1,2,0,3,3,1,1.0,1,2,0.58,3,0,4.31,2,11,19.52
ENS013,GC_STRU,Structure Batiment,GC,1,3,2,1,2,2,-1,-1,0.0,35,0.17,0,0,1.75,1,3,0,2,3,1,1.0,2,2,0.74,4,2,4.47,4,1,26.64
ENS013,BD,Bases de Donnees,INFO,3,3,5,5,0,0,2,0,0.67,143,0.33,0,0,4.0,3,5,2,0,2,1,1.0,3,0,0.53,2,0,4.22,1,4,20.59
ENS010,WEB_B,Developpement Web Back,WEB,3,5,5,5,2,2,0,0,0.67,343,0.17,1,0,4.5,3,5,3,0,3,3,0.67,0,1,0.83,3,1,3.84,3,11,19.33
ENS006,WEB_B,Developpement Web Back,WEB,3,4,3,3,0,1,-1,0,0.0,229,0.25,1,0,3.25,3,4,0,0,2,3,0.67,0,2,0.6,1,1,4.3,1,7,14.1
ENS025,RESEAU,Reseaux,RT,3,1,3,1,3,-2,2,-2,-0.67,89,0.0,0,1,2.0,1,3,0,2,1,2,0.5,1,1,0.58,2,0,2.82,3,2,17.04
ENS006,WEB_F,Developpement Web Front,WEB,2,3,3,2,1,1,0,-1,0.0,293,0.33,1,0,2.5,2,3,0,0,3,3,0.67,4,0,0.79,3,2,3.81,3,9,27.07
ENS018,WEB_B,Developpement Web Back,WEB,1,1,1,2,2,0,0,1,0.33,175,0.08,0,0,1.25,1,2,0,3,2,3,0.67,4,0,0.9,1,1,3.23,3,5,24.46
ENS015,PED,Pedagogie,SUP,5,5,3,3,1,0,-2,0,-0.67,345,0.17,1,1,4.0,3,5,2,0,1,3,0.67,0,0,0.52,0,1,3.67,4,11,15.94
ENS008,BD,Bases de Donnees,INFO,3,3,1,3,1,0,-2,2,0.0,126,0.08,0,0,2.5,1,3,0,1,1,2,0.5,3,1,0.68,3,1,2.53,2,4,20.46
ENS012,GESTION,Gestion de Projet,SUP,3,1,2,2,2,-2,1,0,-0.33,318,0.33,1,0,2.0,1,3,0,1,3,1,1.0,5,3,0.63,4,0,2.62,4,10,28.39
ENS007,GC_STRU,Structure Batiment,GC,2,2,4,2,2,0,2,-2,0.0,219,0.0,1,0,2.5,2,4,0,0,1,2,0.5,4,1,0.87,0,2,3.26,2,7,21.87
ENS009,PROG,Programmation,GL,4,3,3,4,1,-1,0,1,0.0,212,0.42,1,0,3.5,3,4,0,0,3,1,1.0,4,1,0.54,2,2,3.37,3,7,23.94
ENS002,BD,Bases de Donnees,INFO,4,5,3,4,1,1,-2,1,0.0,105,0.25,0,0,4.0,3,5,1,0,3,3,0.67,4,0,0.5,4,1,4.49,2,3,26.48
ENS029,PROG,Programmation,GL,2,2,2,4,2,0,0,2,0.67,41,0.25,0,0,2.5,2,4,0,0,3,3,0.67,0,3,0.83,1,0,4.43,2,1,17.01
ENS001,WEB_F,Developpement Web Front,WEB,3,3,4,4,1,0,1,0,0.33,361,0.42,1,0,3.5,3,4,0,0,3,3,0.67,5,0,0.57,3,1,3.34,3,12,27.03
ENS018,PROG,Programmation,GL,2,4,2,3,3,2,-2,1,0.33,189,0.08,1,0,2.75,2,4,0,0,2,2,0.5,3,3,0.85,0,0,3.01,2,6,19.27
ENS019,GC_STRU,Structure Batiment,GC,3,4,3,3,0,1,-1,0,0.0,77,0.08,0,0,3.25,3,4,0,0,2,2,0.5,2,2,0.75,3,2,3.83,3,2,22.91
ENS008,GC_STRU,Structure Batiment,GC,1,3,2,1,1,2,-1,-1,0.0,345,0.0,1,0,1.75,1,3,0,2,1,3,0.67,5,2,0.51,4,0,3.17,3,11,27.39
ENS030,RESEAU,Reseaux,RT,3,4,3,2,2,1,-1,-1,-0.33,104,0.0,0,0,3.0,2,4,0,0,2,2,0.5,1,3,0.87,1,2,4.45,1,3,17.75
ENS006,BD,Bases de Donnees,INFO,1,1,1,2,3,0,0,1,0.33,107,0.17,0,0,1.25,1,2,0,3,3,2,0.5,1,0,0.94,1,0,4.18,3,3,20.56
ENS028,WEB_F,Developpement Web Front,WEB,1,2,2,1,2,1,0,-1,0.0,207,0.33,1,0,1.5,1,2,0,2,1,1,1.0,1,2,0.67,0,1,3.38,2,6,15.11
ENS013,GESTION,Gestion de Projet,SUP,3,2,3,2,1,-1,1,-1,-0.33,291,0.0,1,0,2.5,2,3,0,0,1,3,0.67,1,1,0.71,3,1,2.84,2,9,17.23
ENS025,RESEAU,Reseaux,RT,2,1,2,1,2,-1,1,-1,-0.33,352,0.25,1,0,1.5,1,2,0,2,1,2,0.5,2,2,0.73,1,0,4.09,4,11,22.83
ENS007,ANG,Anglais Technique,SUP,1,1,2,3,2,0,1,1,0.67,261,0.0,1,0,1.75,1,3,0,2,1,3,0.67,4,1,0.6,1,2,3.76,1,8,21.02
ENS028,GC_MAT,Matériaux,GC,1,1,1,2,1,0,0,1,0.33,171,0.42,0,0,1.25,1,2,0,3,2,2,0.5,5,2,0.51,3,0,3.59,3,5,27.23
ENS020,WEB_B,Developpement Web Back,WEB,1,1,1,1,2,0,0,0,0.0,181,0.42,1,0,1.0,1,1,0,4,3,1,1.0,2,3,0.58,4,1,3.18,1,6,18.76
ENS011,GC_STRU,Structure Batiment,GC,5,4,5,3,0,-1,1,-2,-0.67,177,0.33,0,1,4.25,3,5,2,0,1,1,1.0,2,1,0.87,4,1,3.01,4,5,24.37
ENS006,ANG,Anglais Technique,SUP,1,2,2,1,1,1,0,-1,0.0,54,0.08,0,0,1.5,1,2,0,2,1,1,1.0,0,3,0.84,4,2,4.06,1,1,17.82
ENS012,RESEAU,Reseaux,RT,2,1,1,3,2,-1,0,2,0.33,72,0.42,0,0,1.75,1,3,0,2,2,2,0.5,3,2,0.94,0,0,4.4,3,2,24.0
ENS013,PED,Pedagogie,SUP,3,3,3,5,0,0,0,2,0.67,178,0.0,0,0,3.5,3,5,1,0,3,1,1.0,3,0,0.77,2,1,4.49,3,5,25.33
ENS024,GESTION,Gestion de Projet,SUP,3,2,2,2,4,-1,0,0,-0.33,107,0.17,0,0,2.25,2,3,0,0,1,2,0.5,3,0,0.55,0,2,2.77,2,3,17.29
ENS030,GESTION,Gestion de Projet,SUP,2,2,3,2,2,0,1,-1,0.0,353,0.25,1,0,2.25,2,3,0,0,2,2,0.5,2,1,0.59,0,0,4.37,2,11,18.69
ENS019,WEB_F,Developpement Web Front,WEB,2,1,1,1,3,-1,0,0,-0.33,76,0.25,0,0,1.25,1,2,0,3,2,2,0.5,1,1,0.8,1,2,4.1,3,2,19.7
ENS003,WEB_F,Developpement Web Front,WEB,1,2,2,2,3,1,0,0,0.33,63,0.0,0,0,1.75,1,2,0,1,1,2,0.5,1,1,0.7,0,2,4.36,2,2,17.22
ENS006,GC_MAT,Matériaux,GC,2,1,1,1,2,-1,0,0,-0.33,94,0.0,0,0,1.25,1,2,0,3,3,3,0.67,5,0,0.83,0,1,4.34,2,3,25.83
ENS001,ANG,Anglais Technique,SUP,1,1,1,1,2,0,0,0,0.0,45,0.42,0,0,1.0,1,1,0,4,2,2,0.5,0,0,0.87,1,2,4.35,3,1,18.55
ENS026,GC_STRU,Structure Batiment,GC,3,2,2,2,4,-1,0,0,-0.33,207,0.0,1,0,2.25,2,3,0,0,1,1,1.0,4,2,0.59,1,0,3.42,2,6,21.79
ENS015,PROG,Programmation,GL,5,3,5,5,0,-2,2,0,0.0,204,0.08,1,0,4.5,3,5,3,0,1,2,0.5,2,0,0.72,3,2,4.13,4,6,24.86
ENS001,PROG,Programmation,GL,3,3,3,3,1,0,0,0,0.0,139,0.33,0,0,3.0,3,3,0,0,2,3,0.67,1,0,0.62,1,0,2.83,3,4,16.26
ENS002,PROG,Programmation,GL,3,4,2,3,2,1,-2,1,0.0,69,0.25,0,0,3.0,2,4,0,0,1,3,0.67,4,2,0.81,3,2,3.86,1,2,24.27
ENS028,GESTION,Gestion de Projet,SUP,5,3,3,3,0,-2,0,0,-0.67,166,0.42,0,1,3.5,3,5,1,0,2,3,0.67,4,2,0.63,2,2,3.11,3,5,23.87
ENS030,GC_STRU,Structure Batiment,GC,4,3,4,4,0,-1,1,0,0.0,198,0.0,1,0,3.75,3,4,0,0,3,2,0.5,1,0,0.78,3,0,3.74,1,6,17.88
ENS004,GESTION,Gestion de Projet,SUP,2,1,2,3,2,-1,1,1,0.33,62,0.08,0,0,2.0,1,3,0,1,1,3,0.67,0,2,0.61,4,0,3.38,3,2,18.31
ENS009,ANG,Anglais Technique,SUP,3,2,1,1,1,-1,-1,0,-0.67,337,0.17,1,1,1.75,1,3,0,2,2,2,0.5,2,1,0.9,4,0,4.17,4,11,26.84
ENS022,SEC,Securite Informatique,RT,2,2,3,3,0,0,1,0,0.33,60,0.33,0,0,2.5,2,3,0,0,3,2,0.5,4,0,0.61,4,2,3.95,3,2,27.45
ENS001,BD,Bases de Donnees,INFO,1,2,1,1,2,1,-1,0,0.0,275,0.17,1,0,1.25,1,2,0,3,1,3,0.67,0,0,0.84,4,0,3.6,2,9,18.4
ENS018,ANG,Anglais Technique,SUP,3,3,3,1,2,0,0,-2,-0.67,194,0.0,1,1,2.5,1,3,0,1,2,1,1.0,4,2,0.74,2,1,2.52,1,6,20.24
ENS029,ALG,Algorithmique,GL,2,3,1,2,1,1,-2,1,0.0,74,0.17,0,0,2.0,1,3,0,1,2,1,1.0,3,2,0.68,3,0,2.64,4,2,23.68
ENS006,GC_STRU,Structure Batiment,GC,2,4,3,4,0,2,-1,1,0.67,147,0.33,0,0,3.25,2,4,0,0,1,2,0.5,2,2,0.68,2,0,3.92,3,4,21.74
ENS002,GC_MAT,Matériaux,GC,3,3,2,2,2,0,-1,0,-0.33,47,0.0,0,0,2.5,2,3,0,0,2,2,0.5,3,1,0.61,2,1,3.15,3,1,21.85
ENS017,SEC,Securite Informatique,RT,2,2,2,4,1,0,0,2,0.67,67,0.33,0,0,2.5,2,4,0,0,3,3,0.67,5,2,0.75,1,0,2.76,1,2,21.77
ENS025,BD,Bases de Donnees,INFO,1,2,1,1,3,1,-1,0,0.0,42,0.33,0,0,1.25,1,2,0,3,3,1,1.0,5,1,0.57,0,0,3.93,3,1,25.21
ENS009,ALG,Algorithmique,GL,1,1,1,1,4,0,0,0,0.0,53,0.42,0,0,1.0,1,1,0,4,2,3,0.67,1,1,0.75,3,2,3.32,3,1,19.89
ENS019,ALG,Algorithmique,GL,2,4,2,4,0,2,-2,2,0.67,276,0.25,1,0,3.0,2,4,0,0,1,2,0.5,5,2,0.76,3,0,3.23,3,9,27.76
ENS023,GESTION,Gestion de Projet,SUP,4,2,4,2,0,-2,2,-2,-0.67,141,0.17,0,1,3.0,2,4,0,0,2,1,1.0,0,0,0.57,1,1,3.87,2,4,14.59
ENS027,BD,Bases de Donnees,INFO,4,5,4,4,0,1,-1,0,0.0,268,0.0,1,0,4.25,4,5,1,0,2,2,0.5,5,2,0.91,2,1,2.55,1,8,23.15
ENS004,WEB_F,Developpement Web Front,WEB,2,3,1,1,1,1,-2,0,-0.33,347,0.42,1,0,1.75,1,3,0,2,2,2,0.5,5,3,0.58,2,1,3.14,2,11,24.18
ENS030,WEB_B,Developpement Web Back,WEB,1,1,1,2,3,0,0,1,0.33,210,0.17,1,0,1.25,1,2,0,3,1,1,1.0,3,2,0.86,0,1,4.43,2,7,22.16
ENS015,PROG,Programmation,GL,5,4,3,4,0,-1,-1,1,-0.33,316,0.33,1,0,4.0,3,5,1,0,2,3,0.67,4,1,0.93,4,0,4.09,4,10,30.83
ENS001,GC_STRU,Structure Batiment,GC,2,3,3,3,2,1,0,0,0.33,45,0.25,0,0,2.75,2,3,0,0,3,3,0.67,2,1,0.74,2,1,3.97,1,1,19.14
ENS023,GC_STRU,Structure Batiment,GC,3,2,4,2,2,-1,2,-2,-0.33,82,0.17,0,0,2.75,2,4,0,0,1,2,0.5,1,3,0.51,1,1,4.32,2,2,17.19
ENS029,WEB_B,Developpement Web Back,WEB,1,1,3,3,3,0,2,0,0.67,123,0.42,0,0,2.0,1,3,0,2,3,2,0.5,0,3,0.76,1,2,4.32,4,4,19.44
ENS010,PROG,Programmation,GL,4,4,4,2,1,0,0,-2,-0.67,164,0.33,0,1,3.5,2,4,0,0,2,3,0.67,0,2,0.85,0,2,3.22,3,5,15.19
ENS030,ANG,Anglais Technique,SUP,4,5,5,5,0,1,0,0,0.33,187,0.0,1,0,4.75,4,5,3,0,2,2,0.5,0,2,0.5,4,2,3.43,3,6,17.86
ENS017,RESEAU,Reseaux,RT,3,4,5,4,1,1,1,-1,0.33,98,0.33,0,0,4.0,3,5,1,0,1,3,0.67,1,3,0.78,4,0,3.76,4,3,23.42
ENS030,SEC,Securite Informatique,RT,5,5,4,5,0,0,-1,1,0.0,274,0.25,1,0,4.75,4,5,3,0,3,1,1.0,1,0,0.85,4,1,3.44,1,9,18.63
ENS004,ALG,Algorithmique,GL,1,1,1,2,4,0,0,1,0.33,286,0.17,1,0,1.25,1,2,0,3,1,2,0.5,3,3,0.87,3,1,2.7,3,9,23.25
ENS021,PED,Pedagogie,SUP,3,4,4,4,2,1,0,0,0.33,314,0.17,1,0,3.75,3,4,0,0,2,1,1.0,5,3,0.55,2,0,3.29,1,10,22.83
ENS003,WEB_B,Developpement Web Back,WEB,1,1,2,1,3,0,1,-1,0.0,100,0.17,0,0,1.25,1,2,0,3,1,2,0.5,0,3,0.73,2,1,3.6,3,3,17.35
ENS011,GC_MAT,Matériaux,GC,3,4,2,3,0,1,-2,1,0.0,118,0.17,0,0,3.0,2,4,0,0,1,1,1.0,0,0,0.51,4,2,2.91,1,3,13.87
ENS002,BD,Bases de Donnees,INFO,1,2,2,1,2,1,0,-1,0.0,57,0.0,0,0,1.5,1,2,0,2,1,3,0.67,1,0,0.86,3,1,3.43,1,1,17.66
ENS012,GC_MAT,Matériaux,GC,1,2,1,2,2,1,-1,1,0.33,96,0.08,0,0,1.5,1,2,0,2,3,1,1.0,1,0,0.58,2,2,3.58,3,3,18.56
ENS013,PROG,Programmation,GL,4,5,3,5,1,1,-2,2,0.33,52,0.33,0,0,4.25,3,5,2,0,1,2,0.5,4,2,0.7,1,1,3.89,2,1,23.28
ENS003,ALG,Algorithmique,GL,1,1,1,2,3,0,0,1,0.33,266,0.0,1,0,1.25,1,2,0,3,1,2,0.5,4,0,0.78,2,1,3.31,2,8,23.52
ENS026,GESTION,Gestion de Projet,SUP,2,3,4,2,0,1,1,-2,0.0,97,0.08,0,0,2.75,2,4,0,0,3,1,1.0,5,3,0.94,4,1,4.38,2,3,30.46
ENS003,BD,Bases de Donnees,INFO,1,2,3,2,0,1,1,-1,0.33,328,0.25,1,0,2.0,1,3,0,1,2,1,1.0,4,1,0.76,0,2,2.9,3,10,22.1
ENS007,SEC,Securite Informatique,RT,3,4,4,4,0,1,0,0,0.33,100,0.33,0,0,3.75,3,4,0,0,2,2,0.5,0,1,0.7,1,1,3.88,4,3,18.26
ENS011,SEC,Securite Informatique,RT,4,4,3,4,2,0,-1,1,0.0,180,0.25,0,0,3.75,3,4,0,0,3,1,1.0,2,2,0.71,0,1,2.97,4,6,19.49
ENS012,GESTION,Gestion de Projet,SUP,4,4,2,3,0,0,-2,1,-0.33,250,0.0,1,0,3.25,2,4,0,0,3,1,1.0,1,1,0.51,0,0,3.86,2,8,15.27
ENS002,PROG,Programmation,GL,5,4,5,3,2,-1,1,-2,-0.67,312,0.08,1,1,4.25,3,5,2,0,3,2,0.5,3,2,0.78,1,0,3.72,2,10,21.34
ENS004,GC_STRU,Structure Batiment,GC,1,1,1,1,3,0,0,0,0.0,234,0.33,1,0,1.0,1,1,0,4,1,1,1.0,2,1,0.85,1,2,4.29,2,7,20.83
ENS005,PED,Pedagogie,SUP,2,3,2,2,1,1,-1,0,0.0,100,0.17,0,0,2.25,2,3,0,0,1,2,0.5,0,1,0.75,0,1,4.01,3,3,16.27
ENS017,SEC,Securite Informatique,RT,5,5,3,5,0,0,-2,2,0.0,128,0.08,0,0,4.5,3,5,3,0,1,3,0.67,5,2,0.69,3,0,3.7,4,4,29.85
ENS023,GC_STRU,Structure Batiment,GC,2,2,4,4,0,0,2,0,0.67,290,0.25,1,0,3.0,2,4,0,0,1,1,1.0,0,1,0.79,3,2,3.14,2,9,16.23
ENS028,GESTION,Gestion de Projet,SUP,3,4,4,5,0,1,0,1,0.67,184,0.17,1,0,4.0,3,5,1,0,2,1,1.0,1,3,0.51,0,1,4.48,4,6,19.51
ENS027,WEB_B,Developpement Web Back,WEB,4,4,3,3,2,0,-1,0,-0.33,132,0.0,0,0,3.5,3,4,0,0,1,2,0.5,2,2,0.79,4,0,4.07,4,4,26.09
ENS009,WEB_B,Developpement Web Back,WEB,1,1,1,2,2,0,0,1,0.33,56,0.25,0,0,1.25,1,2,0,3,3,1,1.0,5,1,0.5,3,1,2.99,4,1,27.48
ENS025,WEB_F,Developpement Web Front,WEB,3,3,2,2,3,0,-1,0,-0.33,327,0.33,1,0,2.5,2,3,0,0,2,2,0.5,0,2,0.71,1,0,2.97,2,10,13.49
ENS029,PROG,Programmation,GL,5,3,4,5,0,-2,1,1,0.0,156,0.33,0,0,4.25,3,5,2,0,3,3,0.67,4,2,0.85,0,1,3.37,3,5,23.49
ENS013,GC_MAT,Matériaux,GC,4,3,3,2,2,-1,0,-1,-0.67,267,0.42,1,1,3.0,2,4,0,0,3,1,1.0,1,0,0.71,3,0,3.06,1,8,16.17
ENS022,GC_STRU,Structure Batiment,GC,3,3,2,1,2,0,-1,-1,-0.67,98,0.25,0,1,2.25,1,3,0,1,2,2,0.5,0,3,0.82,3,0,2.61,4,3,18.32
ENS003,GC_STRU,Structure Batiment,GC,4,4,2,2,0,0,-2,0,-0.67,194,0.42,1,1,3.0,2,4,0,0,2,2,0.5,5,3,0.7,2,1,3.0,1,6,23.0
ENS026,ANG,Anglais Technique,SUP,1,2,2,3,1,1,0,1,0.67,182,0.17,1,0,2.0,1,3,0,1,3,3,0.67,4,0,0.85,3,0,3.9,4,6,29.05
ENS012,PROG,Programmation,GL,5,4,5,5,0,-1,1,0,0.0,150,0.0,0,0,4.75,4,5,3,0,1,2,0.5,4,1,0.6,0,0,3.62,2,5,21.24
ENS013,BD,Bases de Donnees,INFO,2,1,3,2,2,-1,2,-1,0.0,193,0.42,1,0,2.0,1,3,0,1,2,3,0.67,0,1,0.78,1,0,4.05,2,6,16.0
ENS010,GC_MAT,Matériaux,GC,4,2,2,3,0,-2,0,1,-0.33,83,0.08,0,0,2.75,2,4,0,0,2,3,0.67,1,0,0.57,4,1,4.09,1,2,18.53
ENS001,WEB_F,Developpement Web Front,WEB,3,4,4,4,2,1,0,0,0.33,345,0.33,1,0,3.75,3,4,0,0,2,3,0.67,2,3,0.6,1,2,3.67,4,11,21.34
ENS005,GC_MAT,Matériaux,GC,4,2,4,4,0,-2,2,0,0.0,297,0.08,1,0,3.5,2,4,0,0,3,3,0.67,4,3,0.59,4,0,3.76,4,9,28.47
ENS002,BD,Bases de Donnees,INFO,1,1,2,2,3,0,1,0,0.33,130,0.0,0,0,1.5,1,2,0,2,1,3,0.67,0,3,0.76,4,1,3.59,4,4,20.98
ENS018,WEB_B,Developpement Web Back,WEB,1,2,3,2,4,1,1,-1,0.33,161,0.17,0,0,2.0,1,3,0,1,2,3,0.67,0,0,0.75,0,0,2.71,3,5,13.67
ENS011,BD,Bases de Donnees,INFO,3,1,2,1,1,-2,1,-1,-0.67,265,0.08,1,1,1.75,1,3,0,2,1,3,0.67,0,0,0.74,1,1,3.51,2,8,14.72
ENS012,GC_MAT,Matériaux,GC,1,1,1,1,2,0,0,0,0.0,122,0.25,0,0,1.0,1,1,0,4,3,2,0.5,1,0,0.81,1,1,4.06,2,4,18.17
ENS029,SEC,Securite Informatique,RT,2,2,2,4,0,0,0,2,0.67,177,0.0,0,0,2.5,2,4,0,0,3,2,0.5,3,1,0.74,3,1,3.38,3,5,23.96
ENS011,WEB_B,Developpement Web Back,WEB,3,2,1,2,3,-1,-1,1,-0.33,364,0.33,1,0,2.0,1,3,0,1,3,3,0.67,2,3,0.51,1,2,4.35,4,12,22.25
ENS018,GC_STRU,Structure Batiment,GC,5,4,5,4,0,-1,1,-1,-0.33,61,0.33,0,0,4.5,4,5,2,0,2,3,0.67,1,2,0.81,4,1,4.06,4,2,24.17
ENS024,GC_STRU,Structure Batiment,GC,3,4,5,4,1,1,1,-1,0.33,111,0.33,0,0,4.0,3,5,1,0,1,3,0.67,0,3,0.72,1,1,4.04,3,3,17.18
ENS010,GC_STRU,Structure Batiment,GC,1,3,1,3,2,2,-2,2,0.67,36,0.0,0,0,2.0,1,3,0,2,1,2,0.5,5,3,0.74,0,2,4.16,2,1,25.02
ENS019,PROG,Programmation,GL,5,4,3,4,0,-1,-1,1,-0.33,330,0.33,1,0,4.0,3,5,1,0,2,3,0.67,5,0,0.59,1,0,3.14,1,11,21.73
ENS017,BD,Bases de Donnees,INFO,3,1,1,3,2,-2,0,2,0.0,273,0.17,1,0,2.0,1,3,0,2,3,2,0.5,2,2,0.8,2,2,4.44,3,9,23.38
ENS021,SEC,Securite Informatique,RT,3,2,3,4,0,-1,1,1,0.33,178,0.17,0,0,3.0,2,4,0,0,2,3,0.67,5,3,0.91,0,1,3.12,4,5,26.79
ENS015,RESEAU,Reseaux,RT,2,3,2,2,4,1,-1,0,0.0,94,0.0,0,0,2.25,2,3,0,0,3,2,0.5,0,1,0.71,4,2,4.24,2,3,19.03
ENS029,PROG,Programmation,GL,4,4,3,5,0,0,-1,2,0.33,339,0.08,1,0,4.0,3,5,1,0,1,3,0.67,3,3,0.75,4,0,2.85,1,11,20.95
ENS008,PROG,Programmation,GL,2,2,2,3,1,0,0,1,0.33,314,0.0,1,0,2.25,2,3,0,0,2,2,0.5,3,0,0.52,3,0,2.84,3,10,21.78
ENS007,RESEAU,Reseaux,RT,5,3,5,3,0,-2,2,-2,-0.67,244,0.08,1,1,4.0,3,5,2,0,3,2,0.5,2,1,0.72,1,2,2.87,3,8,18.84
ENS006,PED,Pedagogie,SUP,3,5,3,3,0,2,-2,0,0.0,97,0.0,0,0,3.5,3,5,1,0,1,2,0.5,1,1,0.52,0,2,2.81,1,3,11.72
ENS025,BD,Bases de Donnees,INFO,1,2,2,3,1,1,0,1,0.67,244,0.25,1,0,2.0,1,3,0,1,3,2,0.5,4,1,0.51,0,1,2.84,3,8,20.73
ENS023,PROG,Programmation,GL,2,4,4,2,3,2,0,-2,0.0,209,0.0,1,0,3.0,2,4,0,0,1,2,0.5,3,2,0.74,2,2,3.81,4,6,25.32
ENS005,GC_STRU,Structure Batiment,GC,4,5,5,3,1,1,0,-2,-0.33,64,0.33,0,0,4.25,3,5,2,0,1,1,1.0,4,2,0.95,3,1,3.0,3,2,26.25
ENS008,PED,Pedagogie,SUP,3,5,4,3,0,2,-1,-1,0.0,236,0.33,1,0,3.75,3,5,1,0,2,3,0.67,2,1,0.81,0,0,2.59,4,7,19.23
ENS015,PROG,Programmation,GL,4,3,5,4,2,-1,2,-1,0.0,114,0.08,0,0,4.0,3,5,1,0,2,2,0.5,5,2,0.52,1,1,3.73,1,3,22.56
ENS025,WEB_B,Developpement Web Back,WEB,2,1,1,1,2,-1,0,0,-0.33,167,0.17,0,0,1.25,1,2,0,3,3,3,0.67,2,2,0.78,1,2,2.53,3,5,18.46
ENS029,RESEAU,Reseaux,RT,2,1,1,1,4,-1,0,0,-0.33,255,0.08,1,0,1.25,1,2,0,3,1,3,0.67,3,3,0.8,4,0,3.63,4,8,27.26
ENS003,BD,Bases de Donnees,INFO,2,1,2,1,3,-1,1,-1,-0.33,248,0.08,1,0,1.5,1,2,0,2,2,2,0.5,4,2,0.51,4,0,3.42,4,8,27.39
ENS030,SEC,Securite Informatique,RT,4,2,2,4,0,-2,0,2,0.0,285,0.25,1,0,3.0,2,4,0,0,2,3,0.67,0,1,0.68,2,2,3.84,3,9,17.58
ENS008,BD,Bases de Donnees,INFO,4,4,3,5,0,0,-1,2,0.33,343,0.17,1,0,4.0,3,5,1,0,2,2,0.5,0,2,0.84,2,2,3.1,3,11,16.9
ENS015,ANG,Anglais Technique,SUP,3,1,1,3,0,-2,0,2,0.0,197,0.42,1,0,2.0,1,3,0,2,2,1,1.0,5,1,0.56,4,0,4.45,1,6,27.2
ENS030,RESEAU,Reseaux,RT,2,4,3,3,2,2,-1,0,0.33,126,0.25,0,0,3.0,2,4,0,0,3,1,1.0,4,0,0.66,2,1,4.43,4,4,28.16
ENS013,RESEAU,Reseaux,RT,1,2,1,1,3,1,-1,0,0.0,83,0.25,0,0,1.25,1,2,0,3,2,3,0.67,1,0,0.7,3,0,4.26,1,2,18.52
ENS003,WEB_B,Developpement Web Back,WEB,2,2,1,1,2,0,-1,0,-0.33,360,0.0,1,0,1.5,1,2,0,2,2,2,0.5,5,3,0.55,1,1,3.17,4,12,26.09
ENS023,RESEAU,Reseaux,RT,2,2,3,2,2,0,1,-1,0.0,272,0.33,1,0,2.25,2,3,0,0,3,3,0.67,3,0,0.69,3,2,3.77,4,9,25.99
ENS015,BD,Bases de Donnees,INFO,1,1,1,2,3,0,0,1,0.33,176,0.42,0,0,1.25,1,2,0,3,2,3,0.67,3,1,0.86,0,1,3.78,3,5,22.36
ENS010,BD,Bases de Donnees,INFO,2,2,2,2,3,0,0,0,0.0,41,0.25,0,0,2.0,2,2,0,0,1,3,0.67,5,2,0.83,4,2,3.52,2,1,28.19
ENS025,ANG,Anglais Technique,SUP,2,3,2,2,0,1,-1,0,0.0,148,0.08,0,0,2.25,2,3,0,0,2,3,0.67,2,2,0.54,0,2,4.15,4,4,21.0
ENS020,BD,Bases de Donnees,INFO,2,1,2,2,0,-1,1,0,0.0,73,0.42,0,0,1.75,1,2,0,1,2,2,0.5,1,3,0.68,4,2,3.58,1,2,18.06
ENS022,RESEAU,Reseaux,RT,2,1,2,3,2,-1,1,1,0.33,53,0.33,0,0,2.0,1,3,0,1,2,2,0.5,3,1,0.87,3,2,4.02,3,1,25.89
ENS019,PED,Pedagogie,SUP,4,3,2,3,3,-1,-1,1,-0.33,354,0.17,1,0,3.0,2,4,0,0,3,1,1.0,1,1,0.72,2,2,4.14,2,11,18.88
ENS002,GESTION,Gestion de Projet,SUP,4,4,2,4,0,0,-2,2,0.0,364,0.0,1,0,3.5,2,4,0,0,2,3,0.67,1,1,0.66,2,2,3.15,2,12,16.6
ENS014,GESTION,Gestion de Projet,SUP,3,3,1,3,1,0,-2,2,0.0,231,0.25,1,0,2.5,1,3,0,1,2,2,0.5,1,2,0.72,3,2,4.04,1,7,18.18
ENS030,PED,Pedagogie,SUP,5,3,3,3,0,-2,0,0,-0.67,30,0.0,0,1,3.5,3,5,1,0,1,1,1.0,1,3,0.68,0,1,3.62,4,1,18.64
ENS026,ALG,Algorithmique,GL,3,3,4,4,1,0,1,0,0.33,230,0.08,1,0,3.5,3,4,0,0,2,3,0.67,3,3,0.66,1,2,3.72,3,7,22.24
ENS018,WEB_B,Developpement Web Back,WEB,3,4,3,3,0,1,-1,0,0.0,323,0.0,1,0,3.25,3,4,0,0,2,1,1.0,2,1,0.71,4,0,4.45,1,10,21.95
ENS030,ANG,Anglais Technique,SUP,3,2,2,3,1,-1,0,1,0.0,89,0.25,0,0,2.5,2,3,0,0,1,2,0.5,1,1,0.6,0,0,4.14,1,2,14.78
ENS006,WEB_F,Developpement Web Front,WEB,2,3,1,1,3,1,-2,0,-0.33,187,0.25,1,0,1.75,1,3,0,2,1,3,0.67,1,2,0.95,3,1,3.65,4,6,23.05
ENS020,GESTION,Gestion de Projet,SUP,4,3,2,3,0,-1,-1,1,-0.33,78,0.08,0,0,3.0,2,4,0,0,1,1,1.0,0,2,0.88,1,1,3.7,4,2,18.8
ENS003,BD,Bases de Donnees,INFO,1,1,2,2,0,0,1,0,0.33,45,0.42,0,0,1.5,1,2,0,2,1,2,0.5,2,0,0.63,3,1,3.62,4,1,23.39
ENS006,PED,Pedagogie,SUP,5,4,5,5,1,-1,1,0,0.0,127,0.33,0,0,4.75,4,5,3,0,3,2,0.5,5,1,0.93,1,1,3.56,1,4,24.27
ENS005,WEB_B,Developpement Web Back,WEB,1,2,1,2,3,1,-1,1,0.33,140,0.17,0,0,1.5,1,2,0,2,2,2,0.5,5,0,0.53,0,2,3.7,1,4,21.55
ENS008,ANG,Anglais Technique,SUP,2,3,3,3,1,1,0,0,0.33,194,0.08,1,0,2.75,2,3,0,0,2,3,0.67,2,1,0.92,0,2,3.28,3,6,19.66
ENS012,ANG,Anglais Technique,SUP,5,5,5,4,0,0,0,-1,-0.33,349,0.17,1,0,4.75,4,5,3,0,2,2,0.5,5,0,0.62,1,0,2.51,1,11,20.62
ENS020,ALG,Algorithmique,GL,3,1,3,3,2,-2,2,0,0.0,353,0.25,1,0,2.5,1,3,0,1,1,1,1.0,5,3,0.51,2,0,2.63,1,11,21.31
ENS002,RESEAU,Reseaux,RT,1,1,2,2,4,0,1,0,0.33,211,0.08,1,0,1.5,1,2,0,2,1,1,1.0,0,2,0.75,2,1,2.85,3,7,15.95
ENS010,RESEAU,Reseaux,RT,4,3,4,4,0,-1,1,0,0.0,102,0.08,0,0,3.75,3,4,0,0,1,3,0.67,0,2,0.86,2,0,3.42,1,3,14.64
ENS020,RESEAU,Reseaux,RT,3,3,3,2,1,0,0,-1,-0.33,347,0.08,1,0,2.75,2,3,0,0,3,3,0.67,3,0,0.71,0,1,3.0,4,11,21.55
ENS009,PED,Pedagogie,SUP,1,3,1,2,3,2,-2,1,0.33,317,0.42,1,0,1.75,1,3,0,2,3,3,0.67,5,2,0.54,2,2,2.78,3,10,24.76
ENS003,PROG,Programmation,GL,3,3,2,2,1,0,-1,0,-0.33,130,0.42,0,0,2.5,2,3,0,0,1,3,0.67,3,3,0.56,1,0,3.22,2,4,19.24
ENS004,WEB_B,Developpement Web Back,WEB,2,1,1,2,2,-1,0,1,0.0,315,0.08,1,0,1.5,1,2,0,2,1,3,0.67,3,1,0.89,2,0,3.35,2,10,22.15
ENS017,RESEAU,Reseaux,RT,1,2,1,1,3,1,-1,0,0.0,100,0.08,0,0,1.25,1,2,0,3,1,1,1.0,2,3,0.62,3,1,4.35,1,3,20.3
ENS014,GC_STRU,Structure Batiment,GC,1,3,1,3,4,2,-2,2,0.67,73,0.33,0,0,2.0,1,3,0,2,2,3,0.67,1,0,0.6,3,0,4.19,1,2,17.88
ENS003,BD,Bases de Donnees,INFO,2,1,1,1,2,-1,0,0,-0.33,48,0.17,0,0,1.25,1,2,0,3,1,3,0.67,4,0,0.87,4,0,4.14,1,1,26.13
ENS029,BD,Bases de Donnees,INFO,5,5,4,5,0,0,-1,1,0.0,300,0.25,1,0,4.75,4,5,3,0,2,3,0.67,2,3,0.67,4,2,3.11,2,10,20.57
ENS019,ALG,Algorithmique,GL,2,1,2,2,1,-1,1,0,0.0,210,0.25,1,0,1.75,1,2,0,1,2,2,0.5,5,3,0.88,2,1,4.44,2,7,28.28
ENS014,PED,Pedagogie,SUP,3,3,3,2,1,0,0,-1,-0.33,137,0.08,0,0,2.75,2,3,0,0,2,1,1.0,5,3,0.87,2,2,3.06,2,4,25.47
ENS020,SEC,Securite Informatique,RT,2,2,3,3,0,0,1,0,0.33,211,0.08,1,0,2.5,2,3,0,0,1,3,0.67,0,2,0.77,3,0,3.88,2,7,17.61
ENS030,ANG,Anglais Technique,SUP,5,4,5,5,0,-1,1,0,0.0,192,0.25,1,0,4.75,4,5,3,0,2,2,0.5,4,1,0.55,2,0,3.08,2,6,21.91
ENS016,ALG,Algorithmique,GL,4,3,4,2,0,-1,1,-2,-0.67,147,0.0,0,1,3.25,2,4,0,0,2,2,0.5,5,2,0.59,3,0,3.76,4,4,29.47
ENS020,WEB_F,Developpement Web Front,WEB,1,2,1,1,2,1,-1,0,0.0,252,0.17,1,0,1.25,1,2,0,3,3,2,0.5,4,1,0.7,3,1,3.1,4,8,26.7
ENS013,ANG,Anglais Technique,SUP,5,5,4,5,1,0,-1,1,0.0,142,0.42,0,0,4.75,4,5,3,0,1,3,0.67,1,3,0.84,2,2,4.36,3,4,21.42
ENS007,WEB_B,Developpement Web Back,WEB,3,3,3,3,2,0,0,0,0.0,94,0.33,0,0,3.0,3,3,0,0,3,3,0.67,1,3,0.74,3,0,3.75,4,3,22.2
ENS018,PROG,Programmation,GL,4,3,4,4,0,-1,1,0,0.0,207,0.17,1,0,3.75,3,4,0,0,2,1,1.0,0,3,0.92,4,2,3.59,4,6,21.78
ENS001,GC_STRU,Structure Batiment,GC,4,3,2,2,0,-1,-1,0,-0.67,300,0.33,1,1,2.75,2,4,0,0,1,1,1.0,3,0,0.83,3,0,3.69,1,10,22.03
ENS029,WEB_F,Developpement Web Front,WEB,1,2,1,1,3,1,-1,0,0.0,212,0.25,1,0,1.25,1,2,0,3,1,3,0.67,2,1,0.53,0,1,3.78,1,7,15.71
ENS016,GC_STRU,Structure Batiment,GC,1,2,3,2,2,1,1,-1,0.33,205,0.17,1,0,2.0,1,3,0,1,1,2,0.5,1,3,0.89,1,2,4.38,1,6,17.71
ENS019,ANG,Anglais Technique,SUP,3,2,3,2,1,-1,1,-1,-0.33,30,0.42,0,0,2.5,2,3,0,0,1,3,0.67,1,1,0.72,0,0,4.38,4,1,20.36
ENS021,GC_STRU,Structure Batiment,GC,3,3,4,4,0,0,1,0,0.33,101,0.0,0,0,3.5,3,4,0,0,1,1,1.0,0,1,0.89,4,2,3.63,1,3,17.21
ENS029,ANG,Anglais Technique,SUP,2,2,3,2,2,0,1,-1,0.0,71,0.25,0,0,2.25,2,3,0,0,1,1,1.0,5,0,0.79,2,1,2.92,1,2,23.29
ENS029,PED,Pedagogie,SUP,2,4,4,3,3,2,0,-1,0.33,38,0.42,0,0,3.25,2,4,0,0,1,3,0.67,4,3,0.74,1,1,2.54,3,1,22.28
ENS023,GC_MAT,Matériaux,GC,3,3,3,4,1,0,0,1,0.33,310,0.0,1,0,3.25,3,4,0,0,1,1,1.0,1,2,0.63,3,0,4.42,4,10,22.99
ENS024,RESEAU,Reseaux,RT,2,3,2,2,0,1,-1,0,0.0,40,0.17,0,0,2.25,2,3,0,0,2,3,0.67,0,3,0.9,3,1,4.0,4,1,21.5
ENS012,WEB_B,Developpement Web Back,WEB,3,5,5,5,0,2,0,0,0.67,96,0.42,0,0,4.5,3,5,3,0,3,2,0.5,1,3,0.75,0,0,2.68,3,3,15.61
ENS030,PROG,Programmation,GL,3,5,4,5,2,2,-1,1,0.67,98,0.0,0,0,4.25,3,5,2,0,2,3,0.67,2,2,0.8,4,1,3.16,3,3,22.82
ENS028,WEB_F,Developpement Web Front,WEB,1,1,1,1,3,0,0,0,0.0,223,0.42,1,0,1.0,1,1,0,4,1,1,1.0,0,0,0.69,3,1,2.75,2,7,14.95
ENS007,GC_STRU,Structure Batiment,GC,3,4,2,4,2,1,-2,2,0.33,160,0.17,0,0,3.25,2,4,0,0,2,1,1.0,5,0,0.68,3,1,3.78,1,5,25.46
ENS004,RESEAU,Reseaux,RT,2,1,2,1,3,-1,1,-1,-0.33,136,0.42,0,0,1.5,1,2,0,2,2,2,0.5,1,3,0.55,4,1,2.83,4,4,20.41
ENS007,GC_STRU,Structure Batiment,GC,5,4,4,3,1,-1,0,-1,-0.67,152,0.17,0,1,4.0,3,5,1,0,1,3,0.67,2,3,0.56,2,2,3.34,2,5,18.48
ENS004,PROG,Programmation,GL,2,2,3,2,1,0,1,-1,0.0,124,0.08,0,0,2.25,2,3,0,0,2,2,0.5,2,3,0.79,0,0,2.96,3,4,18.37
ENS016,SEC,Securite Informatique,RT,3,2,2,3,1,-1,0,1,0.0,300,0.25,1,0,2.5,2,3,0,0,3,3,0.67,3,2,0.56,1,0,4.2,2,10,21.2
ENS011,PROG,Programmation,GL,5,3,3,5,0,-2,0,2,0.0,354,0.08,1,0,4.0,3,5,2,0,1,3,0.67,2,1,0.93,0,0,2.95,4,11,20.55
ENS008,RESEAU,Reseaux,RT,5,3,5,4,0,-2,2,-1,-0.33,137,0.17,0,0,4.25,3,5,2,0,1,1,1.0,1,0,0.64,3,0,3.59,4,4,21.38
ENS022,BD,Bases de Donnees,INFO,2,2,3,2,2,0,1,-1,0.0,238,0.17,1,0,2.25,2,3,0,0,3,2,0.5,5,2,0.78,4,2,3.46,3,7,29.32
ENS026,GC_MAT,Matériaux,GC,2,1,1,2,2,-1,0,1,0.0,180,0.17,0,0,1.5,1,2,0,2,3,2,0.5,1,1,0.77,3,1,2.88,3,6,19.11
ENS007,PED,Pedagogie,SUP,4,3,2,4,1,-1,-1,2,0.0,287,0.42,1,0,3.25,2,4,0,0,3,3,0.67,5,3,0.55,3,1,2.96,3,9,26.17
ENS006,BD,Bases de Donnees,INFO,1,3,1,3,0,2,-2,2,0.67,203,0.17,1,0,2.0,1,3,0,2,3,1,1.0,3,1,0.63,3,1,2.51,3,6,21.67
ENS017,PED,Pedagogie,SUP,3,2,3,3,2,-1,1,0,0.0,163,0.0,0,0,2.75,2,3,0,0,2,2,0.5,5,2,0.94,3,1,2.69,2,5,26.08
ENS022,SEC,Securite Informatique,RT,3,3,4,4,2,0,1,0,0.33,335,0.0,1,0,3.5,3,4,0,0,2,2,0.5,1,2,0.55,4,0,3.02,3,11,19.29
ENS010,BD,Bases de Donnees,INFO,2,1,3,1,0,-1,2,-2,-0.33,337,0.17,1,0,1.75,1,3,0,2,2,2,0.5,0,2,0.81,1,0,3.91,2,11,15.87
ENS015,WEB_B,Developpement Web Back,WEB,1,2,1,1,3,1,-1,0,0.0,320,0.25,1,0,1.25,1,2,0,3,2,2,0.5,5,2,0.8,3,0,2.84,2,10,25.68
ENS026,WEB_B,Developpement Web Back,WEB,1,1,1,1,2,0,0,0,0.0,278,0.33,1,0,1.0,1,1,0,4,2,3,0.67,5,1,0.73,1,1,3.84,1,9,23.83
ENS001,BD,Bases de Donnees,INFO,2,3,3,1,2,1,0,-2,-0.33,203,0.42,1,0,2.25,1,3,0,1,3,3,0.67,1,0,0.73,1,0,4.02,1,6,16.19
ENS028,PROG,Programmation,GL,4,3,4,4,3,-1,1,0,0.0,165,0.17,0,0,3.75,3,4,0,0,2,3,0.67,3,3,0.59,0,1,2.63,1,5,15.71
ENS030,ANG,Anglais Technique,SUP,4,5,5,5,0,1,0,0,0.33,88,0.42,0,0,4.75,4,5,3,0,3,1,1.0,3,3,0.92,0,2,3.93,4,2,24.46
ENS027,RESEAU,Reseaux,RT,4,2,4,2,0,-2,2,-2,-0.67,322,0.33,1,1,3.0,2,4,0,0,3,2,0.5,2,0,0.66,2,0,3.66,3,10,21.12
ENS001,ALG,Algorithmique,GL,2,2,2,2,4,0,0,0,0.0,92,0.25,0,0,2.0,2,2,0,0,2,1,1.0,3,0,0.64,1,1,3.12,3,3,20.94
ENS006,PROG,Programmation,GL,4,3,3,3,2,-1,0,0,-0.33,286,0.33,1,0,3.25,3,4,0,0,3,1,1.0,5,3,0.51,0,0,3.99,3,9,25.03
ENS027,ANG,Anglais Technique,SUP,2,3,2,1,1,1,-1,-1,-0.33,48,0.0,0,0,2.0,1,3,0,1,2,3,0.67,4,1,0.61,0,0,4.28,2,1,22.61
ENS006,GC_MAT,Matériaux,GC,4,4,3,3,3,0,-1,0,-0.33,121,0.25,0,0,3.5,3,4,0,0,1,1,1.0,5,2,0.52,0,0,3.61,4,4,25.82
ENS008,ALG,Algorithmique,GL,2,1,2,3,3,-1,1,1,0.33,259,0.33,1,0,2.0,1,3,0,1,1,1,1.0,2,2,0.8,3,1,2.8,2,8,19.6
ENS006,RESEAU,Reseaux,RT,1,2,3,3,2,1,1,0,0.67,302,0.33,1,0,2.25,1,3,0,1,2,2,0.5,4,0,0.74,3,1,4.43,3,10,28.06
ENS007,PROG,Programmation,GL,3,3,3,3,0,0,0,0,0.0,321,0.25,1,0,3.0,3,3,0,0,1,2,0.5,4,1,0.84,0,2,3.28,4,10,24.76
ENS029,GESTION,Gestion de Projet,SUP,1,1,2,1,1,0,1,-1,0.0,137,0.25,0,0,1.25,1,2,0,3,1,1,1.0,1,3,0.53,2,1,2.71,4,4,18.07
ENS020,GESTION,Gestion de Projet,SUP,1,3,3,2,4,2,0,-1,0.33,184,0.33,1,0,2.25,1,3,0,1,2,1,1.0,5,0,0.76,2,1,2.74,4,6,27.28
ENS010,WEB_B,Developpement Web Back,WEB,5,5,4,5,0,0,-1,1,0.0,292,0.42,1,0,4.75,4,5,3,0,2,2,0.5,5,0,0.56,3,2,3.18,4,9,28.16
ENS002,BD,Bases de Donnees,INFO,2,2,3,3,1,0,1,0,0.33,100,0.17,0,0,2.5,2,3,0,0,3,2,0.5,2,1,0.78,0,0,3.78,1,3,16.96
ENS002,SEC,Securite Informatique,RT,4,4,4,2,1,0,0,-2,-0.67,41,0.08,0,1,3.5,2,4,0,0,3,3,0.67,5,3,0.94,2,2,3.38,3,1,27.96
ENS012,GESTION,Gestion de Projet,SUP,3,5,3,4,2,2,-2,1,0.33,298,0.0,1,0,3.75,3,5,1,0,3,1,1.0,3,0,0.71,4,1,3.14,1,9,21.33
ENS029,WEB_B,Developpement Web Back,WEB,4,4,4,3,1,0,0,-1,-0.33,158,0.25,0,0,3.75,3,4,0,0,2,2,0.5,2,3,0.64,3,0,3.88,2,5,20.96
ENS019,WEB_B,Developpement Web Back,WEB,4,3,5,5,1,-1,2,0,0.33,136,0.33,0,0,4.25,3,5,2,0,1,3,0.67,1,1,0.59,0,1,4.44,2,4,16.83
ENS027,WEB_F,Developpement Web Front,WEB,1,1,1,1,3,0,0,0,0.0,45,0.17,0,0,1.0,1,1,0,4,3,3,0.67,3,1,0.72,0,0,2.85,2,1,18.3
ENS004,WEB_B,Developpement Web Back,WEB,2,2,3,3,3,0,1,0,0.33,283,0.42,1,0,2.5,2,3,0,0,2,3,0.67,5,2,0.77,0,0,3.7,2,9,24.25
ENS019,SEC,Securite Informatique,RT,4,2,2,2,0,-2,0,0,-0.67,257,0.0,1,1,2.5,2,4,0,0,3,2,0.5,2,3,0.9,0,2,3.6,3,8,20.2
ENS020,BD,Bases de Donnees,INFO,1,3,2,3,0,2,-1,1,0.67,356,0.0,1,0,2.25,1,3,0,1,1,1,1.0,4,1,0.74,1,1,3.66,3,11,24.52
ENS023,WEB_B,Developpement Web Back,WEB,3,1,3,1,3,-2,2,-2,-0.67,74,0.08,0,1,2.0,1,3,0,2,3,1,1.0,5,0,0.82,1,0,3.62,2,2,25.34
ENS005,WEB_F,Developpement Web Front,WEB,2,3,2,3,2,1,-1,1,0.33,237,0.0,1,0,2.5,2,3,0,0,2,3,0.67,0,2,0.72,3,0,3.71,3,7,18.52
ENS024,PROG,Programmation,GL,4,3,5,5,0,-1,2,0,0.33,85,0.33,0,0,4.25,3,5,2,0,1,3,0.67,0,0,0.68,4,2,3.08,2,2,16.56
ENS030,GC_MAT,Matériaux,GC,4,2,2,2,1,-2,0,0,-0.67,347,0.25,1,1,2.5,2,4,0,0,3,3,0.67,4,2,0.82,4,2,2.92,2,11,24.94
ENS025,ANG,Anglais Technique,SUP,4,4,4,5,0,0,0,1,0.33,33,0.25,0,0,4.25,4,5,1,0,1,1,1.0,1,1,0.79,3,1,4.49,4,1,23.93
ENS006,RESEAU,Reseaux,RT,2,1,1,1,4,-1,0,0,-0.33,166,0.0,0,0,1.25,1,2,0,3,1,3,0.67,4,1,0.64,2,1,2.8,2,5,21.8
ENS026,BD,Bases de Donnees,INFO,4,4,3,4,1,0,-1,1,0.0,77,0.25,0,0,3.75,3,4,0,0,3,2,0.5,4,2,0.71,3,0,2.81,2,2,23.17
ENS014,RESEAU,Reseaux,RT,3,3,3,1,2,0,0,-2,-0.67,338,0.0,1,1,2.5,1,3,0,1,2,2,0.5,0,0,0.5,1,2,3.69,2,11,13.88
ENS004,RESEAU,Reseaux,RT,1,2,1,1,3,1,-1,0,0.0,184,0.08,1,0,1.25,1,2,0,3,2,1,1.0,2,3,0.59,0,1,4.03,4,6,21.01
ENS007,PED,Pedagogie,SUP,5,4,4,3,1,-1,0,-1,-0.67,269,0.25,1,1,4.0,3,5,1,0,3,3,0.67,4,3,0.54,3,1,3.77,4,8,27.24
ENS007,WEB_F,Developpement Web Front,WEB,2,1,2,1,2,-1,1,-1,-0.33,40,0.17,0,0,1.5,1,2,0,2,1,3,0.67,3,2,0.86,4,2,2.68,1,1,21.16
ENS027,ANG,Anglais Technique,SUP,3,2,1,1,2,-1,-1,0,-0.67,206,0.33,1,1,1.75,1,3,0,2,3,1,1.0,1,0,0.67,0,0,3.46,2,6,15.27
ENS030,GC_MAT,Matériaux,GC,2,1,2,1,3,-1,1,-1,-0.33,51,0.17,0,0,1.5,1,2,0,2,3,2,0.5,0,2,0.62,4,0,3.25,1,1,15.1
ENS023,PROG,Programmation,GL,4,3,4,4,3,-1,1,0,0.0,74,0.25,0,0,3.75,3,4,0,0,3,1,1.0,2,1,0.86,2,1,2.92,1,2,17.64
ENS010,GC_STRU,Structure Batiment,GC,5,4,5,5,1,-1,1,0,0.0,94,0.25,0,0,4.75,4,5,3,0,1,1,1.0,1,2,0.63,1,0,3.86,3,3,18.37
ENS023,BD,Bases de Donnees,INFO,5,5,3,3,0,0,-2,0,-0.67,60,0.08,0,1,4.0,3,5,2,0,2,3,0.67,3,0,0.51,1,0,3.14,2,2,18.83
ENS016,PED,Pedagogie,SUP,1,2,1,2,2,1,-1,1,0.33,188,0.42,1,0,1.5,1,2,0,2,1,3,0.67,2,3,0.9,4,2,2.9,4,6,24.3
ENS019,SEC,Securite Informatique,RT,2,3,2,3,0,1,-1,1,0.33,145,0.17,0,0,2.5,2,3,0,0,2,1,1.0,5,2,0.76,0,2,4.0,2,4,24.8
ENS029,SEC,Securite Informatique,RT,3,3,4,3,2,0,1,-1,0.0,363,0.25,1,0,3.25,3,4,0,0,3,2,0.5,5,1,0.59,1,0,3.04,1,12,21.53
ENS003,RESEAU,Reseaux,RT,2,2,4,4,2,0,2,0,0.67,310,0.0,1,0,3.0,2,4,0,0,3,1,1.0,2,2,0.61,0,1,2.75,2,10,15.55
ENS004,PROG,Programmation,GL,4,5,5,3,2,1,0,-2,-0.33,343,0.0,1,0,4.25,3,5,2,0,3,3,0.67,2,1,0.7,1,0,2.93,2,11,17.36
ENS010,GC_STRU,Structure Batiment,GC,4,2,4,4,0,-2,2,0,0.0,210,0.17,1,0,3.5,2,4,0,0,2,3,0.67,2,0,0.88,1,0,3.78,1,7,18.46
ENS030,BD,Bases de Donnees,INFO,4,3,5,5,0,-1,2,0,0.33,283,0.42,1,0,4.25,3,5,2,0,3,3,0.67,5,1,0.7,2,0,2.92,2,9,24.34
ENS004,BD,Bases de Donnees,INFO,3,2,2,2,0,-1,0,0,-0.33,126,0.42,0,0,2.25,2,3,0,0,2,3,0.67,0,2,0.7,1,0,2.73,3,4,14.46
ENS004,ANG,Anglais Technique,SUP,1,3,2,3,1,2,-1,1,0.67,170,0.0,0,0,2.25,1,3,0,1,1,2,0.5,3,0,0.86,3,2,2.62,1,5,20.04
ENS026,GC_MAT,Matériaux,GC,2,2,2,1,2,0,0,-1,-0.33,153,0.17,0,0,1.75,1,2,0,1,3,3,0.67,4,3,0.59,0,1,3.22,2,5,20.39
ENS026,BD,Bases de Donnees,INFO,2,1,1,1,2,-1,0,0,-0.33,197,0.08,1,0,1.25,1,2,0,3,3,2,0.5,0,1,0.92,1,1,4.5,1,6,16.1
ENS010,GC_MAT,Matériaux,GC,1,1,1,2,1,0,0,1,0.33,201,0.33,1,0,1.25,1,2,0,3,1,3,0.67,1,2,0.52,0,0,2.79,4,6,16.18
ENS013,RESEAU,Reseaux,RT,4,3,2,4,2,-1,-1,2,0.0,220,0.42,1,0,3.25,2,4,0,0,2,3,0.67,4,2,0.89,1,1,2.66,1,7,20.27
ENS021,PED,Pedagogie,SUP,5,3,4,4,0,-2,1,0,-0.33,355,0.17,1,0,4.0,3,5,1,0,3,1,1.0,4,2,0.53,1,2,3.06,3,11,22.27
ENS009,BD,Bases de Donnees,INFO,2,2,3,3,3,0,1,0,0.33,359,0.33,1,0,2.5,2,3,0,0,2,3,0.67,5,1,0.78,1,0,3.19,1,11,22.78
ENS020,SEC,Securite Informatique,RT,3,4,4,3,0,1,0,-1,0.0,158,0.17,0,0,3.5,3,4,0,0,3,1,1.0,5,1,0.5,1,1,3.75,1,5,22.5
ENS028,BD,Bases de Donnees,INFO,2,3,3,3,3,1,0,0,0.33,294,0.25,1,0,2.75,2,3,0,0,2,2,0.5,1,1,0.8,1,0,4.45,1,9,17.4
ENS023,ANG,Anglais Technique,SUP,1,3,1,1,2,2,-2,0,0.0,309,0.0,1,0,1.5,1,3,0,3,3,1,1.0,1,0,0.53,2,0,3.48,3,10,18.11
ENS025,PROG,Programmation,GL,5,4,5,4,0,-1,1,-1,-0.33,243,0.08,1,0,4.5,4,5,2,0,2,3,0.67,2,2,0.61,0,1,2.93,3,8,17.41
ENS019,GC_STRU,Structure Batiment,GC,5,4,4,4,0,-1,0,0,-0.33,293,0.08,1,0,4.25,4,5,1,0,1,3,0.67,1,0,0.92,0,0,4.4,1,9,16.9
ENS013,BD,Bases de Donnees,INFO,5,4,5,5,1,-1,1,0,0.0,281,0.08,1,0,4.75,4,5,3,0,1,2,0.5,0,2,0.67,2,1,3.09,3,9,16.03
ENS015,BD,Bases de Donnees,INFO,1,2,1,1,3,1,-1,0,0.0,120,0.0,0,0,1.25,1,2,0,3,1,1,1.0,1,1,0.84,1,1,2.62,3,4,16.94
ENS021,GESTION,Gestion de Projet,SUP,2,2,3,4,0,0,1,1,0.67,111,0.25,0,0,2.75,2,4,0,0,2,2,0.5,4,2,0.78,2,1,3.62,1,3,22.64
ENS007,ALG,Algorithmique,GL,1,1,2,2,3,0,1,0,0.33,44,0.33,0,0,1.5,1,2,0,2,1,3,0.67,2,2,0.82,0,1,3.99,1,1,17.58
ENS024,ALG,Algorithmique,GL,2,1,3,3,2,-1,2,0,0.33,272,0.08,1,0,2.25,1,3,0,1,2,3,0.67,2,0,0.76,2,2,3.06,1,9,17.42
ENS030,RESEAU,Reseaux,RT,3,3,1,3,2,0,-2,2,0.0,103,0.17,0,0,2.5,1,3,0,1,1,2,0.5,1,0,0.83,3,0,2.96,3,3,19.57
ENS026,WEB_F,Developpement Web Front,WEB,3,3,2,4,1,0,-1,2,0.33,60,0.08,0,0,3.0,2,4,0,0,2,2,0.5,2,3,0.59,4,0,4.3,1,2,21.05
ENS020,BD,Bases de Donnees,INFO,3,2,2,2,2,-1,0,0,-0.33,260,0.17,1,0,2.25,2,3,0,0,3,1,1.0,1,1,0.78,3,1,3.22,3,8,19.84
ENS001,PROG,Programmation,GL,5,3,5,4,0,-2,2,-1,-0.33,30,0.33,0,0,4.25,3,5,2,0,1,2,0.5,2,2,0.8,2,1,3.32,2,1,19.64
ENS005,SEC,Securite Informatique,RT,3,2,3,3,0,-1,1,0,0.0,273,0.42,1,0,2.75,2,3,0,0,1,2,0.5,2,1,0.67,1,1,2.72,1,9,15.29
ENS003,WEB_B,Developpement Web Back,WEB,2,2,1,1,3,0,-1,0,-0.33,341,0.17,1,0,1.5,1,2,0,2,3,1,1.0,0,2,0.58,4,1,2.93,2,11,15.76
ENS015,GESTION,Gestion de Projet,SUP,1,1,1,2,2,0,0,1,0.33,193,0.25,1,0,1.25,1,2,0,3,2,2,0.5,2,2,0.77,3,1,3.48,3,6,22.31
ENS007,GC_MAT,Matériaux,GC,2,2,3,2,3,0,1,-1,0.0,53,0.08,0,0,2.25,2,3,0,0,3,3,0.67,3,2,0.85,4,0,4.03,2,1,25.31
ENS020,GC_STRU,Structure Batiment,GC,2,3,3,3,1,1,0,0,0.33,273,0.33,1,0,2.75,2,3,0,0,1,2,0.5,1,2,0.89,1,0,3.98,3,9,19.91
ENS001,PED,Pedagogie,SUP,2,4,3,2,3,2,-1,-1,0.0,71,0.33,0,0,2.75,2,4,0,0,3,3,0.67,5,1,0.92,3,0,2.68,4,2,28.96
ENS004,SEC,Securite Informatique,RT,2,4,2,3,0,2,-2,1,0.33,142,0.08,0,0,2.75,2,4,0,0,1,1,1.0,5,3,0.79,3,1,3.68,1,4,25.81
ENS020,SEC,Securite Informatique,RT,3,3,3,3,2,0,0,0,0.0,173,0.17,0,0,3.0,3,3,0,0,1,1,1.0,3,3,0.76,3,2,2.7,4,5,24.2
ENS010,RESEAU,Reseaux,RT,1,2,2,1,4,1,0,-1,0.0,155,0.33,0,0,1.5,1,2,0,2,2,3,0.67,0,3,0.6,0,1,3.68,2,5,13.36
ENS021,WEB_F,Developpement Web Front,WEB,2,4,2,4,2,2,-2,2,0.67,272,0.33,1,0,3.0,2,4,0,0,2,1,1.0,5,2,0.89,1,2,2.87,1,9,22.69
ENS010,GC_STRU,Structure Batiment,GC,3,2,3,1,3,-1,1,-2,-0.67,226,0.42,1,1,2.25,1,3,0,1,3,3,0.67,3,3,0.6,0,0,3.21,4,7,21.42
ENS015,GC_STRU,Structure Batiment,GC,2,3,3,3,1,1,0,0,0.33,48,0.33,0,0,2.75,2,3,0,0,2,2,0.5,4,2,0.71,4,0,3.67,4,1,28.89
ENS015,GC_MAT,Matériaux,GC,3,1,2,2,3,-2,1,0,-0.33,308,0.25,1,0,2.0,1,3,0,1,3,1,1.0,4,3,0.74,3,0,3.79,4,10,28.28
ENS001,WEB_B,Developpement Web Back,WEB,3,3,2,2,3,0,-1,0,-0.33,349,0.25,1,0,2.5,2,3,0,0,2,1,1.0,2,1,0.71,3,0,2.54,4,11,21.63
ENS030,SEC,Securite Informatique,RT,3,3,2,3,0,0,-1,1,0.0,316,0.17,1,0,2.75,2,3,0,0,1,3,0.67,1,1,0.85,4,0,2.7,4,10,21.65
ENS024,PED,Pedagogie,SUP,3,2,4,4,1,-1,2,0,0.33,358,0.25,1,0,3.25,2,4,0,0,3,1,1.0,3,3,0.88,4,2,3.51,4,11,27.42
ENS009,GESTION,Gestion de Projet,SUP,1,3,1,2,3,2,-2,1,0.33,242,0.25,1,0,1.75,1,3,0,2,2,1,1.0,1,0,0.56,4,0,2.79,2,8,17.38
ENS004,WEB_F,Developpement Web Front,WEB,3,2,2,2,3,-1,0,0,-0.33,196,0.0,1,0,2.25,2,3,0,0,2,3,0.67,2,3,0.68,1,1,3.21,4,6,20.82
ENS024,WEB_F,Developpement Web Front,WEB,1,2,1,3,2,1,-1,2,0.67,130,0.33,0,0,1.75,1,3,0,2,1,1,1.0,5,2,0.51,4,2,2.74,4,4,28.03
ENS011,GC_STRU,Structure Batiment,GC,5,3,4,4,1,-2,1,0,-0.33,259,0.25,1,0,4.0,3,5,1,0,2,1,1.0,3,1,0.88,4,2,4.41,1,8,24.72
ENS029,PROG,Programmation,GL,5,5,5,4,0,0,0,-1,-0.33,194,0.17,1,0,4.75,4,5,3,0,2,1,1.0,0,1,0.7,3,2,3.15,2,6,15.8
ENS015,GC_MAT,Matériaux,GC,2,1,1,2,2,-1,0,1,0.0,271,0.0,1,0,1.5,1,2,0,2,3,3,0.67,0,3,0.68,0,1,2.96,1,9,10.82
ENS013,ANG,Anglais Technique,SUP,3,1,1,1,2,-2,0,0,-0.67,270,0.25,1,1,1.5,1,3,0,3,2,3,0.67,0,0,0.58,0,0,3.8,2,9,13.5
ENS001,GC_MAT,Matériaux,GC,4,4,3,3,2,0,-1,0,-0.33,291,0.08,1,0,3.5,3,4,0,0,1,1,1.0,2,2,0.58,0,2,3.12,2,9,16.14
ENS028,SEC,Securite Informatique,RT,4,4,5,5,1,0,1,0,0.33,105,0.42,0,0,4.5,4,5,2,0,1,1,1.0,2,2,0.95,0,2,3.01,1,3,16.27
ENS026,PROG,Programmation,GL,3,5,4,4,0,2,-1,0,0.33,111,0.17,0,0,4.0,3,5,1,0,3,2,0.5,0,3,0.85,2,1,3.93,2,3,17.11
ENS008,ALG,Algorithmique,GL,3,3,4,3,0,0,1,-1,0.0,336,0.42,1,0,3.25,3,4,0,0,1,2,0.5,1,3,0.67,3,0,2.62,2,11,16.59
ENS008,ANG,Anglais Technique,SUP,5,4,5,5,0,-1,1,0,0.0,35,0.25,0,0,4.75,4,5,3,0,1,2,0.5,1,1,0.73,2,2,3.66,3,1,19.47
ENS016,SEC,Securite Informatique,RT,3,2,4,4,1,-1,2,0,0.33,242,0.33,1,0,3.25,2,4,0,0,3,3,0.67,5,0,0.75,1,0,4.08,4,8,28.91
ENS010,GC_STRU,Structure Batiment,GC,2,2,3,3,2,0,1,0,0.33,79,0.42,0,0,2.5,2,3,0,0,1,1,1.0,5,3,0.61,4,2,2.61,4,2,28.27
ENS027,SEC,Securite Informatique,RT,4,4,4,3,0,0,0,-1,-0.33,126,0.33,0,0,3.75,3,4,0,0,1,1,1.0,5,3,0.86,3,2,4.08,3,4,29.96
ENS016,PROG,Programmation,GL,2,4,4,4,2,2,0,0,0.67,289,0.42,1,0,3.5,2,4,0,0,3,2,0.5,1,2,0.93,4,1,3.78,1,9,19.71
ENS029,PED,Pedagogie,SUP,1,3,3,2,4,2,0,-1,0.33,133,0.08,0,0,2.25,1,3,0,1,3,1,1.0,0,2,0.91,2,2,4.41,2,4,18.37
ENS024,ALG,Algorithmique,GL,1,2,2,1,4,1,0,-1,0.0,355,0.17,1,0,1.5,1,2,0,2,1,1,1.0,2,1,0.92,1,0,2.57,4,11,20.74
ENS029,PROG,Programmation,GL,4,5,4,3,1,1,-1,-1,-0.33,144,0.17,0,0,4.0,3,5,1,0,3,2,0.5,4,0,0.78,2,0,4.29,1,4,23.98
ENS004,PED,Pedagogie,SUP,4,4,5,4,0,0,1,-1,0.0,191,0.25,1,0,4.25,4,5,1,0,1,1,1.0,5,2,0.54,2,0,3.17,4,6,27.04
ENS010,PROG,Programmation,GL,2,3,2,2,1,1,-1,0,0.0,145,0.08,0,0,2.25,2,3,0,0,1,3,0.67,4,3,0.76,1,1,4.46,4,4,27.72
ENS020,GC_STRU,Structure Batiment,GC,1,2,2,1,2,1,0,-1,0.0,355,0.42,1,0,1.5,1,2,0,2,1,3,0.67,0,0,0.85,3,2,4.47,1,11,17.69
ENS029,RESEAU,Reseaux,RT,4,3,4,3,0,-1,1,-1,-0.33,230,0.33,1,0,3.5,3,4,0,0,2,2,0.5,2,0,0.6,1,1,2.89,1,7,15.28
ENS017,ANG,Anglais Technique,SUP,3,1,2,1,1,-2,1,-1,-0.67,97,0.33,0,1,1.75,1,3,0,2,3,1,1.0,0,1,0.57,1,0,4.26,1,3,13.87
ENS025,WEB_F,Developpement Web Front,WEB,2,3,2,3,1,1,-1,1,0.33,361,0.33,1,0,2.5,2,3,0,0,2,1,1.0,3,1,0.78,1,0,3.32,4,12,23.54
ENS023,GC_STRU,Structure Batiment,GC,2,3,3,2,0,1,0,-1,0.0,219,0.0,1,0,2.5,2,3,0,0,3,2,0.5,5,1,0.74,2,1,3.59,4,7,28.88
ENS007,ANG,Anglais Technique,SUP,3,3,1,1,0,0,-2,0,-0.67,50,0.42,0,1,2.0,1,3,0,2,1,2,0.5,4,3,0.59,2,2,4.35,4,1,27.65
ENS027,GESTION,Gestion de Projet,SUP,3,4,3,4,0,1,-1,1,0.33,301,0.0,1,0,3.5,3,4,0,0,2,3,0.67,2,2,0.85,1,0,2.71,3,10,19.17
ENS005,WEB_B,Developpement Web Back,WEB,1,1,2,1,2,0,1,-1,0.0,230,0.25,1,0,1.25,1,2,0,3,3,3,0.67,5,2,0.78,0,0,3.04,1,7,21.48
ENS015,SEC,Securite Informatique,RT,2,4,2,4,2,2,-2,2,0.67,34,0.17,0,0,3.0,2,4,0,0,1,1,1.0,4,2,0.78,2,1,3.74,3,1,25.88
ENS020,PROG,Programmation,GL,4,3,3,3,1,-1,0,0,-0.33,286,0.17,1,0,3.25,3,4,0,0,2,2,0.5,4,2,0.77,0,1,3.65,3,9,23.65
ENS022,RESEAU,Reseaux,RT,2,4,4,3,2,2,0,-1,0.33,348,0.42,1,0,3.25,2,4,0,0,3,2,0.5,2,0,0.68,1,1,3.66,1,11,17.22
ENS013,GC_STRU,Structure Batiment,GC,4,4,3,4,0,0,-1,1,0.0,206,0.42,1,0,3.75,3,4,0,0,3,1,1.0,0,0,0.58,0,1,3.43,2,6,12.76
ENS019,PROG,Programmation,GL,3,5,5,3,0,2,0,-2,0.0,40,0.08,0,0,4.0,3,5,2,0,3,1,1.0,1,1,0.93,3,1,2.62,2,1,17.89
ENS023,ANG,Anglais Technique,SUP,3,2,3,1,1,-1,1,-2,-0.67,306,0.17,1,1,2.25,1,3,0,1,1,3,0.67,1,3,0.76,0,0,2.79,2,10,14.38
ENS022,WEB_B,Developpement Web Back,WEB,1,1,2,1,3,0,1,-1,0.0,360,0.42,1,0,1.25,1,2,0,3,1,2,0.5,0,3,0.58,2,0,2.77,2,12,13.44
ENS028,BD,Bases de Donnees,INFO,3,1,1,3,2,-2,0,2,0.0,184,0.42,1,0,2.0,1,3,0,2,2,2,0.5,5,2,0.51,2,1,3.9,1,6,23.85
ENS003,RESEAU,Reseaux,RT,2,2,1,1,4,0,-1,0,-0.33,31,0.25,0,0,1.5,1,2,0,2,1,1,1.0,3,3,0.81,3,0,2.53,3,1,22.61
ENS030,GC_STRU,Structure Batiment,GC,1,3,2,3,3,2,-1,1,0.67,35,0.25,0,0,2.25,1,3,0,1,1,2,0.5,1,0,0.64,1,2,2.86,3,1,16.42
ENS010,PED,Pedagogie,SUP,1,2,2,1,2,1,0,-1,0.0,68,0.25,0,0,1.5,1,2,0,2,3,2,0.5,3,1,0.91,2,0,3.3,3,2,23.65
ENS024,GC_STRU,Structure Batiment,GC,3,3,2,2,0,0,-1,0,-0.33,38,0.17,0,0,2.5,2,3,0,0,1,1,1.0,1,3,0.74,3,1,3.41,3,1,20.02
ENS019,PROG,Programmation,GL,4,4,4,5,0,0,0,1,0.33,225,0.08,1,0,4.25,4,5,1,0,1,1,1.0,0,2,0.74,0,1,3.51,3,7,15.22
ENS028,PROG,Programmation,GL,3,3,5,5,0,0,2,0,0.67,298,0.25,1,0,4.0,3,5,2,0,1,1,1.0,2,3,0.55,4,1,4.27,1,9,20.79
ENS009,SEC,Securite Informatique,RT,5,5,3,4,1,0,-2,1,-0.33,348,0.08,1,0,4.25,3,5,2,0,2,2,0.5,3,1,0.54,3,1,2.82,1,11,18.84
ENS029,WEB_F,Developpement Web Front,WEB,2,2,2,1,2,0,0,-1,-0.33,165,0.42,0,0,1.75,1,2,0,1,1,3,0.67,3,3,0.88,2,2,3.84,4,5,26.08
ENS021,GESTION,Gestion de Projet,SUP,1,1,1,2,1,0,0,1,0.33,332,0.42,1,0,1.25,1,2,0,3,3,1,1.0,4,1,0.79,1,0,2.78,1,11,20.01
ENS026,PROG,Programmation,GL,4,3,5,4,2,-1,2,-1,0.0,236,0.0,1,0,4.0,3,5,1,0,2,2,0.5,4,1,0.91,2,1,2.55,3,7,24.15
ENS017,SEC,Securite Informatique,RT,4,4,3,4,1,0,-1,1,0.0,298,0.08,1,0,3.75,3,4,0,0,2,1,1.0,3,0,0.59,1,2,4.02,1,9,19.49
ENS012,BD,Bases de Donnees,INFO,1,2,3,1,1,1,1,-2,0.0,230,0.08,1,0,1.75,1,3,0,2,1,3,0.67,3,2,0.71,0,1,3.97,1,7,18.99
ENS013,PROG,Programmation,GL,4,3,4,3,0,-1,1,-1,-0.33,243,0.17,1,0,3.5,3,4,0,0,2,1,1.0,3,0,0.89,0,1,3.31,2,8,20.07
ENS002,PROG,Programmation,GL,3,5,3,4,0,2,-2,1,0.33,267,0.25,1,0,3.75,3,5,1,0,2,3,0.67,0,2,0.85,1,0,4.18,4,8,19.61
ENS017,PROG,Programmation,GL,4,2,3,3,3,-2,1,0,-0.33,338,0.08,1,0,3.0,2,4,0,0,2,2,0.5,5,3,0.91,1,1,4.04,2,11,26.63
ENS009,PROG,Programmation,GL,3,2,3,4,1,-1,1,1,0.33,66,0.08,0,0,3.0,2,4,0,0,3,3,0.67,3,3,0.85,0,0,4.01,2,2,21.27
ENS006,WEB_F,Developpement Web Front,WEB,1,1,1,1,3,0,0,0,0.0,259,0.33,1,0,1.0,1,1,0,4,3,3,0.67,2,0,0.76,0,1,3.91,1,8,17.12
ENS005,BD,Bases de Donnees,INFO,1,2,2,2,1,1,0,0,0.33,180,0.0,0,0,1.75,1,2,0,1,3,2,0.5,3,1,0.56,4,1,3.51,3,6,24.32
ENS012,RESEAU,Reseaux,RT,5,3,3,4,2,-2,0,1,-0.33,265,0.0,1,0,3.75,3,5,1,0,2,2,0.5,3,1,0.78,4,2,3.34,3,8,25.08
ENS003,GESTION,Gestion de Projet,SUP,2,2,2,3,0,0,0,1,0.33,211,0.08,1,0,2.25,2,3,0,0,3,1,1.0,5,3,0.73,2,1,4.03,1,7,25.21
ENS008,RESEAU,Reseaux,RT,1,2,3,2,3,1,1,-1,0.33,107,0.42,0,0,2.0,1,3,0,1,1,1,1.0,3,1,0.72,0,1,3.24,2,3,19.08
ENS003,GC_MAT,Matériaux,GC,4,4,2,2,3,0,-2,0,-0.67,228,0.42,1,1,3.0,2,4,0,0,1,1,1.0,2,2,0.89,2,2,4.36,2,7,22.17
ENS007,GC_MAT,Matériaux,GC,4,2,3,3,3,-2,1,0,-0.33,142,0.42,0,0,3.0,2,4,0,0,3,2,0.5,4,2,0.56,0,1,4.2,1,4,20.7
ENS012,WEB_B,Developpement Web Back,WEB,4,4,3,5,1,0,-1,2,0.33,234,0.42,1,0,4.0,3,5,1,0,2,2,0.5,0,2,0.75,0,2,3.13,2,7,13.01
ENS003,PROG,Programmation,GL,5,4,3,5,1,-1,-1,2,0.0,202,0.33,1,0,4.25,3,5,2,0,3,3,0.67,1,1,0.57,2,1,2.61,1,6,13.57
ENS013,WEB_B,Developpement Web Back,WEB,1,2,3,3,2,1,1,0,0.67,52,0.08,0,0,2.25,1,3,0,1,3,3,0.67,5,1,0.74,0,1,3.73,4,1,27.16
ENS004,GESTION,Gestion de Projet,SUP,2,2,3,3,2,0,1,0,0.33,276,0.33,1,0,2.5,2,3,0,0,1,2,0.5,2,1,0.93,0,2,4.06,3,9,21.27
ENS009,PROG,Programmation,GL,2,4,2,2,3,2,-2,0,0.0,357,0.17,1,0,2.5,2,4,0,0,2,3,0.67,1,2,0.71,2,0,2.6,3,11,17.25
ENS025,GC_STRU,Structure Batiment,GC,4,2,3,3,2,-2,1,0,-0.33,204,0.25,1,0,3.0,2,4,0,0,2,3,0.67,0,0,0.85,2,1,3.62,1,6,14.99
ENS030,PROG,Programmation,GL,3,2,4,3,1,-1,2,-1,0.0,59,0.17,0,0,3.0,2,4,0,0,2,3,0.67,3,3,0.69,0,1,4.37,2,1,21.19
ENS008,GC_STRU,Structure Batiment,GC,5,5,4,3,1,0,-1,-1,-0.67,351,0.25,1,1,4.25,3,5,2,0,1,1,1.0,3,2,0.91,0,0,3.41,4,11,23.37
ENS009,RESEAU,Reseaux,RT,2,2,2,1,4,0,0,-1,-0.33,133,0.0,0,0,1.75,1,2,0,1,1,3,0.67,4,3,0.78,4,1,3.29,3,4,26.98
ENS005,GC_MAT,Matériaux,GC,2,2,3,3,1,0,1,0,0.33,190,0.33,1,0,2.5,2,3,0,0,3,3,0.67,4,2,0.59,4,1,3.62,3,6,26.69
ENS028,WEB_F,Developpement Web Front,WEB,1,3,3,1,3,2,0,-2,0.0,84,0.17,0,0,2.0,1,3,0,2,2,2,0.5,4,2,0.95,3,0,3.61,1,2,24.47
ENS017,GESTION,Gestion de Projet,SUP,3,4,3,4,1,1,-1,1,0.33,359,0.08,1,0,3.5,3,4,0,0,3,1,1.0,2,3,0.54,0,0,4.48,2,11,18.66
ENS017,ANG,Anglais Technique,SUP,1,2,2,1,2,1,0,-1,0.0,231,0.42,1,0,1.5,1,2,0,2,3,3,0.67,2,3,0.59,4,1,3.29,4,7,23.53
ENS024,GC_MAT,Matériaux,GC,4,4,3,3,1,0,-1,0,-0.33,181,0.25,1,0,3.5,3,4,0,0,1,3,0.67,0,3,0.66,1,1,2.58,4,6,15.46
ENS028,SEC,Securite Informatique,RT,2,4,4,4,2,2,0,0,0.67,88,0.0,0,0,3.5,2,4,0,0,2,2,0.5,3,1,0.87,2,1,2.62,1,2,19.09
ENS029,BD,Bases de Donnees,INFO,1,1,1,3,1,0,0,2,0.67,226,0.08,1,0,1.5,1,3,0,3,2,3,0.67,3,3,0.92,1,1,4.08,2,7,22.76
ENS025,ALG,Algorithmique,GL,1,1,1,2,3,0,0,1,0.33,132,0.0,0,0,1.25,1,2,0,3,3,2,0.5,4,1,0.64,3,2,3.5,1,4,22.7
ENS009,SEC,Securite Informatique,RT,2,2,2,3,2,0,0,1,0.33,110,0.25,0,0,2.25,2,3,0,0,2,1,1.0,2,3,0.76,2,2,3.93,1,3,19.16
ENS007,GESTION,Gestion de Projet,SUP,1,1,3,3,1,0,2,0,0.67,330,0.42,1,0,2.0,1,3,0,2,2,3,0.67,2,2,0.54,3,1,3.27,4,11,22.24
ENS019,PROG,Programmation,GL,5,3,4,3,0,-2,1,-1,-0.67,357,0.42,1,1,3.75,3,5,1,0,3,2,0.5,2,1,0.75,1,0,2.56,3,11,18.37
ENS025,BD,Bases de Donnees,INFO,4,4,5,5,2,0,1,0,0.33,303,0.17,1,0,4.5,4,5,2,0,3,1,1.0,1,1,0.89,0,0,4.04,3,10,19.03
ENS003,BD,Bases de Donnees,INFO,3,3,3,2,2,0,0,-1,-0.33,358,0.0,1,0,2.75,2,3,0,0,2,2,0.5,1,0,0.54,0,0,4.34,2,11,16.38
ENS011,GC_STRU,Structure Batiment,GC,2,4,3,4,2,2,-1,1,0.67,118,0.0,0,0,3.25,2,4,0,0,2,1,1.0,2,3,0.69,3,2,4.08,1,3,20.11
ENS021,GESTION,Gestion de Projet,SUP,2,3,2,1,1,1,-1,-1,-0.33,252,0.25,1,0,2.0,1,3,0,1,1,1,1.0,1,0,0.62,2,2,2.95,4,8,19.0
ENS029,ANG,Anglais Technique,SUP,2,3,3,3,1,1,0,0,0.33,353,0.42,1,0,2.75,2,3,0,0,1,2,0.5,5,3,0.66,0,0,3.34,4,11,25.98
ENS014,ALG,Algorithmique,GL,2,1,1,1,4,-1,0,0,-0.33,308,0.25,1,0,1.25,1,2,0,3,1,3,0.67,0,1,0.55,0,2,3.9,1,10,12.05
ENS008,RESEAU,Reseaux,RT,3,2,1,3,4,-1,-1,2,0.0,311,0.08,1,0,2.25,1,3,0,1,2,3,0.67,4,0,0.81,3,0,4.01,2,10,26.07
ENS028,BD,Bases de Donnees,INFO,2,3,2,2,1,1,-1,0,0.0,269,0.33,1,0,2.25,2,3,0,0,3,2,0.5,1,2,0.64,0,2,4.44,3,8,18.58
ENS028,RESEAU,Reseaux,RT,3,3,3,2,2,0,0,-1,-0.33,125,0.0,0,0,2.75,2,3,0,0,1,1,1.0,1,1,0.78,0,0,4.33,4,4,20.56
ENS008,PROG,Programmation,GL,3,2,2,2,1,-1,0,0,-0.33,82,0.25,0,0,2.25,2,3,0,0,2,3,0.67,5,0,0.94,3,0,3.26,4,2,30.22
ENS012,PED,Pedagogie,SUP,5,3,5,4,1,-2,2,-1,-0.33,347,0.08,1,0,4.25,3,5,2,0,3,3,0.67,1,0,0.77,2,1,3.75,1,11,16.85
ENS013,PED,Pedagogie,SUP,4,5,4,3,1,1,-1,-1,-0.33,337,0.08,1,0,4.0,3,5,1,0,1,2,0.5,1,0,0.54,4,1,3.67,3,11,20.54
ENS006,PED,Pedagogie,SUP,1,2,1,1,2,1,-1,0,0.0,311,0.25,1,0,1.25,1,2,0,3,2,2,0.5,3,3,0.92,1,1,2.71,4,10,23.02
ENS028,ANG,Anglais Technique,SUP,2,3,1,3,0,1,-2,2,0.33,294,0.17,1,0,2.25,1,3,0,1,1,1,1.0,0,2,0.86,4,2,3.76,2,9,18.82
ENS016,PROG,Programmation,GL,2,2,3,4,1,0,1,1,0.67,168,0.17,0,0,2.75,2,4,0,0,2,1,1.0,5,3,0.69,0,1,3.65,2,5,23.75
ENS022,GESTION,Gestion de Projet,SUP,5,3,3,3,2,-2,0,0,-0.67,227,0.42,1,1,3.5,3,5,1,0,3,2,0.5,4,3,0.53,1,2,4.38,2,7,23.41
ENS009,GC_MAT,Matériaux,GC,2,2,3,3,2,0,1,0,0.33,142,0.08,0,0,2.5,2,3,0,0,1,1,1.0,5,3,0.58,2,1,3.97,3,4,27.34
ENS009,ALG,Algorithmique,GL,1,2,1,1,4,1,-1,0,0.0,312,0.25,1,0,1.25,1,2,0,3,1,2,0.5,4,0,0.74,0,0,3.18,3,10,22.56
ENS017,ANG,Anglais Technique,SUP,5,4,4,5,0,-1,0,1,0.0,60,0.42,0,0,4.5,4,5,2,0,2,2,0.5,0,1,0.69,4,1,3.66,3,2,19.27
ENS001,RESEAU,Reseaux,RT,3,2,3,4,0,-1,1,1,0.33,275,0.42,1,0,3.0,2,4,0,0,3,3,0.67,1,0,0.81,3,2,3.65,1,9,17.85
ENS009,ALG,Algorithmique,GL,1,3,2,1,2,2,-1,-1,0.0,275,0.0,1,0,1.75,1,3,0,2,1,3,0.67,3,0,0.67,0,1,4.32,4,9,23.99
ENS025,ANG,Anglais Technique,SUP,4,5,4,4,0,1,-1,0,0.0,179,0.0,0,0,4.25,4,5,1,0,1,1,1.0,3,1,0.54,4,0,2.53,2,5,20.76
ENS003,BD,Bases de Donnees,INFO,1,1,3,1,1,0,2,-2,0.0,145,0.42,0,0,1.5,1,3,0,3,1,3,0.67,1,2,0.88,2,0,4.48,1,4,18.86
ENS003,RESEAU,Reseaux,RT,2,2,2,1,3,0,0,-1,-0.33,276,0.08,1,0,1.75,1,2,0,1,1,1,1.0,4,3,0.56,4,2,3.44,2,9,24.68
ENS013,SEC,Securite Informatique,RT,5,4,4,3,0,-1,0,-1,-0.67,50,0.17,0,1,4.0,3,5,1,0,1,1,1.0,4,3,0.8,4,0,3.98,1,1,25.46
ENS028,WEB_B,Developpement Web Back,WEB,3,5,4,5,2,2,-1,1,0.67,174,0.08,0,0,4.25,3,5,2,0,3,2,0.5,3,0,0.77,3,2,4.07,2,5,23.99
ENS020,GC_STRU,Structure Batiment,GC,4,3,5,5,0,-1,2,0,0.33,298,0.17,1,0,4.25,3,5,2,0,2,1,1.0,1,0,0.89,3,2,3.8,3,9,21.55
ENS029,SEC,Securite Informatique,RT,4,4,4,3,1,0,0,-1,-0.33,328,0.17,1,0,3.75,3,4,0,0,2,2,0.5,1,1,0.59,2,0,2.85,3,10,17.15
ENS019,PROG,Programmation,GL,3,2,2,4,2,-1,0,2,0.33,354,0.0,1,0,2.75,2,4,0,0,2,1,1.0,0,3,0.62,2,0,2.66,4,11,16.42
ENS022,BD,Bases de Donnees,INFO,4,5,4,5,0,1,-1,1,0.33,259,0.42,1,0,4.5,4,5,2,0,1,2,0.5,2,3,0.89,3,1,2.97,1,8,18.89
ENS024,GC_MAT,Matériaux,GC,3,2,2,3,2,-1,0,1,0.0,127,0.08,0,0,2.5,2,3,0,0,2,2,0.5,4,0,0.86,0,0,4.19,1,4,22.18
ENS029,GC_STRU,Structure Batiment,GC,2,1,1,3,4,-1,0,2,0.33,160,0.17,0,0,1.75,1,3,0,2,2,3,0.67,1,0,0.69,0,2,3.19,1,5,13.33
ENS021,ANG,Anglais Technique,SUP,2,2,3,1,2,0,1,-2,-0.33,282,0.0,1,0,2.0,1,3,0,1,3,2,0.5,2,2,0.55,3,1,4.16,2,9,21.07
ENS023,RESEAU,Reseaux,RT,1,3,1,2,4,2,-2,1,0.33,63,0.33,0,0,1.75,1,3,0,2,1,1,1.0,3,2,0.85,2,0,4.44,2,2,24.13
ENS026,GESTION,Gestion de Projet,SUP,4,4,4,3,1,0,0,-1,-0.33,225,0.42,1,0,3.75,3,4,0,0,3,2,0.5,3,1,0.81,0,2,3.46,2,7,19.97
ENS006,PED,Pedagogie,SUP,4,5,5,5,1,1,0,0,0.33,169,0.08,0,0,4.75,4,5,3,0,2,3,0.67,4,2,0.91,0,0,2.88,1,5,19.81
ENS024,PROG,Programmation,GL,4,3,4,4,1,-1,1,0,0.0,167,0.08,0,0,3.75,3,4,0,0,1,1,1.0,1,2,0.69,1,1,3.21,4,5,18.87
ENS008,ANG,Anglais Technique,SUP,3,2,3,3,3,-1,1,0,0.0,272,0.25,1,0,2.75,2,3,0,0,1,1,1.0,2,1,0.92,3,0,3.5,3,9,23.1
ENS027,WEB_B,Developpement Web Back,WEB,1,2,1,3,2,1,-1,2,0.67,349,0.25,1,0,1.75,1,3,0,2,2,2,0.5,2,2,0.66,1,2,4.22,2,11,19.74
ENS006,RESEAU,Reseaux,RT,2,1,1,1,4,-1,0,0,-0.33,251,0.33,1,0,1.25,1,2,0,3,2,2,0.5,5,2,0.81,2,0,3.34,3,8,27.23
ENS023,ANG,Anglais Technique,SUP,1,2,1,1,3,1,-1,0,0.0,327,0.08,1,0,1.25,1,2,0,3,1,3,0.67,4,0,0.53,4,1,2.85,2,10,23.35
ENS029,WEB_B,Developpement Web Back,WEB,2,2,2,1,3,0,0,-1,-0.33,48,0.42,0,0,1.75,1,2,0,1,1,2,0.5,3,2,0.7,1,2,2.91,4,1,22.32
ENS011,PED,Pedagogie,SUP,3,1,2,3,2,-2,1,1,0.0,309,0.25,1,0,2.25,1,3,0,1,1,3,0.67,0,1,0.92,3,2,3.04,1,10,15.18
ENS017,WEB_B,Developpement Web Back,WEB,3,2,3,2,3,-1,1,-1,-0.33,214,0.42,1,0,2.5,2,3,0,0,1,3,0.67,2,0,0.63,3,1,2.98,1,7,17.61
ENS029,RESEAU,Reseaux,RT,1,1,2,2,3,0,1,0,0.33,265,0.17,1,0,1.5,1,2,0,2,1,2,0.5,1,1,0.57,4,1,3.21,2,8,18.27
ENS029,ANG,Anglais Technique,SUP,1,2,2,3,0,1,0,1,0.67,124,0.08,0,0,2.0,1,3,0,1,2,1,1.0,5,0,0.72,4,2,2.77,1,4,24.64
ENS028,GC_MAT,Matériaux,GC,1,3,1,3,3,2,-2,2,0.67,44,0.42,0,0,2.0,1,3,0,2,2,1,1.0,0,1,0.7,4,0,3.2,1,1,15.4
ENS011,RESEAU,Reseaux,RT,1,1,2,2,4,0,1,0,0.33,200,0.25,1,0,1.5,1,2,0,2,1,1,1.0,1,0,0.77,3,2,3.98,4,6,22.81
ENS016,SEC,Securite Informatique,RT,4,5,5,4,1,1,0,-1,0.0,163,0.42,0,0,4.5,4,5,2,0,2,2,0.5,2,1,0.77,2,1,4.18,4,5,24.21
ENS019,PED,Pedagogie,SUP,1,1,1,1,2,0,0,0,0.0,33,0.17,0,0,1.0,1,1,0,4,2,1,1.0,3,3,0.87,1,0,3.07,2,1,20.49
ENS025,RESEAU,Reseaux,RT,4,3,5,5,1,-1,2,0,0.33,94,0.42,0,0,4.25,3,5,2,0,3,3,0.67,0,2,0.51,0,0,2.68,3,3,12.41
ENS004,BD,Bases de Donnees,INFO,1,1,1,2,3,0,0,1,0.33,304,0.25,1,0,1.25,1,2,0,3,3,3,0.67,2,0,0.64,2,1,4.15,2,10,20.5
ENS020,BD,Bases de Donnees,INFO,2,1,2,1,1,-1,1,-1,-0.33,357,0.42,1,0,1.5,1,2,0,2,2,1,1.0,3,2,0.54,1,1,4.42,3,11,23.04
ENS005,RESEAU,Reseaux,RT,1,2,1,1,4,1,-1,0,0.0,108,0.42,0,0,1.25,1,2,0,3,3,3,0.67,2,3,0.84,3,1,2.57,4,3,22.34
ENS015,WEB_B,Developpement Web Back,WEB,2,3,1,3,3,1,-2,2,0.33,360,0.08,1,0,2.25,1,3,0,1,2,1,1.0,4,1,0.67,0,1,2.7,1,12,18.25
ENS004,SEC,Securite Informatique,RT,4,3,4,3,0,-1,1,-1,-0.33,189,0.33,1,0,3.5,3,4,0,0,3,2,0.5,2,3,0.5,2,1,3.63,3,6,20.26
ENS030,SEC,Securite Informatique,RT,5,4,5,4,2,-1,1,-1,-0.33,266,0.17,1,0,4.5,4,5,2,0,2,2,0.5,0,1,0.61,0,0,4.47,3,8,16.49
ENS006,WEB_B,Developpement Web Back,WEB,3,3,5,3,1,0,2,-2,0.0,352,0.0,1,0,3.5,3,5,1,0,2,1,1.0,3,3,0.57,2,0,2.55,2,11,18.95
ENS021,GC_STRU,Structure Batiment,GC,3,1,2,1,3,-2,1,-1,-0.67,333,0.17,1,1,1.75,1,3,0,2,1,2,0.5,1,1,0.51,1,1,4.43,1,11,15.91
ENS015,BD,Bases de Donnees,INFO,3,3,3,3,0,0,0,0,0.0,263,0.42,1,0,3.0,3,3,0,0,3,2,0.5,1,2,0.55,1,1,2.8,1,8,12.85
ENS024,PROG,Programmation,GL,5,5,4,3,0,0,-1,-1,-0.67,80,0.42,0,1,4.25,3,5,2,0,1,2,0.5,5,0,0.73,3,1,3.66,3,2,28.47
ENS012,SEC,Securite Informatique,RT,2,4,4,3,1,2,0,-1,0.33,194,0.33,1,0,3.25,2,4,0,0,2,1,1.0,2,2,0.79,4,2,3.18,3,6,22.81
ENS003,GC_STRU,Structure Batiment,GC,3,2,3,2,1,-1,1,-1,-0.33,177,0.08,0,0,2.5,2,3,0,0,3,2,0.5,1,2,0.61,4,2,3.09,4,5,21.23
ENS022,WEB_B,Developpement Web Back,WEB,3,1,2,2,4,-2,1,0,-0.33,183,0.42,1,0,2.0,1,3,0,1,1,2,0.5,5,0,0.76,3,2,2.88,4,6,28.56
ENS017,ALG,Algorithmique,GL,1,2,1,2,4,1,-1,1,0.33,197,0.17,1,0,1.5,1,2,0,2,1,3,0.67,4,0,0.89,1,2,3.18,3,6,24.31
ENS029,PROG,Programmation,GL,4,4,4,3,0,0,0,-1,-0.33,338,0.25,1,0,3.75,3,4,0,0,2,1,1.0,3,0,0.88,2,1,3.32,1,11,20.54
ENS010,BD,Bases de Donnees,INFO,3,3,2,2,2,0,-1,0,-0.33,57,0.17,0,0,2.5,2,3,0,0,1,3,0.67,1,2,0.64,0,0,3.42,3,1,16.54
ENS017,WEB_B,Developpement Web Back,WEB,1,2,1,2,2,1,-1,1,0.33,171,0.08,0,0,1.5,1,2,0,2,3,2,0.5,0,1,0.78,3,2,2.99,2,5,15.88
ENS009,GESTION,Gestion de Projet,SUP,2,1,1,1,2,-1,0,0,-0.33,167,0.17,0,0,1.25,1,2,0,3,2,3,0.67,4,0,0.78,2,1,2.55,3,5,23.5
ENS013,GC_STRU,Structure Batiment,GC,2,3,4,4,0,1,1,0,0.67,347,0.25,1,0,3.25,2,4,0,0,2,2,0.5,1,2,0.77,3,1,4.23,3,11,21.81
ENS009,GESTION,Gestion de Projet,SUP,4,3,3,3,0,-1,0,0,-0.33,163,0.17,0,0,3.25,3,4,0,0,2,3,0.67,2,1,0.69,1,0,2.89,2,5,17.23
ENS020,ALG,Algorithmique,GL,1,3,1,3,1,2,-2,2,0.67,53,0.33,0,0,2.0,1,3,0,2,1,1,1.0,5,0,0.6,3,1,2.88,1,1,23.26
ENS022,SEC,Securite Informatique,RT,2,3,4,3,1,1,1,-1,0.33,322,0.42,1,0,3.0,2,4,0,0,2,3,0.67,3,0,0.81,3,1,4.38,3,10,26.31
ENS019,BD,Bases de Donnees,INFO,1,1,1,2,1,0,0,1,0.33,335,0.33,1,0,1.25,1,2,0,3,1,1,1.0,4,0,0.8,3,0,4.08,1,11,24.66
ENS003,GC_MAT,Matériaux,GC,2,3,2,3,0,1,-1,1,0.33,335,0.08,1,0,2.5,2,3,0,0,2,2,0.5,4,2,0.72,1,2,4.25,2,11,24.1
ENS009,PED,Pedagogie,SUP,5,4,3,4,0,-1,-1,1,-0.33,218,0.42,1,0,4.0,3,5,1,0,3,1,1.0,0,2,0.85,2,2,3.06,4,7,18.37
ENS004,ALG,Algorithmique,GL,1,1,1,1,3,0,0,0,0.0,145,0.0,0,0,1.0,1,1,0,4,1,1,1.0,0,1,0.67,4,1,2.62,1,4,14.09
ENS014,ALG,Algorithmique,GL,2,1,3,2,1,-1,2,-1,0.0,216,0.17,1,0,2.0,1,3,0,1,2,1,1.0,2,0,0.78,0,2,4.36,4,7,22.62
ENS022,GC_MAT,Matériaux,GC,2,1,1,1,1,-1,0,0,-0.33,244,0.08,1,0,1.25,1,2,0,3,2,2,0.5,1,3,0.72,0,1,3.76,1,8,14.62
ENS019,RESEAU,Reseaux,RT,2,2,4,2,0,0,2,-2,0.0,121,0.42,0,0,2.5,2,4,0,0,2,2,0.5,4,0,0.59,2,2,3.68,3,4,24.81
ENS007,RESEAU,Reseaux,RT,5,5,4,4,0,0,-1,0,-0.33,220,0.08,1,0,4.5,4,5,2,0,2,2,0.5,5,1,0.54,3,2,4.37,1,7,25.94
ENS014,PED,Pedagogie,SUP,4,3,4,3,2,-1,1,-1,-0.33,206,0.25,1,0,3.5,3,4,0,0,1,1,1.0,3,1,0.93,1,1,3.59,1,6,20.33
ENS028,PROG,Programmation,GL,4,2,2,2,2,-2,0,0,-0.67,158,0.08,0,1,2.5,2,4,0,0,1,1,1.0,1,3,0.71,0,1,4.42,2,5,17.39
ENS027,GC_MAT,Matériaux,GC,3,4,4,3,1,1,0,-1,0.0,308,0.25,1,0,3.5,3,4,0,0,2,2,0.5,0,0,0.56,4,1,3.5,2,10,16.8
ENS009,BD,Bases de Donnees,INFO,1,2,3,1,2,1,1,-2,0.0,159,0.42,0,0,1.75,1,3,0,2,1,1,1.0,5,2,0.52,2,1,3.61,1,5,23.32
ENS019,GESTION,Gestion de Projet,SUP,1,2,2,1,3,1,0,-1,0.0,298,0.17,1,0,1.5,1,2,0,2,3,3,0.67,4,0,0.78,3,0,3.88,2,9,25.66
ENS029,PROG,Programmation,GL,4,5,4,3,0,1,-1,-1,-0.33,360,0.17,1,0,4.0,3,5,1,0,1,3,0.67,3,1,0.89,1,0,4.28,4,12,26.01
ENS028,PROG,Programmation,GL,3,3,5,3,1,0,2,-2,0.0,333,0.33,1,0,3.5,3,5,1,0,2,3,0.67,1,3,0.53,4,1,3.75,2,11,19.15
ENS010,BD,Bases de Donnees,INFO,1,1,1,1,3,0,0,0,0.0,226,0.17,1,0,1.0,1,1,0,4,2,2,0.5,4,3,0.88,4,0,3.0,1,7,23.9
ENS003,ALG,Algorithmique,GL,1,1,1,1,4,0,0,0,0.0,350,0.33,1,0,1.0,1,1,0,4,1,2,0.5,4,2,0.92,4,0,2.83,4,11,28.26
ENS012,GC_STRU,Structure Batiment,GC,3,3,3,2,2,0,0,-1,-0.33,290,0.42,1,0,2.75,2,3,0,0,3,1,1.0,1,1,0.61,2,0,2.64,3,9,16.83
ENS008,PROG,Programmation,GL,5,3,3,4,2,-2,0,1,-0.33,215,0.25,1,0,3.75,3,5,1,0,1,1,1.0,0,3,0.68,0,0,4.14,1,7,13.18
ENS001,RESEAU,Reseaux,RT,3,1,1,2,4,-2,0,1,-0.33,126,0.0,0,0,1.75,1,3,0,2,3,1,1.0,2,0,0.62,1,1,3.22,3,4,19.04
ENS015,GC_MAT,Matériaux,GC,4,3,4,3,3,-1,1,-1,-0.33,362,0.0,1,0,3.5,3,4,0,0,2,1,1.0,5,1,0.5,3,1,3.9,3,12,27.8
ENS009,PED,Pedagogie,SUP,4,3,3,3,2,-1,0,0,-0.33,220,0.42,1,0,3.25,3,4,0,0,3,1,1.0,3,3,0.92,2,1,3.77,1,7,21.64
ENS021,SEC,Securite Informatique,RT,3,2,4,3,0,-1,2,-1,0.0,69,0.08,0,0,3.0,2,4,0,0,2,1,1.0,0,3,0.89,2,1,4.32,2,2,18.09
ENS027,GC_STRU,Structure Batiment,GC,2,4,2,4,2,2,-2,2,0.67,199,0.08,1,0,3.0,2,4,0,0,1,3,0.67,3,2,0.54,2,1,4.26,1,6,20.72
ENS016,RESEAU,Reseaux,RT,5,5,3,4,0,0,-2,1,-0.33,35,0.0,0,0,4.25,3,5,2,0,3,2,0.5,5,1,0.73,0,2,3.83,3,1,25.81
ENS025,ALG,Algorithmique,GL,1,1,2,3,1,0,1,1,0.67,84,0.42,0,0,1.75,1,3,0,2,3,3,0.67,0,3,0.77,4,1,3.16,1,2,15.67
ENS030,GC_MAT,Matériaux,GC,1,1,1,3,3,0,0,2,0.67,297,0.25,1,0,1.5,1,3,0,3,3,3,0.67,0,2,0.7,2,2,3.67,1,9,14.34
ENS027,SEC,Securite Informatique,RT,3,3,2,3,3,0,-1,1,0.0,271,0.0,1,0,2.75,2,3,0,0,3,3,0.67,4,3,0.69,4,2,3.16,4,9,27.77
ENS015,GC_MAT,Matériaux,GC,4,2,2,2,1,-2,0,0,-0.67,104,0.42,0,1,2.5,2,4,0,0,3,2,0.5,3,2,0.86,0,1,4.4,3,3,23.6
ENS015,GESTION,Gestion de Projet,SUP,4,2,4,3,1,-2,2,-1,-0.33,293,0.33,1,0,3.25,2,4,0,0,3,2,0.5,0,0,0.74,0,0,3.26,4,9,16.22
ENS023,ANG,Anglais Technique,SUP,3,2,1,2,2,-1,-1,1,-0.33,316,0.17,1,0,2.0,1,3,0,1,1,3,0.67,2,3,0.89,3,1,3.42,1,10,19.79
ENS014,PROG,Programmation,GL,5,4,5,4,0,-1,1,-1,-0.33,101,0.08,0,0,4.5,4,5,2,0,1,1,1.0,5,2,0.93,3,2,2.89,4,3,29.43
ENS024,RESEAU,Reseaux,RT,2,2,1,1,3,0,-1,0,-0.33,142,0.42,0,0,1.5,1,2,0,2,3,3,0.67,2,3,0.51,0,1,3.59,3,4,18.23
ENS021,GC_MAT,Matériaux,GC,3,2,4,2,1,-1,2,-2,-0.33,168,0.42,0,0,2.75,2,4,0,0,1,1,1.0,1,3,0.86,4,2,3.85,2,5,21.0
ENS016,ANG,Anglais Technique,SUP,4,4,5,4,1,0,1,-1,0.0,230,0.0,1,0,4.25,4,5,1,0,2,1,1.0,4,3,0.89,1,2,4.33,2,7,25.11
ENS029,PED,Pedagogie,SUP,3,1,1,2,4,-2,0,1,-0.33,133,0.25,0,0,1.75,1,3,0,2,2,1,1.0,0,0,0.83,4,1,2.9,4,4,19.95
ENS008,ALG,Algorithmique,GL,1,1,1,1,4,0,0,0,0.0,218,0.17,1,0,1.0,1,1,0,4,3,3,0.67,0,2,0.92,3,0,4.43,2,7,19.46
ENS005,BD,Bases de Donnees,INFO,4,4,5,3,1,0,1,-2,-0.33,221,0.42,1,0,4.0,3,5,1,0,1,3,0.67,5,1,0.5,3,2,4.14,3,7,28.28
ENS002,PROG,Programmation,GL,5,3,4,3,0,-2,1,-1,-0.67,326,0.42,1,1,3.75,3,5,1,0,2,2,0.5,1,2,0.56,4,0,4.32,1,10,18.94
ENS008,WEB_F,Developpement Web Front,WEB,3,2,3,4,2,-1,1,1,0.33,48,0.17,0,0,3.0,2,4,0,0,2,1,1.0,0,1,0.81,4,2,3.61,2,1,18.27
ENS030,PED,Pedagogie,SUP,1,3,2,3,4,2,-1,1,0.67,31,0.33,0,0,2.25,1,3,0,1,2,2,0.5,0,0,0.64,1,2,3.1,2,1,13.4
ENS002,ANG,Anglais Technique,SUP,2,2,1,1,0,0,-1,0,-0.33,94,0.33,0,0,1.5,1,2,0,2,3,1,1.0,1,0,0.51,1,1,3.44,3,3,16.93
ENS003,ALG,Algorithmique,GL,2,2,4,2,2,0,2,-2,0.0,164,0.08,0,0,2.5,2,4,0,0,2,1,1.0,4,1,0.55,4,0,4.39,1,5,25.03
ENS013,BD,Bases de Donnees,INFO,3,4,3,3,1,1,-1,0,0.0,184,0.33,1,0,3.25,3,4,0,0,3,3,0.67,1,0,0.92,2,1,2.55,2,6,16.7
ENS026,GC_STRU,Structure Batiment,GC,2,3,2,3,3,1,-1,1,0.33,295,0.17,1,0,2.5,2,3,0,0,3,1,1.0,4,3,0.63,4,2,3.9,3,9,27.45
ENS009,BD,Bases de Donnees,INFO,1,2,1,1,3,1,-1,0,0.0,117,0.08,0,0,1.25,1,2,0,3,1,3,0.67,3,2,0.57,2,0,3.11,3,3,21.57
ENS016,PROG,Programmation,GL,3,2,4,4,3,-1,2,0,0.33,179,0.08,0,0,3.25,2,4,0,0,2,2,0.5,4,2,0.91,3,1,4.09,2,5,26.73
ENS004,PROG,Programmation,GL,4,4,3,3,0,0,-1,0,-0.33,49,0.0,0,0,3.5,3,4,0,0,1,3,0.67,2,0,0.88,0,0,3.88,1,1,17.66
ENS016,PED,Pedagogie,SUP,2,2,1,3,2,0,-1,2,0.33,329,0.25,1,0,2.0,1,3,0,1,3,3,0.67,5,1,0.68,1,0,3.25,3,10,25.4
ENS004,ALG,Algorithmique,GL,1,1,2,1,3,0,1,-1,0.0,224,0.08,1,0,1.25,1,2,0,3,1,2,0.5,0,0,0.91,1,1,3.01,2,7,14.57
ENS010,PED,Pedagogie,SUP,5,4,5,4,0,-1,1,-1,-0.33,206,0.25,1,0,4.5,4,5,2,0,3,3,0.67,3,2,0.57,4,1,3.99,4,6,26.83
ENS012,PED,Pedagogie,SUP,1,2,2,1,3,1,0,-1,0.0,64,0.33,0,0,1.5,1,2,0,2,3,3,0.67,3,0,0.7,0,1,3.03,2,2,18.56
ENS004,PED,Pedagogie,SUP,1,1,2,2,4,0,1,0,0.33,273,0.0,1,0,1.5,1,2,0,2,3,3,0.67,0,3,0.81,1,1,3.9,1,9,14.35
ENS005,SEC,Securite Informatique,RT,3,2,2,2,0,-1,0,0,-0.33,267,0.42,1,0,2.25,2,3,0,0,3,1,1.0,1,3,0.8,2,2,2.76,1,8,15.02
ENS017,SEC,Securite Informatique,RT,3,2,2,4,3,-1,0,2,0.33,118,0.25,0,0,2.75,2,4,0,0,1,3,0.67,1,2,0.56,3,0,3.33,3,3,18.96
ENS009,SEC,Securite Informatique,RT,4,4,4,2,1,0,0,-2,-0.67,95,0.17,0,1,3.5,2,4,0,0,3,2,0.5,0,3,0.83,2,0,4.09,3,3,18.83
ENS023,BD,Bases de Donnees,INFO,3,3,3,2,3,0,0,-1,-0.33,90,0.17,0,0,2.75,2,3,0,0,1,3,0.67,2,2,0.69,3,1,2.94,4,3,22.33
ENS012,PROG,Programmation,GL,2,4,2,2,1,2,-2,0,0.0,52,0.25,0,0,2.5,2,4,0,0,1,1,1.0,2,3,0.66,4,2,3.92,3,1,23.64
ENS030,WEB_F,Developpement Web Front,WEB,2,1,1,1,3,-1,0,0,-0.33,173,0.25,0,0,1.25,1,2,0,3,3,2,0.5,3,3,0.68,3,1,4.43,1,5,22.76
ENS026,ANG,Anglais Technique,SUP,1,2,3,3,1,1,1,0,0.67,329,0.42,1,0,2.25,1,3,0,1,2,1,1.0,1,1,0.64,1,0,2.72,3,10,16.14
ENS023,SEC,Securite Informatique,RT,4,3,2,4,0,-1,-1,2,0.0,175,0.42,0,0,3.25,2,4,0,0,2,3,0.67,5,1,0.55,3,0,2.53,3,5,25.31
ENS004,ALG,Algorithmique,GL,4,4,2,3,1,0,-2,1,-0.33,57,0.17,0,0,3.25,2,4,0,0,3,1,1.0,4,1,0.69,0,1,3.3,1,1,19.55
ENS029,PROG,Programmation,GL,4,5,5,3,1,1,0,-2,-0.33,276,0.25,1,0,4.25,3,5,2,0,2,1,1.0,4,3,0.76,0,0,3.14,2,9,21.08
ENS030,ALG,Algorithmique,GL,2,1,1,3,1,-1,0,2,0.33,213,0.0,1,0,1.75,1,3,0,2,3,2,0.5,0,1,0.95,2,1,2.72,4,7,18.19
ENS019,GESTION,Gestion de Projet,SUP,2,1,1,3,4,-1,0,2,0.33,119,0.42,0,0,1.75,1,3,0,2,1,3,0.67,0,2,0.76,0,0,4.48,1,3,14.26
ENS022,WEB_F,Developpement Web Front,WEB,2,4,2,3,1,2,-2,1,0.33,323,0.17,1,0,2.75,2,4,0,0,3,3,0.67,5,2,0.76,1,1,2.64,4,10,26.08
ENS024,RESEAU,Reseaux,RT,3,4,4,4,0,1,0,0,0.33,140,0.25,0,0,3.75,3,4,0,0,1,1,1.0,4,0,0.55,3,0,2.91,1,4,21.07
ENS028,WEB_F,Developpement Web Front,WEB,2,1,1,2,2,-1,0,1,0.0,305,0.08,1,0,1.5,1,2,0,2,2,1,1.0,2,2,0.94,4,0,3.44,2,10,22.58
ENS022,GC_MAT,Matériaux,GC,1,3,2,2,2,2,-1,0,0.33,309,0.0,1,0,2.0,1,3,0,1,1,1,1.0,2,3,0.75,1,1,2.73,4,10,20.21
ENS006,PROG,Programmation,GL,3,4,3,3,0,1,-1,0,0.0,136,0.33,0,0,3.25,3,4,0,0,2,2,0.5,0,1,0.66,4,2,3.29,4,4,19.88
ENS026,WEB_F,Developpement Web Front,WEB,2,2,2,4,1,0,0,2,0.67,90,0.08,0,0,2.5,2,4,0,0,1,3,0.67,1,2,0.59,3,1,3.89,2,3,18.73
ENS019,WEB_B,Developpement Web Back,WEB,5,3,3,5,1,-2,0,2,0.0,70,0.17,0,0,4.0,3,5,2,0,1,3,0.67,2,2,0.51,3,0,2.65,3,2,19.35
ENS020,SEC,Securite Informatique,RT,3,4,2,4,0,1,-2,2,0.33,205,0.42,1,0,3.25,2,4,0,0,3,2,0.5,4,2,0.62,3,1,2.94,2,6,22.98
ENS018,PROG,Programmation,GL,4,3,3,4,0,-1,0,1,0.0,85,0.08,0,0,3.5,3,4,0,0,3,1,1.0,2,1,0.6,1,1,4.32,3,2,21.14
ENS003,WEB_B,Developpement Web Back,WEB,3,4,4,3,1,1,0,-1,0.0,259,0.42,1,0,3.5,3,4,0,0,2,2,0.5,2,1,0.65,2,1,3.52,2,8,19.29
ENS006,WEB_F,Developpement Web Front,WEB,4,3,4,4,3,-1,1,0,0.0,75,0.08,0,0,3.75,3,4,0,0,1,3,0.67,2,3,0.77,2,0,3.46,2,2,19.77
ENS026,SEC,Securite Informatique,RT,3,5,5,5,0,2,0,0,0.67,95,0.33,0,0,4.5,3,5,3,0,2,3,0.67,5,2,0.67,1,1,3.35,4,3,27.05
ENS021,ANG,Anglais Technique,SUP,1,1,1,3,2,0,0,2,0.67,295,0.25,1,0,1.5,1,3,0,3,1,1,1.0,4,3,0.65,3,0,2.74,1,9,21.23
ENS023,RESEAU,Reseaux,RT,1,1,1,1,4,0,0,0,0.0,341,0.42,1,0,1.0,1,1,0,4,1,3,0.67,1,2,0.57,3,0,3.52,2,11,17.89
ENS015,GC_MAT,Matériaux,GC,4,4,2,3,1,0,-2,1,-0.33,349,0.25,1,0,3.25,2,4,0,0,1,2,0.5,0,1,0.75,3,1,3.11,4,11,18.97
ENS017,BD,Bases de Donnees,INFO,1,2,2,3,0,1,0,1,0.67,152,0.17,0,0,2.0,1,3,0,1,2,3,0.67,1,1,0.62,2,0,2.96,3,5,17.52
ENS011,PED,Pedagogie,SUP,3,4,5,5,0,1,1,0,0.67,333,0.08,1,0,4.25,3,5,2,0,3,1,1.0,5,3,0.51,1,1,2.89,2,11,22.33
ENS020,SEC,Securite Informatique,RT,2,4,2,4,1,2,-2,2,0.67,181,0.25,1,0,3.0,2,4,0,0,3,3,0.67,4,3,0.63,2,1,3.34,1,6,21.33
ENS017,BD,Bases de Donnees,INFO,1,3,1,3,2,2,-2,2,0.67,288,0.25,1,0,2.0,1,3,0,2,2,3,0.67,1,3,0.77,4,1,4.35,1,9,20.05
ENS004,GC_STRU,Structure Batiment,GC,5,3,5,5,1,-2,2,0,0.0,175,0.33,0,0,4.5,3,5,3,0,1,2,0.5,3,0,0.75,2,2,2.66,1,5,18.57
ENS019,BD,Bases de Donnees,INFO,2,2,2,1,2,0,0,-1,-0.33,146,0.25,0,0,1.75,1,2,0,1,2,2,0.5,5,3,0.71,4,0,2.74,3,4,27.53
ENS028,BD,Bases de Donnees,INFO,4,3,5,3,1,-1,2,-2,-0.33,30,0.33,0,0,3.75,3,5,1,0,1,1,1.0,0,3,0.55,1,1,3.52,2,1,13.79
ENS009,BD,Bases de Donnees,INFO,3,3,3,2,2,0,0,-1,-0.33,256,0.0,1,0,2.75,2,3,0,0,3,3,0.67,0,2,0.66,4,0,4.45,3,8,20.7
ENS001,GC_STRU,Structure Batiment,GC,3,3,3,5,1,0,0,2,0.67,186,0.42,1,0,3.5,3,5,1,0,2,2,0.5,2,3,0.84,1,1,3.18,2,6,18.56
ENS023,GESTION,Gestion de Projet,SUP,4,3,4,4,0,-1,1,0,0.0,113,0.08,0,0,3.75,3,4,0,0,2,1,1.0,5,1,0.66,3,2,2.87,2,3,25.04
ENS018,GC_STRU,Structure Batiment,GC,1,1,2,3,2,0,1,1,0.67,153,0.33,0,0,1.75,1,3,0,2,3,3,0.67,3,2,0.54,3,2,2.86,3,5,21.92
ENS023,ANG,Anglais Technique,SUP,2,1,2,1,0,-1,1,-1,-0.33,289,0.33,1,0,1.5,1,2,0,2,2,1,1.0,1,2,0.77,4,2,3.75,3,9,21.85
ENS004,SEC,Securite Informatique,RT,3,2,2,4,0,-1,0,2,0.33,254,0.25,1,0,2.75,2,4,0,0,1,1,1.0,2,2,0.66,2,1,4.18,2,8,20.66
ENS008,WEB_B,Developpement Web Back,WEB,3,3,4,4,2,0,1,0,0.33,121,0.33,0,0,3.5,3,4,0,0,1,1,1.0,4,3,0.7,1,2,3.23,2,4,21.96
ENS025,ANG,Anglais Technique,SUP,5,4,5,5,0,-1,1,0,0.0,135,0.0,0,0,4.75,4,5,3,0,1,3,0.67,0,3,0.54,2,1,4.25,4,4,19.2
ENS017,GESTION,Gestion de Projet,SUP,2,1,1,3,3,-1,0,2,0.33,231,0.25,1,0,1.75,1,3,0,2,1,1,1.0,2,3,0.79,3,1,4.09,4,7,25.13
ENS026,WEB_F,Developpement Web Front,WEB,1,1,1,1,2,0,0,0,0.0,359,0.0,1,0,1.0,1,1,0,4,1,2,0.5,3,1,0.93,4,1,3.84,1,11,23.83
ENS026,WEB_B,Developpement Web Back,WEB,3,4,5,5,1,1,1,0,0.67,263,0.17,1,0,4.25,3,5,2,0,3,2,0.5,0,2,0.6,0,2,3.75,4,8,16.5
ENS030,ALG,Algorithmique,GL,1,2,1,1,3,1,-1,0,0.0,293,0.42,1,0,1.25,1,2,0,3,2,2,0.5,5,0,0.7,3,1,4.27,1,9,26.54
ENS014,ANG,Anglais Technique,SUP,1,1,2,1,0,0,1,-1,0.0,221,0.33,1,0,1.25,1,2,0,3,3,1,1.0,4,3,0.51,1,1,2.68,1,7,18.41
ENS018,GC_MAT,Matériaux,GC,4,4,3,4,1,0,-1,1,0.0,162,0.17,0,0,3.75,3,4,0,0,1,1,1.0,4,3,0.52,2,2,4.49,1,5,23.08
ENS006,PROG,Programmation,GL,4,3,4,2,3,-1,1,-2,-0.67,147,0.17,0,1,3.25,2,4,0,0,2,1,1.0,0,2,0.88,2,2,3.17,3,4,17.24
ENS027,PED,Pedagogie,SUP,5,3,3,4,1,-2,0,1,-0.33,57,0.0,0,0,3.75,3,5,1,0,2,3,0.67,0,0,0.6,0,2,4.45,2,1,14.9
ENS013,ALG,Algorithmique,GL,3,2,1,1,1,-1,-1,0,-0.67,252,0.42,1,1,1.75,1,3,0,2,3,2,0.5,5,0,0.66,1,0,4.27,2,8,25.84
ENS002,BD,Bases de Donnees,INFO,4,4,3,5,1,0,-1,2,0.33,275,0.0,1,0,4.0,3,5,1,0,3,1,1.0,3,3,0.67,3,0,3.81,1,9,21.47
ENS026,WEB_F,Developpement Web Front,WEB,2,1,2,1,2,-1,1,-1,-0.33,244,0.17,1,0,1.5,1,2,0,2,1,2,0.5,0,0,0.74,1,2,3.96,1,8,14.12
ENS028,GESTION,Gestion de Projet,SUP,3,3,1,3,1,0,-2,2,0.0,173,0.0,0,0,2.5,1,3,0,1,2,3,0.67,0,2,0.59,4,2,4.28,2,5,18.51
ENS009,PED,Pedagogie,SUP,2,1,1,2,2,-1,0,1,0.0,104,0.17,0,0,1.5,1,2,0,2,2,1,1.0,2,2,0.57,2,2,3.92,1,3,18.19
ENS025,GC_STRU,Structure Batiment,GC,1,2,1,2,3,1,-1,1,0.33,100,0.25,0,0,1.5,1,2,0,2,3,3,0.67,4,1,0.89,3,1,3.58,2,3,25.61
ENS013,RESEAU,Reseaux,RT,3,4,2,3,0,1,-2,1,0.0,134,0.42,0,0,3.0,2,4,0,0,3,3,0.67,3,2,0.68,3,2,3.04,4,4,24.48
ENS025,PROG,Programmation,GL,5,5,4,4,0,0,-1,0,-0.33,340,0.08,1,0,4.5,4,5,2,0,1,3,0.67,2,3,0.76,4,1,3.16,1,11,19.62
ENS020,PROG,Programmation,GL,3,5,3,5,2,2,-2,2,0.67,361,0.33,1,0,4.0,3,5,2,0,2,3,0.67,1,0,0.71,4,1,3.16,3,12,20.37
ENS008,PED,Pedagogie,SUP,3,4,4,4,1,1,0,0,0.33,116,0.08,0,0,3.75,3,4,0,0,1,2,0.5,3,0,0.9,2,2,3.27,3,3,23.54
ENS023,WEB_B,Developpement Web Back,WEB,5,3,5,5,2,-2,2,0,0.0,36,0.0,0,0,4.5,3,5,3,0,1,3,0.67,1,3,0.68,4,0,2.56,1,1,16.02
ENS028,WEB_F,Developpement Web Front,WEB,2,2,2,2,2,0,0,0,0.0,361,0.08,1,0,2.0,2,2,0,0,2,3,0.67,0,0,0.55,2,1,2.51,3,12,14.27
ENS008,GC_MAT,Matériaux,GC,1,2,1,1,1,1,-1,0,0.0,147,0.42,0,0,1.25,1,2,0,3,1,2,0.5,3,3,0.56,0,2,3.86,3,4,21.02
ENS020,GC_MAT,Matériaux,GC,2,2,2,4,0,0,0,2,0.67,97,0.25,0,0,2.5,2,4,0,0,2,3,0.67,5,1,0.53,2,1,2.68,4,3,26.01
ENS007,ANG,Anglais Technique,SUP,1,3,1,1,1,2,-2,0,0.0,292,0.33,1,0,1.5,1,3,0,3,3,3,0.67,5,3,0.79,2,2,4.07,3,9,28.59
ENS011,ALG,Algorithmique,GL,1,1,1,1,3,0,0,0,0.0,289,0.17,1,0,1.0,1,1,0,4,2,2,0.5,4,1,0.54,2,2,2.96,3,9,23.12
ENS010,ALG,Algorithmique,GL,4,4,2,4,0,0,-2,2,0.0,282,0.08,1,0,3.5,2,4,0,0,1,2,0.5,3,0,0.77,4,2,2.58,4,9,25.01
ENS028,RESEAU,Reseaux,RT,3,3,2,2,0,0,-1,0,-0.33,117,0.17,0,0,2.5,2,3,0,0,3,1,1.0,3,2,0.89,4,0,2.92,3,3,24.79
ENS016,GC_STRU,Structure Batiment,GC,2,4,3,4,0,2,-1,1,0.67,181,0.33,1,0,3.25,2,4,0,0,2,1,1.0,5,0,0.72,3,1,2.77,4,6,28.14
ENS015,GC_STRU,Structure Batiment,GC,4,4,4,2,0,0,0,-2,-0.67,288,0.08,1,1,3.5,2,4,0,0,1,3,0.67,0,3,0.67,0,1,3.83,3,9,15.51
ENS011,WEB_B,Developpement Web Back,WEB,4,5,5,5,2,1,0,0,0.33,53,0.17,0,0,4.75,4,5,3,0,1,2,0.5,1,3,0.91,3,2,3.93,4,1,23.41
ENS009,SEC,Securite Informatique,RT,3,4,2,2,3,1,-2,0,-0.33,330,0.25,1,0,2.75,2,4,0,0,2,1,1.0,3,0,0.58,3,0,4.41,4,11,26.72
ENS029,WEB_B,Developpement Web Back,WEB,3,3,5,3,0,0,2,-2,0.0,89,0.08,0,0,3.5,3,5,1,0,1,2,0.5,5,3,0.58,3,2,4.29,2,2,27.48
ENS010,RESEAU,Reseaux,RT,3,2,3,2,1,-1,1,-1,-0.33,364,0.17,1,0,2.5,2,3,0,0,1,2,0.5,4,2,0.83,2,1,3.29,1,12,22.23
ENS003,PED,Pedagogie,SUP,5,5,5,5,1,0,0,0,0.0,289,0.33,1,0,5.0,5,5,4,0,3,2,0.5,4,1,0.94,0,2,2.65,2,9,21.0
ENS006,WEB_B,Developpement Web Back,WEB,1,3,1,2,2,2,-2,1,0.33,78,0.25,0,0,1.75,1,3,0,2,3,2,0.5,1,2,0.93,4,1,3.33,3,2,21.81
ENS001,PROG,Programmation,GL,5,3,4,4,2,-2,1,0,-0.33,42,0.17,0,0,4.0,3,5,1,0,3,3,0.67,2,0,0.68,1,0,3.35,4,1,21.1
ENS022,SEC,Securite Informatique,RT,4,3,4,3,0,-1,1,-1,-0.33,143,0.08,0,0,3.5,3,4,0,0,2,3,0.67,0,2,0.94,3,1,4.1,1,4,17.4
ENS023,RESEAU,Reseaux,RT,2,4,2,3,2,2,-2,1,0.33,40,0.17,0,0,2.75,2,4,0,0,3,3,0.67,0,2,0.69,0,0,3.95,1,1,12.85
ENS007,ALG,Algorithmique,GL,4,3,2,4,1,-1,-1,2,0.0,254,0.08,1,0,3.25,2,4,0,0,2,1,1.0,0,3,0.65,0,2,4.38,4,8,18.01
ENS028,WEB_B,Developpement Web Back,WEB,2,1,1,2,4,-1,0,1,0.0,230,0.25,1,0,1.5,1,2,0,2,1,2,0.5,4,2,0.9,4,2,4.42,4,7,31.34
ENS026,WEB_F,Developpement Web Front,WEB,2,2,4,3,2,0,2,-1,0.33,300,0.17,1,0,2.75,2,4,0,0,3,2,0.5,2,0,0.82,3,1,2.64,4,10,22.38
ENS004,ANG,Anglais Technique,SUP,3,1,1,1,2,-2,0,0,-0.67,102,0.25,0,1,1.5,1,3,0,3,1,2,0.5,0,3,0.71,4,1,3.51,4,3,20.57
ENS023,RESEAU,Reseaux,RT,1,1,1,2,2,0,0,1,0.33,363,0.17,1,0,1.25,1,2,0,3,2,2,0.5,0,1,0.6,2,2,2.68,4,12,16.36
ENS030,BD,Bases de Donnees,INFO,1,2,3,1,0,1,1,-2,0.0,48,0.17,0,0,1.75,1,3,0,2,3,1,1.0,3,1,0.94,3,2,2.73,3,1,23.66
ENS008,GESTION,Gestion de Projet,SUP,1,3,3,3,3,2,0,0,0.67,33,0.17,0,0,2.5,1,3,0,1,3,1,1.0,4,3,0.81,1,1,2.51,4,1,24.07
ENS001,GESTION,Gestion de Projet,SUP,4,3,3,3,0,-1,0,0,-0.33,63,0.33,0,0,3.25,3,4,0,0,2,3,0.67,4,0,0.86,0,2,3.72,2,2,22.74
ENS027,WEB_F,Developpement Web Front,WEB,3,3,3,2,1,0,0,-1,-0.33,249,0.25,1,0,2.75,2,3,0,0,1,2,0.5,2,0,0.8,4,0,3.62,3,8,23.74
ENS016,BD,Bases de Donnees,INFO,3,3,4,4,1,0,1,0,0.33,227,0.42,1,0,3.5,3,4,0,0,1,1,1.0,2,0,0.63,3,0,4.43,1,7,20.51
ENS019,GC_STRU,Structure Batiment,GC,1,2,1,2,3,1,-1,1,0.33,64,0.08,0,0,1.5,1,2,0,2,1,3,0.67,5,1,0.86,1,2,3.41,1,2,23.62
ENS009,ANG,Anglais Technique,SUP,1,3,2,1,2,2,-1,-1,0.0,288,0.33,1,0,1.75,1,3,0,2,2,3,0.67,5,2,0.93,1,1,3.99,4,9,29.63
ENS016,RESEAU,Reseaux,RT,3,3,4,4,2,0,1,0,0.33,359,0.0,1,0,3.5,3,4,0,0,1,3,0.67,4,2,0.67,0,1,2.75,3,11,21.35
ENS017,ANG,Anglais Technique,SUP,3,2,3,1,1,-1,1,-2,-0.67,227,0.17,1,1,2.25,1,3,0,1,3,2,0.5,5,0,0.59,1,0,4.37,3,7,27.19
ENS023,PROG,Programmation,GL,5,4,4,3,1,-1,0,-1,-0.67,221,0.17,1,1,4.0,3,5,1,0,2,3,0.67,5,2,0.86,1,2,3.18,1,7,23.16
ENS002,PROG,Programmation,GL,4,3,3,4,1,-1,0,1,0.0,209,0.17,1,0,3.5,3,4,0,0,3,2,0.5,0,1,0.59,1,2,2.93,3,6,14.31
ENS024,ALG,Algorithmique,GL,2,1,3,1,1,-1,2,-2,-0.33,93,0.42,0,0,1.75,1,3,0,2,3,3,0.67,1,3,0.56,1,2,4.47,4,3,20.74
ENS016,GC_STRU,Structure Batiment,GC,3,4,4,4,0,1,0,0,0.33,122,0.42,0,0,3.75,3,4,0,0,1,1,1.0,5,2,0.83,1,2,4.35,1,4,25.35
ENS013,WEB_B,Developpement Web Back,WEB,1,1,1,3,3,0,0,2,0.67,55,0.33,0,0,1.5,1,3,0,3,2,3,0.67,4,1,0.9,1,0,3.7,1,1,22.4
ENS002,GESTION,Gestion de Projet,SUP,1,3,3,3,2,2,0,0,0.67,360,0.33,1,0,2.5,1,3,0,1,3,2,0.5,0,1,0.51,4,0,3.62,4,12,19.79
ENS017,BD,Bases de Donnees,INFO,3,3,3,3,1,0,0,0,0.0,166,0.08,0,0,3.0,3,3,0,0,1,2,0.5,5,3,0.58,4,0,4.27,3,5,29.94
ENS014,WEB_F,Developpement Web Front,WEB,2,2,2,1,2,0,0,-1,-0.33,307,0.33,1,0,1.75,1,2,0,1,2,2,0.5,5,3,0.73,3,1,3.61,1,10,25.37
ENS022,ANG,Anglais Technique,SUP,1,2,2,2,1,1,0,0,0.33,111,0.08,0,0,1.75,1,2,0,1,3,2,0.5,4,3,0.62,2,0,3.88,2,3,23.86
ENS013,PED,Pedagogie,SUP,5,4,3,3,1,-1,-1,0,-0.67,220,0.17,1,1,3.75,3,5,1,0,1,1,1.0,5,2,0.75,4,0,2.68,4,7,29.11
ENS007,GC_MAT,Matériaux,GC,3,4,4,4,2,1,0,0,0.33,235,0.08,1,0,3.75,3,4,0,0,3,3,0.67,4,0,0.65,4,1,3.21,4,7,27.67
ENS008,BD,Bases de Donnees,INFO,4,5,5,5,2,1,0,0,0.33,57,0.08,0,0,4.75,4,5,3,0,2,3,0.67,2,2,0.93,2,0,3.34,2,1,20.33
ENS015,RESEAU,Reseaux,RT,3,1,2,1,2,-2,1,-1,-0.67,206,0.42,1,1,1.75,1,3,0,2,2,1,1.0,4,0,0.53,3,1,4.46,4,6,28.57
ENS001,SEC,Securite Informatique,RT,3,2,4,3,0,-1,2,-1,0.0,247,0.25,1,0,3.0,2,4,0,0,2,3,0.67,5,2,0.92,0,2,3.89,3,8,26.88
ENS001,GESTION,Gestion de Projet,SUP,4,3,3,4,0,-1,0,1,0.0,89,0.0,0,0,3.5,3,4,0,0,2,1,1.0,1,1,0.8,2,2,3.34,4,2,20.68
ENS007,PROG,Programmation,GL,4,5,4,4,0,1,-1,0,0.0,330,0.17,1,0,4.25,4,5,1,0,1,3,0.67,5,2,0.63,3,0,4.1,3,11,28.85
ENS009,ALG,Algorithmique,GL,2,2,1,2,4,0,-1,1,0.0,63,0.33,0,0,1.75,1,2,0,1,1,2,0.5,2,2,0.7,2,1,3.31,2,2,19.12
ENS021,SEC,Securite Informatique,RT,4,5,3,4,1,1,-2,1,0.0,355,0.0,1,0,4.0,3,5,1,0,3,3,0.67,5,3,0.92,1,2,4.07,2,11,26.74
ENS015,GESTION,Gestion de Projet,SUP,4,4,5,5,1,0,1,0,0.33,268,0.25,1,0,4.5,4,5,2,0,2,2,0.5,3,2,0.6,2,0,3.63,4,8,24.26
ENS007,BD,Bases de Donnees,INFO,1,1,1,1,3,0,0,0,0.0,132,0.08,0,0,1.0,1,1,0,4,1,2,0.5,1,0,0.94,3,2,2.77,4,4,21.24
ENS027,BD,Bases de Donnees,INFO,5,4,5,4,0,-1,1,-1,-0.33,286,0.33,1,0,4.5,4,5,2,0,2,1,1.0,5,2,0.51,1,1,4.29,1,9,23.63
ENS008,GESTION,Gestion de Projet,SUP,1,2,3,3,2,1,1,0,0.67,225,0.08,1,0,2.25,1,3,0,1,1,1,1.0,0,0,0.7,4,2,3.75,3,7,19.5
ENS027,BD,Bases de Donnees,INFO,4,4,5,5,1,0,1,0,0.33,102,0.0,0,0,4.5,4,5,2,0,2,2,0.5,1,0,0.84,0,0,3.54,4,3,19.28
ENS016,GC_MAT,Matériaux,GC,3,1,2,1,2,-2,1,-1,-0.67,185,0.0,1,1,1.75,1,3,0,2,1,3,0.67,4,0,0.63,3,2,3.38,3,6,25.41
ENS003,RESEAU,Reseaux,RT,2,4,2,4,1,2,-2,2,0.67,267,0.0,1,0,3.0,2,4,0,0,3,2,0.5,5,0,0.85,0,2,3.04,2,8,23.33
ENS018,WEB_F,Developpement Web Front,WEB,3,3,3,1,2,0,0,-2,-0.67,168,0.08,0,1,2.5,1,3,0,1,3,2,0.5,3,1,0.67,0,2,4.1,4,5,23.55
ENS029,WEB_F,Developpement Web Front,WEB,4,4,2,3,3,0,-2,1,-0.33,148,0.25,0,0,3.25,2,4,0,0,2,2,0.5,3,0,0.64,3,0,3.4,4,4,25.0
ENS026,RESEAU,Reseaux,RT,3,1,1,3,3,-2,0,2,0.0,256,0.0,1,0,2.0,1,3,0,2,1,1,1.0,1,3,0.7,0,2,2.79,1,8,12.58
ENS021,PROG,Programmation,GL,4,4,4,3,2,0,0,-1,-0.33,155,0.33,0,0,3.75,3,4,0,0,3,3,0.67,3,3,0.8,0,1,3.86,3,5,22.22
ENS029,WEB_B,Developpement Web Back,WEB,5,4,5,5,1,-1,1,0,0.0,140,0.25,0,0,4.75,4,5,3,0,2,1,1.0,1,1,0.67,0,1,2.98,4,4,17.31
ENS030,GESTION,Gestion de Projet,SUP,2,2,2,2,3,0,0,0,0.0,49,0.0,0,0,2.0,2,2,0,0,2,1,1.0,0,0,0.94,4,2,3.47,3,1,20.14
ENS030,ALG,Algorithmique,GL,1,1,2,1,3,0,1,-1,0.0,322,0.25,1,0,1.25,1,2,0,3,3,2,0.5,5,3,0.81,4,0,4.15,2,10,29.35
ENS020,PED,Pedagogie,SUP,3,4,4,2,1,1,0,-2,-0.33,46,0.42,0,0,3.25,2,4,0,0,2,3,0.67,4,0,0.82,4,1,3.97,2,1,27.04
ENS015,WEB_F,Developpement Web Front,WEB,1,2,3,3,2,1,1,0,0.67,154,0.33,0,0,2.25,1,3,0,1,1,1,1.0,0,1,0.68,1,1,2.51,2,5,12.42
ENS003,WEB_B,Developpement Web Back,WEB,3,5,4,5,0,2,-1,1,0.67,223,0.17,1,0,4.25,3,5,2,0,2,2,0.5,2,2,0.92,3,2,4.27,2,7,23.14
ENS017,PROG,Programmation,GL,3,5,5,4,0,2,0,-1,0.33,186,0.42,1,0,4.25,3,5,2,0,2,2,0.5,5,2,0.73,4,0,4.0,3,6,30.15
ENS024,WEB_B,Developpement Web Back,WEB,3,2,2,2,2,-1,0,0,-0.33,33,0.0,0,0,2.25,2,3,0,0,1,3,0.67,4,1,0.6,1,2,3.41,1,1,20.32
ENS028,GC_MAT,Matériaux,GC,3,2,4,3,0,-1,2,-1,0.0,287,0.42,1,0,3.0,2,4,0,0,3,1,1.0,0,1,0.91,3,0,3.82,2,9,18.19
ENS016,PED,Pedagogie,SUP,4,4,3,2,3,0,-1,-1,-0.67,340,0.25,1,1,3.25,2,4,0,0,2,2,0.5,1,2,0.61,3,1,4.18,1,11,17.91
ENS022,GC_MAT,Matériaux,GC,1,1,1,1,1,0,0,0,0.0,192,0.33,1,0,1.0,1,1,0,4,3,3,0.67,5,0,0.65,0,0,4.33,2,6,24.91
ENS018,WEB_B,Developpement Web Back,WEB,4,4,5,3,0,0,1,-2,-0.33,358,0.42,1,0,4.0,3,5,1,0,1,1,1.0,5,1,0.71,0,0,3.28,3,11,24.61
ENS015,ALG,Algorithmique,GL,1,3,3,2,1,2,0,-1,0.33,105,0.33,0,0,2.25,1,3,0,1,1,3,0.67,2,2,0.66,3,2,3.67,2,3,20.64
ENS019,PROG,Programmation,GL,2,2,4,4,2,0,2,0,0.67,95,0.17,0,0,3.0,2,4,0,0,2,3,0.67,5,0,0.6,3,0,2.5,3,3,25.5
ENS029,WEB_B,Developpement Web Back,WEB,2,3,2,1,2,1,-1,-1,-0.33,326,0.08,1,0,2.0,1,3,0,1,2,2,0.5,0,3,0.62,0,1,4.18,1,10,12.96
ENS001,SEC,Securite Informatique,RT,4,2,2,2,0,-2,0,0,-0.67,144,0.42,0,1,2.5,2,4,0,0,3,1,1.0,5,2,0.53,0,0,2.99,2,4,21.63
ENS023,PROG,Programmation,GL,5,3,5,3,0,-2,2,-2,-0.67,325,0.42,1,1,4.0,3,5,2,0,3,1,1.0,5,2,0.92,4,0,3.07,2,10,27.74
ENS001,PED,Pedagogie,SUP,2,1,2,1,2,-1,1,-1,-0.33,81,0.42,0,0,1.5,1,2,0,2,2,3,0.67,0,3,0.88,0,2,4.02,3,2,16.94
ENS005,ANG,Anglais Technique,SUP,4,5,4,4,0,1,-1,0,0.0,342,0.25,1,0,4.25,4,5,1,0,3,3,0.67,2,1,0.87,4,0,4.1,2,11,23.55
ENS001,WEB_B,Developpement Web Back,WEB,5,4,3,5,2,-1,-1,2,0.0,92,0.33,0,0,4.25,3,5,2,0,3,2,0.5,4,0,0.72,1,0,3.83,1,3,21.76
ENS011,GESTION,Gestion de Projet,SUP,3,4,4,3,2,1,0,-1,0.0,258,0.0,1,0,3.5,3,4,0,0,1,3,0.67,2,0,0.92,0,1,3.85,2,8,19.3
ENS022,GC_STRU,Structure Batiment,GC,3,4,4,5,0,1,0,1,0.67,104,0.42,0,0,4.0,3,5,1,0,3,1,1.0,5,0,0.78,1,2,2.85,4,3,26.6
ENS004,GC_MAT,Matériaux,GC,2,3,3,2,0,1,0,-1,0.0,342,0.25,1,0,2.5,2,3,0,0,1,2,0.5,5,1,0.52,2,1,3.2,4,11,27.0
ENS010,PROG,Programmation,GL,5,5,3,4,1,0,-2,1,-0.33,102,0.25,0,0,4.25,3,5,2,0,3,2,0.5,2,0,0.54,0,1,4.45,4,3,21.6
ENS015,GESTION,Gestion de Projet,SUP,3,4,3,3,1,1,-1,0,0.0,188,0.42,1,0,3.25,3,4,0,0,3,2,0.5,0,3,0.8,0,1,3.61,4,6,17.22
ENS019,WEB_B,Developpement Web Back,WEB,5,4,3,5,0,-1,-1,2,0.0,61,0.42,0,0,4.25,3,5,2,0,3,1,1.0,5,1,0.74,2,1,2.59,1,2,22.38
ENS019,ANG,Anglais Technique,SUP,1,2,1,2,3,1,-1,1,0.33,193,0.42,1,0,1.5,1,2,0,2,1,1,1.0,2,3,0.84,1,0,3.18,3,6,20.06
ENS014,ANG,Anglais Technique,SUP,5,4,5,4,1,-1,1,-1,-0.33,200,0.42,1,0,4.5,4,5,2,0,3,3,0.67,4,1,0.82,4,0,3.07,4,6,28.24
ENS022,RESEAU,Reseaux,RT,3,4,5,5,2,1,1,0,0.67,79,0.25,0,0,4.25,3,5,2,0,1,3,0.67,0,1,0.68,4,0,3.13,2,2,16.66
ENS024,RESEAU,Reseaux,RT,2,3,3,2,0,1,0,-1,0.0,182,0.08,1,0,2.5,2,3,0,0,1,3,0.67,5,1,0.69,3,2,3.52,2,6,26.49
ENS006,ALG,Algorithmique,GL,1,1,1,2,3,0,0,1,0.33,55,0.33,0,0,1.25,1,2,0,3,2,3,0.67,1,0,0.79,3,1,3.18,1,1,16.81
ENS025,WEB_F,Developpement Web Front,WEB,1,1,1,1,2,0,0,0,0.0,213,0.25,1,0,1.0,1,1,0,4,2,3,0.67,4,2,0.54,3,2,3.01,2,7,22.72
ENS003,GESTION,Gestion de Projet,SUP,5,4,3,4,2,-1,-1,1,-0.33,355,0.42,1,0,4.0,3,5,1,0,2,3,0.67,5,1,0.84,0,2,3.24,3,11,25.18
ENS029,ANG,Anglais Technique,SUP,2,2,3,1,1,0,1,-2,-0.33,299,0.08,1,0,2.0,1,3,0,1,1,1,1.0,3,2,0.92,4,1,4.31,2,9,26.22
ENS001,GC_MAT,Matériaux,GC,2,4,2,2,1,2,-2,0,0.0,286,0.25,1,0,2.5,2,4,0,0,2,1,1.0,3,3,0.83,0,1,3.73,3,9,22.11
ENS010,BD,Bases de Donnees,INFO,5,4,3,5,1,-1,-1,2,0.0,256,0.33,1,0,4.25,3,5,2,0,3,3,0.67,3,2,0.53,3,0,3.59,2,8,21.83
ENS030,PROG,Programmation,GL,5,5,3,3,1,0,-2,0,-0.67,318,0.08,1,1,4.0,3,5,2,0,2,1,1.0,1,0,0.55,4,2,3.96,3,10,21.17
ENS024,PED,Pedagogie,SUP,4,3,3,3,1,-1,0,0,-0.33,222,0.17,1,0,3.25,3,4,0,0,2,2,0.5,1,3,0.89,0,0,4.37,3,7,19.69
ENS019,WEB_F,Developpement Web Front,WEB,3,1,1,2,2,-2,0,1,-0.33,70,0.17,0,0,1.75,1,3,0,2,2,2,0.5,0,3,0.8,2,1,3.94,3,2,18.38
ENS002,PED,Pedagogie,SUP,2,3,3,4,2,1,0,1,0.67,204,0.33,1,0,3.0,2,4,0,0,1,3,0.67,4,1,0.82,4,1,4.12,3,6,28.84
ENS028,SEC,Securite Informatique,RT,3,3,3,4,0,0,0,1,0.33,231,0.0,1,0,3.25,3,4,0,0,2,2,0.5,3,3,0.84,3,1,3.12,4,7,25.44
ENS028,SEC,Securite Informatique,RT,3,3,4,4,0,0,1,0,0.33,230,0.0,1,0,3.5,3,4,0,0,2,1,1.0,0,0,0.69,3,1,3.64,2,7,16.73
ENS012,WEB_B,Developpement Web Back,WEB,3,1,2,3,3,-2,1,1,0.0,146,0.17,0,0,2.25,1,3,0,1,2,1,1.0,3,1,0.73,2,0,3.19,2,4,21.03
ENS004,GC_STRU,Structure Batiment,GC,4,4,2,3,2,0,-2,1,-0.33,257,0.25,1,0,3.25,2,4,0,0,3,2,0.5,0,3,0.83,1,2,2.99,1,8,12.63
ENS023,PROG,Programmation,GL,2,2,3,4,3,0,1,1,0.67,226,0.42,1,0,2.75,2,4,0,0,1,2,0.5,1,2,0.84,2,0,2.91,1,7,15.52
ENS013,GESTION,Gestion de Projet,SUP,4,5,5,5,2,1,0,0,0.33,342,0.42,1,0,4.75,4,5,3,0,3,3,0.67,5,0,0.78,3,0,3.52,3,11,28.44
ENS019,RESEAU,Reseaux,RT,4,4,5,4,0,0,1,-1,0.0,297,0.42,1,0,4.25,4,5,1,0,2,2,0.5,3,2,0.69,0,0,4.2,2,9,20.85
ENS015,RESEAU,Reseaux,RT,3,1,2,1,4,-2,1,-1,-0.67,237,0.08,1,1,1.75,1,3,0,2,1,2,0.5,0,1,0.54,1,1,3.27,3,7,14.74
ENS021,PED,Pedagogie,SUP,2,2,2,1,3,0,0,-1,-0.33,223,0.42,1,0,1.75,1,2,0,1,1,2,0.5,1,3,0.81,1,2,2.89,3,7,17.33
ENS029,ALG,Algorithmique,GL,2,1,1,1,4,-1,0,0,-0.33,251,0.25,1,0,1.25,1,2,0,3,2,3,0.67,5,3,0.78,3,1,2.56,2,8,25.02
ENS007,BD,Bases de Donnees,INFO,3,4,3,5,0,1,-1,2,0.67,130,0.17,0,0,3.75,3,5,1,0,3,3,0.67,2,2,0.83,1,1,3.88,1,4,18.41
ENS019,SEC,Securite Informatique,RT,3,3,3,4,2,0,0,1,0.33,246,0.0,1,0,3.25,3,4,0,0,2,3,0.67,5,0,0.51,4,1,4.34,4,8,31.23
ENS021,PED,Pedagogie,SUP,5,3,5,3,0,-2,2,-2,-0.67,356,0.0,1,1,4.0,3,5,2,0,2,1,1.0,1,1,0.84,2,1,4.03,4,11,22.26
ENS030,WEB_B,Developpement Web Back,WEB,3,4,3,3,1,1,-1,0,0.0,302,0.17,1,0,3.25,3,4,0,0,1,3,0.67,4,1,0.74,3,0,3.29,4,10,27.28
ENS014,WEB_F,Developpement Web Front,WEB,2,1,1,2,3,-1,0,1,0.0,243,0.42,1,0,1.5,1,2,0,2,3,1,1.0,0,0,0.88,0,2,4.16,4,8,18.72
ENS005,WEB_B,Developpement Web Back,WEB,1,2,1,1,3,1,-1,0,0.0,162,0.0,0,0,1.25,1,2,0,3,2,2,0.5,0,3,0.53,3,2,3.78,1,5,14.71
ENS014,BD,Bases de Donnees,INFO,1,1,2,1,1,0,1,-1,0.0,299,0.17,1,0,1.25,1,2,0,3,1,3,0.67,3,0,0.78,0,1,4.07,1,9,19.54
ENS005,WEB_F,Developpement Web Front,WEB,4,4,2,3,3,0,-2,1,-0.33,164,0.42,0,0,3.25,2,4,0,0,3,3,0.67,5,3,0.66,2,2,4.2,2,5,26.7
ENS017,GESTION,Gestion de Projet,SUP,3,4,2,4,0,1,-2,2,0.33,305,0.33,1,0,3.25,2,4,0,0,3,1,1.0,3,1,0.65,2,1,3.87,3,10,23.49
ENS020,GC_MAT,Matériaux,GC,4,4,4,2,1,0,0,-2,-0.67,254,0.08,1,1,3.5,2,4,0,0,3,1,1.0,0,2,0.56,0,1,3.9,4,8,16.6
ENS023,SEC,Securite Informatique,RT,4,4,2,3,0,0,-2,1,-0.33,357,0.25,1,0,3.25,2,4,0,0,2,1,1.0,3,1,0.52,0,0,3.53,1,11,17.16
ENS027,SEC,Securite Informatique,RT,3,2,3,4,1,-1,1,1,0.33,75,0.25,0,0,3.0,2,4,0,0,1,1,1.0,1,2,0.68,1,1,3.64,3,2,18.18
ENS018,BD,Bases de Donnees,INFO,1,1,2,2,3,0,1,0,0.33,88,0.17,0,0,1.5,1,2,0,2,3,1,1.0,5,1,0.62,0,1,2.81,2,2,21.72
ENS026,ALG,Algorithmique,GL,1,3,2,2,1,2,-1,0,0.33,152,0.17,0,0,2.0,1,3,0,1,1,1,1.0,2,3,0.54,1,0,4.28,3,5,20.76
ENS016,PROG,Programmation,GL,3,3,4,2,2,0,1,-2,-0.33,357,0.33,1,0,3.0,2,4,0,0,2,1,1.0,3,1,0.74,3,0,4.08,4,11,26.86
ENS005,ALG,Algorithmique,GL,2,2,3,3,2,0,1,0,0.33,149,0.0,0,0,2.5,2,3,0,0,3,1,1.0,3,3,0.79,0,1,2.56,4,4,21.07
ENS006,PROG,Programmation,GL,3,5,5,4,1,2,0,-1,0.33,146,0.42,0,0,4.25,3,5,2,0,2,3,0.67,1,2,0.66,3,0,3.31,1,4,16.42
ENS014,PED,Pedagogie,SUP,3,4,4,3,1,1,0,-1,0.0,229,0.0,1,0,3.5,3,4,0,0,2,3,0.67,0,0,0.84,0,0,3.87,2,7,14.94
ENS021,PED,Pedagogie,SUP,3,3,3,3,0,0,0,0,0.0,234,0.25,1,0,3.0,3,3,0,0,1,2,0.5,4,2,0.7,0,2,2.67,1,7,18.34
ENS022,GESTION,Gestion de Projet,SUP,3,4,3,3,2,1,-1,0,0.0,95,0.0,0,0,3.25,3,4,0,0,2,1,1.0,4,2,0.83,0,1,2.77,3,3,22.19
ENS011,WEB_F,Developpement Web Front,WEB,1,3,1,3,2,2,-2,2,0.67,329,0.08,1,0,2.0,1,3,0,2,1,1,1.0,2,1,0.78,3,2,3.19,4,10,23.28
ENS021,PROG,Programmation,GL,3,3,5,5,2,0,2,0,0.67,223,0.25,1,0,4.0,3,5,2,0,2,3,0.67,3,1,0.78,0,0,3.98,2,7,20.86
ENS025,WEB_B,Developpement Web Back,WEB,2,1,1,3,4,-1,0,2,0.33,178,0.25,0,0,1.75,1,3,0,2,2,1,1.0,4,2,0.51,4,0,3.24,4,5,27.03
ENS027,GC_STRU,Structure Batiment,GC,2,3,3,4,2,1,0,1,0.67,159,0.08,0,0,3.0,2,4,0,0,3,1,1.0,2,3,0.78,1,0,2.59,3,5,18.58
ENS013,PROG,Programmation,GL,2,4,2,3,3,2,-2,1,0.33,332,0.42,1,0,2.75,2,4,0,0,3,2,0.5,5,1,0.5,0,2,4.02,4,11,26.54
ENS006,GC_STRU,Structure Batiment,GC,1,3,1,3,3,2,-2,2,0.67,323,0.08,1,0,2.0,1,3,0,2,3,3,0.67,5,2,0.84,3,1,4.07,1,10,26.84
ENS009,PED,Pedagogie,SUP,4,3,2,3,1,-1,-1,1,-0.33,293,0.08,1,0,3.0,2,4,0,0,3,2,0.5,2,2,0.83,4,2,3.67,3,9,23.99
ENS022,BD,Bases de Donnees,INFO,5,3,5,3,1,-2,2,-2,-0.67,217,0.08,1,1,4.0,3,5,2,0,2,1,1.0,2,3,0.86,0,2,3.27,1,7,16.34
ENS016,PROG,Programmation,GL,4,4,5,5,1,0,1,0,0.33,206,0.42,1,0,4.5,4,5,2,0,3,3,0.67,2,2,0.66,1,2,2.84,2,6,16.98
ENS008,ALG,Algorithmique,GL,1,2,1,1,4,1,-1,0,0.0,162,0.17,0,0,1.25,1,2,0,3,3,1,1.0,0,1,0.54,0,1,3.54,4,5,15.78
ENS012,PROG,Programmation,GL,4,5,4,5,2,1,-1,1,0.33,63,0.33,0,0,4.5,4,5,2,0,2,1,1.0,3,2,0.83,0,1,2.71,4,2,21.57
ENS002,ANG,Anglais Technique,SUP,3,3,2,2,1,0,-1,0,-0.33,45,0.17,0,0,2.5,2,3,0,0,2,2,0.5,1,1,0.69,1,1,3.35,1,1,14.65
ENS017,PROG,Programmation,GL,2,3,4,4,3,1,1,0,0.67,307,0.42,1,0,3.25,2,4,0,0,2,2,0.5,1,2,0.72,3,1,3.28,2,10,18.16
ENS007,SEC,Securite Informatique,RT,3,2,2,2,2,-1,0,0,-0.33,356,0.42,1,0,2.25,2,3,0,0,3,1,1.0,2,2,0.75,0,1,4.26,4,11,22.27
ENS011,GC_STRU,Structure Batiment,GC,5,5,5,4,0,0,0,-1,-0.33,308,0.42,1,0,4.75,4,5,3,0,2,1,1.0,4,3,0.73,1,1,3.98,2,10,23.61
ENS012,BD,Bases de Donnees,INFO,3,3,3,1,1,0,0,-2,-0.67,278,0.0,1,1,2.5,1,3,0,1,1,2,0.5,4,3,0.51,1,0,2.95,1,9,18.95
ENS018,RESEAU,Reseaux,RT,1,1,2,1,3,0,1,-1,0.0,281,0.08,1,0,1.25,1,2,0,3,1,2,0.5,1,3,0.92,4,2,3.93,1,9,19.96
ENS002,ALG,Algorithmique,GL,1,1,1,1,4,0,0,0,0.0,63,0.33,0,0,1.0,1,1,0,4,2,1,1.0,0,2,0.8,3,1,3.43,1,2,15.36
ENS001,GESTION,Gestion de Projet,SUP,3,2,2,4,0,-1,0,2,0.33,131,0.33,0,0,2.75,2,4,0,0,1,3,0.67,3,1,0.79,3,2,4.0,1,4,22.45
ENS016,WEB_B,Developpement Web Back,WEB,1,3,3,3,2,2,0,0,0.67,114,0.33,0,0,2.5,1,3,0,1,1,3,0.67,5,2,0.85,2,0,4.17,4,3,30.59
ENS017,WEB_B,Developpement Web Back,WEB,2,2,1,2,3,0,-1,1,0.0,200,0.42,1,0,1.75,1,2,0,1,3,3,0.67,4,3,0.63,1,1,3.79,1,6,21.23
ENS008,WEB_F,Developpement Web Front,WEB,4,3,4,3,1,-1,1,-1,-0.33,30,0.17,0,0,3.5,3,4,0,0,3,2,0.5,5,2,0.92,1,2,3.49,4,1,28.58
ENS004,WEB_F,Developpement Web Front,WEB,2,1,1,1,2,-1,0,0,-0.33,296,0.25,1,0,1.25,1,2,0,3,2,3,0.67,4,0,0.64,2,2,2.93,2,9,22.06
ENS028,GESTION,Gestion de Projet,SUP,3,2,1,1,3,-1,-1,0,-0.67,280,0.08,1,1,1.75,1,3,0,2,1,1,1.0,3,2,0.88,4,0,3.7,3,9,26.3
ENS006,PROG,Programmation,GL,4,4,5,5,1,0,1,0,0.33,42,0.33,0,0,4.5,4,5,2,0,2,1,1.0,3,1,0.66,4,0,3.64,2,1,23.58
ENS001,WEB_B,Developpement Web Back,WEB,3,4,4,5,2,1,0,1,0.67,171,0.42,0,0,4.0,3,5,1,0,3,1,1.0,4,3,0.54,1,0,4.08,3,5,24.36
ENS018,SEC,Securite Informatique,RT,2,4,4,3,0,2,0,-1,0.33,91,0.33,0,0,3.25,2,4,0,0,1,2,0.5,1,2,0.69,2,0,4.31,1,3,17.57
ENS004,GESTION,Gestion de Projet,SUP,4,4,2,2,0,0,-2,0,-0.67,108,0.17,0,1,3.0,2,4,0,0,2,1,1.0,3,3,0.86,4,0,3.95,1,3,23.7
ENS001,ALG,Algorithmique,GL,3,3,3,3,0,0,0,0,0.0,242,0.42,1,0,3.0,3,3,0,0,3,2,0.5,3,0,0.92,3,0,3.38,1,8,21.86
ENS002,PROG,Programmation,GL,3,5,4,5,2,2,-1,1,0.67,210,0.08,1,0,4.25,3,5,2,0,3,3,0.67,5,1,0.94,3,2,3.01,2,7,26.72
ENS008,GESTION,Gestion de Projet,SUP,2,1,1,2,2,-1,0,1,0.0,314,0.17,1,0,1.5,1,2,0,2,3,3,0.67,3,0,0.81,3,2,2.66,4,10,24.37
ENS012,WEB_F,Developpement Web Front,WEB,1,2,1,1,3,1,-1,0,0.0,300,0.42,1,0,1.25,1,2,0,3,2,1,1.0,1,1,0.71,2,0,3.51,4,10,20.57
ENS025,ANG,Anglais Technique,SUP,4,5,5,5,0,1,0,0,0.33,235,0.08,1,0,4.75,4,5,3,0,1,1,1.0,0,0,0.62,3,2,4.07,3,7,18.74
ENS029,RESEAU,Reseaux,RT,1,1,2,1,4,0,1,-1,0.0,332,0.0,1,0,1.25,1,2,0,3,1,1,1.0,3,0,0.9,3,0,4.35,3,11,26.7
ENS011,GC_STRU,Structure Batiment,GC,3,2,4,2,0,-1,2,-2,-0.33,265,0.42,1,0,2.75,2,4,0,0,2,1,1.0,1,3,0.86,4,0,3.39,4,8,23.08
ENS025,WEB_F,Developpement Web Front,WEB,1,1,1,3,3,0,0,2,0.67,271,0.0,1,0,1.5,1,3,0,3,1,1,1.0,3,0,0.84,3,2,3.9,2,9,24.0
ENS005,GC_MAT,Matériaux,GC,3,1,2,2,3,-2,1,0,-0.33,228,0.08,1,0,2.0,1,3,0,1,1,1,1.0,1,2,0.56,0,1,3.93,4,7,18.66
ENS003,GC_MAT,Matériaux,GC,3,2,2,2,1,-1,0,0,-0.33,97,0.33,0,0,2.25,2,3,0,0,1,1,1.0,4,0,0.59,4,1,3.88,3,3,27.21
ENS026,WEB_B,Developpement Web Back,WEB,1,1,2,1,2,0,1,-1,0.0,208,0.33,1,0,1.25,1,2,0,3,1,3,0.67,3,1,0.72,2,1,3.55,2,6,21.7
ENS018,PED,Pedagogie,SUP,3,3,4,4,3,0,1,0,0.33,303,0.0,1,0,3.5,3,4,0,0,3,1,1.0,1,0,0.85,1,0,4.02,2,10,18.29
ENS030,RESEAU,Reseaux,RT,2,1,2,1,4,-1,1,-1,-0.33,193,0.17,1,0,1.5,1,2,0,2,1,1,1.0,4,3,0.52,2,1,4.11,1,6,22.32
ENS023,SEC,Securite Informatique,RT,4,5,4,4,0,1,-1,0,0.0,128,0.08,0,0,4.25,4,5,1,0,2,1,1.0,1,3,0.94,4,0,4.12,1,4,20.44
ENS016,GESTION,Gestion de Projet,SUP,2,4,4,3,0,2,0,-1,0.33,172,0.42,0,0,3.25,2,4,0,0,1,1,1.0,5,3,0.89,3,2,3.42,4,5,30.29
ENS023,WEB_B,Developpement Web Back,WEB,2,2,3,1,3,0,1,-2,-0.33,30,0.17,0,0,2.0,1,3,0,1,2,2,0.5,2,3,0.77,1,1,4.22,2,1,20.29
ENS014,SEC,Securite Informatique,RT,3,2,3,2,1,-1,1,-1,-0.33,233,0.42,1,0,2.5,2,3,0,0,3,2,0.5,1,3,0.57,2,1,3.64,4,7,20.13
ENS012,GC_STRU,Structure Batiment,GC,4,2,2,2,0,-2,0,0,-0.67,332,0.17,1,1,2.5,2,4,0,0,1,2,0.5,5,1,0.69,1,0,2.62,1,11,21.19
ENS025,ANG,Anglais Technique,SUP,1,2,3,3,0,1,1,0,0.67,189,0.42,1,0,2.25,1,3,0,1,1,1,1.0,4,3,0.91,4,2,3.21,4,6,28.97
ENS027,PED,Pedagogie,SUP,1,2,3,2,2,1,1,-1,0.33,135,0.25,0,0,2.0,1,3,0,1,2,3,0.67,4,3,0.87,4,0,3.36,2,4,26.07
ENS021,BD,Bases de Donnees,INFO,1,1,2,1,2,0,1,-1,0.0,65,0.0,0,0,1.25,1,2,0,3,2,3,0.67,4,1,0.55,0,1,3.83,4,2,24.41
ENS009,WEB_F,Developpement Web Front,WEB,4,3,2,3,1,-1,-1,1,-0.33,197,0.0,1,0,3.0,2,4,0,0,2,3,0.67,2,0,0.68,0,0,4.37,4,6,22.14
ENS019,GC_MAT,Matériaux,GC,4,2,3,2,2,-2,1,-1,-0.67,39,0.42,0,1,2.75,2,4,0,0,2,1,1.0,0,0,0.72,0,2,3.76,2,1,14.12
ENS011,GC_STRU,Structure Batiment,GC,3,2,4,2,2,-1,2,-2,-0.33,33,0.33,0,0,2.75,2,4,0,0,3,3,0.67,4,2,0.71,3,1,3.81,1,1,23.67
ENS030,WEB_B,Developpement Web Back,WEB,3,3,1,2,4,0,-2,1,-0.33,195,0.42,1,0,2.25,1,3,0,1,1,2,0.5,2,1,0.84,4,2,2.76,2,6,20.72
ENS019,WEB_B,Developpement Web Back,WEB,4,4,3,3,2,0,-1,0,-0.33,83,0.33,0,0,3.5,3,4,0,0,3,2,0.5,4,1,0.85,3,2,3.21,1,2,23.17
ENS011,ANG,Anglais Technique,SUP,3,3,3,3,2,0,0,0,0.0,354,0.42,1,0,3.0,3,3,0,0,1,1,1.0,5,3,0.65,2,1,4.16,4,11,29.57
ENS020,PROG,Programmation,GL,5,3,4,4,0,-2,1,0,-0.33,81,0.42,0,0,4.0,3,5,1,0,1,1,1.0,0,1,0.92,1,0,3.32,4,2,18.24
ENS014,GC_MAT,Matériaux,GC,2,2,3,4,0,0,1,1,0.67,345,0.33,1,0,2.75,2,4,0,0,1,2,0.5,0,2,0.82,0,0,4.21,2,11,15.52
ENS017,GESTION,Gestion de Projet,SUP,5,4,3,5,1,-1,-1,2,0.0,120,0.25,0,0,4.25,3,5,2,0,2,3,0.67,5,1,0.87,4,0,2.96,3,4,28.77
ENS001,GC_STRU,Structure Batiment,GC,1,3,1,1,3,2,-2,0,0.0,358,0.33,1,0,1.5,1,3,0,3,1,3,0.67,3,3,0.58,1,1,3.44,2,11,19.78
ENS019,GESTION,Gestion de Projet,SUP,4,3,4,5,0,-1,1,1,0.33,143,0.0,0,0,4.0,3,5,1,0,2,3,0.67,1,1,0.88,1,1,2.6,1,4,14.1
ENS017,GESTION,Gestion de Projet,SUP,4,2,4,4,0,-2,2,0,0.0,124,0.08,0,0,3.5,2,4,0,0,1,2,0.5,1,0,0.92,0,2,2.78,1,4,13.66
ENS025,WEB_B,Developpement Web Back,WEB,1,2,3,1,4,1,1,-2,0.0,209,0.08,1,0,1.75,1,3,0,2,1,1,1.0,0,0,0.7,2,1,2.86,1,6,12.72
ENS014,GESTION,Gestion de Projet,SUP,3,2,3,1,1,-1,1,-2,-0.67,325,0.0,1,1,2.25,1,3,0,1,1,3,0.67,5,3,0.55,4,0,3.52,3,10,28.29
ENS019,PROG,Programmation,GL,5,3,3,5,0,-2,0,2,0.0,195,0.0,1,0,4.0,3,5,2,0,3,3,0.67,2,0,0.57,1,2,4.21,1,6,17.77
ENS012,GC_MAT,Matériaux,GC,2,2,2,4,3,0,0,2,0.67,60,0.33,0,0,2.5,2,4,0,0,1,2,0.5,3,0,0.59,0,2,3.47,1,2,17.39
ENS030,BD,Bases de Donnees,INFO,2,3,3,1,0,1,0,-2,-0.33,153,0.25,0,0,2.25,1,3,0,1,1,3,0.67,0,0,0.62,0,1,2.74,4,5,14.58
ENS026,WEB_B,Developpement Web Back,WEB,5,5,5,3,2,0,0,-2,-0.67,239,0.0,1,1,4.5,3,5,3,0,1,3,0.67,2,1,0.86,2,2,3.95,3,7,22.7
ENS002,PROG,Programmation,GL,4,2,2,3,1,-2,0,1,-0.33,146,0.25,0,0,2.75,2,4,0,0,3,1,1.0,2,3,0.78,4,2,2.61,2,4,20.12
ENS025,ALG,Algorithmique,GL,2,4,2,4,2,2,-2,2,0.67,273,0.17,1,0,3.0,2,4,0,0,1,3,0.67,0,3,0.75,2,2,3.34,4,9,18.43
ENS001,SEC,Securite Informatique,RT,3,2,4,4,3,-1,2,0,0.33,289,0.33,1,0,3.25,2,4,0,0,1,1,1.0,4,2,0.66,3,0,3.44,1,9,22.68
ENS013,WEB_B,Developpement Web Back,WEB,4,4,4,4,2,0,0,0,0.0,97,0.25,0,0,4.0,4,4,0,0,1,1,1.0,5,3,0.55,0,1,2.85,1,3,19.95
ENS023,ANG,Anglais Technique,SUP,1,1,2,1,3,0,1,-1,0.0,149,0.33,0,0,1.25,1,2,0,3,2,3,0.67,1,0,0.64,3,2,2.54,4,4,19.28
ENS003,WEB_F,Developpement Web Front,WEB,4,4,3,2,3,0,-1,-1,-0.67,339,0.0,1,1,3.25,2,4,0,0,1,3,0.67,2,1,0.62,3,1,3.13,4,11,22.36
ENS009,SEC,Securite Informatique,RT,3,4,2,3,0,1,-2,1,0.0,186,0.08,1,0,3.0,2,4,0,0,3,2,0.5,2,3,0.84,1,1,3.3,4,6,21.8
ENS016,PROG,Programmation,GL,2,4,3,2,2,2,-1,-1,0.0,146,0.33,0,0,2.75,2,4,0,0,1,1,1.0,2,2,0.93,2,1,4.3,2,4,22.25
ENS007,ANG,Anglais Technique,SUP,2,2,2,3,2,0,0,1,0.33,219,0.33,1,0,2.25,2,3,0,0,3,3,0.67,5,3,0.55,3,0,2.62,2,7,23.99
ENS017,RESEAU,Reseaux,RT,1,1,1,3,4,0,0,2,0.67,64,0.33,0,0,1.5,1,3,0,3,2,3,0.67,4,3,0.8,4,2,4.19,2,2,27.38
ENS029,WEB_F,Developpement Web Front,WEB,2,1,1,2,2,-1,0,1,0.0,260,0.25,1,0,1.5,1,2,0,2,1,2,0.5,4,2,0.52,0,2,3.78,4,8,24.16
ENS018,WEB_B,Developpement Web Back,WEB,1,2,1,1,3,1,-1,0,0.0,239,0.42,1,0,1.25,1,2,0,3,2,3,0.67,3,0,0.65,0,1,3.53,1,7,17.81
ENS021,GESTION,Gestion de Projet,SUP,1,2,3,2,3,1,1,-1,0.33,131,0.25,0,0,2.0,1,3,0,1,3,3,0.67,2,0,0.7,0,1,4.27,1,4,17.54
ENS029,SEC,Securite Informatique,RT,3,4,3,4,1,1,-1,1,0.33,283,0.25,1,0,3.5,3,4,0,0,1,1,1.0,3,3,0.84,0,2,4.19,3,9,23.08
ENS030,BD,Bases de Donnees,INFO,1,1,1,1,2,0,0,0,0.0,198,0.0,1,0,1.0,1,1,0,4,3,2,0.5,2,3,0.51,4,1,3.98,3,6,23.01
ENS030,GESTION,Gestion de Projet,SUP,3,3,3,3,0,0,0,0,0.0,260,0.42,1,0,3.0,3,3,0,0,2,3,0.67,2,3,0.55,2,1,3.22,2,8,18.19
ENS012,BD,Bases de Donnees,INFO,1,1,1,2,3,0,0,1,0.33,35,0.25,0,0,1.25,1,2,0,3,2,3,0.67,4,1,0.9,1,1,3.58,1,1,22.16
ENS012,WEB_F,Developpement Web Front,WEB,1,1,1,1,2,0,0,0,0.0,193,0.08,1,0,1.0,1,1,0,4,2,1,1.0,0,3,0.8,3,2,3.44,3,6,18.38
ENS017,PROG,Programmation,GL,5,4,4,5,2,-1,0,1,0.0,337,0.25,1,0,4.5,4,5,2,0,1,2,0.5,0,0,0.7,4,1,2.99,3,11,17.98
ENS014,BD,Bases de Donnees,INFO,5,4,5,5,2,-1,1,0,0.0,331,0.42,1,0,4.75,4,5,3,0,1,3,0.67,1,0,0.78,0,0,2.52,1,11,12.44
ENS012,ANG,Anglais Technique,SUP,2,3,1,1,2,1,-2,0,-0.33,264,0.0,1,0,1.75,1,3,0,2,3,1,1.0,4,1,0.81,3,1,3.94,4,8,28.93
ENS015,GESTION,Gestion de Projet,SUP,4,4,5,5,0,0,1,0,0.33,291,0.08,1,0,4.5,4,5,2,0,2,2,0.5,0,3,0.53,3,0,2.76,3,9,15.67
ENS026,BD,Bases de Donnees,INFO,4,5,3,4,0,1,-2,1,0.0,165,0.33,0,0,4.0,3,5,1,0,1,3,0.67,0,3,0.93,1,1,3.03,1,5,13.21
ENS020,PROG,Programmation,GL,4,2,3,4,1,-2,1,1,0.0,136,0.17,0,0,3.25,2,4,0,0,1,1,1.0,4,2,0.81,2,2,3.69,1,4,22.93
ENS015,GESTION,Gestion de Projet,SUP,1,3,2,2,2,2,-1,0,0.33,190,0.25,1,0,2.0,1,3,0,1,2,3,0.67,5,1,0.64,4,0,4.19,1,6,27.08
ENS023,PROG,Programmation,GL,5,4,5,3,0,-1,1,-2,-0.67,34,0.25,0,1,4.25,3,5,2,0,3,1,1.0,4,3,0.65,2,0,3.39,1,1,21.53
ENS019,WEB_B,Developpement Web Back,WEB,3,3,4,5,2,0,1,1,0.67,361,0.08,1,0,3.75,3,5,1,0,1,2,0.5,4,3,0.68,4,2,2.94,4,12,27.28
ENS026,ALG,Algorithmique,GL,2,3,3,2,1,1,0,-1,0.0,143,0.0,0,0,2.5,2,3,0,0,1,3,0.67,4,3,0.56,2,0,2.66,1,4,19.62
ENS008,ANG,Anglais Technique,SUP,5,5,4,5,1,0,-1,1,0.0,201,0.08,1,0,4.75,4,5,3,0,1,2,0.5,0,0,0.68,2,1,3.35,4,6,18.1
ENS018,WEB_F,Developpement Web Front,WEB,1,1,1,2,2,0,0,1,0.33,175,0.08,0,0,1.25,1,2,0,3,3,3,0.67,4,0,0.79,1,1,3.03,4,5,25.01
ENS018,ANG,Anglais Technique,SUP,1,2,2,2,2,1,0,0,0.33,111,0.0,0,0,1.75,1,2,0,1,3,1,1.0,2,3,0.69,2,0,3.14,4,3,21.73
ENS023,WEB_F,Developpement Web Front,WEB,4,4,2,2,2,0,-2,0,-0.67,348,0.0,1,1,3.0,2,4,0,0,1,3,0.67,3,1,0.86,0,0,4.07,2,11,21.44
ENS021,GESTION,Gestion de Projet,SUP,3,2,2,2,3,-1,0,0,-0.33,38,0.25,0,0,2.25,2,3,0,0,1,3,0.67,0,1,0.93,0,2,3.92,2,1,15.49
ENS022,BD,Bases de Donnees,INFO,2,2,3,3,0,0,1,0,0.33,341,0.17,1,0,2.5,2,3,0,0,3,1,1.0,3,1,0.69,3,1,3.09,2,11,21.63
ENS008,WEB_B,Developpement Web Back,WEB,1,1,1,1,2,0,0,0,0.0,323,0.17,1,0,1.0,1,1,0,4,2,2,0.5,4,3,0.74,3,0,4.48,4,10,29.66
ENS005,BD,Bases de Donnees,INFO,1,2,1,3,1,1,-1,2,0.67,308,0.0,1,0,1.75,1,3,0,2,2,2,0.5,0,3,0.54,4,2,4.45,3,10,20.1
ENS010,GESTION,Gestion de Projet,SUP,3,3,2,4,0,0,-1,2,0.33,328,0.25,1,0,3.0,2,4,0,0,1,1,1.0,2,3,0.52,0,1,2.84,3,10,16.78
ENS011,RESEAU,Reseaux,RT,1,2,2,1,4,1,0,-1,0.0,89,0.08,0,0,1.5,1,2,0,2,1,1,1.0,3,1,0.94,0,1,3.61,1,2,19.42
ENS004,ALG,Algorithmique,GL,3,4,2,3,0,1,-2,1,0.0,346,0.42,1,0,3.0,2,4,0,0,3,2,0.5,5,3,0.68,3,1,2.9,2,11,25.2
ENS029,ALG,Algorithmique,GL,3,1,3,2,3,-2,2,-1,-0.33,340,0.33,1,0,2.25,1,3,0,1,1,2,0.5,4,2,0.92,4,2,4.01,3,11,29.12
ENS026,RESEAU,Reseaux,RT,5,3,4,4,1,-2,1,0,-0.33,64,0.33,0,0,4.0,3,5,1,0,3,1,1.0,1,2,0.68,0,2,2.54,1,2,11.98
ENS016,GC_MAT,Matériaux,GC,2,3,1,3,4,1,-2,2,0.33,152,0.33,0,0,2.25,1,3,0,1,1,1,1.0,5,3,0.61,0,2,3.38,1,5,21.31
ENS026,RESEAU,Reseaux,RT,4,3,2,4,0,-1,-1,2,0.0,231,0.0,1,0,3.25,2,4,0,0,2,1,1.0,2,0,0.65,3,1,3.72,3,7,22.19
ENS019,ANG,Anglais Technique,SUP,3,1,1,2,1,-2,0,1,-0.33,117,0.17,0,0,1.75,1,3,0,2,1,3,0.67,0,0,0.7,2,0,3.09,2,3,14.68
ENS020,PROG,Programmation,GL,4,4,5,3,0,0,1,-2,-0.33,107,0.25,0,0,4.0,3,5,1,0,2,1,1.0,0,2,0.61,4,1,3.69,2,3,17.43
ENS021,WEB_B,Developpement Web Back,WEB,5,5,3,5,0,0,-2,2,0.0,93,0.08,0,0,4.5,3,5,3,0,1,3,0.67,5,0,0.83,0,2,3.61,4,3,27.37
ENS012,ANG,Anglais Technique,SUP,5,5,4,4,1,0,-1,0,-0.33,144,0.08,0,0,4.5,4,5,2,0,2,1,1.0,4,2,0.6,1,2,3.47,1,4,20.44
ENS027,RESEAU,Reseaux,RT,3,3,1,2,2,0,-2,1,-0.33,100,0.33,0,0,2.25,1,3,0,1,2,2,0.5,1,2,0.87,1,0,2.81,4,3,18.97
ENS004,ALG,Algorithmique,GL,3,3,2,4,1,0,-1,2,0.33,142,0.17,0,0,3.0,2,4,0,0,3,1,1.0,1,3,0.52,1,0,2.77,4,4,17.14
ENS001,PROG,Programmation,GL,3,3,2,3,3,0,-1,1,0.0,300,0.08,1,0,2.75,2,3,0,0,2,3,0.67,2,0,0.87,1,0,3.75,1,10,18.35
ENS016,GC_MAT,Matériaux,GC,3,3,1,3,3,0,-2,2,0.0,177,0.42,0,0,2.5,1,3,0,1,3,1,1.0,2,0,0.87,1,2,3.37,2,5,19.09
ENS003,ANG,Anglais Technique,SUP,2,3,2,2,0,1,-1,0,0.0,292,0.42,1,0,2.25,2,3,0,0,3,1,1.0,1,0,0.84,1,2,3.48,3,9,18.66
ENS001,GESTION,Gestion de Projet,SUP,5,5,3,3,1,0,-2,0,-0.67,342,0.08,1,1,4.0,3,5,2,0,2,2,0.5,3,2,0.87,2,1,3.19,3,11,23.23
ENS022,GC_MAT,Matériaux,GC,3,3,4,3,0,0,1,-1,0.0,337,0.42,1,0,3.25,3,4,0,0,2,1,1.0,3,1,0.69,1,0,4.08,2,11,21.61
ENS020,RESEAU,Reseaux,RT,3,4,2,2,2,1,-2,0,-0.33,220,0.42,1,0,2.75,2,4,0,0,2,3,0.67,5,1,0.72,2,0,2.96,2,7,24.52
ENS023,SEC,Securite Informatique,RT,2,2,3,3,0,0,1,0,0.33,104,0.25,0,0,2.5,2,3,0,0,2,2,0.5,3,3,0.7,2,1,2.57,4,3,22.64
ENS025,GESTION,Gestion de Projet,SUP,1,2,1,2,2,1,-1,1,0.33,363,0.33,1,0,1.5,1,2,0,2,1,1,1.0,1,1,0.66,1,2,3.81,3,12,18.42
ENS003,BD,Bases de Donnees,INFO,2,1,1,1,0,-1,0,0,-0.33,312,0.17,1,0,1.25,1,2,0,3,1,1,1.0,5,1,0.83,0,0,4.29,4,10,28.73
ENS012,PED,Pedagogie,SUP,3,5,3,3,1,2,-2,0,0.0,97,0.0,0,0,3.5,3,5,1,0,1,2,0.5,1,1,0.88,3,0,4.42,4,3,24.24
ENS026,ANG,Anglais Technique,SUP,3,2,3,3,2,-1,1,0,0.0,245,0.08,1,0,2.75,2,3,0,0,1,2,0.5,0,3,0.86,4,2,3.32,2,8,17.94
ENS006,PED,Pedagogie,SUP,5,5,5,5,2,0,0,0,0.0,249,0.33,1,0,5.0,5,5,4,0,1,3,0.67,1,2,0.76,0,0,4.44,2,8,17.68
ENS014,GESTION,Gestion de Projet,SUP,3,3,2,3,3,0,-1,1,0.0,193,0.0,1,0,2.75,2,3,0,0,3,1,1.0,1,3,0.67,1,2,3.94,3,6,18.73
ENS014,WEB_B,Developpement Web Back,WEB,3,3,2,1,3,0,-1,-1,-0.67,58,0.42,0,1,2.25,1,3,0,1,1,1,1.0,5,0,0.88,2,0,2.9,2,1,25.2
ENS008,RESEAU,Reseaux,RT,3,3,2,3,2,0,-1,1,0.0,80,0.42,0,0,2.75,2,3,0,0,3,2,0.5,3,2,0.9,0,0,3.18,4,2,22.86
ENS022,SEC,Securite Informatique,RT,3,4,4,3,1,1,0,-1,0.0,339,0.08,1,0,3.5,3,4,0,0,1,3,0.67,3,2,0.92,4,1,3.62,4,11,27.84
ENS006,GC_MAT,Matériaux,GC,4,2,2,4,0,-2,0,2,0.0,174,0.25,0,0,3.0,2,4,0,0,1,1,1.0,1,1,0.69,0,2,3.51,3,5,16.97
ENS001,GESTION,Gestion de Projet,SUP,5,3,5,3,0,-2,2,-2,-0.67,166,0.33,0,1,4.0,3,5,2,0,2,1,1.0,0,0,0.94,1,2,3.54,2,5,15.78
ENS008,GC_STRU,Structure Batiment,GC,2,2,4,4,0,0,2,0,0.67,169,0.08,0,0,3.0,2,4,0,0,3,1,1.0,1,3,0.56,0,0,2.54,4,5,15.88
ENS016,SEC,Securite Informatique,RT,2,4,4,4,1,2,0,0,0.67,302,0.08,1,0,3.5,2,4,0,0,1,1,1.0,5,0,0.52,2,0,2.51,4,10,25.62
ENS014,WEB_B,Developpement Web Back,WEB,1,3,3,2,4,2,0,-1,0.33,318,0.25,1,0,2.25,1,3,0,1,3,1,1.0,2,1,0.81,4,1,3.85,4,10,25.75
ENS013,SEC,Securite Informatique,RT,4,3,3,4,1,-1,0,1,0.0,46,0.0,0,0,3.5,3,4,0,0,3,2,0.5,2,1,0.53,2,0,2.77,2,1,17.19
ENS001,GESTION,Gestion de Projet,SUP,3,3,4,2,0,0,1,-2,-0.33,70,0.17,0,0,3.0,2,4,0,0,2,3,0.67,1,2,0.51,3,0,2.89,2,2,16.33
ENS026,SEC,Securite Informatique,RT,4,4,3,5,2,0,-1,2,0.33,162,0.33,0,0,4.0,3,5,1,0,1,1,1.0,3,2,0.84,1,1,2.52,1,5,17.74
ENS007,GC_MAT,Matériaux,GC,3,2,3,4,1,-1,1,1,0.33,144,0.42,0,0,3.0,2,4,0,0,1,2,0.5,1,3,0.57,2,1,3.24,3,4,17.83
ENS016,RESEAU,Reseaux,RT,5,3,4,3,2,-2,1,-1,-0.67,46,0.0,0,1,3.75,3,5,1,0,1,3,0.67,4,0,0.5,4,1,4.15,2,1,25.8
ENS024,GC_STRU,Structure Batiment,GC,2,4,2,2,2,2,-2,0,0.0,301,0.25,1,0,2.5,2,4,0,0,1,1,1.0,2,1,0.8,1,1,4.32,2,10,20.64
ENS001,GC_MAT,Matériaux,GC,2,3,3,2,0,1,0,-1,0.0,162,0.42,0,0,2.5,2,3,0,0,2,1,1.0,1,0,0.66,3,1,4.01,4,5,22.32
ENS003,GC_MAT,Matériaux,GC,3,2,4,3,0,-1,2,-1,0.0,356,0.08,1,0,3.0,2,4,0,0,2,1,1.0,3,2,0.61,1,0,2.56,3,11,19.67
ENS011,ANG,Anglais Technique,SUP,1,3,3,3,2,2,0,0,0.67,320,0.0,1,0,2.5,1,3,0,1,1,3,0.67,0,3,0.77,2,1,3.36,1,10,14.07
ENS027,ANG,Anglais Technique,SUP,1,2,3,3,2,1,1,0,0.67,316,0.17,1,0,2.25,1,3,0,1,1,3,0.67,5,0,0.7,3,2,4.4,4,10,31.3
ENS012,WEB_B,Developpement Web Back,WEB,1,1,2,2,4,0,1,0,0.33,358,0.33,1,0,1.5,1,2,0,2,2,3,0.67,4,3,0.67,2,1,3.63,4,11,26.61
ENS028,PROG,Programmation,GL,3,4,4,4,2,1,0,0,0.33,311,0.08,1,0,3.75,3,4,0,0,2,2,0.5,5,2,0.68,2,2,3.59,3,10,27.08
ENS028,ALG,Algorithmique,GL,3,2,2,2,1,-1,0,0,-0.33,180,0.17,0,0,2.25,2,3,0,0,2,3,0.67,4,1,0.52,0,0,3.48,4,6,23.56
ENS021,GC_STRU,Structure Batiment,GC,5,3,4,3,0,-2,1,-1,-0.67,150,0.25,0,1,3.75,3,5,1,0,1,3,0.67,2,1,0.89,0,1,3.34,3,5,19.63
ENS002,GC_STRU,Structure Batiment,GC,1,2,1,1,2,1,-1,0,0.0,202,0.25,1,0,1.25,1,2,0,3,1,2,0.5,3,3,0.76,1,0,4.11,1,6,20.52
ENS010,SEC,Securite Informatique,RT,2,4,4,2,0,2,0,-2,0.0,167,0.08,0,0,3.0,2,4,0,0,1,1,1.0,3,3,0.75,0,2,2.56,1,5,16.37
ENS013,PED,Pedagogie,SUP,2,2,3,2,1,0,1,-1,0.0,287,0.33,1,0,2.25,2,3,0,0,2,1,1.0,4,2,0.67,0,1,4.17,4,9,25.69
ENS013,SEC,Securite Informatique,RT,3,5,3,3,0,2,-2,0,0.0,66,0.33,0,0,3.5,3,5,1,0,3,2,0.5,2,2,0.84,0,1,3.28,4,2,20.76
ENS015,RESEAU,Reseaux,RT,2,3,2,1,3,1,-1,-1,-0.33,245,0.17,1,0,2.0,1,3,0,1,1,2,0.5,2,0,0.56,3,1,4.24,3,8,22.78
ENS007,RESEAU,Reseaux,RT,2,1,2,1,2,-1,1,-1,-0.33,362,0.0,1,0,1.5,1,2,0,2,2,1,1.0,2,1,0.61,3,1,4.38,4,12,24.81
ENS025,PROG,Programmation,GL,2,2,2,4,3,0,0,2,0.67,207,0.0,1,0,2.5,2,4,0,0,2,3,0.67,4,1,0.86,3,1,2.98,2,6,24.26
ENS003,GESTION,Gestion de Projet,SUP,3,3,1,1,2,0,-2,0,-0.67,195,0.17,1,1,2.0,1,3,0,2,3,1,1.0,5,1,0.69,3,0,2.51,4,6,27.47
ENS004,PED,Pedagogie,SUP,4,3,3,5,1,-1,0,2,0.33,46,0.25,0,0,3.75,3,5,1,0,1,2,0.5,1,3,0.69,4,0,2.98,4,1,21.41
ENS013,BD,Bases de Donnees,INFO,2,2,1,1,2,0,-1,0,-0.33,340,0.0,1,0,1.5,1,2,0,2,2,2,0.5,5,3,0.51,2,1,3.68,2,11,24.91
ENS030,ALG,Algorithmique,GL,4,2,4,4,0,-2,2,0,0.0,126,0.17,0,0,3.5,2,4,0,0,2,3,0.67,5,0,0.79,3,0,3.23,1,4,24.91
ENS029,ANG,Anglais Technique,SUP,1,3,2,3,2,2,-1,1,0.67,243,0.42,1,0,2.25,1,3,0,1,1,1,1.0,2,2,0.91,3,1,4.26,1,8,21.57
ENS022,SEC,Securite Informatique,RT,4,3,4,3,1,-1,1,-1,-0.33,296,0.42,1,0,3.5,3,4,0,0,3,1,1.0,3,3,0.51,3,0,3.03,1,9,19.11
ENS029,WEB_F,Developpement Web Front,WEB,3,2,1,2,2,-1,-1,1,-0.33,155,0.08,0,0,2.0,1,3,0,1,1,2,0.5,1,2,0.65,1,2,2.56,2,5,14.37
ENS022,GC_MAT,Matériaux,GC,1,1,3,2,2,0,2,-1,0.33,166,0.17,0,0,1.75,1,3,0,2,3,1,1.0,3,2,0.76,2,1,4.32,3,5,24.94
ENS012,GC_MAT,Matériaux,GC,2,4,4,3,3,2,0,-1,0.33,343,0.0,1,0,3.25,2,4,0,0,2,2,0.5,3,2,0.79,0,2,3.47,3,11,21.39
ENS028,PROG,Programmation,GL,5,3,4,5,1,-2,1,1,0.0,246,0.0,1,0,4.25,3,5,2,0,3,3,0.67,4,0,0.56,3,0,3.29,2,8,23.38
ENS029,GC_STRU,Structure Batiment,GC,4,4,4,4,0,0,0,0,0.0,105,0.17,0,0,4.0,4,4,0,0,3,3,0.67,5,3,0.53,3,0,4.48,4,3,30.61
ENS017,PED,Pedagogie,SUP,3,4,3,3,1,1,-1,0,0.0,39,0.42,0,0,3.25,3,4,0,0,3,1,1.0,1,0,0.81,3,2,3.39,4,1,21.83
ENS030,PED,Pedagogie,SUP,4,5,4,3,2,1,-1,-1,-0.33,44,0.0,0,0,4.0,3,5,1,0,2,2,0.5,3,0,0.56,3,1,2.77,4,1,23.34
ENS013,ALG,Algorithmique,GL,3,2,1,1,2,-1,-1,0,-0.67,246,0.08,1,1,1.75,1,3,0,2,3,3,0.67,5,0,0.58,0,1,2.86,2,8,21.62
ENS017,RESEAU,Reseaux,RT,4,4,3,3,0,0,-1,0,-0.33,330,0.25,1,0,3.5,3,4,0,0,3,2,0.5,0,1,0.69,4,0,3.71,1,11,16.37
ENS024,SEC,Securite Informatique,RT,4,3,3,4,0,-1,0,1,0.0,202,0.42,1,0,3.5,3,4,0,0,3,1,1.0,0,1,0.92,3,0,3.72,4,6,21.04
ENS014,WEB_B,Developpement Web Back,WEB,3,4,3,3,0,1,-1,0,0.0,122,0.33,0,0,3.25,3,4,0,0,1,2,0.5,4,2,0.53,1,1,3.77,2,4,22.19
ENS015,ANG,Anglais Technique,SUP,5,5,5,4,0,0,0,-1,-0.33,143,0.42,0,0,4.75,4,5,3,0,2,3,0.67,2,3,0.51,4,0,3.94,2,4,21.43
ENS022,GESTION,Gestion de Projet,SUP,3,2,1,1,2,-1,-1,0,-0.67,308,0.17,1,1,1.75,1,3,0,2,1,1,1.0,1,1,0.55,0,1,4.37,2,10,16.49
ENS016,PROG,Programmation,GL,3,3,4,4,2,0,1,0,0.33,352,0.42,1,0,3.5,3,4,0,0,1,2,0.5,4,1,0.54,1,0,3.26,1,11,19.72
ENS004,PROG,Programmation,GL,3,2,4,3,3,-1,2,-1,0.0,155,0.42,0,0,3.0,2,4,0,0,1,3,0.67,2,2,0.88,0,0,4.17,2,5,19.74
ENS014,SEC,Securite Informatique,RT,4,3,4,4,2,-1,1,0,0.0,133,0.0,0,0,3.75,3,4,0,0,1,2,0.5,2,0,0.62,4,1,3.33,3,4,22.26
ENS009,BD,Bases de Donnees,INFO,3,4,3,3,0,1,-1,0,0.0,56,0.0,0,0,3.25,3,4,0,0,3,3,0.67,3,0,0.9,3,2,4.17,2,1,24.84
ENS002,GESTION,Gestion de Projet,SUP,1,3,1,2,1,2,-2,1,0.33,88,0.25,0,0,1.75,1,3,0,2,1,3,0.67,0,0,0.85,4,0,4.37,4,2,22.99
ENS010,PED,Pedagogie,SUP,2,2,4,2,3,0,2,-2,0.0,217,0.42,1,0,2.5,2,4,0,0,3,3,0.67,5,0,0.7,1,0,3.51,1,7,23.02
ENS021,ALG,Algorithmique,GL,1,1,1,2,3,0,0,1,0.33,201,0.25,1,0,1.25,1,2,0,3,2,2,0.5,1,2,0.94,0,0,4.1,4,6,20.9
ENS012,WEB_F,Developpement Web Front,WEB,3,2,1,2,1,-1,-1,1,-0.33,99,0.25,0,0,2.0,1,3,0,1,2,2,0.5,1,2,0.62,1,2,2.69,4,3,17.48
ENS027,WEB_B,Developpement Web Back,WEB,1,1,2,1,3,0,1,-1,0.0,172,0.42,0,0,1.25,1,2,0,3,1,3,0.67,0,2,0.76,4,0,2.6,1,5,14.5
ENS021,PROG,Programmation,GL,4,5,4,5,0,1,-1,1,0.33,327,0.17,1,0,4.5,4,5,2,0,2,3,0.67,4,3,0.68,0,1,4.14,1,10,21.18
ENS014,PROG,Programmation,GL,2,4,3,3,1,2,-1,0,0.33,55,0.0,0,0,3.0,2,4,0,0,1,3,0.67,1,0,0.92,3,0,3.39,4,1,22.38
ENS016,RESEAU,Reseaux,RT,4,4,4,5,2,0,0,1,0.33,89,0.33,0,0,4.25,4,5,1,0,2,2,0.5,3,1,0.76,1,1,2.64,2,2,19.08
ENS012,PROG,Programmation,GL,5,4,4,3,1,-1,0,-1,-0.67,358,0.42,1,1,4.0,3,5,1,0,3,3,0.67,1,3,0.57,3,0,3.19,1,11,15.73
ENS024,PROG,Programmation,GL,3,2,3,4,2,-1,1,1,0.33,110,0.0,0,0,3.0,2,4,0,0,3,2,0.5,0,0,0.51,4,2,2.72,2,3,14.99
ENS029,PROG,Programmation,GL,4,3,4,3,1,-1,1,-1,-0.33,72,0.0,0,0,3.5,3,4,0,0,1,1,1.0,2,0,0.7,0,0,4.29,1,2,17.58
ENS029,WEB_B,Developpement Web Back,WEB,1,1,3,2,3,0,2,-1,0.33,291,0.25,1,0,1.75,1,3,0,2,3,2,0.5,4,3,0.6,2,1,3.0,3,9,23.5
ENS002,GC_STRU,Structure Batiment,GC,2,3,1,3,3,1,-2,2,0.33,128,0.42,0,0,2.25,1,3,0,1,3,1,1.0,0,1,0.89,1,1,2.89,3,4,15.73
ENS018,SEC,Securite Informatique,RT,4,3,5,3,0,-1,2,-2,-0.33,305,0.42,1,0,3.75,3,5,1,0,1,3,0.67,3,3,0.9,4,0,2.93,4,10,26.36
ENS022,GC_MAT,Matériaux,GC,2,1,1,1,1,-1,0,0,-0.33,185,0.25,1,0,1.25,1,2,0,3,2,2,0.5,2,3,0.66,1,0,2.62,1,6,15.04
ENS015,GC_STRU,Structure Batiment,GC,1,2,2,3,3,1,0,1,0.67,188,0.08,1,0,2.0,1,3,0,1,2,2,0.5,3,0,0.62,4,0,2.85,3,6,23.3
ENS015,WEB_F,Developpement Web Front,WEB,3,2,4,2,3,-1,2,-2,-0.33,133,0.33,0,0,2.75,2,4,0,0,2,3,0.67,2,2,0.7,0,0,3.83,3,4,19.66
ENS006,BD,Bases de Donnees,INFO,3,3,2,2,2,0,-1,0,-0.33,325,0.08,1,0,2.5,2,3,0,0,2,1,1.0,2,2,0.65,1,2,2.88,2,10,17.01
ENS019,ANG,Anglais Technique,SUP,2,1,1,1,1,-1,0,0,-0.33,296,0.42,1,0,1.25,1,2,0,3,3,3,0.67,0,1,0.57,4,1,2.89,4,9,18.63
ENS018,GC_MAT,Matériaux,GC,1,3,2,1,2,2,-1,-1,0.0,106,0.42,0,0,1.75,1,3,0,2,1,3,0.67,2,0,0.64,1,2,3.88,1,3,17.46
ENS030,GC_MAT,Matériaux,GC,2,4,3,2,0,2,-1,-1,0.0,277,0.42,1,0,2.75,2,4,0,0,2,3,0.67,5,0,0.76,4,0,2.78,3,9,27.86
ENS014,BD,Bases de Donnees,INFO,3,3,3,5,2,0,0,2,0.67,45,0.42,0,0,3.5,3,5,1,0,1,2,0.5,4,0,0.53,3,2,4.23,2,1,25.11
ENS022,GC_MAT,Matériaux,GC,2,3,2,3,4,1,-1,1,0.33,267,0.25,1,0,2.5,2,3,0,0,1,3,0.67,3,2,0.84,3,1,3.71,1,8,22.12
ENS014,PROG,Programmation,GL,5,4,3,3,0,-1,-1,0,-0.67,313,0.08,1,1,3.75,3,5,1,0,1,3,0.67,4,1,0.72,0,2,4.11,4,10,25.82
ENS029,PROG,Programmation,GL,5,5,5,4,2,0,0,-1,-0.33,178,0.08,0,0,4.75,4,5,3,0,3,2,0.5,1,2,0.66,3,1,2.88,3,5,18.56
ENS022,GESTION,Gestion de Projet,SUP,5,5,4,3,0,0,-1,-1,-0.67,73,0.08,0,1,4.25,3,5,2,0,2,2,0.5,5,1,0.64,3,1,3.05,4,2,28.3
ENS029,GC_MAT,Matériaux,GC,3,3,2,2,1,0,-1,0,-0.33,304,0.0,1,0,2.5,2,3,0,0,3,2,0.5,3,0,0.59,4,0,2.94,2,10,21.83
ENS027,GC_STRU,Structure Batiment,GC,4,4,2,4,2,0,-2,2,0.0,250,0.0,1,0,3.5,2,4,0,0,3,2,0.5,3,3,0.94,0,1,2.77,1,8,17.74
ENS004,WEB_B,Developpement Web Back,WEB,2,1,2,1,3,-1,1,-1,-0.33,82,0.25,0,0,1.5,1,2,0,2,3,1,1.0,4,2,0.75,2,2,4.48,4,2,28.71
ENS010,GC_STRU,Structure Batiment,GC,2,3,1,1,2,1,-2,0,-0.33,113,0.25,0,0,1.75,1,3,0,2,2,3,0.67,0,3,0.79,1,1,2.67,2,3,13.29
ENS011,SEC,Securite Informatique,RT,2,2,3,2,3,0,1,-1,0.0,157,0.08,0,0,2.25,2,3,0,0,1,1,1.0,3,1,0.79,0,2,4.18,4,5,24.31
ENS010,PROG,Programmation,GL,4,4,2,2,2,0,-2,0,-0.67,43,0.25,0,1,3.0,2,4,0,0,1,2,0.5,3,0,0.86,4,2,3.31,1,1,22.42
ENS014,RESEAU,Reseaux,RT,3,2,3,2,4,-1,1,-1,-0.33,298,0.0,1,0,2.5,2,3,0,0,2,1,1.0,3,3,0.72,2,0,3.37,2,9,21.34
ENS012,ALG,Algorithmique,GL,2,3,3,2,2,1,0,-1,0.0,57,0.25,0,0,2.5,2,3,0,0,1,1,1.0,0,1,0.7,1,0,4.12,1,1,14.24
ENS029,BD,Bases de Donnees,INFO,3,2,3,1,2,-1,1,-2,-0.67,108,0.25,0,1,2.25,1,3,0,1,1,1,1.0,3,3,0.59,2,2,3.74,3,3,22.93
ENS009,PED,Pedagogie,SUP,1,2,2,3,3,1,0,1,0.67,259,0.33,1,0,2.0,1,3,0,1,2,1,1.0,2,2,0.74,0,0,2.53,1,8,14.26
ENS002,GC_MAT,Matériaux,GC,1,2,1,2,2,1,-1,1,0.33,270,0.0,1,0,1.5,1,2,0,2,1,2,0.5,2,3,0.72,2,2,3.8,2,9,20.2
ENS030,BD,Bases de Donnees,INFO,1,2,1,2,2,1,-1,1,0.33,213,0.33,1,0,1.5,1,2,0,2,3,1,1.0,1,0,0.77,4,0,3.34,4,7,22.53
ENS022,PROG,Programmation,GL,4,3,3,4,0,-1,0,1,0.0,98,0.42,0,0,3.5,3,4,0,0,2,1,1.0,0,0,0.83,4,2,2.8,4,3,19.75
ENS021,RESEAU,Reseaux,RT,2,2,3,2,2,0,1,-1,0.0,320,0.33,1,0,2.25,2,3,0,0,3,1,1.0,3,3,0.82,3,0,4.38,2,10,24.86
ENS010,ALG,Algorithmique,GL,3,3,2,3,2,0,-1,1,0.0,256,0.08,1,0,2.75,2,3,0,0,1,1,1.0,2,1,0.87,2,2,2.77,3,8,20.39
ENS021,WEB_B,Developpement Web Back,WEB,1,2,1,2,2,1,-1,1,0.33,237,0.08,1,0,1.5,1,2,0,2,3,2,0.5,3,3,0.62,4,2,4.22,3,7,26.04
ENS010,WEB_B,Developpement Web Back,WEB,2,1,1,2,2,-1,0,1,0.0,158,0.0,0,0,1.5,1,2,0,2,1,1,1.0,5,0,0.68,3,0,3.95,4,5,30.3
ENS023,WEB_F,Developpement Web Front,WEB,1,3,2,2,1,2,-1,0,0.33,211,0.25,1,0,2.0,1,3,0,1,1,3,0.67,4,0,0.53,2,2,2.53,1,7,19.21
ENS003,GESTION,Gestion de Projet,SUP,3,4,5,4,2,1,1,-1,0.33,30,0.08,0,0,4.0,3,5,1,0,3,2,0.5,1,1,0.69,1,1,3.14,3,1,17.23
ENS019,GC_STRU,Structure Batiment,GC,4,4,3,2,0,0,-1,-1,-0.67,124,0.42,0,1,3.25,2,4,0,0,2,1,1.0,1,3,0.75,3,2,4.34,3,4,21.93
ENS013,ANG,Anglais Technique,SUP,1,2,3,3,1,1,1,0,0.67,261,0.17,1,0,2.25,1,3,0,1,3,3,0.67,2,2,0.74,0,0,2.93,1,8,15.06
ENS021,RESEAU,Reseaux,RT,2,3,1,1,4,1,-2,0,-0.33,186,0.0,1,0,1.75,1,3,0,2,3,1,1.0,3,3,0.92,0,1,3.55,4,6,23.7
ENS015,GC_MAT,Matériaux,GC,4,3,4,2,1,-1,1,-2,-0.67,41,0.42,0,1,3.25,2,4,0,0,3,2,0.5,5,2,0.88,2,2,4.44,3,1,29.78
ENS005,GESTION,Gestion de Projet,SUP,2,3,3,3,1,1,0,0,0.33,186,0.33,1,0,2.75,2,3,0,0,2,3,0.67,1,1,0.54,4,0,3.64,3,6,20.48
ENS030,PED,Pedagogie,SUP,3,4,5,3,1,1,1,-2,0.0,235,0.17,1,0,3.75,3,5,1,0,2,3,0.67,2,0,0.77,0,2,4.38,4,7,22.61
ENS002,GC_STRU,Structure Batiment,GC,2,2,4,2,1,0,2,-2,0.0,248,0.42,1,0,2.5,2,4,0,0,2,3,0.67,3,3,0.89,4,0,3.34,2,8,24.13
ENS023,GESTION,Gestion de Projet,SUP,2,1,2,3,2,-1,1,1,0.33,267,0.33,1,0,2.0,1,3,0,1,3,1,1.0,2,0,0.74,3,1,4.42,4,8,25.54
ENS018,GESTION,Gestion de Projet,SUP,3,4,4,5,0,1,0,1,0.67,89,0.42,0,0,4.0,3,5,1,0,1,3,0.67,1,3,0.74,2,1,3.05,1,2,15.3
ENS010,WEB_B,Developpement Web Back,WEB,3,3,5,5,2,0,2,0,0.67,36,0.42,0,0,4.0,3,5,2,0,2,2,0.5,2,3,0.86,4,1,3.63,1,1,21.06
ENS026,PROG,Programmation,GL,2,4,2,3,1,2,-2,1,0.33,56,0.33,0,0,2.75,2,4,0,0,2,1,1.0,5,1,0.64,2,2,3.46,3,1,26.62
ENS030,ANG,Anglais Technique,SUP,1,2,1,3,0,1,-1,2,0.67,72,0.33,0,0,1.75,1,3,0,2,1,3,0.67,1,0,0.57,4,1,2.96,3,2,19.27
ENS023,SEC,Securite Informatique,RT,3,5,3,5,1,2,-2,2,0.67,114,0.25,0,0,4.0,3,5,2,0,2,2,0.5,5,1,0.93,0,1,3.62,3,3,26.39
ENS026,BD,Bases de Donnees,INFO,2,2,1,3,1,0,-1,2,0.33,107,0.33,0,0,2.0,1,3,0,1,3,2,0.5,2,0,0.53,0,2,2.74,2,3,15.13
ENS026,GC_STRU,Structure Batiment,GC,1,1,2,1,1,0,1,-1,0.0,222,0.0,1,0,1.25,1,2,0,3,2,2,0.5,2,1,0.71,3,2,4.28,3,7,23.61
ENS007,GESTION,Gestion de Projet,SUP,1,1,2,2,1,0,1,0,0.33,296,0.33,1,0,1.5,1,2,0,2,2,2,0.5,2,3,0.73,4,0,4.11,1,9,21.37
ENS016,PED,Pedagogie,SUP,5,5,4,5,0,0,-1,1,0.0,224,0.0,1,0,4.75,4,5,3,0,2,3,0.67,0,2,0.87,3,1,4.49,2,7,19.33
ENS012,WEB_B,Developpement Web Back,WEB,4,3,5,3,0,-1,2,-2,-0.33,115,0.08,0,0,3.75,3,5,1,0,1,2,0.5,2,3,0.93,3,1,3.51,2,3,21.67
ENS025,BD,Bases de Donnees,INFO,5,4,4,4,2,-1,0,0,-0.33,318,0.42,1,0,4.25,4,5,1,0,3,3,0.67,4,3,0.65,1,1,3.19,4,10,24.63
ENS018,PROG,Programmation,GL,3,3,4,4,0,0,1,0,0.33,178,0.17,0,0,3.5,3,4,0,0,1,1,1.0,4,0,0.82,4,0,3.91,4,5,29.92
ENS008,BD,Bases de Donnees,INFO,3,5,5,4,0,2,0,-1,0.33,156,0.33,0,0,4.25,3,5,2,0,3,2,0.5,5,3,0.54,3,0,3.15,1,5,23.5
ENS029,GESTION,Gestion de Projet,SUP,3,3,3,4,0,0,0,1,0.33,355,0.33,1,0,3.25,3,4,0,0,3,1,1.0,0,1,0.95,4,1,4.36,4,11,23.47
ENS012,GC_STRU,Structure Batiment,GC,3,3,5,5,1,0,2,0,0.67,258,0.0,1,0,4.0,3,5,2,0,2,2,0.5,2,3,0.56,1,2,3.87,4,8,21.54
ENS024,ANG,Anglais Technique,SUP,2,2,2,3,2,0,0,1,0.33,202,0.25,1,0,2.25,2,3,0,0,3,2,0.5,4,0,0.76,0,2,3.95,1,6,21.2
ENS013,PROG,Programmation,GL,5,4,5,5,1,-1,1,0,0.0,213,0.25,1,0,4.75,4,5,3,0,1,1,1.0,1,3,0.88,3,0,3.96,3,7,21.82
ENS027,GESTION,Gestion de Projet,SUP,3,1,1,1,1,-2,0,0,-0.67,157,0.0,0,1,1.5,1,3,0,3,3,2,0.5,0,1,0.6,1,1,3.32,4,5,16.64
ENS002,RESEAU,Reseaux,RT,3,4,4,4,2,1,0,0,0.33,32,0.25,0,0,3.75,3,4,0,0,2,1,1.0,0,0,0.94,4,2,4.4,1,1,19.0
ENS028,GC_STRU,Structure Batiment,GC,3,4,2,4,2,1,-2,2,0.33,283,0.08,1,0,3.25,2,4,0,0,1,2,0.5,4,2,0.66,2,2,3.4,2,9,23.1
ENS021,BD,Bases de Donnees,INFO,4,3,4,5,0,-1,1,1,0.33,69,0.42,0,0,4.0,3,5,1,0,1,1,1.0,1,2,0.87,0,1,4.27,2,2,17.89
ENS027,GC_STRU,Structure Batiment,GC,3,1,3,2,3,-2,2,-1,-0.33,155,0.42,0,0,2.25,1,3,0,1,2,2,0.5,3,2,0.53,1,1,4.3,3,5,22.75
ENS002,GC_STRU,Structure Batiment,GC,2,4,4,4,2,2,0,0,0.67,134,0.25,0,0,3.5,2,4,0,0,3,3,0.67,5,1,0.61,0,0,4.11,2,4,24.27
ENS017,RESEAU,Reseaux,RT,2,2,2,1,4,0,0,-1,-0.33,55,0.25,0,0,1.75,1,2,0,1,2,1,1.0,5,1,0.87,0,1,3.09,4,1,26.53
ENS012,PED,Pedagogie,SUP,5,4,4,3,0,-1,0,-1,-0.67,102,0.25,0,1,4.0,3,5,1,0,3,1,1.0,3,1,0.65,1,2,3.0,1,3,17.75
ENS016,ALG,Algorithmique,GL,3,3,1,3,1,0,-2,2,0.0,67,0.0,0,0,2.5,1,3,0,1,2,2,0.5,0,2,0.66,1,1,4.38,2,2,16.06
ENS008,GC_STRU,Structure Batiment,GC,1,3,2,2,3,2,-1,0,0.33,83,0.17,0,0,2.0,1,3,0,1,1,1,1.0,5,1,0.87,4,0,3.34,4,2,31.03
ENS014,WEB_B,Developpement Web Back,WEB,3,4,3,5,2,1,-1,2,0.67,81,0.08,0,0,3.75,3,5,1,0,1,1,1.0,1,3,0.85,4,1,2.89,3,2,20.53
ENS015,RESEAU,Reseaux,RT,1,1,1,1,4,0,0,0,0.0,212,0.25,1,0,1.0,1,1,0,4,2,2,0.5,2,1,0.71,3,0,3.71,3,7,22.47
ENS006,RESEAU,Reseaux,RT,3,3,4,4,0,0,1,0,0.33,216,0.0,1,0,3.5,3,4,0,0,2,1,1.0,1,0,0.57,4,0,3.1,2,7,18.05
ENS006,GC_STRU,Structure Batiment,GC,3,1,3,1,2,-2,2,-2,-0.67,171,0.0,0,1,2.0,1,3,0,2,1,1,1.0,3,2,0.55,2,1,3.0,2,5,19.75
ENS013,WEB_F,Developpement Web Front,WEB,2,2,3,1,3,0,1,-2,-0.33,67,0.33,0,0,2.0,1,3,0,1,1,3,0.67,0,3,0.64,0,2,2.71,4,2,14.62
ENS028,ALG,Algorithmique,GL,1,3,3,3,2,2,0,0,0.67,97,0.42,0,0,2.5,1,3,0,1,3,2,0.5,2,1,0.73,1,2,3.98,4,3,22.61
ENS023,PED,Pedagogie,SUP,2,1,2,3,2,-1,1,1,0.33,44,0.42,0,0,2.0,1,3,0,1,3,3,0.67,4,1,0.83,4,2,3.4,1,1,24.45
ENS027,ALG,Algorithmique,GL,3,2,2,3,2,-1,0,1,0.0,360,0.25,1,0,2.5,2,3,0,0,2,2,0.5,0,0,0.53,2,2,4.46,1,12,15.07
ENS003,BD,Bases de Donnees,INFO,2,1,1,1,3,-1,0,0,-0.33,183,0.33,1,0,1.25,1,2,0,3,1,1,1.0,1,3,0.57,2,2,3.77,3,6,18.89
ENS030,WEB_F,Developpement Web Front,WEB,2,2,4,4,3,0,2,0,0.67,276,0.25,1,0,3.0,2,4,0,0,3,2,0.5,4,2,0.58,1,0,4.2,2,9,23.3
ENS023,WEB_B,Developpement Web Back,WEB,5,4,4,5,0,-1,0,1,0.0,122,0.08,0,0,4.5,4,5,2,0,3,2,0.5,3,0,0.67,4,1,2.98,3,4,23.81
ENS027,ANG,Anglais Technique,SUP,1,2,2,2,2,1,0,0,0.33,98,0.25,0,0,1.75,1,2,0,1,1,2,0.5,2,1,0.73,2,1,3.2,3,3,20.55
ENS026,WEB_B,Developpement Web Back,WEB,5,5,3,5,1,0,-2,2,0.0,142,0.17,0,0,4.5,3,5,3,0,2,2,0.5,5,2,0.62,4,2,3.2,3,4,28.0
ENS030,BD,Bases de Donnees,INFO,1,3,3,1,1,2,0,-2,0.0,65,0.08,0,0,2.0,1,3,0,2,1,3,0.67,1,1,0.83,0,0,2.71,4,2,17.57
ENS030,PED,Pedagogie,SUP,1,3,2,2,2,2,-1,0,0.33,76,0.33,0,0,2.0,1,3,0,1,2,1,1.0,5,0,0.79,1,2,3.82,2,2,25.59
ENS020,BD,Bases de Donnees,INFO,1,1,1,2,1,0,0,1,0.33,102,0.42,0,0,1.25,1,2,0,3,3,1,1.0,0,0,0.91,2,2,3.59,4,3,19.73
ENS007,PROG,Programmation,GL,3,3,4,4,0,0,1,0,0.33,170,0.08,0,0,3.5,3,4,0,0,3,1,1.0,0,3,0.68,2,2,4.41,1,5,15.72
ENS009,GC_STRU,Structure Batiment,GC,2,1,3,1,3,-1,2,-2,-0.33,109,0.08,0,0,1.75,1,3,0,2,1,1,1.0,4,1,0.67,3,2,3.2,3,3,25.25
ENS011,RESEAU,Reseaux,RT,2,2,3,3,3,0,1,0,0.33,37,0.17,0,0,2.5,2,3,0,0,2,3,0.67,4,2,0.52,1,0,3.24,1,1,19.58
ENS021,BD,Bases de Donnees,INFO,2,1,3,3,1,-1,2,0,0.33,276,0.25,1,0,2.25,1,3,0,1,1,2,0.5,4,1,0.66,1,0,2.58,4,9,23.46
ENS021,WEB_B,Developpement Web Back,WEB,4,3,4,3,0,-1,1,-1,-0.33,47,0.25,0,0,3.5,3,4,0,0,1,1,1.0,1,0,0.51,4,1,2.59,3,1,18.23
ENS029,WEB_F,Developpement Web Front,WEB,3,3,1,1,1,0,-2,0,-0.67,95,0.42,0,1,2.0,1,3,0,2,2,3,0.67,2,1,0.9,3,2,4.26,4,3,26.02
ENS026,PED,Pedagogie,SUP,3,3,2,1,2,0,-1,-1,-0.67,209,0.08,1,1,2.25,1,3,0,1,3,2,0.5,3,3,0.7,0,2,2.88,4,6,21.26
ENS027,PED,Pedagogie,SUP,4,2,3,4,3,-2,1,1,0.0,102,0.33,0,0,3.25,2,4,0,0,1,1,1.0,3,3,0.9,4,2,3.65,4,3,27.8
ENS012,PROG,Programmation,GL,5,4,3,3,0,-1,-1,0,-0.67,202,0.25,1,1,3.75,3,5,1,0,3,1,1.0,1,1,0.79,2,2,3.98,1,6,17.41
ENS028,GC_MAT,Matériaux,GC,4,2,3,2,1,-2,1,-1,-0.67,102,0.33,0,1,2.75,2,4,0,0,2,3,0.67,1,3,0.64,0,1,3.58,4,3,18.36
ENS029,SEC,Securite Informatique,RT,3,3,4,3,0,0,1,-1,0.0,319,0.17,1,0,3.25,3,4,0,0,1,3,0.67,4,1,0.67,0,2,3.66,1,10,20.17
ENS011,SEC,Securite Informatique,RT,4,2,2,2,3,-2,0,0,-0.67,175,0.17,0,1,2.5,2,4,0,0,3,3,0.67,0,3,0.87,2,0,4.13,2,5,17.61
ENS005,BD,Bases de Donnees,INFO,3,1,3,1,2,-2,2,-2,-0.67,194,0.08,1,1,2.0,1,3,0,2,2,1,1.0,0,1,0.52,4,2,4.09,2,6,17.78
ENS028,GESTION,Gestion de Projet,SUP,5,4,4,3,2,-1,0,-1,-0.67,295,0.25,1,1,4.0,3,5,1,0,1,1,1.0,1,1,0.9,0,2,3.18,2,9,15.86
ENS008,PROG,Programmation,GL,4,3,2,2,1,-1,-1,0,-0.67,349,0.08,1,1,2.75,2,4,0,0,3,2,0.5,4,3,0.71,2,0,4.42,4,11,28.39
ENS004,PED,Pedagogie,SUP,1,2,3,3,3,1,1,0,0.67,153,0.25,0,0,2.25,1,3,0,1,1,3,0.67,4,0,0.92,3,2,4.32,1,5,25.74
ENS014,ANG,Anglais Technique,SUP,5,4,5,5,0,-1,1,0,0.0,267,0.0,1,0,4.75,4,5,3,0,3,3,0.67,4,0,0.8,3,2,3.75,3,8,27.0
ENS004,ALG,Algorithmique,GL,2,2,2,4,0,0,0,2,0.67,171,0.08,0,0,2.5,2,4,0,0,3,2,0.5,3,1,0.85,3,1,3.28,4,5,25.81
ENS005,GC_MAT,Matériaux,GC,2,1,2,1,1,-1,1,-1,-0.33,69,0.0,0,0,1.5,1,2,0,2,3,2,0.5,4,0,0.58,3,2,3.01,1,2,21.42
ENS018,PED,Pedagogie,SUP,4,4,4,4,1,0,0,0,0.0,142,0.33,0,0,4.0,4,4,0,0,1,2,0.5,5,1,0.72,2,2,2.7,1,4,22.5
ENS028,WEB_F,Developpement Web Front,WEB,3,2,2,1,1,-1,0,-1,-0.67,135,0.33,0,1,2.0,1,3,0,1,3,1,1.0,0,3,0.72,4,0,2.57,4,4,18.74
ENS018,ANG,Anglais Technique,SUP,1,3,2,3,2,2,-1,1,0.67,329,0.42,1,0,2.25,1,3,0,1,2,1,1.0,5,2,0.94,1,0,3.48,3,10,27.16
ENS011,WEB_B,Developpement Web Back,WEB,4,3,5,3,1,-1,2,-2,-0.33,209,0.33,1,0,3.75,3,5,1,0,1,3,0.67,0,2,0.91,0,2,2.89,2,6,13.33
ENS023,BD,Bases de Donnees,INFO,5,3,4,3,1,-2,1,-1,-0.67,135,0.0,0,1,3.75,3,5,1,0,2,3,0.67,1,3,0.53,3,1,2.8,3,4,17.75
ENS021,PED,Pedagogie,SUP,5,4,3,3,1,-1,-1,0,-0.67,360,0.25,1,1,3.75,3,5,1,0,3,3,0.67,5,0,0.88,1,0,2.88,1,12,22.66
ENS009,BD,Bases de Donnees,INFO,5,4,3,3,0,-1,-1,0,-0.67,343,0.33,1,1,3.75,3,5,1,0,1,3,0.67,5,2,0.68,0,0,3.08,1,11,21.06
ENS014,PED,Pedagogie,SUP,3,5,3,4,0,2,-2,1,0.33,55,0.33,0,0,3.75,3,5,1,0,1,2,0.5,0,1,0.71,3,0,3.43,4,1,19.41
ENS029,RESEAU,Reseaux,RT,4,2,2,4,1,-2,0,2,0.0,155,0.08,0,0,3.0,2,4,0,0,1,2,0.5,2,2,0.56,1,2,2.91,1,5,15.12
ENS009,WEB_F,Developpement Web Front,WEB,4,3,4,3,3,-1,1,-1,-0.33,120,0.0,0,0,3.5,3,4,0,0,3,2,0.5,1,3,0.69,3,1,3.38,1,4,16.71
ENS013,GC_MAT,Matériaux,GC,2,2,1,1,3,0,-1,0,-0.33,239,0.08,1,0,1.5,1,2,0,2,2,1,1.0,5,1,0.53,1,0,4.31,4,7,28.27
ENS026,BD,Bases de Donnees,INFO,3,1,1,2,2,-2,0,1,-0.33,229,0.17,1,0,1.75,1,3,0,2,2,2,0.5,4,1,0.5,4,1,4.01,2,7,25.52
ENS002,GC_STRU,Structure Batiment,GC,2,2,2,1,1,0,0,-1,-0.33,335,0.17,1,0,1.75,1,2,0,1,2,2,0.5,1,3,0.5,1,0,3.99,4,11,19.48
ENS008,BD,Bases de Donnees,INFO,5,5,3,3,1,0,-2,0,-0.67,154,0.42,0,1,4.0,3,5,2,0,2,2,0.5,3,0,0.77,4,1,2.91,3,5,24.17
ENS005,WEB_B,Developpement Web Back,WEB,3,4,5,3,1,1,1,-2,0.0,128,0.42,0,0,3.75,3,5,1,0,2,3,0.67,4,0,0.81,0,1,3.25,3,4,23.05
ENS003,RESEAU,Reseaux,RT,2,3,4,4,1,1,1,0,0.67,288,0.25,1,0,3.25,2,4,0,0,1,1,1.0,0,0,0.68,4,2,4.41,3,9,20.72
ENS018,ALG,Algorithmique,GL,2,2,4,2,1,0,2,-2,0.0,96,0.25,0,0,2.5,2,4,0,0,1,1,1.0,4,0,0.69,0,0,3.91,2,3,22.27
ENS028,PROG,Programmation,GL,5,5,4,4,0,0,-1,0,-0.33,244,0.42,1,0,4.5,4,5,2,0,3,2,0.5,3,0,0.59,4,0,2.71,2,8,21.37
ENS025,RESEAU,Reseaux,RT,3,3,1,3,3,0,-2,2,0.0,217,0.17,1,0,2.5,1,3,0,1,2,2,0.5,4,0,0.74,3,1,4.47,4,7,29.64
ENS010,GESTION,Gestion de Projet,SUP,2,3,3,2,0,1,0,-1,0.0,239,0.17,1,0,2.5,2,3,0,0,3,3,0.67,5,3,0.61,1,0,3.93,4,7,27.91
ENS005,GC_MAT,Matériaux,GC,4,3,2,2,0,-1,-1,0,-0.67,196,0.33,1,1,2.75,2,4,0,0,3,3,0.67,3,0,0.76,1,2,4.45,2,6,22.7
ENS029,ALG,Algorithmique,GL,3,2,3,2,0,-1,1,-1,-0.33,106,0.25,0,0,2.5,2,3,0,0,1,1,1.0,2,1,0.61,0,1,2.79,4,3,18.63
ENS008,GC_STRU,Structure Batiment,GC,2,4,2,2,0,2,-2,0,0.0,297,0.33,1,0,2.5,2,4,0,0,2,1,1.0,5,1,0.81,1,1,4.08,1,9,24.71
ENS009,WEB_F,Developpement Web Front,WEB,1,2,1,1,3,1,-1,0,0.0,273,0.08,1,0,1.25,1,2,0,3,3,1,1.0,1,0,0.84,4,1,4.06,1,9,19.82
ENS029,PED,Pedagogie,SUP,3,3,2,3,4,0,-1,1,0.0,49,0.25,0,0,2.75,2,3,0,0,1,2,0.5,1,0,0.76,4,1,3.76,2,1,20.32
ENS006,GC_MAT,Matériaux,GC,1,1,2,2,2,0,1,0,0.33,266,0.17,1,0,1.5,1,2,0,2,3,3,0.67,4,3,0.53,2,2,3.89,3,8,24.93
ENS022,GESTION,Gestion de Projet,SUP,2,4,2,4,0,2,-2,2,0.67,347,0.42,1,0,3.0,2,4,0,0,2,2,0.5,3,3,0.89,1,0,4.27,1,11,21.49
ENS001,WEB_B,Developpement Web Back,WEB,5,4,5,3,1,-1,1,-2,-0.67,313,0.33,1,1,4.25,3,5,2,0,2,2,0.5,1,2,0.91,1,2,2.85,1,10,14.75
ENS018,SEC,Securite Informatique,RT,5,4,4,4,1,-1,0,0,-0.33,113,0.33,0,0,4.25,4,5,1,0,2,3,0.67,2,0,0.9,2,0,3.76,1,3,19.52
ENS006,GC_STRU,Structure Batiment,GC,2,4,3,4,0,2,-1,1,0.67,257,0.08,1,0,3.25,2,4,0,0,2,2,0.5,1,0,0.94,3,2,4.11,2,8,20.92
ENS020,ANG,Anglais Technique,SUP,5,4,5,5,0,-1,1,0,0.0,320,0.33,1,0,4.75,4,5,3,0,2,2,0.5,2,2,0.51,0,1,2.79,2,10,15.13
ENS002,BD,Bases de Donnees,INFO,2,1,2,3,0,-1,1,1,0.33,216,0.17,1,0,2.0,1,3,0,1,3,3,0.67,3,2,0.92,3,2,3.53,1,7,22.16
ENS015,RESEAU,Reseaux,RT,1,1,1,2,4,0,0,1,0.33,192,0.17,1,0,1.25,1,2,0,3,1,1,1.0,5,2,0.51,2,0,3.75,2,6,25.05
ENS011,ALG,Algorithmique,GL,2,1,1,2,4,-1,0,1,0.0,273,0.42,1,0,1.5,1,2,0,2,2,3,0.67,5,1,0.6,4,2,4.13,3,9,29.76
ENS004,GC_MAT,Matériaux,GC,1,1,3,2,2,0,2,-1,0.33,96,0.08,0,0,1.75,1,3,0,2,3,1,1.0,4,0,0.54,3,0,2.57,2,3,21.84
ENS030,GESTION,Gestion de Projet,SUP,3,4,2,4,0,1,-2,2,0.33,309,0.25,1,0,3.25,2,4,0,0,3,3,0.67,1,1,0.76,2,1,2.88,3,10,18.06
ENS009,PROG,Programmation,GL,3,4,4,2,1,1,0,-2,-0.33,316,0.17,1,0,3.25,2,4,0,0,1,1,1.0,4,2,0.84,2,2,4.26,4,10,28.72
ENS011,SEC,Securite Informatique,RT,2,3,4,4,2,1,1,0,0.67,320,0.08,1,0,3.25,2,4,0,0,1,3,0.67,5,3,0.6,1,2,2.88,1,10,21.26
ENS006,RESEAU,Reseaux,RT,2,1,1,2,4,-1,0,1,0.0,126,0.08,0,0,1.5,1,2,0,2,2,2,0.5,0,2,0.94,4,2,4.0,2,4,19.7
ENS014,GC_MAT,Matériaux,GC,4,4,4,4,1,0,0,0,0.0,130,0.08,0,0,4.0,4,4,0,0,2,3,0.67,4,3,0.59,1,1,3.99,1,4,21.43
ENS005,PROG,Programmation,GL,3,4,2,4,3,1,-2,2,0.33,321,0.42,1,0,3.25,2,4,0,0,3,1,1.0,2,0,0.65,4,1,2.63,3,10,21.01
ENS011,WEB_B,Developpement Web Back,WEB,2,2,2,2,2,0,0,0,0.0,123,0.25,0,0,2.0,2,2,0,0,1,1,1.0,0,3,0.61,2,1,2.58,4,4,16.21
ENS025,RESEAU,Reseaux,RT,2,3,2,4,1,1,-1,2,0.67,168,0.42,0,0,2.75,2,4,0,0,3,3,0.67,0,1,0.78,2,1,3.34,2,5,15.58
ENS030,RESEAU,Reseaux,RT,2,2,1,1,4,0,-1,0,-0.33,291,0.0,1,0,1.5,1,2,0,2,2,2,0.5,0,0,0.61,0,0,4.48,4,9,18.01
ENS018,PROG,Programmation,GL,2,3,4,2,2,1,1,-2,0.0,282,0.33,1,0,2.75,2,4,0,0,3,2,0.5,0,2,0.7,3,0,2.7,1,9,13.4
ENS022,RESEAU,Reseaux,RT,3,1,2,3,2,-2,1,1,0.0,146,0.25,0,0,2.25,1,3,0,1,1,1,1.0,2,2,0.72,2,0,4.5,1,4,20.1
ENS012,PROG,Programmation,GL,3,3,3,3,0,0,0,0,0.0,142,0.42,0,0,3.0,3,3,0,0,3,3,0.67,3,0,0.75,3,0,4.26,1,4,22.77
ENS015,GC_MAT,Matériaux,GC,4,3,2,4,3,-1,-1,2,0.0,283,0.08,1,0,3.25,2,4,0,0,2,1,1.0,3,2,0.83,2,1,3.9,2,9,22.95
ENS029,WEB_F,Developpement Web Front,WEB,4,3,4,4,2,-1,1,0,0.0,350,0.0,1,0,3.75,3,4,0,0,2,1,1.0,5,2,0.5,1,1,3.49,3,11,24.98
ENS024,ANG,Anglais Technique,SUP,3,1,3,1,1,-2,2,-2,-0.67,306,0.0,1,1,2.0,1,3,0,2,1,2,0.5,5,1,0.62,3,1,2.64,2,10,24.38
ENS026,SEC,Securite Informatique,RT,4,4,2,3,1,0,-2,1,-0.33,228,0.25,1,0,3.25,2,4,0,0,2,3,0.67,2,1,0.83,4,1,2.76,1,7,19.17
ENS030,GC_STRU,Structure Batiment,GC,4,5,3,5,0,1,-2,2,0.33,276,0.0,1,0,4.25,3,5,2,0,2,1,1.0,1,3,0.61,1,2,2.78,4,9,17.61
ENS006,PROG,Programmation,GL,2,4,3,2,3,2,-1,-1,0.0,86,0.25,0,0,2.75,2,4,0,0,3,1,1.0,1,1,0.65,0,1,3.51,1,2,13.77
ENS004,PED,Pedagogie,SUP,2,1,2,3,3,-1,1,1,0.33,126,0.17,0,0,2.0,1,3,0,1,2,3,0.67,4,1,0.66,1,0,4.0,2,4,23.3
ENS011,SEC,Securite Informatique,RT,4,4,3,3,3,0,-1,0,-0.33,76,0.17,0,0,3.5,3,4,0,0,2,2,0.5,0,0,0.65,4,2,3.48,3,2,18.71
ENS016,BD,Bases de Donnees,INFO,1,1,2,1,1,0,1,-1,0.0,348,0.0,1,0,1.25,1,2,0,3,1,1,1.0,5,3,0.64,2,1,4.37,4,11,29.94
ENS002,PED,Pedagogie,SUP,4,3,3,3,0,-1,0,0,-0.33,43,0.25,0,0,3.25,3,4,0,0,3,3,0.67,3,2,0.79,1,0,2.6,2,1,19.15
ENS007,GC_MAT,Matériaux,GC,2,4,3,2,1,2,-1,-1,0.0,172,0.25,0,0,2.75,2,4,0,0,1,2,0.5,1,2,0.73,2,0,4.48,2,5,19.61
ENS023,BD,Bases de Donnees,INFO,4,4,3,4,0,0,-1,1,0.0,317,0.33,1,0,3.75,3,4,0,0,1,1,1.0,5,0,0.88,4,1,4.29,4,10,32.98
ENS015,WEB_F,Developpement Web Front,WEB,1,1,1,2,2,0,0,1,0.33,226,0.33,1,0,1.25,1,2,0,3,2,2,0.5,5,3,0.64,0,0,2.75,1,7,20.2
ENS019,GC_STRU,Structure Batiment,GC,3,1,1,3,4,-2,0,2,0.0,296,0.08,1,0,2.0,1,3,0,2,3,2,0.5,3,0,0.79,3,2,4.03,2,9,24.01
ENS007,GC_STRU,Structure Batiment,GC,1,3,3,3,1,2,0,0,0.67,326,0.33,1,0,2.5,1,3,0,1,2,3,0.67,1,2,0.75,1,2,3.0,1,10,14.25
ENS015,ALG,Algorithmique,GL,3,3,2,3,1,0,-1,1,0.0,91,0.25,0,0,2.75,2,3,0,0,2,1,1.0,0,3,0.72,2,1,4.19,1,3,15.48
ENS022,RESEAU,Reseaux,RT,1,2,1,1,4,1,-1,0,0.0,213,0.25,1,0,1.25,1,2,0,3,1,2,0.5,3,2,0.83,4,2,3.33,1,7,22.31
ENS007,PROG,Programmation,GL,3,3,3,3,0,0,0,0,0.0,40,0.33,0,0,3.0,3,3,0,0,3,1,1.0,5,3,0.83,2,1,3.31,3,1,27.27
ENS023,BD,Bases de Donnees,INFO,2,2,1,3,2,0,-1,2,0.33,35,0.08,0,0,2.0,1,3,0,1,2,1,1.0,0,1,0.51,0,2,4.08,3,1,15.21
ENS029,GESTION,Gestion de Projet,SUP,5,3,5,4,0,-2,2,-1,-0.33,175,0.25,0,0,4.25,3,5,2,0,1,1,1.0,4,3,0.6,4,1,2.94,2,5,23.88
ENS014,GC_STRU,Structure Batiment,GC,1,2,2,1,3,1,0,-1,0.0,131,0.33,0,0,1.5,1,2,0,2,3,2,0.5,3,1,0.78,1,0,3.51,3,4,22.42
ENS019,SEC,Securite Informatique,RT,3,3,3,2,3,0,0,-1,-0.33,196,0.25,1,0,2.75,2,3,0,0,2,2,0.5,1,1,0.66,3,1,3.89,3,6,20.58
ENS023,PROG,Programmation,GL,3,3,5,3,2,0,2,-2,0.0,357,0.17,1,0,3.5,3,5,1,0,2,1,1.0,1,3,0.76,0,0,4.29,2,11,17.38
ENS023,RESEAU,Reseaux,RT,1,1,1,1,4,0,0,0,0.0,34,0.42,0,0,1.0,1,1,0,4,1,1,1.0,5,1,0.74,4,2,3.95,1,1,27.1
ENS030,WEB_F,Developpement Web Front,WEB,4,2,4,4,2,-2,2,0,0.0,355,0.17,1,0,3.5,2,4,0,0,1,1,1.0,3,0,0.51,4,1,2.72,1,11,19.49
ENS026,PED,Pedagogie,SUP,4,5,5,5,1,1,0,0,0.33,202,0.08,1,0,4.75,4,5,3,0,1,1,1.0,4,3,0.59,3,1,2.91,4,6,25.77
ENS016,ANG,Anglais Technique,SUP,3,2,1,1,3,-1,-1,0,-0.67,271,0.08,1,1,1.75,1,3,0,2,1,3,0.67,5,0,0.87,2,2,3.89,4,9,30.13
ENS028,SEC,Securite Informatique,RT,4,2,3,4,0,-2,1,1,0.0,125,0.42,0,0,3.25,2,4,0,0,1,3,0.67,0,3,0.77,0,2,4.48,1,4,14.31
ENS018,BD,Bases de Donnees,INFO,5,5,3,4,0,0,-2,1,-0.33,198,0.42,1,0,4.25,3,5,2,0,1,3,0.67,3,2,0.79,3,0,4.28,3,6,26.01
ENS015,PED,Pedagogie,SUP,3,3,3,5,0,0,0,2,0.67,227,0.08,1,0,3.5,3,5,1,0,3,2,0.5,2,0,0.53,4,0,3.48,1,7,19.11
ENS021,GC_STRU,Structure Batiment,GC,2,4,4,2,1,2,0,-2,0.0,144,0.42,0,0,3.0,2,4,0,0,3,2,0.5,5,2,0.76,1,1,3.92,4,4,28.64
ENS003,ALG,Algorithmique,GL,1,1,2,2,4,0,1,0,0.33,332,0.42,1,0,1.5,1,2,0,2,1,1,1.0,4,0,0.53,0,2,3.2,3,11,21.55
ENS027,WEB_B,Developpement Web Back,WEB,2,1,2,2,4,-1,1,0,0.0,294,0.25,1,0,1.75,1,2,0,1,1,1,1.0,4,0,0.81,3,0,3.47,3,9,26.49
ENS029,PROG,Programmation,GL,4,4,5,3,0,0,1,-2,-0.33,343,0.08,1,0,4.0,3,5,1,0,1,1,1.0,4,2,0.59,3,0,3.29,2,11,23.53
ENS017,PROG,Programmation,GL,3,5,4,4,0,2,-1,0,0.33,266,0.08,1,0,4.0,3,5,1,0,2,2,0.5,4,1,0.55,4,2,3.23,3,8,25.71
ENS026,GESTION,Gestion de Projet,SUP,3,5,5,3,2,2,0,-2,0.0,102,0.17,0,0,4.0,3,5,2,0,1,3,0.67,2,3,0.6,2,2,3.57,3,3,20.64
ENS003,PROG,Programmation,GL,3,3,4,3,0,0,1,-1,0.0,332,0.08,1,0,3.25,3,4,0,0,2,1,1.0,3,1,0.68,2,1,3.1,2,11,20.6
ENS017,BD,Bases de Donnees,INFO,3,4,3,3,1,1,-1,0,0.0,202,0.42,1,0,3.25,3,4,0,0,3,3,0.67,3,0,0.53,1,2,3.41,2,6,19.47
ENS024,SEC,Securite Informatique,RT,5,4,4,4,2,-1,0,0,-0.33,236,0.42,1,0,4.25,4,5,1,0,3,1,1.0,3,1,0.64,3,0,2.55,1,7,18.8
ENS016,GESTION,Gestion de Projet,SUP,3,4,2,3,1,1,-2,1,0.0,49,0.08,0,0,3.0,2,4,0,0,2,2,0.5,3,1,0.56,0,1,4.27,3,1,21.84
ENS002,RESEAU,Reseaux,RT,3,3,3,3,2,0,0,0,0.0,213,0.25,1,0,3.0,3,3,0,0,3,2,0.5,3,3,0.66,0,2,2.91,2,7,18.12
ENS002,WEB_F,Developpement Web Front,WEB,1,2,1,1,3,1,-1,0,0.0,224,0.42,1,0,1.25,1,2,0,3,1,1,1.0,3,3,0.68,1,1,3.6,4,7,23.6
ENS021,RESEAU,Reseaux,RT,3,3,3,4,2,0,0,1,0.33,284,0.25,1,0,3.25,3,4,0,0,2,3,0.67,5,2,0.53,4,1,4.33,1,9,26.81
ENS020,GESTION,Gestion de Projet,SUP,2,3,3,1,2,1,0,-2,-0.33,73,0.42,0,0,2.25,1,3,0,1,3,3,0.67,0,0,0.66,2,1,3.19,2,2,14.68
ENS009,BD,Bases de Donnees,INFO,2,1,1,2,3,-1,0,1,0.0,237,0.08,1,0,1.5,1,2,0,2,2,3,0.67,4,0,0.85,2,1,3.46,2,7,24.17
ENS003,PROG,Programmation,GL,3,5,3,5,0,2,-2,2,0.67,57,0.08,0,0,4.0,3,5,2,0,3,2,0.5,4,3,0.93,1,2,4.31,2,1,25.27
ENS014,WEB_B,Developpement Web Back,WEB,3,1,2,1,2,-2,1,-1,-0.67,47,0.08,0,1,1.75,1,3,0,2,3,3,0.67,3,2,0.54,0,0,2.53,1,1,15.26
ENS027,GC_MAT,Matériaux,GC,1,2,1,1,2,1,-1,0,0.0,147,0.25,0,0,1.25,1,2,0,3,3,2,0.5,1,1,0.7,2,1,3.33,1,4,15.66
ENS026,ALG,Algorithmique,GL,2,2,3,3,1,0,1,0,0.33,274,0.08,1,0,2.5,2,3,0,0,3,2,0.5,0,0,0.73,0,0,3.21,2,9,13.07
ENS012,GC_STRU,Structure Batiment,GC,2,2,3,2,2,0,1,-1,0.0,246,0.42,1,0,2.25,2,3,0,0,2,2,0.5,4,3,0.82,0,2,3.56,4,8,25.22
ENS006,WEB_F,Developpement Web Front,WEB,2,2,1,1,3,0,-1,0,-0.33,146,0.08,0,0,1.5,1,2,0,2,1,1,1.0,3,2,0.7,0,0,2.67,4,4,20.84
ENS022,ANG,Anglais Technique,SUP,2,2,1,3,1,0,-1,2,0.33,150,0.33,0,0,2.0,1,3,0,1,2,2,0.5,0,2,0.91,0,0,3.46,3,5,15.97
ENS013,ANG,Anglais Technique,SUP,2,3,3,3,1,1,0,0,0.33,264,0.08,1,0,2.75,2,3,0,0,1,3,0.67,4,1,0.65,2,0,2.81,4,8,24.87
ENS008,PROG,Programmation,GL,4,4,4,5,0,0,0,1,0.33,35,0.17,0,0,4.25,4,5,1,0,2,2,0.5,5,3,0.52,0,0,4.07,1,1,22.24
ENS002,PROG,Programmation,GL,5,4,3,3,0,-1,-1,0,-0.67,91,0.25,0,1,3.75,3,5,1,0,1,3,0.67,3,0,0.52,0,2,2.9,1,3,15.9
ENS028,ALG,Algorithmique,GL,3,2,3,4,2,-1,1,1,0.33,314,0.0,1,0,3.0,2,4,0,0,1,3,0.67,2,3,0.9,4,2,3.32,3,10,23.64
ENS009,WEB_F,Developpement Web Front,WEB,2,4,3,2,3,2,-1,-1,0.0,84,0.33,0,0,2.75,2,4,0,0,2,2,0.5,3,2,0.68,0,2,3.22,2,2,18.84
ENS005,PROG,Programmation,GL,3,3,5,5,0,0,2,0,0.67,307,0.08,1,0,4.0,3,5,2,0,3,2,0.5,3,3,0.82,2,0,3.56,2,10,22.22
ENS006,GESTION,Gestion de Projet,SUP,1,2,2,1,2,1,0,-1,0.0,341,0.17,1,0,1.5,1,2,0,2,1,2,0.5,4,3,0.61,4,2,3.66,2,11,25.37
ENS023,GC_MAT,Matériaux,GC,3,4,3,4,1,1,-1,1,0.33,241,0.33,1,0,3.5,3,4,0,0,2,3,0.67,4,3,0.9,3,2,2.9,3,8,25.8
ENS001,PROG,Programmation,GL,4,5,5,3,1,1,0,-2,-0.33,336,0.42,1,0,4.25,3,5,2,0,2,2,0.5,2,1,0.55,3,0,4.47,3,11,23.19
ENS019,ALG,Algorithmique,GL,4,3,4,3,1,-1,1,-1,-0.33,93,0.0,0,0,3.5,3,4,0,0,2,1,1.0,5,0,0.73,1,2,3.99,4,3,28.63
ENS009,GC_STRU,Structure Batiment,GC,3,2,4,2,0,-1,2,-2,-0.33,55,0.17,0,0,2.75,2,4,0,0,3,1,1.0,2,2,0.79,4,2,2.54,2,1,20.03
ENS019,BD,Bases de Donnees,INFO,4,3,4,3,2,-1,1,-1,-0.33,155,0.42,0,0,3.5,3,4,0,0,3,1,1.0,3,3,0.94,0,1,3.92,4,5,24.54
