teacher_id,competence_id,competence_code,department_id,unit_id,ref_month,date_t,current_observation,knowledge_difficulty_level,required_level,gap_next_3m,current_level_t3,current_level_t2,current_level_t1,current_level_t,lag_gap_t3_t2,lag_gap_t2_t1,lag_gap_t1_t,rolling_tendance,days_since_last_training,training_frequency_per_month,is_long_absent,is_stagnant,avg_level,min_level,max_level,nb_level_5,nb_level_1,nb_savoirs,nb_competences,competency_coverage_rate,nb_formations_completed,nb_formations_in_progress,taux_assiduite,nb_besoins_exprimes,nb_besoins_approuves,avg_eval_score,nb_evaluations,months_since_last_training,engagement_score,attendance_rate,evaluation_score,training_count,stagnation_months,need_count,source_type,source_id,data_origin,is_synthetic,institutional_verified,generation_seed,generator_version,dataset_version,created_at
SYN_T0002,1,C1,DEP_02,UP_02,2025-01,2025-01-31,2.19,2.0,4.0,1.116,3.0,3.0,3.0,3.0,0.0,0.0,0.0,0.0,999.0,0.0,0,1,3.0,3.0,3.0,0.0,0.0,3.0,7.0,0.538,0.0,0.0,0.646,1.0,0.0,1.76,1.0,13.0,0.336,0.646,1.76,0,3.0,1.0,synthetic_generator,demo_gen_seed42,SYNTHETIC,true,false,42,generator-synthetic-v1.0.0,synthetic-v1.0.0,2025-01-31
SYN_T0002,7,C7,DEP_02,UP_02,2025-01,2025-01-31,1.91,2.0,4.0,2.116,2.0,2.0,2.0,2.0,0.0,0.0,0.0,0.0,999.0,0.0,0,1,2.0,2.0,2.0,0.0,0.0,5.0,7.0,0.538,0.0,0.0,0.631,1.0,0.0,1.76,1.0,13.0,0.457,0.631,1.76,0,3.0,1.0,synthetic_generator,demo_gen_seed42,SYNTHETIC,true,false,42,generator-synthetic-v1.0.0,synthetic-v1.0.0,2025-01-31
SYN_T0002,9,C9,DEP_02,UP_02,2025-01,2025-01-31,2.05,1.0,3.0,0.921,2.0,2.0,2.0,1.0,0.0,0.0,-1.0,-0.333,999.0,0.0,0,0,1.75,1.0,2.0,0.0,1.0,3.0,7.0,0.538,0.0,1.0,0.623,1.0,1.0,1.76,1.0,13.0,0.497,0.623,1.76,0,0.0,1.0,synthetic_generator,demo_gen_seed42,SYNTHETIC,true,false,42,generator-synthetic-v1.0.0,synthetic-v1.0.0,2025-01-31
SYN_T0004,5,C5,DEP_04,UP_04,2025-01,2025-01-31,3.38,3.0,5.0,1.037,4.0,4.0,4.0,4.0,0.0,0.0,0.0,0.0,999.0,0.0,1,1,4.0,4.0,4.0,0.0,0.0,3.0,7.0,0.538,0.0,1.0,0.497,1.0,0.0,2.607,1.0,13.0,0.459,0.497,2.607,0,3.0,1.0,synthetic_generator,demo_gen_seed42,SYNTHETIC,true,false,42,generator-synthetic-v1.0.0,synthetic-v1.0.0,2025-01-31
SYN_T0005,10,C10,DEP_05,UP_05,2025-01,2025-01-31,3.76,2.0,4.0,0.0,5.0,5.0,5.0,5.0,0.0,0.0,0.0,0.0,999.0,0.0,1,1,5.0,5.0,5.0,4.0,0.0,4.0,8.0,0.615,0.0,0.0,0.343,0.0,0.0,1.436,1.0,13.0,0.349,0.343,1.436,0,3.0,0.0,synthetic_generator,demo_gen_seed42,SYNTHETIC,true,false,42,generator-synthetic-v1.0.0,synthetic-v1.0.0,2025-01-31
SYN_T0008,4,C4,DEP_03,UP_08,2025-01,2025-01-31,3.16,2.0,4.0,0.0,3.0,3.0,3.0,4.0,0.0,0.0,1.0,0.333,0.0,0.25,0,0,3.25,3.0,4.0,0.0,0.0,2.0,8.0,0.615,1.0,0.0,0.522,0.0,0.0,2.084,1.0,0.0,0.784,0.522,2.084,1,0.0,0.0,synthetic_generator,demo_gen_seed42,SYNTHETIC,true,false,42,generator-synthetic-v1.0.0,synthetic-v1.0.0,2025-01-31
SYN_T0009,6,C6,DEP_04,UP_09,2025-01,2025-01-31,1.6,1.0,3.0,1.029,2.0,2.0,2.0,2.0,0.0,0.0,0.0,0.0,999.0,0.0,0,1,2.0,2.0,2.0,0.0,0.0,4.0,7.0,0.538,0.0,0.0,0.899,1.0,0.0,2.793,1.0,13.0,0.641,0.899,2.793,0,3.0,1.0,synthetic_generator,demo_gen_seed42,SYNTHETIC,true,false,42,generator-synthetic-v1.0.0,synthetic-v1.0.0,2025-01-31
SYN_T0010,1,C1,DEP_05,UP_10,2025-01,2025-01-31,2.44,2.0,4.0,1.849,3.0,3.0,3.0,3.0,0.0,0.0,0.0,0.0,999.0,0.0,1,1,3.0,3.0,3.0,0.0,0.0,3.0,7.0,0.538,0.0,0.0,0.329,1.0,1.0,2.5,1.0,13.0,0.309,0.329,2.5,0,3.0,1.0,synthetic_generator,demo_gen_seed42,SYNTHETIC,true,false,42,generator-synthetic-v1.0.0,synthetic-v1.0.0,2025-01-31
SYN_T0011,3,C3,DEP_01,UP_11,2025-01,2025-01-31,2.33,1.0,3.0,0.0,2.0,2.0,3.0,3.0,0.0,1.0,0.0,0.333,0.0,0.25,0,0,2.5,2.0,3.0,0.0,0.0,5.0,8.0,0.615,1.0,1.0,0.957,0.0,0.0,2.789,1.0,0.0,0.933,0.957,2.789,1,1.0,0.0,synthetic_generator,demo_gen_seed42,SYNTHETIC,true,false,42,generator-synthetic-v1.0.0,synthetic-v1.0.0,2025-01-31
SYN_T0012,5,C5,DEP_02,UP_12,2025-01,2025-01-31,3.08,3.0,5.0,2.167,3.0,3.0,3.0,3.0,0.0,0.0,0.0,0.0,0.0,0.25,0,1,3.0,3.0,3.0,0.0,0.0,3.0,7.0,0.538,1.0,0.0,0.56,1.0,1.0,3.087,1.0,0.0,0.786,0.56,3.087,1,3.0,1.0,synthetic_generator,demo_gen_seed42,SYNTHETIC,true,false,42,generator-synthetic-v1.0.0,synthetic-v1.0.0,2025-01-31
SYN_T0012,12,C12,DEP_02,UP_12,2025-01,2025-01-31,1.4,1.0,3.0,1.919,1.0,1.0,1.0,1.0,0.0,0.0,0.0,0.0,999.0,0.0,0,1,1.0,1.0,1.0,0.0,4.0,2.0,7.0,0.538,0.0,1.0,0.599,1.0,0.0,3.087,1.0,13.0,0.542,0.599,3.087,0,3.0,1.0,synthetic_generator,demo_gen_seed42,SYNTHETIC,true,false,42,generator-synthetic-v1.0.0,synthetic-v1.0.0,2025-01-31
SYN_T0013,11,C11,DEP_03,UP_01,2025-01,2025-01-31,2.9,3.0,5.0,2.03,4.0,3.0,3.0,3.0,-1.0,0.0,0.0,-0.333,999.0,0.0,0,0,3.25,3.0,4.0,0.0,0.0,5.0,7.0,0.538,0.0,0.0,0.604,1.0,1.0,3.019,1.0,13.0,0.455,0.604,3.019,0,2.0,1.0,synthetic_generator,demo_gen_seed42,SYNTHETIC,true,false,42,generator-synthetic-v1.0.0,synthetic-v1.0.0,2025-01-31
SYN_T0015,7,C7,DEP_05,UP_03,2025-01,2025-01-31,2.52,2.0,4.0,0.876,3.0,3.0,3.0,3.0,0.0,0.0,0.0,0.0,999.0,0.0,0,1,3.0,3.0,3.0,0.0,0.0,5.0,8.0,0.615,0.0,0.0,0.594,1.0,0.0,2.795,1.0,13.0,0.46,0.594,2.795,0,3.0,1.0,synthetic_generator,demo_gen_seed42,SYNTHETIC,true,false,42,generator-synthetic-v1.0.0,synthetic-v1.0.0,2025-01-31
SYN_T0018,6,C6,DEP_03,UP_06,2025-01,2025-01-31,2.42,1.0,3.0,0.0,2.0,2.0,3.0,3.0,0.0,1.0,0.0,0.333,0.0,0.25,0,0,2.5,2.0,3.0,0.0,0.0,4.0,6.0,0.462,1.0,1.0,0.664,0.0,0.0,1.618,1.0,0.0,0.836,0.664,1.618,1,1.0,0.0,synthetic_generator,demo_gen_seed42,SYNTHETIC,true,false,42,generator-synthetic-v1.0.0,synthetic-v1.0.0,2025-01-31
SYN_T0018,13,C13,DEP_03,UP_06,2025-01,2025-01-31,1.81,2.0,4.0,2.239,2.0,3.0,2.0,2.0,1.0,-1.0,0.0,0.0,999.0,0.0,0,0,2.25,2.0,3.0,0.0,0.0,3.0,6.0,0.462,0.0,1.0,0.607,1.0,0.0,1.618,1.0,13.0,0.549,0.607,1.618,0,1.0,1.0,synthetic_generator,demo_gen_seed42,SYNTHETIC,true,false,42,generator-synthetic-v1.0.0,synthetic-v1.0.0,2025-01-31
SYN_T0019,5,C5,DEP_04,UP_07,2025-01,2025-01-31,1.58,3.0,5.0,2.042,2.0,2.0,2.0,2.0,0.0,0.0,0.0,0.0,0.0,0.25,0,1,2.0,2.0,2.0,0.0,0.0,3.0,9.0,0.692,1.0,1.0,0.914,1.0,0.0,2.969,1.0,0.0,0.845,0.914,2.969,1,3.0,1.0,synthetic_generator,demo_gen_seed42,SYNTHETIC,true,false,42,generator-synthetic-v1.0.0,synthetic-v1.0.0,2025-01-31
SYN_T0019,6,C6,DEP_04,UP_07,2025-01,2025-01-31,2.26,1.0,3.0,0.0,3.0,3.0,4.0,4.0,0.0,1.0,0.0,0.333,0.0,0.5,0,0,3.5,3.0,4.0,0.0,0.0,4.0,9.0,0.692,2.0,1.0,0.801,0.0,0.0,2.969,1.0,0.0,0.879,0.801,2.969,2,1.0,0.0,synthetic_generator,demo_gen_seed42,SYNTHETIC,true,false,42,generator-synthetic-v1.0.0,synthetic-v1.0.0,2025-01-31
SYN_T0019,9,C9,DEP_04,UP_07,2025-01,2025-01-31,2.3,1.0,3.0,0.004,2.0,3.0,3.0,3.0,1.0,0.0,0.0,0.333,0.0,0.25,0,0,2.75,2.0,3.0,0.0,0.0,3.0,9.0,0.692,1.0,1.0,0.877,0.0,0.0,2.969,1.0,0.0,0.747,0.877,2.969,1,2.0,0.0,synthetic_generator,demo_gen_seed42,SYNTHETIC,true,false,42,generator-synthetic-v1.0.0,synthetic-v1.0.0,2025-01-31
SYN_T0025,2,C2,DEP_05,UP_01,2025-01,2025-01-31,2.4,3.0,5.0,2.085,3.0,3.0,3.0,3.0,0.0,0.0,0.0,0.0,0.0,0.5,0,1,3.0,3.0,3.0,0.0,0.0,4.0,7.0,0.538,2.0,2.0,0.634,1.0,1.0,2.586,1.0,0.0,0.715,0.634,2.586,2,3.0,1.0,synthetic_generator,demo_gen_seed42,SYNTHETIC,true,false,42,generator-synthetic-v1.0.0,synthetic-v1.0.0,2025-01-31
SYN_T0027,4,C4,DEP_02,UP_03,2025-01,2025-01-31,2.73,2.0,4.0,0.125,3.0,3.0,3.0,3.0,0.0,0.0,0.0,0.0,999.0,0.0,1,1,3.0,3.0,3.0,0.0,0.0,2.0,7.0,0.538,0.0,1.0,0.266,1.0,1.0,2.794,1.0,13.0,0.19,0.266,2.794,0,3.0,1.0,synthetic_generator,demo_gen_seed42,SYNTHETIC,true,false,42,generator-synthetic-v1.0.0,synthetic-v1.0.0,2025-01-31
SYN_T0031,9,C9,DEP_01,UP_07,2025-01,2025-01-31,3.0,1.0,3.0,0.0,5.0,5.0,5.0,4.0,0.0,0.0,-1.0,-0.333,0.0,0.5,0,0,4.75,4.0,5.0,3.0,0.0,3.0,7.0,0.538,2.0,0.0,0.753,0.0,0.0,3.912,1.0,0.0,0.876,0.753,3.912,2,0.0,0.0,synthetic_generator,demo_gen_seed42,SYNTHETIC,true,false,42,generator-synthetic-v1.0.0,synthetic-v1.0.0,2025-01-31
SYN_T0032,8,C8,DEP_02,UP_08,2025-01,2025-01-31,2.82,3.0,5.0,3.018,2.0,2.0,2.0,2.0,0.0,0.0,0.0,0.0,999.0,0.0,0,1,2.0,2.0,2.0,0.0,0.0,2.0,7.0,0.538,0.0,0.0,0.533,1.0,0.0,2.159,1.0,13.0,0.418,0.533,2.159,0,3.0,1.0,synthetic_generator,demo_gen_seed42,SYNTHETIC,true,false,42,generator-synthetic-v1.0.0,synthetic-v1.0.0,2025-01-31
SYN_T0035,10,C10,DEP_05,UP_11,2025-01,2025-01-31,1.91,2.0,4.0,1.02,3.0,3.0,3.0,3.0,0.0,0.0,0.0,0.0,999.0,0.0,0,1,3.0,3.0,3.0,0.0,0.0,4.0,8.0,0.615,0.0,1.0,0.877,1.0,1.0,2.963,1.0,13.0,0.53,0.877,2.963,0,3.0,1.0,synthetic_generator,demo_gen_seed42,SYNTHETIC,true,false,42,generator-synthetic-v1.0.0,synthetic-v1.0.0,2025-01-31
SYN_T0037,5,C5,DEP_02,UP_01,2025-01,2025-01-31,2.78,3.0,5.0,2.014,3.0,3.0,3.0,3.0,0.0,0.0,0.0,0.0,999.0,0.0,0,1,3.0,3.0,3.0,0.0,0.0,3.0,8.0,0.615,0.0,1.0,0.717,1.0,1.0,3.022,1.0,13.0,0.545,0.717,3.022,0,3.0,1.0,synthetic_generator,demo_gen_seed42,SYNTHETIC,true,false,42,generator-synthetic-v1.0.0,synthetic-v1.0.0,2025-01-31
SYN_T0039,6,C6,DEP_04,UP_03,2025-01,2025-01-31,2.61,1.0,3.0,0.0,3.0,3.0,3.0,3.0,0.0,0.0,0.0,0.0,999.0,0.0,0,1,3.0,3.0,3.0,0.0,0.0,4.0,7.0,0.538,0.0,0.0,0.851,0.0,0.0,2.015,1.0,13.0,0.6,0.851,2.015,0,3.0,0.0,synthetic_generator,demo_gen_seed42,SYNTHETIC,true,false,42,generator-synthetic-v1.0.0,synthetic-v1.0.0,2025-01-31
SYN_T0043,3,C3,DEP_03,UP_07,2025-01,2025-01-31,1.36,1.0,3.0,0.002,2.0,1.0,2.0,2.0,-1.0,1.0,0.0,0.0,999.0,0.0,0,0,1.75,1.0,2.0,0.0,1.0,5.0,7.0,0.538,0.0,1.0,0.665,1.0,1.0,1.723,1.0,13.0,0.58,0.665,1.723,0,1.0,1.0,synthetic_generator,demo_gen_seed42,SYNTHETIC,true,false,42,generator-synthetic-v1.0.0,synthetic-v1.0.0,2025-01-31
SYN_T0043,5,C5,DEP_03,UP_07,2025-01,2025-01-31,2.11,3.0,5.0,1.995,3.0,3.0,3.0,3.0,0.0,0.0,0.0,0.0,999.0,0.0,0,1,3.0,3.0,3.0,0.0,0.0,3.0,7.0,0.538,0.0,1.0,0.636,1.0,1.0,1.723,1.0,13.0,0.458,0.636,1.723,0,3.0,1.0,synthetic_generator,demo_gen_seed42,SYNTHETIC,true,false,42,generator-synthetic-v1.0.0,synthetic-v1.0.0,2025-01-31
SYN_T0044,7,C7,DEP_04,UP_08,2025-01,2025-01-31,2.8,2.0,4.0,1.051,3.0,3.0,3.0,3.0,0.0,0.0,0.0,0.0,999.0,0.0,0,1,3.0,3.0,3.0,0.0,0.0,5.0,10.0,0.769,0.0,0.0,0.739,1.0,0.0,2.52,1.0,13.0,0.625,0.739,2.52,0,3.0,1.0,synthetic_generator,demo_gen_seed42,SYNTHETIC,true,false,42,generator-synthetic-v1.0.0,synthetic-v1.0.0,2025-01-31
SYN_T0045,9,C9,DEP_05,UP_09,2025-01,2025-01-31,2.54,1.0,3.0,0.094,3.0,3.0,3.0,3.0,0.0,0.0,0.0,0.0,0.0,0.25,1,1,3.0,3.0,3.0,0.0,0.0,3.0,8.0,0.615,1.0,0.0,0.289,0.0,0.0,3.209,1.0,0.0,0.589,0.289,3.209,1,3.0,0.0,synthetic_generator,demo_gen_seed42,SYNTHETIC,true,false,42,generator-synthetic-v1.0.0,synthetic-v1.0.0,2025-01-31
SYN_T0046,7,C7,DEP_01,UP_10,2025-01,2025-01-31,3.15,2.0,4.0,0.0,4.0,4.0,4.0,4.0,0.0,0.0,0.0,0.0,999.0,0.0,1,1,4.0,4.0,4.0,0.0,0.0,5.0,8.0,0.615,0.0,0.0,0.413,0.0,0.0,2.783,1.0,13.0,0.465,0.413,2.783,0,3.0,0.0,synthetic_generator,demo_gen_seed42,SYNTHETIC,true,false,42,generator-synthetic-v1.0.0,synthetic-v1.0.0,2025-01-31
SYN_T0048,12,C12,DEP_03,UP_12,2025-01,2025-01-31,2.69,1.0,3.0,0.095,3.0,3.0,3.0,3.0,0.0,0.0,0.0,0.0,0.0,0.25,0,1,3.0,3.0,3.0,0.0,0.0,2.0,7.0,0.538,1.0,0.0,0.816,0.0,0.0,2.937,1.0,0.0,0.766,0.816,2.937,1,3.0,0.0,synthetic_generator,demo_gen_seed42,SYNTHETIC,true,false,42,generator-synthetic-v1.0.0,synthetic-v1.0.0,2025-01-31
SYN_T0050,9,C9,DEP_05,UP_02,2025-01,2025-01-31,2.37,1.0,3.0,0.0,3.0,3.0,3.0,3.0,0.0,0.0,0.0,0.0,999.0,0.0,1,1,3.0,3.0,3.0,0.0,0.0,3.0,6.0,0.462,0.0,0.0,0.214,0.0,0.0,2.17,1.0,13.0,0.228,0.214,2.17,0,3.0,0.0,synthetic_generator,demo_gen_seed42,SYNTHETIC,true,false,42,generator-synthetic-v1.0.0,synthetic-v1.0.0,2025-01-31
SYN_T0051,1,C1,DEP_01,UP_03,2025-01,2025-01-31,2.4,2.0,4.0,0.0,3.0,3.0,3.0,3.0,0.0,0.0,0.0,0.0,999.0,0.0,0,1,3.0,3.0,3.0,0.0,0.0,3.0,6.0,0.462,0.0,0.0,0.503,1.0,1.0,2.255,1.0,13.0,0.386,0.503,2.255,0,3.0,1.0,synthetic_generator,demo_gen_seed42,SYNTHETIC,true,false,42,generator-synthetic-v1.0.0,synthetic-v1.0.0,2025-01-31
SYN_T0052,10,C10,DEP_02,UP_04,2025-01,2025-01-31,2.09,2.0,4.0,0.975,3.0,3.0,3.0,3.0,0.0,0.0,0.0,0.0,999.0,0.0,1,1,3.0,3.0,3.0,0.0,0.0,4.0,6.0,0.462,0.0,0.0,0.083,1.0,0.0,2.644,1.0,13.0,0.263,0.083,2.644,0,3.0,1.0,synthetic_generator,demo_gen_seed42,SYNTHETIC,true,false,42,generator-synthetic-v1.0.0,synthetic-v1.0.0,2025-01-31
SYN_T0055,1,C1,DEP_05,UP_07,2025-01,2025-01-31,2.46,2.0,4.0,0.96,3.0,3.0,3.0,3.0,0.0,0.0,0.0,0.0,999.0,0.0,0,1,3.0,3.0,3.0,0.0,0.0,3.0,8.0,0.615,0.0,0.0,0.502,1.0,1.0,2.546,1.0,13.0,0.43,0.502,2.546,0,3.0,1.0,synthetic_generator,demo_gen_seed42,SYNTHETIC,true,false,42,generator-synthetic-v1.0.0,synthetic-v1.0.0,2025-01-31
SYN_T0059,1,C1,DEP_04,UP_11,2025-01,2025-01-31,2.57,2.0,4.0,0.771,3.0,3.0,3.0,3.0,0.0,0.0,0.0,0.0,999.0,0.0,0,1,3.0,3.0,3.0,0.0,0.0,3.0,7.0,0.538,0.0,0.0,0.679,1.0,1.0,2.163,1.0,13.0,0.389,0.679,2.163,0,3.0,1.0,synthetic_generator,demo_gen_seed42,SYNTHETIC,true,false,42,generator-synthetic-v1.0.0,synthetic-v1.0.0,2025-01-31
SYN_T0059,3,C3,DEP_04,UP_11,2025-01,2025-01-31,2.32,1.0,3.0,0.925,3.0,3.0,3.0,3.0,0.0,0.0,0.0,0.0,999.0,0.0,0,1,3.0,3.0,3.0,0.0,0.0,5.0,7.0,0.538,0.0,0.0,0.799,0.0,0.0,2.163,1.0,13.0,0.43,0.799,2.163,0,3.0,0.0,synthetic_generator,demo_gen_seed42,SYNTHETIC,true,false,42,generator-synthetic-v1.0.0,synthetic-v1.0.0,2025-01-31
SYN_T0060,4,C4,DEP_05,UP_12,2025-01,2025-01-31,3.27,2.0,4.0,1.219,3.0,3.0,3.0,3.0,0.0,0.0,0.0,0.0,999.0,0.0,1,1,3.0,3.0,3.0,0.0,0.0,2.0,6.0,0.462,0.0,0.0,0.424,1.0,0.0,3.616,1.0,13.0,0.483,0.424,3.616,0,3.0,1.0,synthetic_generator,demo_gen_seed42,SYNTHETIC,true,false,42,generator-synthetic-v1.0.0,synthetic-v1.0.0,2025-01-31
SYN_T0069,7,C7,DEP_04,UP_09,2025-01,2025-01-31,2.49,2.0,4.0,1.001,3.0,3.0,3.0,3.0,0.0,0.0,0.0,0.0,999.0,0.0,1,1,3.0,3.0,3.0,0.0,0.0,5.0,7.0,0.538,0.0,0.0,0.298,1.0,0.0,3.292,1.0,13.0,0.337,0.298,3.292,0,3.0,1.0,synthetic_generator,demo_gen_seed42,SYNTHETIC,true,false,42,generator-synthetic-v1.0.0,synthetic-v1.0.0,2025-01-31
SYN_T0072,10,C10,DEP_02,UP_12,2025-01,2025-01-31,2.01,2.0,4.0,1.767,2.0,2.0,2.0,2.0,0.0,0.0,0.0,0.0,999.0,0.0,1,1,2.0,2.0,2.0,0.0,0.0,4.0,6.0,0.462,0.0,0.0,0.309,1.0,0.0,2.561,1.0,13.0,0.348,0.309,2.561,0,3.0,1.0,synthetic_generator,demo_gen_seed42,SYNTHETIC,true,false,42,generator-synthetic-v1.0.0,synthetic-v1.0.0,2025-01-31
SYN_T0073,5,C5,DEP_03,UP_01,2025-01,2025-01-31,2.24,3.0,5.0,1.825,2.0,2.0,2.0,2.0,0.0,0.0,0.0,0.0,999.0,0.0,0,1,2.0,2.0,2.0,0.0,0.0,3.0,7.0,0.538,0.0,2.0,0.623,1.0,0.0,2.147,1.0,13.0,0.451,0.623,2.147,0,3.0,1.0,synthetic_generator,demo_gen_seed42,SYNTHETIC,true,false,42,generator-synthetic-v1.0.0,synthetic-v1.0.0,2025-01-31
SYN_T0074,2,C2,DEP_04,UP_02,2025-01,2025-01-31,3.77,3.0,5.0,0.017,4.0,4.0,4.0,4.0,0.0,0.0,0.0,0.0,999.0,0.0,0,1,4.0,4.0,4.0,0.0,0.0,4.0,9.0,0.692,0.0,0.0,0.637,1.0,1.0,2.673,1.0,13.0,0.6,0.637,2.673,0,3.0,1.0,synthetic_generator,demo_gen_seed42,SYNTHETIC,true,false,42,generator-synthetic-v1.0.0,synthetic-v1.0.0,2025-01-31
SYN_T0075,11,C11,DEP_05,UP_03,2025-01,2025-01-31,1.35,3.0,5.0,2.257,3.0,3.0,3.0,3.0,0.0,0.0,0.0,0.0,999.0,0.0,0,1,3.0,3.0,3.0,0.0,0.0,5.0,6.0,0.462,0.0,0.0,0.645,1.0,0.0,2.403,1.0,13.0,0.387,0.645,2.403,0,3.0,1.0,synthetic_generator,demo_gen_seed42,SYNTHETIC,true,false,42,generator-synthetic-v1.0.0,synthetic-v1.0.0,2025-01-31
SYN_T0078,12,C12,DEP_03,UP_06,2025-01,2025-01-31,2.94,1.0,3.0,0.0,4.0,4.0,4.0,4.0,0.0,0.0,0.0,0.0,999.0,0.0,1,1,4.0,4.0,4.0,0.0,0.0,2.0,8.0,0.615,0.0,0.0,0.425,0.0,0.0,3.213,1.0,13.0,0.457,0.425,3.213,0,3.0,0.0,synthetic_generator,demo_gen_seed42,SYNTHETIC,true,false,42,generator-synthetic-v1.0.0,synthetic-v1.0.0,2025-01-31
SYN_T0079,11,C11,DEP_04,UP_07,2025-01,2025-01-31,3.17,3.0,5.0,1.945,3.0,3.0,3.0,3.0,0.0,0.0,0.0,0.0,999.0,0.0,0,1,3.0,3.0,3.0,0.0,0.0,5.0,5.0,0.385,0.0,0.0,0.798,1.0,1.0,2.69,1.0,13.0,0.545,0.798,2.69,0,3.0,1.0,synthetic_generator,demo_gen_seed42,SYNTHETIC,true,false,42,generator-synthetic-v1.0.0,synthetic-v1.0.0,2025-01-31
SYN_T0080,11,C11,DEP_05,UP_08,2025-01,2025-01-31,2.62,3.0,5.0,1.705,3.0,3.0,3.0,3.0,0.0,0.0,0.0,0.0,999.0,0.0,0,1,3.0,3.0,3.0,0.0,0.0,5.0,6.0,0.462,0.0,1.0,0.678,1.0,1.0,3.019,1.0,13.0,0.533,0.678,3.019,0,3.0,1.0,synthetic_generator,demo_gen_seed42,SYNTHETIC,true,false,42,generator-synthetic-v1.0.0,synthetic-v1.0.0,2025-01-31
SYN_T0086,2,C2,DEP_01,UP_02,2025-01,2025-01-31,3.3,3.0,5.0,0.947,3.0,3.0,3.0,4.0,0.0,0.0,1.0,0.333,0.0,0.25,0,0,3.25,3.0,4.0,0.0,0.0,4.0,8.0,0.615,1.0,1.0,0.812,1.0,0.0,2.002,1.0,0.0,0.821,0.812,2.002,1,0.0,1.0,synthetic_generator,demo_gen_seed42,SYNTHETIC,true,false,42,generator-synthetic-v1.0.0,synthetic-v1.0.0,2025-01-31
SYN_T0089,10,C10,DEP_04,UP_05,2025-01,2025-01-31,1.1,2.0,4.0,0.898,3.0,3.0,3.0,2.0,0.0,0.0,-1.0,-0.333,999.0,0.0,0,0,2.75,2.0,3.0,0.0,0.0,4.0,8.0,0.615,0.0,1.0,0.629,1.0,1.0,3.486,1.0,13.0,0.499,0.629,3.486,0,0.0,1.0,synthetic_generator,demo_gen_seed42,SYNTHETIC,true,false,42,generator-synthetic-v1.0.0,synthetic-v1.0.0,2025-01-31
SYN_T0092,8,C8,DEP_02,UP_08,2025-01,2025-01-31,1.67,3.0,5.0,3.006,2.0,2.0,2.0,2.0,0.0,0.0,0.0,0.0,999.0,0.0,0,1,2.0,2.0,2.0,0.0,0.0,2.0,8.0,0.615,0.0,0.0,0.622,1.0,1.0,3.385,1.0,13.0,0.582,0.622,3.385,0,3.0,1.0,synthetic_generator,demo_gen_seed42,SYNTHETIC,true,false,42,generator-synthetic-v1.0.0,synthetic-v1.0.0,2025-01-31
SYN_T0096,10,C10,DEP_01,UP_12,2025-01,2025-01-31,2.9,2.0,4.0,1.066,3.0,3.0,3.0,3.0,0.0,0.0,0.0,0.0,999.0,0.0,0,1,3.0,3.0,3.0,0.0,0.0,4.0,6.0,0.462,0.0,0.0,0.505,1.0,1.0,1.72,1.0,13.0,0.381,0.505,1.72,0,3.0,1.0,synthetic_generator,demo_gen_seed42,SYNTHETIC,true,false,42,generator-synthetic-v1.0.0,synthetic-v1.0.0,2025-01-31
SYN_T0097,5,C5,DEP_02,UP_01,2025-01,2025-01-31,2.39,3.0,5.0,1.836,3.0,3.0,3.0,3.0,0.0,0.0,0.0,0.0,999.0,0.0,0,1,3.0,3.0,3.0,0.0,0.0,3.0,8.0,0.615,0.0,0.0,0.578,1.0,1.0,2.066,1.0,13.0,0.433,0.578,2.066,0,3.0,1.0,synthetic_generator,demo_gen_seed42,SYNTHETIC,true,false,42,generator-synthetic-v1.0.0,synthetic-v1.0.0,2025-01-31
SYN_T0099,13,C13,DEP_04,UP_03,2025-01,2025-01-31,2.17,2.0,4.0,0.0,3.0,3.0,3.0,3.0,0.0,0.0,0.0,0.0,999.0,0.0,0,1,3.0,3.0,3.0,0.0,0.0,3.0,9.0,0.692,0.0,2.0,0.583,1.0,1.0,2.998,1.0,13.0,0.507,0.583,2.998,0,3.0,1.0,synthetic_generator,demo_gen_seed42,SYNTHETIC,true,false,42,generator-synthetic-v1.0.0,synthetic-v1.0.0,2025-01-31
SYN_T0001,3,C3,DEP_01,UP_01,2025-02,2025-02-28,3.25,1.0,3.0,0.0,3.0,3.0,3.0,3.0,0.0,0.0,0.0,0.0,0.0,0.2,0,1,3.0,3.0,3.0,0.0,0.0,5.0,6.0,0.462,1.0,0.0,0.698,0.0,0.0,2.204,2.0,0.0,0.658,0.698,,1,4.0,0.0,synthetic_generator,demo_gen_seed42,SYNTHETIC,true,false,42,generator-synthetic-v1.0.0,synthetic-v1.0.0,2025-02-28
SYN_T0001,5,C5,DEP_01,UP_01,2025-02,2025-02-28,2.41,3.0,5.0,1.729,3.0,3.0,3.0,3.0,0.0,0.0,0.0,0.0,999.0,0.0,0,1,3.0,3.0,3.0,0.0,0.0,3.0,6.0,0.462,0.0,0.0,0.68,2.0,0.0,2.204,2.0,13.0,0.475,0.68,2.139,0,4.0,2.0,synthetic_generator,demo_gen_seed42,SYNTHETIC,true,false,42,generator-synthetic-v1.0.0,synthetic-v1.0.0,2025-02-28
SYN_T0002,7,C7,DEP_02,UP_02,2025-02,2025-02-28,1.5,2.0,4.0,1.01,2.0,2.0,2.0,2.0,0.0,0.0,0.0,0.0,999.0,0.0,0,1,2.0,2.0,2.0,0.0,0.0,5.0,7.0,0.538,0.0,0.0,0.67,2.0,0.0,2.002,2.0,13.0,0.472,0.67,2.243,0,4.0,2.0,synthetic_generator,demo_gen_seed42,SYNTHETIC,true,false,42,generator-synthetic-v1.0.0,synthetic-v1.0.0,2025-02-28
SYN_T0005,4,C4,DEP_05,UP_05,2025-02,2025-02-28,2.11,2.0,4.0,2.196,2.0,2.0,2.0,2.0,0.0,0.0,0.0,0.0,0.0,0.2,1,1,2.0,2.0,2.0,0.0,0.0,2.0,8.0,0.615,1.0,0.0,0.323,2.0,1.0,1.678,2.0,0.0,0.729,0.323,1.92,1,4.0,2.0,synthetic_generator,demo_gen_seed42,SYNTHETIC,true,false,42,generator-synthetic-v1.0.0,synthetic-v1.0.0,2025-02-28
SYN_T0006,6,C6,DEP_01,UP_06,2025-02,2025-02-28,2.43,1.0,3.0,0.0,3.0,3.0,3.0,3.0,0.0,0.0,0.0,0.0,0.0,0.2,1,1,3.0,3.0,3.0,0.0,0.0,4.0,7.0,0.538,1.0,0.0,0.319,0.0,0.0,2.0,2.0,0.0,0.604,0.319,2.243,1,4.0,0.0,synthetic_generator,demo_gen_seed42,SYNTHETIC,true,false,42,generator-synthetic-v1.0.0,synthetic-v1.0.0,2025-02-28
SYN_T0007,7,C7,DEP_02,UP_07,2025-02,2025-02-28,2.89,2.0,4.0,0.935,3.0,3.0,3.0,3.0,0.0,0.0,0.0,0.0,999.0,0.0,1,1,3.0,3.0,3.0,0.0,0.0,5.0,7.0,0.538,0.0,1.0,0.368,2.0,2.0,3.155,2.0,13.0,0.356,0.368,3.426,0,4.0,2.0,synthetic_generator,demo_gen_seed42,SYNTHETIC,true,false,42,generator-synthetic-v1.0.0,synthetic-v1.0.0,2025-02-28
SYN_T0007,11,C11,DEP_02,UP_07,2025-02,2025-02-28,3.47,3.0,5.0,0.599,3.0,4.0,4.0,4.0,1.0,0.0,0.0,0.333,999.0,0.0,1,0,3.75,3.0,4.0,0.0,0.0,5.0,7.0,0.538,0.0,1.0,0.471,2.0,1.0,3.155,2.0,13.0,0.437,0.471,3.426,0,2.0,2.0,synthetic_generator,demo_gen_seed42,SYNTHETIC,true,false,42,generator-synthetic-v1.0.0,synthetic-v1.0.0,2025-02-28
SYN_T0007,12,C12,DEP_02,UP_07,2025-02,2025-02-28,3.15,1.0,3.0,1.145,3.0,3.0,3.0,3.0,0.0,0.0,0.0,0.0,999.0,0.0,1,1,3.0,3.0,3.0,0.0,0.0,2.0,7.0,0.538,0.0,0.0,0.495,0.0,0.0,3.155,2.0,13.0,0.422,0.495,3.426,0,4.0,0.0,synthetic_generator,demo_gen_seed42,SYNTHETIC,true,false,42,generator-synthetic-v1.0.0,synthetic-v1.0.0,2025-02-28
SYN_T0008,6,C6,DEP_03,UP_08,2025-02,2025-02-28,1.77,1.0,3.0,2.097,2.0,1.0,1.0,1.0,-1.0,0.0,0.0,-0.333,999.0,0.0,0,0,1.25,1.0,2.0,0.0,3.0,4.0,8.0,0.615,0.0,0.0,0.524,2.0,2.0,2.188,2.0,13.0,0.462,0.524,2.292,0,2.0,2.0,synthetic_generator,demo_gen_seed42,SYNTHETIC,true,false,42,generator-synthetic-v1.0.0,synthetic-v1.0.0,2025-02-28
SYN_T0014,9,C9,DEP_04,UP_02,2025-02,2025-02-28,1.39,1.0,3.0,1.071,2.0,2.0,2.0,2.0,0.0,0.0,0.0,0.0,999.0,0.0,1,1,2.0,2.0,2.0,0.0,0.0,3.0,8.0,0.615,0.0,0.0,0.391,2.0,2.0,3.304,2.0,13.0,0.401,0.391,3.397,0,4.0,2.0,synthetic_generator,demo_gen_seed42,SYNTHETIC,true,false,42,generator-synthetic-v1.0.0,synthetic-v1.0.0,2025-02-28
SYN_T0017,1,C1,DEP_02,UP_05,2025-02,2025-02-28,3.2,2.0,4.0,0.181,4.0,4.0,4.0,4.0,0.0,0.0,0.0,0.0,999.0,0.0,0,1,4.0,4.0,4.0,0.0,0.0,3.0,5.0,0.385,0.0,0.0,0.563,0.0,0.0,2.913,2.0,13.0,0.458,0.563,2.716,0,4.0,0.0,synthetic_generator,demo_gen_seed42,SYNTHETIC,true,false,42,generator-synthetic-v1.0.0,synthetic-v1.0.0,2025-02-28
SYN_T0018,4,C4,DEP_03,UP_06,2025-02,2025-02-28,2.44,2.0,4.0,0.0,4.0,4.0,4.0,4.0,0.0,0.0,0.0,0.0,0.0,0.2,0,1,4.0,4.0,4.0,0.0,0.0,2.0,6.0,0.462,1.0,1.0,0.637,0.0,0.0,1.695,2.0,0.0,0.749,0.637,1.771,1,3.0,0.0,synthetic_generator,demo_gen_seed42,SYNTHETIC,true,false,42,generator-synthetic-v1.0.0,synthetic-v1.0.0,2025-02-28
SYN_T0021,3,C3,DEP_01,UP_09,2025-02,2025-02-28,3.01,1.0,3.0,0.0,3.0,3.0,3.0,3.0,0.0,0.0,0.0,0.0,999.0,0.0,0,1,3.0,3.0,3.0,0.0,0.0,5.0,7.0,0.538,0.0,1.0,0.817,0.0,0.0,2.844,2.0,13.0,0.591,0.817,2.698,0,4.0,0.0,synthetic_generator,demo_gen_seed42,SYNTHETIC,true,false,42,generator-synthetic-v1.0.0,synthetic-v1.0.0,2025-02-28
SYN_T0021,10,C10,DEP_01,UP_09,2025-02,2025-02-28,3.05,2.0,4.0,0.164,4.0,4.0,4.0,4.0,0.0,0.0,0.0,0.0,0.0,0.2,0,1,4.0,4.0,4.0,0.0,0.0,4.0,7.0,0.538,1.0,0.0,0.749,0.0,0.0,2.844,2.0,0.0,0.711,0.749,2.698,1,4.0,0.0,synthetic_generator,demo_gen_seed42,SYNTHETIC,true,false,42,generator-synthetic-v1.0.0,synthetic-v1.0.0,2025-02-28
SYN_T0022,7,C7,DEP_02,UP_10,2025-02,2025-02-28,3.2,2.0,4.0,0.0,5.0,4.0,4.0,4.0,-1.0,0.0,0.0,-0.333,999.0,0.0,0,0,4.25,4.0,5.0,1.0,0.0,5.0,7.0,0.538,0.0,2.0,0.617,0.0,0.0,2.221,2.0,13.0,0.442,0.617,2.127,0,2.0,0.0,synthetic_generator,demo_gen_seed42,SYNTHETIC,true,false,42,generator-synthetic-v1.0.0,synthetic-v1.0.0,2025-02-28
SYN_T0023,4,C4,DEP_03,UP_11,2025-02,2025-02-28,2.67,2.0,4.0,2.34,2.0,2.0,2.0,2.0,0.0,0.0,0.0,0.0,999.0,0.0,1,1,2.0,2.0,2.0,0.0,0.0,2.0,7.0,0.538,0.0,0.0,0.216,2.0,1.0,3.372,2.0,13.0,0.187,0.216,3.281,0,4.0,2.0,synthetic_generator,demo_gen_seed42,SYNTHETIC,true,false,42,generator-synthetic-v1.0.0,synthetic-v1.0.0,2025-02-28
SYN_T0026,1,C1,DEP_01,UP_02,2025-02,2025-02-28,1.93,2.0,4.0,1.638,2.0,2.0,2.0,2.0,0.0,0.0,0.0,0.0,999.0,0.0,0,1,2.0,2.0,2.0,0.0,0.0,3.0,8.0,0.615,0.0,0.0,0.638,2.0,2.0,2.748,2.0,13.0,0.494,0.638,2.359,0,3.0,2.0,synthetic_generator,demo_gen_seed42,SYNTHETIC,true,false,42,generator-synthetic-v1.0.0,synthetic-v1.0.0,2025-02-28
SYN_T0026,4,C4,DEP_01,UP_02,2025-02,2025-02-28,3.06,2.0,4.0,2.173,2.0,3.0,3.0,3.0,1.0,0.0,0.0,0.333,0.0,0.2,0,0,2.75,2.0,3.0,0.0,0.0,2.0,8.0,0.615,1.0,0.0,0.64,2.0,1.0,2.748,2.0,0.0,0.756,0.64,2.359,1,2.0,2.0,synthetic_generator,demo_gen_seed42,SYNTHETIC,true,false,42,generator-synthetic-v1.0.0,synthetic-v1.0.0,2025-02-28
SYN_T0026,8,C8,DEP_01,UP_02,2025-02,2025-02-28,2.27,3.0,5.0,2.131,4.0,4.0,4.0,3.0,0.0,0.0,-1.0,-0.333,999.0,0.0,0,0,3.75,3.0,4.0,0.0,0.0,2.0,8.0,0.615,0.0,0.0,0.63,2.0,1.0,2.748,2.0,13.0,0.554,0.63,2.359,0,0.0,2.0,synthetic_generator,demo_gen_seed42,SYNTHETIC,true,false,42,generator-synthetic-v1.0.0,synthetic-v1.0.0,2025-02-28
SYN_T0030,1,C1,DEP_05,UP_06,2025-02,2025-02-28,1.81,2.0,4.0,2.075,2.0,2.0,2.0,2.0,0.0,0.0,0.0,0.0,999.0,0.0,1,1,2.0,2.0,2.0,0.0,0.0,3.0,8.0,0.615,0.0,1.0,0.421,2.0,2.0,2.468,2.0,13.0,0.424,0.421,2.751,0,4.0,2.0,synthetic_generator,demo_gen_seed42,SYNTHETIC,true,false,42,generator-synthetic-v1.0.0,synthetic-v1.0.0,2025-02-28
SYN_T0033,4,C4,DEP_03,UP_09,2025-02,2025-02-28,1.6,2.0,4.0,1.812,2.0,2.0,2.0,2.0,0.0,0.0,0.0,0.0,28.0,0.2,0,1,2.0,2.0,2.0,0.0,0.0,2.0,7.0,0.538,1.0,1.0,1.0,2.0,1.0,2.132,2.0,0.92,0.808,1.0,1.622,1,4.0,2.0,synthetic_generator,demo_gen_seed42,SYNTHETIC,true,false,42,generator-synthetic-v1.0.0,synthetic-v1.0.0,2025-02-28
SYN_T0033,5,C5,DEP_03,UP_09,2025-02,2025-02-28,2.75,3.0,5.0,0.927,3.0,4.0,4.0,4.0,1.0,0.0,0.0,0.333,0.0,0.4,0,0,3.75,3.0,4.0,0.0,0.0,3.0,7.0,0.538,2.0,1.0,0.908,2.0,2.0,2.132,2.0,0.0,0.811,0.908,1.622,2,2.0,2.0,synthetic_generator,demo_gen_seed42,SYNTHETIC,true,false,42,generator-synthetic-v1.0.0,synthetic-v1.0.0,2025-02-28
SYN_T0034,13,C13,DEP_04,UP_10,2025-02,2025-02-28,2.71,2.0,4.0,0.051,4.0,4.0,4.0,4.0,0.0,0.0,0.0,0.0,999.0,0.0,1,1,4.0,4.0,4.0,0.0,0.0,3.0,9.0,0.692,0.0,0.0,0.172,0.0,0.0,2.433,2.0,13.0,0.283,0.172,2.224,0,4.0,0.0,synthetic_generator,demo_gen_seed42,SYNTHETIC,true,false,42,generator-synthetic-v1.0.0,synthetic-v1.0.0,2025-02-28
SYN_T0036,8,C8,DEP_01,UP_12,2025-02,2025-02-28,2.61,3.0,5.0,2.896,2.0,2.0,2.0,2.0,0.0,0.0,0.0,0.0,999.0,0.0,1,1,2.0,2.0,2.0,0.0,0.0,2.0,8.0,0.615,0.0,0.0,0.177,2.0,0.0,3.598,2.0,13.0,0.291,0.177,3.446,0,4.0,2.0,synthetic_generator,demo_gen_seed42,SYNTHETIC,true,false,42,generator-synthetic-v1.0.0,synthetic-v1.0.0,2025-02-28
SYN_T0036,10,C10,DEP_01,UP_12,2025-02,2025-02-28,1.5,2.0,4.0,2.127,1.0,1.0,1.0,1.0,0.0,0.0,0.0,0.0,999.0,0.0,1,1,1.0,1.0,1.0,0.0,4.0,4.0,8.0,0.615,0.0,0.0,0.055,2.0,1.0,3.598,2.0,13.0,0.147,0.055,3.446,0,4.0,2.0,synthetic_generator,demo_gen_seed42,SYNTHETIC,true,false,42,generator-synthetic-v1.0.0,synthetic-v1.0.0,2025-02-28
SYN_T0038,13,C13,DEP_03,UP_02,2025-02,2025-02-28,3.49,2.0,4.0,1.006,3.0,3.0,3.0,3.0,0.0,0.0,0.0,0.0,0.0,0.2,0,1,3.0,3.0,3.0,0.0,0.0,3.0,7.0,0.538,1.0,0.0,0.902,2.0,1.0,2.256,2.0,0.0,0.787,0.902,,1,4.0,2.0,synthetic_generator,demo_gen_seed42,SYNTHETIC,true,false,42,generator-synthetic-v1.0.0,synthetic-v1.0.0,2025-02-28
SYN_T0041,4,C4,DEP_01,UP_05,2025-02,2025-02-28,1.63,2.0,4.0,1.764,2.0,2.0,2.0,2.0,0.0,0.0,0.0,0.0,999.0,0.0,0,1,2.0,2.0,2.0,0.0,0.0,2.0,7.0,0.538,0.0,0.0,0.694,2.0,1.0,3.115,2.0,13.0,0.561,-0.05,3.196,0,4.0,2.0,synthetic_generator,demo_gen_seed42,SYNTHETIC,true,false,42,generator-synthetic-v1.0.0,synthetic-v1.0.0,2025-02-28
SYN_T0042,5,C5,DEP_02,UP_06,2025-02,2025-02-28,2.04,3.0,5.0,2.027,3.0,3.0,3.0,3.0,0.0,0.0,0.0,0.0,0.0,0.2,0,1,3.0,3.0,3.0,0.0,0.0,3.0,6.0,0.462,1.0,1.0,0.703,2.0,1.0,2.726,2.0,0.0,0.756,0.703,3.06,1,4.0,2.0,synthetic_generator,demo_gen_seed42,SYNTHETIC,true,false,42,generator-synthetic-v1.0.0,synthetic-v1.0.0,2025-02-28
SYN_T0042,13,C13,DEP_02,UP_06,2025-02,2025-02-28,3.26,2.0,4.0,0.0,4.0,4.0,4.0,4.0,0.0,0.0,0.0,0.0,0.0,0.2,1,1,4.0,4.0,4.0,0.0,0.0,3.0,6.0,0.462,1.0,0.0,0.435,0.0,0.0,2.726,2.0,0.0,0.592,0.435,3.06,1,4.0,0.0,synthetic_generator,demo_gen_seed42,SYNTHETIC,true,false,42,generator-synthetic-v1.0.0,synthetic-v1.0.0,2025-02-28
SYN_T0044,2,C2,DEP_04,UP_08,2025-02,2025-02-28,1.2,3.0,5.0,2.909,2.0,2.0,2.0,2.0,0.0,0.0,0.0,0.0,0.0,0.2,0,1,2.0,2.0,2.0,0.0,0.0,4.0,10.0,0.769,1.0,1.0,0.694,2.0,1.0,2.875,2.0,0.0,0.761,0.694,3.229,1,4.0,2.0,synthetic_generator,demo_gen_seed42,SYNTHETIC,true,false,42,generator-synthetic-v1.0.0,synthetic-v1.0.0,2025-02-28
SYN_T0044,10,C10,DEP_04,UP_08,2025-02,2025-02-28,2.96,2.0,4.0,0.98,2.0,2.0,2.0,3.0,0.0,0.0,1.0,0.333,0.0,0.2,0,0,2.25,2.0,3.0,0.0,0.0,4.0,10.0,0.769,1.0,0.0,0.698,2.0,0.0,2.875,2.0,0.0,0.939,0.698,3.229,1,0.0,2.0,synthetic_generator,demo_gen_seed42,SYNTHETIC,true,false,42,generator-synthetic-v1.0.0,synthetic-v1.0.0,2025-02-28
SYN_T0045,4,C4,DEP_05,UP_09,2025-02,2025-02-28,3.98,2.0,4.0,0.078,4.0,4.0,4.0,4.0,0.0,0.0,0.0,0.0,0.0,0.2,1,1,4.0,4.0,4.0,0.0,0.0,2.0,8.0,0.615,1.0,0.0,0.357,0.0,0.0,2.695,2.0,0.0,0.62,0.357,2.181,1,3.0,0.0,synthetic_generator,demo_gen_seed42,SYNTHETIC,true,false,42,generator-synthetic-v1.0.0,synthetic-v1.0.0,2025-02-28
SYN_T0046,3,C3,DEP_01,UP_10,2025-02,2025-02-28,1.74,1.0,3.0,0.0,2.0,2.0,2.0,2.0,0.0,0.0,0.0,0.0,999.0,0.0,1,1,2.0,2.0,2.0,0.0,0.0,5.0,8.0,0.615,0.0,2.0,0.406,2.0,2.0,2.898,2.0,13.0,0.421,0.406,3.014,0,4.0,2.0,synthetic_generator,demo_gen_seed42,SYNTHETIC,true,false,42,generator-synthetic-v1.0.0,synthetic-v1.0.0,2025-02-28
SYN_T0049,7,C7,DEP_04,UP_01,2025-02,2025-02-28,2.56,2.0,4.0,1.93,3.0,3.0,3.0,3.0,0.0,0.0,0.0,0.0,999.0,0.0,0,1,3.0,3.0,3.0,0.0,0.0,5.0,8.0,0.615,0.0,0.0,0.671,2.0,0.0,2.742,2.0,13.0,0.42,0.671,2.399,0,4.0,2.0,synthetic_generator,demo_gen_seed42,SYNTHETIC,true,false,42,generator-synthetic-v1.0.0,synthetic-v1.0.0,2025-02-28
SYN_T0049,10,C10,DEP_04,UP_01,2025-02,2025-02-28,2.8,2.0,4.0,0.0,3.0,3.0,3.0,3.0,0.0,0.0,0.0,0.0,0.0,0.2,0,1,3.0,3.0,3.0,0.0,0.0,4.0,8.0,0.615,1.0,1.0,0.722,2.0,0.0,2.742,2.0,0.0,0.659,0.722,2.399,1,4.0,2.0,synthetic_generator,demo_gen_seed42,SYNTHETIC,true,false,42,generator-synthetic-v1.0.0,synthetic-v1.0.0,2025-02-28
SYN_T0050,8,C8,DEP_05,UP_02,2025-02,2025-02-28,2.47,3.0,5.0,2.112,3.0,3.0,3.0,3.0,0.0,0.0,0.0,0.0,999.0,0.0,1,1,3.0,3.0,3.0,0.0,0.0,2.0,6.0,0.462,0.0,0.0,0.35,2.0,2.0,2.647,2.0,13.0,0.332,0.35,3.124,0,4.0,2.0,synthetic_generator,demo_gen_seed42,SYNTHETIC,true,false,42,generator-synthetic-v1.0.0,synthetic-v1.0.0,2025-02-28
SYN_T0050,10,C10,DEP_05,UP_02,2025-02,2025-02-28,2.95,2.0,4.0,0.148,3.0,3.0,3.0,4.0,0.0,0.0,1.0,0.333,0.0,0.2,1,0,3.25,3.0,4.0,0.0,0.0,4.0,6.0,0.462,1.0,1.0,0.357,1.0,1.0,2.647,2.0,0.0,0.655,0.357,3.124,1,0.0,1.0,synthetic_generator,demo_gen_seed42,SYNTHETIC,true,false,42,generator-synthetic-v1.0.0,synthetic-v1.0.0,2025-02-28
SYN_T0051,1,C1,DEP_01,UP_03,2025-02,2025-02-28,3.47,2.0,4.0,0.0,3.0,3.0,3.0,4.0,0.0,0.0,1.0,0.333,0.0,0.2,1,0,3.25,3.0,4.0,0.0,0.0,3.0,6.0,0.462,1.0,0.0,0.486,1.0,1.0,2.317,2.0,0.0,0.803,0.486,2.378,1,0.0,1.0,synthetic_generator,demo_gen_seed42,SYNTHETIC,true,false,42,generator-synthetic-v1.0.0,synthetic-v1.0.0,2025-02-28
SYN_T0053,5,C5,DEP_03,UP_05,2025-02,2025-02-28,2.6,3.0,5.0,0.893,4.0,4.0,4.0,4.0,0.0,0.0,0.0,0.0,999.0,0.0,0,1,4.0,4.0,4.0,0.0,0.0,3.0,9.0,0.692,0.0,2.0,0.666,2.0,2.0,2.298,2.0,13.0,0.513,0.666,2.121,0,4.0,2.0,synthetic_generator,demo_gen_seed42,SYNTHETIC,true,false,42,generator-synthetic-v1.0.0,synthetic-v1.0.0,2025-02-28
SYN_T0054,7,C7,DEP_04,UP_06,2025-02,2025-02-28,2.01,2.0,4.0,1.01,3.0,3.0,3.0,3.0,0.0,0.0,0.0,0.0,999.0,0.0,1,1,3.0,3.0,3.0,0.0,0.0,5.0,5.0,0.385,0.0,0.0,0.455,2.0,1.0,2.624,2.0,13.0,0.441,0.455,2.755,0,4.0,2.0,synthetic_generator,demo_gen_seed42,SYNTHETIC,true,false,42,generator-synthetic-v1.0.0,synthetic-v1.0.0,2025-02-28
SYN_T0059,2,C2,DEP_04,UP_11,2025-02,2025-02-28,2.55,3.0,5.0,2.023,3.0,3.0,3.0,3.0,0.0,0.0,0.0,0.0,999.0,0.0,0,1,3.0,3.0,3.0,0.0,0.0,4.0,7.0,0.538,0.0,0.0,0.659,2.0,2.0,2.255,2.0,13.0,0.514,0.659,2.348,0,4.0,2.0,synthetic_generator,demo_gen_seed42,SYNTHETIC,true,false,42,generator-synthetic-v1.0.0,synthetic-v1.0.0,2025-02-28
SYN_T0059,12,C12,DEP_04,UP_11,2025-02,2025-02-28,2.86,1.0,3.0,0.0,3.0,3.0,3.0,3.0,0.0,0.0,0.0,0.0,0.0,0.2,0,1,3.0,3.0,3.0,0.0,0.0,2.0,7.0,0.538,1.0,0.0,0.637,0.0,0.0,2.255,2.0,0.0,0.656,0.637,2.348,1,4.0,0.0,synthetic_generator,demo_gen_seed42,SYNTHETIC,true,false,42,generator-synthetic-v1.0.0,synthetic-v1.0.0,2025-02-28
SYN_T0061,5,C5,DEP_01,UP_01,2025-02,2025-02-28,1.31,3.0,5.0,3.193,3.0,2.0,2.0,2.0,-1.0,0.0,0.0,-0.333,999.0,0.0,0,0,2.25,2.0,3.0,0.0,0.0,3.0,7.0,0.538,0.0,1.0,0.792,2.0,0.0,2.056,2.0,13.0,0.5,0.792,2.114,0,2.0,2.0,synthetic_generator,demo_gen_seed42,SYNTHETIC,true,false,42,generator-synthetic-v1.0.0,synthetic-v1.0.0,2025-02-28
SYN_T0061,6,C6,DEP_01,UP_01,2025-02,2025-02-28,1.39,1.0,3.0,1.749,2.0,2.0,2.0,2.0,0.0,0.0,0.0,0.0,0.0,0.2,0,1,2.0,2.0,2.0,0.0,0.0,4.0,7.0,0.538,1.0,0.0,0.666,2.0,1.0,2.056,2.0,0.0,0.612,0.666,2.114,1,4.0,2.0,synthetic_generator,demo_gen_seed42,SYNTHETIC,true,false,42,generator-synthetic-v1.0.0,synthetic-v1.0.0,2025-02-28
SYN_T0066,1,C1,DEP_01,UP_06,2025-02,2025-02-28,2.48,2.0,4.0,0.0,4.0,4.0,4.0,4.0,0.0,0.0,0.0,0.0,999.0,0.0,0,1,4.0,4.0,4.0,0.0,0.0,3.0,7.0,0.538,0.0,0.0,0.659,0.0,0.0,3.087,2.0,13.0,0.573,0.659,3.666,0,4.0,0.0,synthetic_generator,demo_gen_seed42,SYNTHETIC,true,false,42,generator-synthetic-v1.0.0,synthetic-v1.0.0,2025-02-28
SYN_T0066,9,C9,DEP_01,UP_06,2025-02,2025-02-28,1.03,1.0,3.0,1.228,2.0,1.0,1.0,1.0,-1.0,0.0,0.0,-0.333,999.0,0.0,0,0,1.25,1.0,2.0,0.0,3.0,3.0,7.0,0.538,0.0,0.0,0.514,2.0,0.0,3.087,2.0,13.0,0.513,0.514,3.666,0,2.0,2.0,synthetic_generator,demo_gen_seed42,SYNTHETIC,true,false,42,generator-synthetic-v1.0.0,synthetic-v1.0.0,2025-02-28
SYN_T0066,11,C11,DEP_01,UP_06,2025-02,2025-02-28,1.79,3.0,5.0,2.907,2.0,2.0,2.0,2.0,0.0,0.0,0.0,0.0,0.0,0.2,0,1,2.0,2.0,2.0,0.0,0.0,5.0,7.0,0.538,1.0,0.0,0.627,2.0,1.0,3.087,2.0,0.0,0.802,0.627,3.666,1,4.0,2.0,synthetic_generator,demo_gen_seed42,SYNTHETIC,true,false,42,generator-synthetic-v1.0.0,synthetic-v1.0.0,2025-02-28
SYN_T0071,4,C4,DEP_01,UP_11,2025-02,2025-02-28,2.16,2.0,4.0,0.0,3.0,4.0,3.0,3.0,1.0,-1.0,0.0,0.0,999.0,0.0,0,0,3.25,3.0,4.0,0.0,0.0,2.0,6.0,0.462,0.0,1.0,0.815,2.0,1.0,2.13,2.0,13.0,0.567,0.815,2.26,0,1.0,2.0,synthetic_generator,demo_gen_seed42,SYNTHETIC,true,false,42,generator-synthetic-v1.0.0,synthetic-v1.0.0,2025-02-28
SYN_T0071,9,C9,DEP_01,UP_11,2025-02,2025-02-28,2.55,1.0,3.0,0.0,3.0,3.0,3.0,3.0,0.0,0.0,0.0,0.0,999.0,0.0,0,1,3.0,3.0,3.0,0.0,0.0,3.0,6.0,0.462,0.0,0.0,0.971,0.0,0.0,2.13,2.0,13.0,0.647,0.971,2.26,0,4.0,0.0,synthetic_generator,demo_gen_seed42,SYNTHETIC,true,false,42,generator-synthetic-v1.0.0,synthetic-v1.0.0,2025-02-28
SYN_T0071,13,C13,DEP_01,UP_11,2025-02,2025-02-28,2.0,2.0,4.0,0.0,3.0,3.0,3.0,3.0,0.0,0.0,0.0,0.0,28.0,0.2,0,1,3.0,3.0,3.0,0.0,0.0,3.0,6.0,0.462,1.0,1.0,0.968,2.0,2.0,2.13,2.0,0.92,0.883,0.968,2.26,1,4.0,2.0,synthetic_generator,demo_gen_seed42,SYNTHETIC,true,false,42,generator-synthetic-v1.0.0,synthetic-v1.0.0,2025-02-28
SYN_T0072,3,C3,DEP_02,UP_12,2025-02,2025-02-28,2.72,1.0,3.0,0.0,3.0,3.0,3.0,3.0,0.0,0.0,0.0,0.0,999.0,0.0,1,1,3.0,3.0,3.0,0.0,0.0,5.0,6.0,0.462,0.0,1.0,0.369,0.0,0.0,2.124,2.0,13.0,0.415,0.369,1.687,0,4.0,0.0,synthetic_generator,demo_gen_seed42,SYNTHETIC,true,false,42,generator-synthetic-v1.0.0,synthetic-v1.0.0,2025-02-28
SYN_T0078,7,C7,DEP_03,UP_06,2025-02,2025-02-28,2.57,2.0,4.0,0.054,4.0,4.0,4.0,4.0,0.0,0.0,0.0,0.0,999.0,0.0,1,1,4.0,4.0,4.0,0.0,0.0,5.0,8.0,0.615,0.0,1.0,0.314,0.0,0.0,2.838,2.0,13.0,0.248,0.314,2.463,0,4.0,0.0,synthetic_generator,demo_gen_seed42,SYNTHETIC,true,false,42,generator-synthetic-v1.0.0,synthetic-v1.0.0,2025-02-28
SYN_T0082,7,C7,DEP_02,UP_10,2025-02,2025-02-28,3.34,2.0,4.0,1.141,3.0,3.0,3.0,3.0,0.0,0.0,0.0,0.0,999.0,0.0,0,1,3.0,3.0,3.0,0.0,0.0,5.0,7.0,0.538,0.0,2.0,0.682,2.0,1.0,2.326,2.0,13.0,0.359,0.682,1.757,0,4.0,2.0,synthetic_generator,demo_gen_seed42,SYNTHETIC,true,false,42,generator-synthetic-v1.0.0,synthetic-v1.0.0,2025-02-28
SYN_T0084,4,C4,DEP_04,UP_12,2025-02,2025-02-28,2.93,2.0,4.0,0.073,3.0,3.0,3.0,3.0,0.0,0.0,0.0,0.0,0.0,0.2,0,1,3.0,3.0,3.0,0.0,0.0,2.0,7.0,0.538,1.0,1.0,0.709,2.0,2.0,2.715,2.0,0.0,0.662,0.709,2.739,1,4.0,2.0,synthetic_generator,demo_gen_seed42,SYNTHETIC,true,false,42,generator-synthetic-v1.0.0,synthetic-v1.0.0,2025-02-28
SYN_T0085,5,C5,DEP_05,UP_01,2025-02,2025-02-28,2.91,3.0,5.0,1.088,4.0,4.0,4.0,4.0,0.0,0.0,0.0,0.0,999.0,0.0,1,1,4.0,4.0,4.0,0.0,0.0,3.0,6.0,0.462,0.0,1.0,0.466,2.0,2.0,2.006,2.0,13.0,0.435,0.466,2.059,0,4.0,2.0,synthetic_generator,demo_gen_seed42,SYNTHETIC,true,false,42,generator-synthetic-v1.0.0,synthetic-v1.0.0,2025-02-28
SYN_T0088,13,C13,DEP_03,UP_04,2025-02,2025-02-28,2.43,2.0,4.0,5.7,3.0,3.0,3.0,3.0,0.0,0.0,0.0,0.0,999.0,0.0,0,1,3.0,3.0,3.0,0.0,0.0,3.0,8.0,0.615,0.0,0.0,0.669,2.0,2.0,2.987,2.0,13.0,0.423,0.669,3.001,0,4.0,2.0,synthetic_generator,demo_gen_seed42,SYNTHETIC,true,false,42,generator-synthetic-v1.0.0,synthetic-v1.0.0,2025-02-28
SYN_T0089,13,C13,DEP_04,UP_05,2025-02,2025-02-28,2.3,2.0,4.0,1.11,3.0,3.0,3.0,3.0,0.0,0.0,0.0,0.0,0.0,0.2,1,1,3.0,3.0,3.0,0.0,0.0,3.0,8.0,0.615,1.0,1.0,0.489,2.0,2.0,3.202,2.0,0.0,0.787,0.489,2.917,1,3.0,2.0,synthetic_generator,demo_gen_seed42,SYNTHETIC,true,false,42,generator-synthetic-v1.0.0,synthetic-v1.0.0,2025-02-28
SYN_T0090,13,C13,DEP_05,UP_06,2025-02,2025-02-28,2.22,2.0,4.0,0.829,3.0,3.0,3.0,3.0,0.0,0.0,0.0,0.0,999.0,0.0,1,1,3.0,3.0,3.0,0.0,0.0,3.0,7.0,0.538,0.0,0.0,0.376,2.0,1.0,2.928,2.0,13.0,0.265,0.376,2.957,0,4.0,2.0,synthetic_generator,demo_gen_seed42,SYNTHETIC,true,false,42,generator-synthetic-v1.0.0,synthetic-v1.0.0,2025-02-28
SYN_T0094,1,C1,DEP_04,UP_10,2025-02,2025-02-28,2.66,2.0,4.0,0.922,3.0,3.0,3.0,3.0,0.0,0.0,0.0,0.0,999.0,0.0,1,1,3.0,3.0,3.0,0.0,0.0,3.0,7.0,0.538,0.0,1.0,0.423,2.0,2.0,2.425,2.0,13.0,0.343,0.423,2.461,0,4.0,2.0,synthetic_generator,demo_gen_seed42,SYNTHETIC,true,false,42,generator-synthetic-v1.0.0,synthetic-v1.0.0,2025-02-28
SYN_T0094,5,C5,DEP_04,UP_10,2025-02,2025-02-28,2.49,3.0,5.0,2.987,2.0,2.0,2.0,3.0,0.0,0.0,1.0,0.333,0.0,0.2,1,0,2.25,2.0,3.0,0.0,0.0,3.0,7.0,0.538,1.0,0.0,0.359,2.0,1.0,2.425,2.0,0.0,0.633,0.359,2.461,1,0.0,2.0,synthetic_generator,demo_gen_seed42,SYNTHETIC,true,false,42,generator-synthetic-v1.0.0,synthetic-v1.0.0,2025-02-28
SYN_T0097,8,C8,DEP_02,UP_01,2025-02,2025-02-28,2.75,3.0,5.0,1.949,3.0,3.0,2.0,3.0,0.0,-1.0,1.0,0.0,0.0,0.2,0,0,2.75,2.0,3.0,0.0,0.0,2.0,8.0,0.615,1.0,0.0,0.562,2.0,1.0,2.126,2.0,0.0,0.662,0.562,2.186,1,0.0,2.0,synthetic_generator,demo_gen_seed42,SYNTHETIC,true,false,42,generator-synthetic-v1.0.0,synthetic-v1.0.0,2025-02-28
SYN_T0003,1,C1,DEP_03,UP_03,2025-03,2025-03-31,2.9,2.0,4.0,0.0,3.0,3.0,4.0,3.0,0.0,1.0,-1.0,0.0,31.0,0.167,0,0,3.25,3.0,4.0,0.0,0.0,3.0,6.0,0.462,1.0,1.0,0.717,2.0,1.0,2.929,3.0,1.018,0.861,0.717,3.252,1,0.0,2.0,synthetic_generator,demo_gen_seed42,SYNTHETIC,true,false,42,generator-synthetic-v1.0.0,synthetic-v1.0.0,2025-03-31
SYN_T0003,12,C12,DEP_03,UP_03,2025-03,2025-03-31,2.34,1.0,3.0,0.0,3.0,3.0,3.0,3.0,0.0,0.0,0.0,0.0,999.0,0.0,0,1,3.0,3.0,3.0,0.0,0.0,2.0,6.0,0.462,0.0,0.0,0.675,0.0,0.0,2.929,3.0,13.0,0.372,0.675,3.252,0,4.0,0.0,synthetic_generator,demo_gen_seed42,SYNTHETIC,true,false,42,generator-synthetic-v1.0.0,synthetic-v1.0.0,2025-03-31
SYN_T0004,3,C3,DEP_04,UP_04,2025-03,2025-03-31,3.23,1.0,3.0,0.0,4.0,4.0,4.0,4.0,0.0,0.0,0.0,0.0,0.0,0.167,0,1,4.0,4.0,4.0,0.0,0.0,5.0,7.0,0.538,1.0,0.0,0.554,0.0,0.0,2.993,3.0,0.0,0.736,0.554,2.834,1,5.0,0.0,synthetic_generator,demo_gen_seed42,SYNTHETIC,true,false,42,generator-synthetic-v1.0.0,synthetic-v1.0.0,2025-03-31
SYN_T0006,4,C4,DEP_01,UP_06,2025-03,2025-03-31,3.04,2.0,4.0,0.0,4.0,4.0,4.0,4.0,0.0,0.0,0.0,0.0,999.0,0.0,1,1,4.0,4.0,4.0,0.0,0.0,2.0,7.0,0.538,0.0,0.0,0.312,0.0,0.0,2.038,3.0,13.0,0.376,0.312,2.112,0,3.0,0.0,synthetic_generator,demo_gen_seed42,SYNTHETIC,true,false,42,generator-synthetic-v1.0.0,synthetic-v1.0.0,2025-03-31
SYN_T0008,1,C1,DEP_03,UP_08,2025-03,2025-03-31,2.95,2.0,4.0,0.0,4.0,4.0,4.0,4.0,0.0,0.0,0.0,0.0,31.0,0.167,1,1,4.0,4.0,4.0,0.0,0.0,3.0,8.0,0.615,1.0,0.0,0.451,0.0,0.0,2.165,3.0,1.018,0.676,0.451,2.12,1,3.0,0.0,synthetic_generator,demo_gen_seed42,SYNTHETIC,true,false,42,generator-synthetic-v1.0.0,synthetic-v1.0.0,2025-03-31
SYN_T0009,8,C8,DEP_04,UP_09,2025-03,2025-03-31,3.95,3.0,5.0,0.0,5.0,5.0,5.0,5.0,0.0,0.0,0.0,0.0,999.0,0.0,0,1,5.0,5.0,5.0,4.0,0.0,2.0,7.0,0.538,0.0,0.0,0.908,0.0,0.0,2.442,3.0,13.0,0.459,0.908,2.396,0,5.0,0.0,synthetic_generator,demo_gen_seed42,SYNTHETIC,true,false,42,generator-synthetic-v1.0.0,synthetic-v1.0.0,2025-03-31
SYN_T0011,4,C4,DEP_01,UP_11,2025-03,2025-03-31,2.57,2.0,4.0,0.134,3.0,3.0,3.0,3.0,0.0,0.0,0.0,0.0,0.0,0.167,0,1,3.0,3.0,3.0,0.0,0.0,2.0,8.0,0.615,1.0,1.0,1.0,3.0,3.0,3.015,3.0,0.0,0.92,1.0,2.909,1,3.0,3.0,synthetic_generator,demo_gen_seed42,SYNTHETIC,true,false,42,generator-synthetic-v1.0.0,synthetic-v1.0.0,2025-03-31
SYN_T0020,6,C6,DEP_05,UP_08,2025-03,2025-03-31,0.87,1.0,3.0,2.126,2.0,2.0,1.0,1.0,0.0,-1.0,0.0,-0.333,0.0,0.167,0,0,1.5,1.0,2.0,0.0,2.0,4.0,7.0,0.538,1.0,0.0,0.74,3.0,2.0,2.641,3.0,0.0,0.822,0.74,2.868,1,1.0,3.0,synthetic_generator,demo_gen_seed42,SYNTHETIC,true,false,42,generator-synthetic-v1.0.0,synthetic-v1.0.0,2025-03-31
SYN_T0021,6,C6,DEP_01,UP_09,2025-03,2025-03-31,1.73,1.0,3.0,0.0,3.0,3.0,3.0,3.0,0.0,0.0,0.0,0.0,0.0,0.167,0,1,3.0,3.0,3.0,0.0,0.0,4.0,7.0,0.538,1.0,0.0,0.747,0.0,0.0,2.674,3.0,0.0,0.625,0.747,2.333,1,5.0,0.0,synthetic_generator,demo_gen_seed42,SYNTHETIC,true,false,42,generator-synthetic-v1.0.0,synthetic-v1.0.0,2025-03-31
SYN_T0022,3,C3,DEP_02,UP_10,2025-03,2025-03-31,2.09,1.0,3.0,1.114,2.0,2.0,2.0,2.0,0.0,0.0,0.0,0.0,999.0,0.0,0,1,2.0,2.0,2.0,0.0,0.0,5.0,7.0,0.538,0.0,0.0,0.679,3.0,1.0,2.576,3.0,13.0,0.531,0.679,3.287,0,5.0,3.0,synthetic_generator,demo_gen_seed42,SYNTHETIC,true,false,42,generator-synthetic-v1.0.0,synthetic-v1.0.0,2025-03-31
SYN_T0023,10,C10,DEP_03,UP_11,2025-03,2025-03-31,1.86,2.0,4.0,1.93,2.0,2.0,2.0,1.0,0.0,0.0,-1.0,-0.333,999.0,0.0,1,0,1.75,1.0,2.0,0.0,1.0,4.0,7.0,0.538,0.0,2.0,0.23,3.0,3.0,3.347,3.0,13.0,0.379,0.23,3.297,0,0.0,3.0,synthetic_generator,demo_gen_seed42,SYNTHETIC,true,false,42,generator-synthetic-v1.0.0,synthetic-v1.0.0,2025-03-31
SYN_T0024,9,C9,DEP_04,UP_12,2025-03,2025-03-31,2.26,1.0,3.0,0.104,3.0,3.0,3.0,3.0,0.0,0.0,0.0,0.0,999.0,0.0,0,1,3.0,3.0,3.0,0.0,0.0,3.0,7.0,0.538,0.0,0.0,0.755,0.0,0.0,2.581,3.0,13.0,0.533,0.755,2.844,0,5.0,0.0,synthetic_generator,demo_gen_seed42,SYNTHETIC,true,false,42,generator-synthetic-v1.0.0,synthetic-v1.0.0,2025-03-31
SYN_T0024,12,C12,DEP_04,UP_12,2025-03,2025-03-31,3.18,1.0,3.0,0.034,3.0,3.0,3.0,3.0,0.0,0.0,0.0,0.0,0.0,0.667,0,1,3.0,3.0,3.0,0.0,0.0,2.0,7.0,0.538,4.0,0.0,0.824,0.0,0.0,2.581,3.0,0.0,0.896,0.824,2.844,4,4.0,0.0,synthetic_generator,demo_gen_seed42,SYNTHETIC,true,false,42,generator-synthetic-v1.0.0,synthetic-v1.0.0,2025-03-31
SYN_T0024,13,C13,DEP_04,UP_12,2025-03,2025-03-31,2.43,2.0,4.0,0.926,2.0,2.0,2.0,3.0,0.0,0.0,1.0,0.333,0.0,0.167,0,0,2.25,2.0,3.0,0.0,0.0,3.0,7.0,0.538,1.0,0.0,0.633,3.0,2.0,2.581,3.0,0.0,0.762,0.633,2.844,1,0.0,3.0,synthetic_generator,demo_gen_seed42,SYNTHETIC,true,false,42,generator-synthetic-v1.0.0,synthetic-v1.0.0,2025-03-31
SYN_T0026,9,C9,DEP_01,UP_02,2025-03,2025-03-31,3.85,1.0,3.0,0.0,3.0,4.0,4.0,4.0,1.0,0.0,0.0,0.333,31.0,0.5,0,0,3.75,3.0,4.0,0.0,0.0,3.0,8.0,0.615,3.0,1.0,0.533,0.0,0.0,2.61,3.0,1.018,0.65,0.533,2.336,3,2.0,0.0,synthetic_generator,demo_gen_seed42,SYNTHETIC,true,false,42,generator-synthetic-v1.0.0,synthetic-v1.0.0,2025-03-31
SYN_T0027,4,C4,DEP_02,UP_03,2025-03,2025-03-31,2.8,2.0,4.0,0.0,3.0,3.0,3.0,3.0,0.0,0.0,0.0,0.0,31.0,0.167,1,1,3.0,3.0,3.0,0.0,0.0,2.0,7.0,0.538,1.0,1.0,0.382,3.0,1.0,2.791,3.0,1.018,0.623,0.382,2.212,1,5.0,3.0,synthetic_generator,demo_gen_seed42,SYNTHETIC,true,false,42,generator-synthetic-v1.0.0,synthetic-v1.0.0,2025-03-31
SYN_T0030,8,C8,DEP_05,UP_06,2025-03,2025-03-31,4.91,3.0,5.0,0.0,4.0,4.0,5.0,5.0,0.0,1.0,0.0,0.333,0.0,0.5,0,0,4.5,4.0,5.0,2.0,0.0,2.0,8.0,0.615,3.0,0.0,0.52,1.0,0.0,2.689,3.0,0.0,0.717,0.52,3.133,3,1.0,1.0,synthetic_generator,demo_gen_seed42,SYNTHETIC,true,false,42,generator-synthetic-v1.0.0,synthetic-v1.0.0,2025-03-31
SYN_T0033,1,C1,DEP_03,UP_09,2025-03,2025-03-31,1.94,2.0,4.0,1.926,1.0,1.0,2.0,2.0,0.0,1.0,0.0,0.333,31.0,0.167,0,0,1.5,1.0,2.0,0.0,2.0,3.0,7.0,0.538,1.0,0.0,0.922,3.0,3.0,2.316,3.0,1.018,0.981,0.922,2.684,1,1.0,3.0,synthetic_generator,demo_gen_seed42,SYNTHETIC,true,false,42,generator-synthetic-v1.0.0,synthetic-v1.0.0,2025-03-31
SYN_T0037,4,C4,DEP_02,UP_01,2025-03,2025-03-31,2.57,2.0,4.0,1.085,3.0,3.0,3.0,3.0,0.0,0.0,0.0,0.0,999.0,0.0,0,1,3.0,3.0,3.0,0.0,0.0,2.0,8.0,0.615,0.0,0.0,0.699,3.0,1.0,2.421,3.0,13.0,0.568,0.699,2.162,0,3.0,3.0,synthetic_generator,demo_gen_seed42,SYNTHETIC,true,false,42,generator-synthetic-v1.0.0,synthetic-v1.0.0,2025-03-31
SYN_T0040,5,C5,DEP_05,UP_04,2025-03,2025-03-31,2.31,3.0,5.0,2.405,2.0,2.0,2.0,2.0,0.0,0.0,0.0,0.0,0.0,0.167,0,1,2.0,2.0,2.0,0.0,0.0,3.0,8.0,0.615,1.0,1.0,0.807,3.0,2.0,3.189,3.0,0.0,0.725,0.807,3.195,1,5.0,3.0,synthetic_generator,demo_gen_seed42,SYNTHETIC,true,false,42,generator-synthetic-v1.0.0,synthetic-v1.0.0,2025-03-31
SYN_T0042,4,C4,DEP_02,UP_06,2025-03,2025-03-31,3.62,2.0,4.0,0.0,4.0,4.0,4.0,4.0,0.0,0.0,0.0,0.0,0.0,0.167,1,1,4.0,4.0,4.0,0.0,0.0,2.0,6.0,0.462,1.0,1.0,0.441,0.0,0.0,2.756,3.0,0.0,0.569,0.441,2.818,1,5.0,0.0,synthetic_generator,demo_gen_seed42,SYNTHETIC,true,false,42,generator-synthetic-v1.0.0,synthetic-v1.0.0,2025-03-31
SYN_T0045,6,C6,DEP_05,UP_09,2025-03,2025-03-31,2.66,1.0,3.0,0.073,3.0,3.0,3.0,3.0,0.0,0.0,0.0,0.0,999.0,0.0,1,1,3.0,3.0,3.0,0.0,0.0,4.0,8.0,0.615,0.0,0.0,0.384,0.0,0.0,2.753,3.0,13.0,0.406,0.384,2.87,0,4.0,0.0,synthetic_generator,demo_gen_seed42,SYNTHETIC,true,false,42,generator-synthetic-v1.0.0,synthetic-v1.0.0,2025-03-31
SYN_T0046,3,C3,DEP_01,UP_10,2025-03,2025-03-31,1.81,1.0,3.0,0.0,2.0,2.0,2.0,2.0,0.0,0.0,0.0,0.0,999.0,0.0,1,1,2.0,2.0,2.0,0.0,0.0,5.0,8.0,0.615,0.0,2.0,0.378,3.0,2.0,2.852,3.0,13.0,0.297,0.378,2.759,0,5.0,3.0,synthetic_generator,demo_gen_seed42,SYNTHETIC,true,false,42,generator-synthetic-v1.0.0,synthetic-v1.0.0,2025-03-31
SYN_T0046,5,C5,DEP_01,UP_10,2025-03,2025-03-31,1.22,3.0,5.0,3.011,3.0,3.0,2.0,2.0,0.0,-1.0,0.0,-0.333,999.0,0.0,0,0,2.5,2.0,3.0,0.0,0.0,3.0,8.0,0.615,0.0,0.0,0.55,3.0,2.0,2.852,3.0,13.0,0.489,-0.05,2.759,0,1.0,3.0,synthetic_generator,demo_gen_seed42,SYNTHETIC,true,false,42,generator-synthetic-v1.0.0,synthetic-v1.0.0,2025-03-31
SYN_T0046,9,C9,DEP_01,UP_10,2025-03,2025-03-31,3.11,1.0,3.0,0.07,3.0,3.0,3.0,3.0,0.0,0.0,0.0,0.0,999.0,0.0,1,1,3.0,3.0,3.0,0.0,0.0,3.0,8.0,0.615,0.0,0.0,0.377,0.0,0.0,2.852,3.0,13.0,0.295,0.377,2.759,0,5.0,0.0,synthetic_generator,demo_gen_seed42,SYNTHETIC,true,false,42,generator-synthetic-v1.0.0,synthetic-v1.0.0,2025-03-31
SYN_T0051,6,C6,DEP_01,UP_03,2025-03,2025-03-31,2.88,1.0,3.0,0.0,4.0,4.0,4.0,4.0,0.0,0.0,0.0,0.0,999.0,0.0,0,1,4.0,4.0,4.0,0.0,0.0,4.0,6.0,0.462,0.0,0.0,0.537,0.0,0.0,2.558,3.0,13.0,0.464,0.537,3.04,0,5.0,0.0,synthetic_generator,demo_gen_seed42,SYNTHETIC,true,false,42,generator-synthetic-v1.0.0,synthetic-v1.0.0,2025-03-31
SYN_T0055,5,C5,DEP_05,UP_07,2025-03,2025-03-31,2.84,3.0,5.0,1.761,3.0,3.0,3.0,3.0,0.0,0.0,0.0,0.0,999.0,0.0,0,1,3.0,3.0,3.0,0.0,0.0,3.0,8.0,0.615,0.0,0.0,0.5,3.0,1.0,2.485,3.0,13.0,0.478,0.5,2.952,0,5.0,3.0,synthetic_generator,demo_gen_seed42,SYNTHETIC,true,false,42,generator-synthetic-v1.0.0,synthetic-v1.0.0,2025-03-31
SYN_T0057,3,C3,DEP_02,UP_09,2025-03,2025-03-31,2.59,1.0,3.0,0.0,4.0,4.0,4.0,4.0,0.0,0.0,0.0,0.0,59.0,0.333,0,1,4.0,4.0,4.0,0.0,0.0,5.0,6.0,0.462,2.0,1.0,0.576,0.0,0.0,2.645,3.0,1.938,0.781,0.576,2.801,2,5.0,0.0,synthetic_generator,demo_gen_seed42,SYNTHETIC,true,false,42,generator-synthetic-v1.0.0,synthetic-v1.0.0,2025-03-31
SYN_T0059,9,C9,DEP_04,UP_11,2025-03,2025-03-31,2.84,1.0,3.0,0.0,3.0,3.0,3.0,3.0,0.0,0.0,0.0,0.0,999.0,0.0,0,1,3.0,3.0,3.0,0.0,0.0,3.0,7.0,0.538,0.0,1.0,0.65,0.0,0.0,1.912,3.0,13.0,0.407,0.65,1.224,0,5.0,0.0,synthetic_generator,demo_gen_seed42,SYNTHETIC,true,false,42,generator-synthetic-v1.0.0,synthetic-v1.0.0,2025-03-31
SYN_T0061,10,C10,DEP_01,UP_01,2025-03,2025-03-31,2.94,2.0,4.0,1.138,3.0,3.0,3.0,3.0,0.0,0.0,0.0,0.0,999.0,0.0,0,1,3.0,3.0,3.0,0.0,0.0,4.0,7.0,0.538,0.0,1.0,0.698,3.0,2.0,2.052,3.0,13.0,0.352,0.698,2.044,0,5.0,3.0,synthetic_generator,demo_gen_seed42,SYNTHETIC,true,false,42,generator-synthetic-v1.0.0,synthetic-v1.0.0,2025-03-31
SYN_T0062,10,C10,DEP_02,UP_02,2025-03,2025-03-31,2.02,2.0,4.0,1.14,3.0,2.0,2.0,2.0,-1.0,0.0,0.0,-0.333,999.0,0.0,1,0,2.25,2.0,3.0,0.0,0.0,4.0,6.0,0.462,0.0,2.0,0.491,3.0,1.0,2.234,3.0,13.0,0.429,0.491,2.215,0,2.0,3.0,synthetic_generator,demo_gen_seed42,SYNTHETIC,true,false,42,generator-synthetic-v1.0.0,synthetic-v1.0.0,2025-03-31
SYN_T0067,4,C4,DEP_02,UP_07,2025-03,2025-03-31,2.37,2.0,4.0,0.026,3.0,3.0,4.0,3.0,0.0,1.0,-1.0,0.0,31.0,0.167,1,0,3.25,3.0,4.0,0.0,0.0,2.0,8.0,0.615,1.0,1.0,0.323,2.0,1.0,2.091,3.0,1.018,0.629,0.323,2.449,1,0.0,2.0,synthetic_generator,demo_gen_seed42,SYNTHETIC,true,false,42,generator-synthetic-v1.0.0,synthetic-v1.0.0,2025-03-31
SYN_T0069,4,C4,DEP_04,UP_09,2025-03,2025-03-31,2.53,2.0,4.0,1.841,2.0,2.0,2.0,2.0,0.0,0.0,0.0,0.0,999.0,0.0,1,1,2.0,2.0,2.0,0.0,0.0,2.0,7.0,0.538,0.0,0.0,0.305,3.0,1.0,3.167,3.0,13.0,0.239,0.305,2.821,0,5.0,3.0,synthetic_generator,demo_gen_seed42,SYNTHETIC,true,false,42,generator-synthetic-v1.0.0,synthetic-v1.0.0,2025-03-31
SYN_T0071,9,C9,DEP_01,UP_11,2025-03,2025-03-31,2.76,1.0,3.0,0.128,3.0,3.0,3.0,3.0,0.0,0.0,0.0,0.0,999.0,0.0,0,1,3.0,3.0,3.0,0.0,0.0,3.0,6.0,0.462,0.0,0.0,0.92,0.0,0.0,2.209,3.0,13.0,0.526,0.92,2.366,0,5.0,0.0,synthetic_generator,demo_gen_seed42,SYNTHETIC,true,false,42,generator-synthetic-v1.0.0,synthetic-v1.0.0,2025-03-31
SYN_T0073,1,C1,DEP_03,UP_01,2025-03,2025-03-31,3.08,2.0,4.0,0.759,3.0,3.0,3.0,3.0,0.0,0.0,0.0,0.0,999.0,0.0,0,1,3.0,3.0,3.0,0.0,0.0,3.0,7.0,0.538,0.0,0.0,0.591,3.0,2.0,2.205,3.0,13.0,0.414,0.591,2.146,0,5.0,3.0,synthetic_generator,demo_gen_seed42,SYNTHETIC,true,false,42,generator-synthetic-v1.0.0,synthetic-v1.0.0,2025-03-31
SYN_T0076,10,C10,DEP_01,UP_04,2025-03,2025-03-31,2.99,2.0,4.0,0.0,4.0,4.0,4.0,4.0,0.0,0.0,0.0,0.0,999.0,0.0,0,1,4.0,4.0,4.0,0.0,0.0,4.0,8.0,0.615,0.0,1.0,0.702,0.0,0.0,2.945,3.0,13.0,0.393,0.702,2.857,0,5.0,0.0,synthetic_generator,demo_gen_seed42,SYNTHETIC,true,false,42,generator-synthetic-v1.0.0,synthetic-v1.0.0,2025-03-31
SYN_T0077,2,C2,DEP_02,UP_05,2025-03,2025-03-31,2.82,3.0,5.0,1.103,4.0,3.0,3.0,4.0,-1.0,0.0,1.0,0.0,0.0,0.333,0,0,3.5,3.0,4.0,0.0,0.0,4.0,7.0,0.538,2.0,0.0,0.71,3.0,2.0,2.355,3.0,0.0,0.777,0.71,2.246,2,0.0,3.0,synthetic_generator,demo_gen_seed42,SYNTHETIC,true,false,42,generator-synthetic-v1.0.0,synthetic-v1.0.0,2025-03-31
SYN_T0077,11,C11,DEP_02,UP_05,2025-03,2025-03-31,3.15,3.0,5.0,1.113,3.0,4.0,4.0,4.0,1.0,0.0,0.0,0.333,999.0,0.0,0,0,3.75,3.0,4.0,0.0,0.0,5.0,7.0,0.538,0.0,0.0,0.515,3.0,1.0,2.355,3.0,13.0,0.475,0.515,2.246,0,2.0,3.0,synthetic_generator,demo_gen_seed42,SYNTHETIC,true,false,42,generator-synthetic-v1.0.0,synthetic-v1.0.0,2025-03-31
SYN_T0081,11,C11,DEP_01,UP_09,2025-03,2025-03-31,2.89,3.0,5.0,1.992,3.0,3.0,3.0,3.0,0.0,0.0,0.0,0.0,31.0,0.167,0,1,3.0,3.0,3.0,0.0,0.0,5.0,9.0,0.692,1.0,1.0,0.749,3.0,1.0,2.65,3.0,1.018,0.729,0.749,3.28,1,5.0,3.0,synthetic_generator,demo_gen_seed42,SYNTHETIC,true,false,42,generator-synthetic-v1.0.0,synthetic-v1.0.0,2025-03-31
SYN_T0082,3,C3,DEP_02,UP_10,2025-03,2025-03-31,2.73,1.0,3.0,0.0,4.0,4.0,4.0,4.0,0.0,0.0,0.0,0.0,999.0,0.0,1,1,4.0,4.0,4.0,0.0,0.0,5.0,7.0,0.538,0.0,1.0,0.431,0.0,0.0,2.14,3.0,13.0,0.389,0.431,1.766,0,5.0,0.0,synthetic_generator,demo_gen_seed42,SYNTHETIC,true,false,42,generator-synthetic-v1.0.0,synthetic-v1.0.0,2025-03-31
SYN_T0082,13,C13,DEP_02,UP_10,2025-03,2025-03-31,3.43,2.0,4.0,0.0,3.0,3.0,4.0,4.0,0.0,1.0,0.0,0.333,31.0,0.167,0,0,3.5,3.0,4.0,0.0,0.0,3.0,7.0,0.538,1.0,0.0,0.632,1.0,1.0,2.14,3.0,1.018,0.742,0.632,1.766,1,1.0,1.0,synthetic_generator,demo_gen_seed42,SYNTHETIC,true,false,42,generator-synthetic-v1.0.0,synthetic-v1.0.0,2025-03-31
SYN_T0086,6,C6,DEP_01,UP_02,2025-03,2025-03-31,2.71,1.0,3.0,0.0,3.0,3.0,3.0,3.0,0.0,0.0,0.0,0.0,999.0,0.0,0,1,3.0,3.0,3.0,0.0,0.0,4.0,8.0,0.615,0.0,1.0,0.689,0.0,0.0,2.443,3.0,13.0,0.41,0.689,2.615,0,5.0,0.0,synthetic_generator,demo_gen_seed42,SYNTHETIC,true,false,42,generator-synthetic-v1.0.0,synthetic-v1.0.0,2025-03-31
SYN_T0086,8,C8,DEP_01,UP_02,2025-03,2025-03-31,3.01,3.0,5.0,1.989,3.0,3.0,3.0,3.0,0.0,0.0,0.0,0.0,999.0,0.0,0,1,3.0,3.0,3.0,0.0,0.0,2.0,8.0,0.615,0.0,0.0,0.852,3.0,2.0,2.443,3.0,13.0,0.474,0.852,2.615,0,5.0,3.0,synthetic_generator,demo_gen_seed42,SYNTHETIC,true,false,42,generator-synthetic-v1.0.0,synthetic-v1.0.0,2025-03-31
SYN_T0089,1,C1,DEP_04,UP_05,2025-03,2025-03-31,2.18,2.0,4.0,0.902,3.0,3.0,3.0,3.0,0.0,0.0,0.0,0.0,0.0,0.167,0,1,3.0,3.0,3.0,0.0,0.0,3.0,8.0,0.615,1.0,0.0,0.511,3.0,3.0,3.188,3.0,0.0,0.644,0.511,3.16,1,5.0,3.0,synthetic_generator,demo_gen_seed42,SYNTHETIC,true,false,42,generator-synthetic-v1.0.0,synthetic-v1.0.0,2025-03-31
SYN_T0089,13,C13,DEP_04,UP_05,2025-03,2025-03-31,2.48,2.0,4.0,0.869,3.0,3.0,3.0,3.0,0.0,0.0,0.0,0.0,0.0,0.167,0,1,3.0,3.0,3.0,0.0,0.0,3.0,8.0,0.615,1.0,1.0,0.627,3.0,3.0,3.188,3.0,0.0,0.629,0.627,3.16,1,4.0,3.0,synthetic_generator,demo_gen_seed42,SYNTHETIC,true,false,42,generator-synthetic-v1.0.0,synthetic-v1.0.0,2025-03-31
SYN_T0091,5,C5,DEP_01,UP_07,2025-03,2025-03-31,3.45,3.0,5.0,0.699,4.0,4.0,5.0,5.0,0.0,1.0,0.0,0.333,31.0,0.333,1,0,4.5,4.0,5.0,2.0,0.0,3.0,6.0,0.462,2.0,1.0,0.388,1.0,1.0,2.768,3.0,1.018,0.644,0.388,3.029,2,1.0,1.0,synthetic_generator,demo_gen_seed42,SYNTHETIC,true,false,42,generator-synthetic-v1.0.0,synthetic-v1.0.0,2025-03-31
SYN_T0092,3,C3,DEP_02,UP_08,2025-03,2025-03-31,3.57,1.0,3.0,0.372,3.0,4.0,4.0,4.0,1.0,0.0,0.0,0.333,0.0,0.167,0,0,3.75,3.0,4.0,0.0,0.0,5.0,8.0,0.615,1.0,0.0,0.596,0.0,0.0,2.612,3.0,0.0,0.707,0.596,2.177,1,2.0,0.0,synthetic_generator,demo_gen_seed42,SYNTHETIC,true,false,42,generator-synthetic-v1.0.0,synthetic-v1.0.0,2025-03-31
SYN_T0095,6,C6,DEP_05,UP_11,2025-03,2025-03-31,2.04,1.0,3.0,0.0,3.0,3.0,3.0,3.0,0.0,0.0,0.0,0.0,999.0,0.0,0,1,3.0,3.0,3.0,0.0,0.0,4.0,6.0,0.462,0.0,2.0,0.611,0.0,0.0,1.666,3.0,13.0,0.463,0.611,1.094,0,5.0,0.0,synthetic_generator,demo_gen_seed42,SYNTHETIC,true,false,42,generator-synthetic-v1.0.0,synthetic-v1.0.0,2025-03-31
SYN_T0096,11,C11,DEP_01,UP_12,2025-03,2025-03-31,2.0,3.0,5.0,2.898,2.0,2.0,2.0,2.0,0.0,0.0,0.0,0.0,999.0,0.0,0,1,2.0,2.0,2.0,0.0,0.0,5.0,6.0,0.462,0.0,0.0,0.503,3.0,2.0,1.75,3.0,13.0,0.323,0.503,1.283,0,5.0,3.0,synthetic_generator,demo_gen_seed42,SYNTHETIC,true,false,42,generator-synthetic-v1.0.0,synthetic-v1.0.0,2025-03-31
SYN_T0096,12,C12,DEP_01,UP_12,2025-03,2025-03-31,3.31,1.0,3.0,0.0,5.0,5.0,5.0,5.0,0.0,0.0,0.0,0.0,0.0,0.167,0,1,5.0,5.0,5.0,4.0,0.0,2.0,6.0,0.462,1.0,2.0,0.575,0.0,0.0,1.75,3.0,0.0,0.744,0.575,1.283,1,5.0,0.0,synthetic_generator,demo_gen_seed42,SYNTHETIC,true,false,42,generator-synthetic-v1.0.0,synthetic-v1.0.0,2025-03-31
SYN_T0097,12,C12,DEP_02,UP_01,2025-03,2025-03-31,1.06,1.0,3.0,0.931,2.0,2.0,2.0,2.0,0.0,0.0,0.0,0.0,999.0,0.0,1,1,2.0,2.0,2.0,0.0,0.0,2.0,8.0,0.615,0.0,0.0,0.417,3.0,3.0,2.037,3.0,13.0,0.347,0.417,1.858,0,4.0,3.0,synthetic_generator,demo_gen_seed42,SYNTHETIC,true,false,42,generator-synthetic-v1.0.0,synthetic-v1.0.0,2025-03-31
SYN_T0098,3,C3,DEP_03,UP_02,2025-03,2025-03-31,2.99,1.0,3.0,0.0,3.0,3.0,4.0,4.0,0.0,1.0,0.0,0.333,0.0,0.333,0,0,3.5,3.0,4.0,0.0,0.0,5.0,7.0,0.538,2.0,1.0,0.595,0.0,0.0,1.792,3.0,0.0,0.834,0.595,1.637,2,1.0,0.0,synthetic_generator,demo_gen_seed42,SYNTHETIC,true,false,42,generator-synthetic-v1.0.0,synthetic-v1.0.0,2025-03-31
SYN_T0098,10,C10,DEP_03,UP_02,2025-03,2025-03-31,2.05,2.0,4.0,2.828,2.0,2.0,2.0,2.0,0.0,0.0,0.0,0.0,999.0,0.0,0,1,2.0,2.0,2.0,0.0,0.0,4.0,7.0,0.538,0.0,0.0,0.582,3.0,3.0,1.792,3.0,13.0,0.352,0.582,1.637,0,5.0,3.0,synthetic_generator,demo_gen_seed42,SYNTHETIC,true,false,42,generator-synthetic-v1.0.0,synthetic-v1.0.0,2025-03-31
SYN_T0099,10,C10,DEP_04,UP_03,2025-03,2025-03-31,3.03,2.0,4.0,0.696,3.0,3.0,3.0,3.0,0.0,0.0,0.0,0.0,999.0,0.0,1,1,3.0,3.0,3.0,0.0,0.0,4.0,9.0,0.692,0.0,0.0,0.496,3.0,1.0,2.824,3.0,13.0,0.288,0.496,2.872,0,5.0,3.0,synthetic_generator,demo_gen_seed42,SYNTHETIC,true,false,42,generator-synthetic-v1.0.0,synthetic-v1.0.0,2025-03-31
SYN_T0100,6,C6,DEP_05,UP_04,2025-03,2025-03-31,2.33,1.0,3.0,0.009,3.0,3.0,3.0,3.0,0.0,0.0,0.0,0.0,999.0,0.0,1,1,3.0,3.0,3.0,0.0,0.0,4.0,8.0,0.615,0.0,0.0,0.465,0.0,0.0,2.13,3.0,13.0,0.482,0.465,2.255,0,5.0,0.0,synthetic_generator,demo_gen_seed42,SYNTHETIC,true,false,42,generator-synthetic-v1.0.0,synthetic-v1.0.0,2025-03-31
SYN_T0001,1,C1,DEP_01,UP_01,2025-04,2025-04-30,2.17,2.0,4.0,2.233,2.0,2.0,2.0,2.0,0.0,0.0,0.0,0.0,999.0,0.0,0,1,2.0,2.0,2.0,0.0,0.0,3.0,6.0,0.462,0.0,0.0,0.598,4.0,1.0,2.202,4.0,13.0,0.456,0.598,2.394,0,6.0,4.0,synthetic_generator,demo_gen_seed42,SYNTHETIC,true,false,42,generator-synthetic-v1.0.0,synthetic-v1.0.0,2025-04-30
SYN_T0010,8,C8,DEP_05,UP_10,2025-04,2025-04-30,2.51,3.0,5.0,2.906,2.0,2.0,2.0,2.0,0.0,0.0,0.0,0.0,30.0,0.143,1,1,2.0,2.0,2.0,0.0,0.0,2.0,7.0,0.538,1.0,1.0,0.36,4.0,3.0,1.813,4.0,0.986,0.493,0.36,1.115,1,6.0,4.0,synthetic_generator,demo_gen_seed42,SYNTHETIC,true,false,42,generator-synthetic-v1.0.0,synthetic-v1.0.0,2025-04-30
SYN_T0012,1,C1,DEP_02,UP_12,2025-04,2025-04-30,3.65,2.0,4.0,0.0,4.0,3.0,3.0,4.0,-1.0,0.0,1.0,0.0,0.0,0.286,0,0,3.5,3.0,4.0,0.0,0.0,3.0,7.0,0.538,2.0,0.0,0.599,2.0,2.0,3.168,4.0,0.0,0.809,0.599,3.665,2,0.0,2.0,synthetic_generator,demo_gen_seed42,SYNTHETIC,true,false,42,generator-synthetic-v1.0.0,synthetic-v1.0.0,2025-04-30
SYN_T0012,5,C5,DEP_02,UP_12,2025-04,2025-04-30,3.38,3.0,5.0,1.128,3.0,4.0,3.0,3.0,1.0,-1.0,0.0,0.0,89.0,0.143,0,0,3.25,3.0,4.0,0.0,0.0,3.0,7.0,0.538,1.0,1.0,0.576,4.0,1.0,3.168,4.0,2.924,0.66,0.576,3.665,1,1.0,4.0,synthetic_generator,demo_gen_seed42,SYNTHETIC,true,false,42,generator-synthetic-v1.0.0,synthetic-v1.0.0,2025-04-30
SYN_T0013,2,C2,DEP_03,UP_01,2025-04,2025-04-30,3.52,3.0,5.0,1.979,3.0,3.0,3.0,3.0,0.0,0.0,0.0,0.0,30.0,0.286,0,1,3.0,3.0,3.0,0.0,0.0,4.0,7.0,0.538,2.0,1.0,0.765,4.0,3.0,2.793,4.0,0.986,0.739,0.765,2.729,2,6.0,4.0,synthetic_generator,demo_gen_seed42,SYNTHETIC,true,false,42,generator-synthetic-v1.0.0,synthetic-v1.0.0,2025-04-30
SYN_T0015,11,C11,DEP_05,UP_03,2025-04,2025-04-30,3.86,3.0,5.0,0.12,4.0,4.0,4.0,4.0,0.0,0.0,0.0,0.0,61.0,0.286,0,1,4.0,4.0,4.0,0.0,0.0,5.0,8.0,0.615,2.0,0.0,0.647,4.0,2.0,2.838,4.0,2.004,0.625,0.647,2.492,2,6.0,4.0,synthetic_generator,demo_gen_seed42,SYNTHETIC,true,false,42,generator-synthetic-v1.0.0,synthetic-v1.0.0,2025-04-30
SYN_T0016,7,C7,DEP_01,UP_04,2025-04,2025-04-30,2.41,2.0,4.0,0.031,4.0,4.0,4.0,4.0,0.0,0.0,0.0,0.0,30.0,0.143,1,1,4.0,4.0,4.0,0.0,0.0,5.0,7.0,0.538,1.0,0.0,0.092,0.0,0.0,2.169,4.0,0.986,0.503,0.092,2.116,1,6.0,0.0,synthetic_generator,demo_gen_seed42,SYNTHETIC,true,false,42,generator-synthetic-v1.0.0,synthetic-v1.0.0,2025-04-30
SYN_T0019,8,C8,DEP_04,UP_07,2025-04,2025-04-30,2.15,3.0,5.0,2.983,3.0,3.0,3.0,2.0,0.0,0.0,-1.0,-0.333,999.0,0.0,0,0,2.75,2.0,3.0,0.0,0.0,2.0,9.0,0.692,0.0,0.0,0.806,4.0,3.0,3.205,4.0,13.0,0.609,0.806,2.998,0,0.0,4.0,synthetic_generator,demo_gen_seed42,SYNTHETIC,true,false,42,generator-synthetic-v1.0.0,synthetic-v1.0.0,2025-04-30
SYN_T0020,4,C4,DEP_05,UP_08,2025-04,2025-04-30,2.55,2.0,4.0,0.0,4.0,4.0,4.0,4.0,0.0,0.0,0.0,0.0,999.0,0.0,0,1,4.0,4.0,4.0,0.0,0.0,2.0,7.0,0.538,0.0,0.0,0.674,0.0,0.0,2.63,4.0,13.0,0.409,0.674,2.595,0,6.0,0.0,synthetic_generator,demo_gen_seed42,SYNTHETIC,true,false,42,generator-synthetic-v1.0.0,synthetic-v1.0.0,2025-04-30
SYN_T0025,2,C2,DEP_05,UP_01,2025-04,2025-04-30,2.43,3.0,5.0,0.771,3.0,3.0,3.0,3.0,0.0,0.0,0.0,0.0,61.0,0.429,0,1,3.0,3.0,3.0,0.0,0.0,4.0,7.0,0.538,3.0,0.0,0.683,4.0,3.0,2.649,4.0,2.004,0.65,0.683,2.451,3,6.0,4.0,synthetic_generator,demo_gen_seed42,SYNTHETIC,true,false,42,generator-synthetic-v1.0.0,synthetic-v1.0.0,2025-04-30
SYN_T0027,8,C8,DEP_02,UP_03,2025-04,2025-04-30,2.79,3.0,5.0,1.088,3.0,3.0,3.0,3.0,0.0,0.0,0.0,0.0,999.0,0.0,1,1,3.0,3.0,3.0,0.0,0.0,2.0,7.0,0.538,0.0,0.0,0.388,4.0,2.0,2.711,4.0,13.0,0.259,0.388,2.473,0,6.0,4.0,synthetic_generator,demo_gen_seed42,SYNTHETIC,true,false,42,generator-synthetic-v1.0.0,synthetic-v1.0.0,2025-04-30
SYN_T0028,10,C10,DEP_03,UP_04,2025-04,2025-04-30,1.79,2.0,4.0,1.955,2.0,2.0,2.0,2.0,0.0,0.0,0.0,0.0,999.0,0.0,1,1,2.0,2.0,2.0,0.0,0.0,4.0,7.0,0.538,0.0,0.0,0.371,4.0,1.0,2.735,4.0,13.0,0.363,0.371,3.01,0,3.0,4.0,synthetic_generator,demo_gen_seed42,SYNTHETIC,true,false,42,generator-synthetic-v1.0.0,synthetic-v1.0.0,2025-04-30
SYN_T0029,9,C9,DEP_04,UP_05,2025-04,2025-04-30,2.77,1.0,3.0,0.086,3.0,3.0,3.0,3.0,0.0,0.0,0.0,0.0,999.0,0.0,0,1,3.0,3.0,3.0,0.0,0.0,3.0,8.0,0.615,0.0,1.0,0.612,0.0,0.0,2.553,4.0,13.0,0.375,0.612,2.348,0,6.0,0.0,synthetic_generator,demo_gen_seed42,SYNTHETIC,true,false,42,generator-synthetic-v1.0.0,synthetic-v1.0.0,2025-04-30
SYN_T0031,4,C4,DEP_01,UP_07,2025-04,2025-04-30,2.75,2.0,4.0,0.0,2.0,3.0,3.0,3.0,1.0,0.0,0.0,0.333,0.0,0.286,0,0,2.75,2.0,3.0,0.0,0.0,2.0,7.0,0.538,2.0,1.0,0.554,4.0,3.0,3.822,4.0,0.0,0.72,0.554,3.915,2,2.0,4.0,synthetic_generator,demo_gen_seed42,SYNTHETIC,true,false,42,generator-synthetic-v1.0.0,synthetic-v1.0.0,2025-04-30
SYN_T0033,12,C12,DEP_03,UP_09,2025-04,2025-04-30,1.72,1.0,3.0,0.998,2.0,2.0,2.0,2.0,0.0,0.0,0.0,0.0,999.0,0.0,0,1,2.0,2.0,2.0,0.0,0.0,2.0,7.0,0.538,0.0,1.0,0.916,4.0,3.0,2.455,4.0,13.0,0.58,0.916,2.872,0,5.0,4.0,synthetic_generator,demo_gen_seed42,SYNTHETIC,true,false,42,generator-synthetic-v1.0.0,synthetic-v1.0.0,2025-04-30
SYN_T0035,7,C7,DEP_05,UP_11,2025-04,2025-04-30,2.58,2.0,4.0,1.015,3.0,3.0,3.0,3.0,0.0,0.0,0.0,0.0,61.0,0.286,0,1,3.0,3.0,3.0,0.0,0.0,5.0,8.0,0.615,2.0,0.0,0.979,4.0,4.0,2.845,4.0,2.004,0.825,0.979,3.159,2,5.0,4.0,synthetic_generator,demo_gen_seed42,SYNTHETIC,true,false,42,generator-synthetic-v1.0.0,synthetic-v1.0.0,2025-04-30
SYN_T0035,11,C11,DEP_05,UP_11,2025-04,2025-04-30,3.22,3.0,5.0,0.865,4.0,4.0,4.0,4.0,0.0,0.0,0.0,0.0,999.0,0.0,0,1,4.0,4.0,4.0,0.0,0.0,5.0,8.0,0.615,0.0,1.0,0.933,4.0,1.0,2.845,4.0,13.0,0.59,1.5,3.159,0,6.0,4.0,synthetic_generator,demo_gen_seed42,SYNTHETIC,true,false,42,generator-synthetic-v1.0.0,synthetic-v1.0.0,2025-04-30
SYN_T0036,4,C4,DEP_01,UP_12,2025-04,2025-04-30,3.16,2.0,4.0,0.944,3.0,3.0,3.0,3.0,0.0,0.0,0.0,0.0,999.0,0.0,1,1,3.0,3.0,3.0,0.0,0.0,2.0,8.0,0.615,0.0,0.0,0.262,4.0,2.0,3.383,4.0,13.0,0.304,0.262,3.406,0,6.0,4.0,synthetic_generator,demo_gen_seed42,SYNTHETIC,true,false,42,generator-synthetic-v1.0.0,synthetic-v1.0.0,2025-04-30
SYN_T0036,5,C5,DEP_01,UP_12,2025-04,2025-04-30,3.22,3.0,5.0,1.004,4.0,3.0,4.0,4.0,-1.0,1.0,0.0,0.0,999.0,0.0,1,0,3.75,3.0,4.0,0.0,0.0,3.0,8.0,0.615,0.0,1.0,0.194,4.0,2.0,3.383,4.0,13.0,0.422,0.194,3.406,0,1.0,4.0,synthetic_generator,demo_gen_seed42,SYNTHETIC,true,false,42,generator-synthetic-v1.0.0,synthetic-v1.0.0,2025-04-30
SYN_T0039,2,C2,DEP_04,UP_03,2025-04,2025-04-30,3.23,3.0,5.0,0.906,3.0,4.0,4.0,4.0,1.0,0.0,0.0,0.333,61.0,0.143,0,0,3.75,3.0,4.0,0.0,0.0,4.0,7.0,0.538,1.0,0.0,0.751,4.0,4.0,2.098,4.0,2.004,0.778,0.751,2.085,1,2.0,4.0,synthetic_generator,demo_gen_seed42,SYNTHETIC,true,false,42,generator-synthetic-v1.0.0,synthetic-v1.0.0,2025-04-30
SYN_T0039,11,C11,DEP_04,UP_03,2025-04,2025-04-30,4.17,3.0,5.0,0.012,5.0,5.0,5.0,5.0,0.0,0.0,0.0,0.0,999.0,0.0,0,1,5.0,5.0,5.0,4.0,0.0,5.0,7.0,0.538,0.0,0.0,0.838,0.0,0.0,2.098,4.0,13.0,0.509,0.838,2.085,0,3.0,0.0,synthetic_generator,demo_gen_seed42,SYNTHETIC,true,false,42,generator-synthetic-v1.0.0,synthetic-v1.0.0,2025-04-30
SYN_T0040,1,C1,DEP_05,UP_04,2025-04,2025-04-30,1.98,2.0,4.0,1.018,2.0,2.0,2.0,2.0,0.0,0.0,0.0,0.0,0.0,0.143,0,1,2.0,2.0,2.0,0.0,0.0,3.0,8.0,0.615,1.0,0.0,0.886,4.0,2.0,3.173,4.0,0.0,0.756,0.886,3.126,1,6.0,4.0,synthetic_generator,demo_gen_seed42,SYNTHETIC,true,false,42,generator-synthetic-v1.0.0,synthetic-v1.0.0,2025-04-30
SYN_T0041,4,C4,DEP_01,UP_05,2025-04,2025-04-30,1.91,2.0,4.0,2.122,2.0,2.0,2.0,2.0,0.0,0.0,0.0,0.0,999.0,0.0,0,1,2.0,2.0,2.0,0.0,0.0,2.0,7.0,0.538,0.0,0.0,0.75,4.0,2.0,3.001,4.0,13.0,0.586,0.75,2.642,0,6.0,4.0,synthetic_generator,demo_gen_seed42,SYNTHETIC,true,false,42,generator-synthetic-v1.0.0,synthetic-v1.0.0,2025-04-30
SYN_T0045,4,C4,DEP_05,UP_09,2025-04,2025-04-30,3.14,2.0,4.0,0.058,4.0,4.0,4.0,4.0,0.0,0.0,0.0,0.0,0.0,0.143,1,1,4.0,4.0,4.0,0.0,0.0,2.0,8.0,0.615,1.0,0.0,0.344,0.0,0.0,2.708,4.0,0.0,0.515,0.344,2.571,1,5.0,0.0,synthetic_generator,demo_gen_seed42,SYNTHETIC,true,false,42,generator-synthetic-v1.0.0,synthetic-v1.0.0,2025-04-30
SYN_T0047,12,C12,DEP_02,UP_11,2025-04,2025-04-30,2.01,1.0,3.0,1.207,1.0,1.0,2.0,2.0,0.0,1.0,0.0,0.333,30.0,0.143,0,0,1.5,1.0,2.0,0.0,2.0,2.0,7.0,0.538,1.0,1.0,0.55,4.0,2.0,3.524,4.0,0.986,0.751,0.55,3.643,1,1.0,4.0,synthetic_generator,demo_gen_seed42,SYNTHETIC,true,false,42,generator-synthetic-v1.0.0,synthetic-v1.0.0,2025-04-30
SYN_T0049,6,C6,DEP_04,UP_01,2025-04,2025-04-30,2.9,1.0,3.0,0.0,3.0,3.0,3.0,3.0,0.0,0.0,0.0,0.0,0.0,0.286,0,1,3.0,3.0,3.0,0.0,0.0,4.0,8.0,0.615,2.0,0.0,0.715,0.0,0.0,3.015,4.0,0.0,0.74,0.715,3.353,2,6.0,0.0,synthetic_generator,demo_gen_seed42,SYNTHETIC,true,false,42,generator-synthetic-v1.0.0,synthetic-v1.0.0,2025-04-30
SYN_T0049,13,C13,DEP_04,UP_01,2025-04,2025-04-30,2.56,2.0,4.0,0.209,3.0,3.0,3.0,3.0,0.0,0.0,0.0,0.0,61.0,0.143,0,1,3.0,3.0,3.0,0.0,0.0,3.0,8.0,0.615,1.0,1.0,0.686,4.0,4.0,3.015,4.0,2.004,0.752,0.686,3.353,1,6.0,4.0,synthetic_generator,demo_gen_seed42,SYNTHETIC,true,false,42,generator-synthetic-v1.0.0,synthetic-v1.0.0,2025-04-30
SYN_T0050,13,C13,DEP_05,UP_02,2025-04,2025-04-30,1.89,2.0,4.0,2.151,1.0,2.0,2.0,2.0,1.0,0.0,0.0,0.333,61.0,0.286,1,0,1.75,1.0,2.0,0.0,1.0,3.0,6.0,0.462,2.0,1.0,0.295,4.0,4.0,2.599,4.0,2.004,0.554,0.295,2.535,2,2.0,4.0,synthetic_generator,demo_gen_seed42,SYNTHETIC,true,false,42,generator-synthetic-v1.0.0,synthetic-v1.0.0,2025-04-30
SYN_T0052,9,C9,DEP_02,UP_04,2025-04,2025-04-30,2.07,1.0,3.0,0.976,2.0,2.0,2.0,2.0,0.0,0.0,0.0,0.0,89.0,0.143,1,1,2.0,2.0,2.0,0.0,0.0,3.0,6.0,0.462,1.0,0.0,0.313,4.0,1.0,2.931,4.0,2.924,0.527,0.313,3.7,1,6.0,4.0,synthetic_generator,demo_gen_seed42,SYNTHETIC,true,false,42,generator-synthetic-v1.0.0,synthetic-v1.0.0,2025-04-30
SYN_T0056,5,C5,DEP_01,UP_08,2025-04,2025-04-30,1.34,3.0,5.0,4.012,2.0,2.0,1.0,1.0,0.0,-1.0,0.0,-0.333,999.0,0.0,0,0,1.5,1.0,2.0,0.0,2.0,3.0,8.0,0.615,0.0,0.0,0.784,4.0,2.0,2.565,4.0,13.0,0.631,0.784,2.531,0,1.0,4.0,synthetic_generator,demo_gen_seed42,SYNTHETIC,true,false,42,generator-synthetic-v1.0.0,synthetic-v1.0.0,2025-04-30
SYN_T0060,12,C12,DEP_05,UP_12,2025-04,2025-04-30,2.37,1.0,3.0,1.047,2.0,3.0,3.0,3.0,1.0,0.0,0.0,0.333,61.0,0.143,1,0,2.75,2.0,3.0,0.0,0.0,2.0,6.0,0.462,1.0,0.0,0.265,1.0,1.0,3.025,4.0,2.004,0.428,0.265,2.565,1,2.0,1.0,synthetic_generator,demo_gen_seed42,SYNTHETIC,true,false,42,generator-synthetic-v1.0.0,synthetic-v1.0.0,2025-04-30
SYN_T0061,6,C6,DEP_01,UP_01,2025-04,2025-04-30,1.13,1.0,3.0,1.991,2.0,2.0,1.0,1.0,0.0,-1.0,0.0,-0.333,0.0,0.143,0,0,1.5,1.0,2.0,0.0,2.0,4.0,7.0,0.538,1.0,0.0,0.726,4.0,3.0,1.916,4.0,0.0,0.723,0.726,1.508,1,1.0,4.0,synthetic_generator,demo_gen_seed42,SYNTHETIC,true,false,42,generator-synthetic-v1.0.0,synthetic-v1.0.0,2025-04-30
SYN_T0064,1,C1,DEP_04,UP_04,2025-04,2025-04-30,2.78,2.0,4.0,0.897,3.0,2.0,2.0,3.0,-1.0,0.0,1.0,0.0,89.0,0.143,1,0,2.5,2.0,3.0,0.0,0.0,3.0,8.0,0.615,1.0,0.0,0.461,4.0,3.0,2.874,4.0,2.924,0.742,0.461,2.804,1,0.0,4.0,synthetic_generator,demo_gen_seed42,SYNTHETIC,true,false,42,generator-synthetic-v1.0.0,synthetic-v1.0.0,2025-04-30
SYN_T0067,7,C7,DEP_02,UP_07,2025-04,2025-04-30,3.21,2.0,4.0,0.284,3.0,3.0,3.0,4.0,0.0,0.0,1.0,0.333,0.0,0.143,1,0,3.25,3.0,4.0,0.0,0.0,5.0,8.0,0.615,1.0,1.0,0.477,3.0,2.0,2.354,4.0,0.0,0.736,0.477,3.144,1,0.0,3.0,synthetic_generator,demo_gen_seed42,SYNTHETIC,true,false,42,generator-synthetic-v1.0.0,synthetic-v1.0.0,2025-04-30
SYN_T0068,5,C5,DEP_03,UP_08,2025-04,2025-04-30,2.69,3.0,5.0,1.996,3.0,2.0,3.0,3.0,-1.0,1.0,0.0,0.0,0.0,0.143,1,0,2.75,2.0,3.0,0.0,0.0,3.0,7.0,0.538,1.0,0.0,0.198,4.0,2.0,2.561,4.0,0.0,0.383,0.198,2.384,1,1.0,4.0,synthetic_generator,demo_gen_seed42,SYNTHETIC,true,false,42,generator-synthetic-v1.0.0,synthetic-v1.0.0,2025-04-30
SYN_T0069,9,C9,DEP_04,UP_09,2025-04,2025-04-30,2.04,1.0,3.0,1.171,2.0,2.0,2.0,2.0,0.0,0.0,0.0,0.0,30.0,0.429,1,1,2.0,2.0,2.0,0.0,0.0,3.0,7.0,0.538,3.0,0.0,0.43,4.0,2.0,3.228,4.0,0.986,0.664,0.43,3.409,3,6.0,4.0,synthetic_generator,demo_gen_seed42,SYNTHETIC,true,false,42,generator-synthetic-v1.0.0,synthetic-v1.0.0,2025-04-30
SYN_T0071,11,C11,DEP_01,UP_11,2025-04,2025-04-30,4.0,3.0,5.0,0.92,4.0,4.0,4.0,4.0,0.0,0.0,0.0,0.0,999.0,0.0,0,1,4.0,4.0,4.0,0.0,0.0,5.0,6.0,0.462,0.0,0.0,0.75,4.0,1.0,2.049,4.0,13.0,0.516,-0.05,1.568,0,6.0,4.0,synthetic_generator,demo_gen_seed42,SYNTHETIC,true,false,42,generator-synthetic-v1.0.0,synthetic-v1.0.0,2025-04-30
SYN_T0071,13,C13,DEP_01,UP_11,2025-04,2025-04-30,3.13,2.0,4.0,0.0,3.0,3.0,4.0,4.0,0.0,1.0,0.0,0.333,30.0,0.286,0,0,3.5,3.0,4.0,0.0,0.0,3.0,6.0,0.462,2.0,0.0,0.987,2.0,2.0,2.049,4.0,0.986,0.891,0.987,1.568,2,1.0,2.0,synthetic_generator,demo_gen_seed42,SYNTHETIC,true,false,42,generator-synthetic-v1.0.0,synthetic-v1.0.0,2025-04-30
SYN_T0074,6,C6,DEP_04,UP_02,2025-04,2025-04-30,3.17,1.0,3.0,0.0,4.0,4.0,4.0,4.0,0.0,0.0,0.0,0.0,30.0,0.286,0,1,4.0,4.0,4.0,0.0,0.0,4.0,9.0,0.692,2.0,0.0,0.704,0.0,0.0,2.791,4.0,0.986,0.742,0.704,3.475,2,3.0,0.0,synthetic_generator,demo_gen_seed42,SYNTHETIC,true,false,42,generator-synthetic-v1.0.0,synthetic-v1.0.0,2025-04-30
SYN_T0074,9,C9,DEP_04,UP_02,2025-04,2025-04-30,2.6,1.0,3.0,0.0,3.0,4.0,4.0,4.0,1.0,0.0,0.0,0.333,61.0,0.143,0,0,3.75,3.0,4.0,0.0,0.0,3.0,9.0,0.692,1.0,0.0,0.689,0.0,0.0,2.791,4.0,2.004,0.778,0.689,3.475,1,2.0,0.0,synthetic_generator,demo_gen_seed42,SYNTHETIC,true,false,42,generator-synthetic-v1.0.0,synthetic-v1.0.0,2025-04-30
SYN_T0076,11,C11,DEP_01,UP_04,2025-04,2025-04-30,1.01,3.0,5.0,4.006,1.0,1.0,1.0,1.0,0.0,0.0,0.0,0.0,61.0,0.143,0,1,1.0,1.0,1.0,0.0,4.0,5.0,8.0,0.615,1.0,0.0,0.63,4.0,2.0,2.934,4.0,2.004,0.675,0.63,2.901,1,6.0,4.0,synthetic_generator,demo_gen_seed42,SYNTHETIC,true,false,42,generator-synthetic-v1.0.0,synthetic-v1.0.0,2025-04-30
SYN_T0078,11,C11,DEP_03,UP_06,2025-04,2025-04-30,2.25,3.0,5.0,2.344,3.0,3.0,3.0,3.0,0.0,0.0,0.0,0.0,30.0,0.143,1,1,3.0,3.0,3.0,0.0,0.0,5.0,8.0,0.615,1.0,0.0,0.496,4.0,4.0,2.654,4.0,0.986,0.676,0.496,2.775,1,6.0,4.0,synthetic_generator,demo_gen_seed42,SYNTHETIC,true,false,42,generator-synthetic-v1.0.0,synthetic-v1.0.0,2025-04-30
SYN_T0087,9,C9,DEP_02,UP_03,2025-04,2025-04-30,2.89,1.0,3.0,0.0,3.0,3.0,3.0,4.0,0.0,0.0,1.0,0.333,0.0,0.286,1,0,3.25,3.0,4.0,0.0,0.0,3.0,7.0,0.538,2.0,0.0,0.403,0.0,0.0,2.246,4.0,0.0,0.677,0.403,2.473,2,0.0,0.0,synthetic_generator,demo_gen_seed42,SYNTHETIC,true,false,42,generator-synthetic-v1.0.0,synthetic-v1.0.0,2025-04-30
SYN_T0088,5,C5,DEP_03,UP_04,2025-04,2025-04-30,3.43,3.0,5.0,1.895,4.0,4.0,4.0,4.0,0.0,0.0,0.0,0.0,89.0,0.143,0,1,4.0,4.0,4.0,0.0,0.0,3.0,8.0,0.615,1.0,0.0,0.63,4.0,2.0,2.529,4.0,2.924,0.713,0.63,1.975,1,3.0,4.0,synthetic_generator,demo_gen_seed42,SYNTHETIC,true,false,42,generator-synthetic-v1.0.0,synthetic-v1.0.0,2025-04-30
SYN_T0088,6,C6,DEP_03,UP_04,2025-04,2025-04-30,3.21,1.0,3.0,0.0,3.0,2.0,3.0,3.0,-1.0,1.0,0.0,0.0,30.0,0.143,0,0,2.75,2.0,3.0,0.0,0.0,4.0,8.0,0.615,1.0,1.0,0.67,1.0,1.0,2.529,4.0,0.986,0.846,0.67,1.975,1,1.0,1.0,synthetic_generator,demo_gen_seed42,SYNTHETIC,true,false,42,generator-synthetic-v1.0.0,synthetic-v1.0.0,2025-04-30
SYN_T0091,10,C10,DEP_01,UP_07,2025-04,2025-04-30,1.98,2.0,4.0,1.083,3.0,3.0,3.0,3.0,0.0,0.0,0.0,0.0,61.0,0.143,1,1,3.0,3.0,3.0,0.0,0.0,4.0,6.0,0.462,1.0,0.0,0.334,4.0,1.0,2.861,4.0,2.004,0.452,0.334,3.14,1,6.0,4.0,synthetic_generator,demo_gen_seed42,SYNTHETIC,true,false,42,generator-synthetic-v1.0.0,synthetic-v1.0.0,2025-04-30
SYN_T0093,7,C7,DEP_03,UP_09,2025-04,2025-04-30,4.33,2.0,4.0,0.0,5.0,5.0,5.0,5.0,0.0,0.0,0.0,0.0,61.0,0.143,0,1,5.0,5.0,5.0,4.0,0.0,5.0,6.0,0.462,1.0,1.0,0.623,0.0,0.0,2.55,4.0,2.004,0.752,0.623,3.041,1,6.0,0.0,synthetic_generator,demo_gen_seed42,SYNTHETIC,true,false,42,generator-synthetic-v1.0.0,synthetic-v1.0.0,2025-04-30
SYN_T0093,12,C12,DEP_03,UP_09,2025-04,2025-04-30,3.32,1.0,3.0,0.0,5.0,5.0,5.0,5.0,0.0,0.0,0.0,0.0,30.0,0.429,0,1,5.0,5.0,5.0,4.0,0.0,2.0,6.0,0.462,3.0,0.0,0.564,0.0,0.0,2.55,4.0,0.986,0.615,0.564,3.041,3,3.0,0.0,synthetic_generator,demo_gen_seed42,SYNTHETIC,true,false,42,generator-synthetic-v1.0.0,synthetic-v1.0.0,2025-04-30
SYN_T0094,3,C3,DEP_04,UP_10,2025-04,2025-04-30,3.24,1.0,3.0,0.0,2.0,2.0,2.0,3.0,0.0,0.0,1.0,0.333,0.0,0.286,1,0,2.25,2.0,3.0,0.0,0.0,5.0,7.0,0.538,2.0,0.0,0.337,3.0,1.0,2.508,4.0,0.0,0.705,0.337,2.715,2,0.0,3.0,synthetic_generator,demo_gen_seed42,SYNTHETIC,true,false,42,generator-synthetic-v1.0.0,synthetic-v1.0.0,2025-04-30
SYN_T0095,8,C8,DEP_05,UP_11,2025-04,2025-04-30,2.8,3.0,5.0,1.905,3.0,3.0,3.0,3.0,0.0,0.0,0.0,0.0,61.0,0.143,0,1,3.0,3.0,3.0,0.0,0.0,2.0,6.0,0.462,1.0,1.0,0.624,4.0,2.0,1.815,4.0,2.004,0.68,0.624,2.261,1,5.0,4.0,synthetic_generator,demo_gen_seed42,SYNTHETIC,true,false,42,generator-synthetic-v1.0.0,synthetic-v1.0.0,2025-04-30
SYN_T0098,9,C9,DEP_03,UP_02,2025-04,2025-04-30,3.68,1.0,3.0,0.0,3.0,3.0,3.0,3.0,0.0,0.0,0.0,0.0,999.0,0.0,0,1,3.0,3.0,3.0,0.0,0.0,3.0,7.0,0.538,0.0,1.0,0.561,0.0,0.0,1.855,4.0,13.0,0.243,0.561,2.043,0,6.0,0.0,synthetic_generator,demo_gen_seed42,SYNTHETIC,true,false,42,generator-synthetic-v1.0.0,synthetic-v1.0.0,2025-04-30
SYN_T0001,12,C12,DEP_01,UP_01,2025-05,2025-05-31,2.89,1.0,3.0,0.0,3.0,3.0,3.0,3.0,0.0,0.0,0.0,0.0,61.0,0.125,0,1,3.0,3.0,3.0,0.0,0.0,2.0,6.0,0.462,1.0,1.0,0.676,0.0,0.0,2.421,5.0,2.004,0.66,0.676,3.296,1,7.0,0.0,synthetic_generator,demo_gen_seed42,SYNTHETIC,true,false,42,generator-synthetic-v1.0.0,synthetic-v1.0.0,2025-05-31
SYN_T0003,8,C8,DEP_03,UP_03,2025-05,2025-05-31,5.0,3.0,5.0,0.0,5.0,5.0,5.0,5.0,0.0,0.0,0.0,0.0,0.0,0.125,0,1,5.0,5.0,5.0,4.0,0.0,2.0,6.0,0.462,1.0,0.0,0.68,0.0,0.0,2.904,5.0,0.0,0.593,0.68,3.058,1,7.0,0.0,synthetic_generator,demo_gen_seed42,SYNTHETIC,true,false,42,generator-synthetic-v1.0.0,synthetic-v1.0.0,2025-05-31
SYN_T0004,5,C5,DEP_04,UP_04,2025-05,2025-05-31,4.41,3.0,5.0,0.944,4.0,4.0,4.0,4.0,0.0,0.0,0.0,0.0,31.0,0.25,1,1,4.0,4.0,4.0,0.0,0.0,3.0,7.0,0.538,2.0,0.0,0.42,5.0,3.0,2.992,5.0,1.018,0.643,0.42,3.092,2,7.0,5.0,synthetic_generator,demo_gen_seed42,SYNTHETIC,true,false,42,generator-synthetic-v1.0.0,synthetic-v1.0.0,2025-05-31
SYN_T0007,5,C5,DEP_02,UP_07,2025-05,2025-05-31,1.91,3.0,5.0,3.287,2.0,2.0,2.0,2.0,0.0,0.0,0.0,0.0,999.0,0.0,1,1,2.0,2.0,2.0,0.0,0.0,3.0,7.0,0.538,0.0,0.0,0.366,5.0,2.0,2.827,5.0,13.0,0.33,0.366,2.513,0,7.0,5.0,synthetic_generator,demo_gen_seed42,SYNTHETIC,true,false,42,generator-synthetic-v1.0.0,synthetic-v1.0.0,2025-05-31
SYN_T0007,6,C6,DEP_02,UP_07,2025-05,2025-05-31,1.53,1.0,3.0,1.004,2.0,2.0,2.0,2.0,0.0,0.0,0.0,0.0,999.0,0.0,0,1,2.0,2.0,2.0,0.0,0.0,4.0,7.0,0.538,0.0,1.0,0.536,5.0,4.0,2.827,5.0,13.0,0.48,0.536,2.513,0,5.0,5.0,synthetic_generator,demo_gen_seed42,SYNTHETIC,true,false,42,generator-synthetic-v1.0.0,synthetic-v1.0.0,2025-05-31
SYN_T0008,10,C10,DEP_03,UP_08,2025-05,2025-05-31,2.75,2.0,4.0,0.0,3.0,3.0,4.0,4.0,0.0,1.0,0.0,0.333,31.0,0.25,0,0,3.5,3.0,4.0,0.0,0.0,4.0,8.0,0.615,2.0,0.0,0.542,2.0,1.0,2.264,5.0,1.018,0.663,0.542,2.755,2,1.0,2.0,synthetic_generator,demo_gen_seed42,SYNTHETIC,true,false,42,generator-synthetic-v1.0.0,synthetic-v1.0.0,2025-05-31
SYN_T0008,12,C12,DEP_03,UP_08,2025-05,2025-05-31,2.62,1.0,3.0,0.0,4.0,4.0,4.0,4.0,0.0,0.0,0.0,0.0,999.0,0.0,0,1,4.0,4.0,4.0,0.0,0.0,2.0,8.0,0.615,0.0,0.0,0.615,0.0,0.0,2.264,5.0,13.0,0.436,0.615,2.755,0,7.0,0.0,synthetic_generator,demo_gen_seed42,SYNTHETIC,true,false,42,generator-synthetic-v1.0.0,synthetic-v1.0.0,2025-05-31
SYN_T0011,7,C7,DEP_01,UP_11,2025-05,2025-05-31,2.43,2.0,4.0,0.968,3.0,3.0,3.0,3.0,0.0,0.0,0.0,0.0,999.0,0.0,0,1,3.0,3.0,3.0,0.0,0.0,5.0,8.0,0.615,0.0,0.0,1.0,5.0,3.0,3.24,5.0,13.0,0.568,1.0,3.265,0,5.0,5.0,synthetic_generator,demo_gen_seed42,SYNTHETIC,true,false,42,generator-synthetic-v1.0.0,synthetic-v1.0.0,2025-05-31
SYN_T0014,12,C12,DEP_04,UP_02,2025-05,2025-05-31,2.37,1.0,3.0,0.0,3.0,3.0,3.0,3.0,0.0,0.0,0.0,0.0,999.0,0.0,1,1,3.0,3.0,3.0,0.0,0.0,2.0,8.0,0.615,0.0,0.0,0.286,0.0,0.0,3.193,5.0,13.0,0.327,0.286,2.924,0,7.0,0.0,synthetic_generator,demo_gen_seed42,SYNTHETIC,true,false,42,generator-synthetic-v1.0.0,synthetic-v1.0.0,2025-05-31
SYN_T0016,2,C2,DEP_01,UP_04,2025-05,2025-05-31,1.8,3.0,5.0,2.966,2.0,2.0,2.0,2.0,0.0,0.0,0.0,0.0,0.0,0.125,1,1,2.0,2.0,2.0,0.0,0.0,4.0,7.0,0.538,1.0,0.0,0.11,5.0,3.0,2.196,5.0,0.0,0.522,0.11,2.304,1,7.0,5.0,synthetic_generator,demo_gen_seed42,SYNTHETIC,true,false,42,generator-synthetic-v1.0.0,synthetic-v1.0.0,2025-05-31
SYN_T0019,11,C11,DEP_04,UP_07,2025-05,2025-05-31,4.43,3.0,5.0,0.0,5.0,5.0,5.0,5.0,0.0,0.0,0.0,0.0,92.0,0.25,0,1,5.0,5.0,5.0,4.0,0.0,5.0,9.0,0.692,2.0,0.0,0.707,0.0,0.0,3.114,5.0,3.022,0.686,0.707,2.753,2,7.0,0.0,synthetic_generator,demo_gen_seed42,SYNTHETIC,true,false,42,generator-synthetic-v1.0.0,synthetic-v1.0.0,2025-05-31
SYN_T0021,2,C2,DEP_01,UP_09,2025-05,2025-05-31,3.68,3.0,5.0,0.042,3.0,3.0,4.0,4.0,0.0,1.0,0.0,0.333,31.0,0.25,0,0,3.5,3.0,4.0,0.0,0.0,4.0,7.0,0.538,2.0,1.0,0.737,5.0,4.0,2.608,5.0,1.018,0.982,0.737,2.497,2,1.0,5.0,synthetic_generator,demo_gen_seed42,SYNTHETIC,true,false,42,generator-synthetic-v1.0.0,synthetic-v1.0.0,2025-05-31
SYN_T0023,7,C7,DEP_03,UP_11,2025-05,2025-05-31,2.84,2.0,4.0,1.091,3.0,3.0,3.0,3.0,0.0,0.0,0.0,0.0,999.0,0.0,1,1,3.0,3.0,3.0,0.0,0.0,5.0,7.0,0.538,0.0,0.0,0.178,5.0,3.0,3.343,5.0,13.0,0.278,0.178,3.385,0,7.0,5.0,synthetic_generator,demo_gen_seed42,SYNTHETIC,true,false,42,generator-synthetic-v1.0.0,synthetic-v1.0.0,2025-05-31
SYN_T0023,8,C8,DEP_03,UP_11,2025-05,2025-05-31,3.44,3.0,5.0,0.968,3.0,4.0,4.0,4.0,1.0,0.0,0.0,0.333,61.0,0.125,1,0,3.75,3.0,4.0,0.0,0.0,2.0,7.0,0.538,1.0,0.0,0.107,5.0,2.0,3.343,5.0,2.004,0.403,0.107,3.385,1,2.0,5.0,synthetic_generator,demo_gen_seed42,SYNTHETIC,true,false,42,generator-synthetic-v1.0.0,synthetic-v1.0.0,2025-05-31
SYN_T0025,8,C8,DEP_05,UP_01,2025-05,2025-05-31,3.27,3.0,5.0,0.938,3.0,3.0,3.0,3.0,0.0,0.0,0.0,0.0,0.0,0.25,0,1,3.0,3.0,3.0,0.0,0.0,2.0,7.0,0.538,2.0,0.0,0.662,5.0,3.0,2.663,5.0,0.0,0.667,0.662,2.718,2,7.0,5.0,synthetic_generator,demo_gen_seed42,SYNTHETIC,true,false,42,generator-synthetic-v1.0.0,synthetic-v1.0.0,2025-05-31
SYN_T0031,1,C1,DEP_01,UP_07,2025-05,2025-05-31,1.22,2.0,4.0,1.823,2.0,2.0,2.0,2.0,0.0,0.0,0.0,0.0,999.0,0.0,0,1,2.0,2.0,2.0,0.0,0.0,3.0,7.0,0.538,0.0,0.0,0.611,5.0,4.0,3.759,5.0,13.0,0.457,0.611,3.508,0,7.0,5.0,synthetic_generator,demo_gen_seed42,SYNTHETIC,true,false,42,generator-synthetic-v1.0.0,synthetic-v1.0.0,2025-05-31
SYN_T0033,5,C5,DEP_03,UP_09,2025-05,2025-05-31,3.28,3.0,5.0,0.734,4.0,4.0,4.0,4.0,0.0,0.0,0.0,0.0,0.0,0.25,0,1,4.0,4.0,4.0,0.0,0.0,3.0,7.0,0.538,2.0,0.0,0.949,5.0,3.0,2.48,5.0,0.0,0.799,0.949,2.577,2,5.0,5.0,synthetic_generator,demo_gen_seed42,SYNTHETIC,true,false,42,generator-synthetic-v1.0.0,synthetic-v1.0.0,2025-05-31
SYN_T0035,5,C5,DEP_05,UP_11,2025-05,2025-05-31,3.98,3.0,5.0,0.967,3.0,4.0,4.0,4.0,1.0,0.0,0.0,0.333,61.0,0.125,0,0,3.75,3.0,4.0,0.0,0.0,3.0,8.0,0.615,1.0,0.0,0.799,5.0,3.0,2.917,5.0,2.004,0.599,0.799,3.204,1,2.0,5.0,synthetic_generator,demo_gen_seed42,SYNTHETIC,true,false,42,generator-synthetic-v1.0.0,synthetic-v1.0.0,2025-05-31
SYN_T0036,12,C12,DEP_01,UP_12,2025-05,2025-05-31,3.58,1.0,3.0,0.0,4.0,4.0,4.0,4.0,0.0,0.0,0.0,0.0,0.0,0.125,1,1,4.0,4.0,4.0,0.0,0.0,2.0,8.0,0.615,1.0,1.0,0.17,0.0,0.0,3.258,5.0,0.0,0.382,0.17,2.758,1,5.0,0.0,synthetic_generator,demo_gen_seed42,SYNTHETIC,true,false,42,generator-synthetic-v1.0.0,synthetic-v1.0.0,2025-05-31
SYN_T0037,4,C4,DEP_02,UP_01,2025-05,2025-05-31,2.92,2.0,4.0,0.904,3.0,3.0,3.0,3.0,0.0,0.0,0.0,0.0,999.0,0.0,0,1,3.0,3.0,3.0,0.0,0.0,2.0,8.0,0.615,0.0,1.0,0.63,5.0,2.0,2.474,5.0,13.0,0.427,0.63,2.615,0,5.0,5.0,synthetic_generator,demo_gen_seed42,SYNTHETIC,true,false,42,generator-synthetic-v1.0.0,synthetic-v1.0.0,2025-05-31
SYN_T0039,4,C4,DEP_04,UP_03,2025-05,2025-05-31,2.86,2.0,4.0,1.146,3.0,3.0,3.0,3.0,0.0,0.0,0.0,0.0,999.0,0.0,0,1,3.0,3.0,3.0,0.0,0.0,2.0,7.0,0.538,0.0,1.0,1.0,5.0,4.0,2.162,5.0,13.0,0.628,1.0,2.419,0,7.0,5.0,synthetic_generator,demo_gen_seed42,SYNTHETIC,true,false,42,generator-synthetic-v1.0.0,synthetic-v1.0.0,2025-05-31
SYN_T0040,7,C7,DEP_05,UP_04,2025-05,2025-05-31,3.65,2.0,4.0,0.0,4.0,4.0,4.0,4.0,0.0,0.0,0.0,0.0,61.0,0.125,0,1,4.0,4.0,4.0,0.0,0.0,5.0,8.0,0.615,1.0,1.0,0.767,0.0,0.0,3.181,5.0,2.004,0.759,0.767,3.214,1,7.0,0.0,synthetic_generator,demo_gen_seed42,SYNTHETIC,true,false,42,generator-synthetic-v1.0.0,synthetic-v1.0.0,2025-05-31
SYN_T0042,11,C11,DEP_02,UP_06,2025-05,2025-05-31,2.07,3.0,5.0,2.055,2.0,2.0,2.0,2.0,0.0,0.0,0.0,0.0,999.0,0.0,0,1,2.0,2.0,2.0,0.0,0.0,5.0,6.0,0.462,0.0,1.0,0.614,5.0,3.0,2.813,5.0,13.0,0.398,0.614,3.136,0,7.0,5.0,synthetic_generator,demo_gen_seed42,SYNTHETIC,true,false,42,generator-synthetic-v1.0.0,synthetic-v1.0.0,2025-05-31
SYN_T0046,12,C12,DEP_01,UP_10,2025-05,2025-05-31,3.3,1.0,3.0,0.012,4.0,4.0,4.0,4.0,0.0,0.0,0.0,0.0,999.0,0.0,1,1,4.0,4.0,4.0,0.0,0.0,2.0,8.0,0.615,0.0,1.0,0.291,0.0,0.0,2.865,5.0,13.0,0.379,0.291,2.597,0,7.0,0.0,synthetic_generator,demo_gen_seed42,SYNTHETIC,true,false,42,generator-synthetic-v1.0.0,synthetic-v1.0.0,2025-05-31
SYN_T0047,12,C12,DEP_02,UP_11,2025-05,2025-05-31,2.1,1.0,3.0,0.579,1.0,2.0,2.0,2.0,1.0,0.0,0.0,0.333,61.0,0.125,0,0,1.75,1.0,2.0,0.0,1.0,2.0,7.0,0.538,1.0,1.0,0.63,5.0,3.0,3.525,5.0,2.004,0.714,0.63,3.525,1,2.0,5.0,synthetic_generator,demo_gen_seed42,SYNTHETIC,true,false,42,generator-synthetic-v1.0.0,synthetic-v1.0.0,2025-05-31
SYN_T0048,2,C2,DEP_03,UP_12,2025-05,2025-05-31,3.33,3.0,5.0,0.95,3.0,3.0,4.0,4.0,0.0,1.0,0.0,0.333,31.0,0.25,0,0,3.5,3.0,4.0,0.0,0.0,4.0,7.0,0.538,2.0,0.0,0.841,5.0,4.0,2.965,5.0,1.018,0.828,0.841,3.226,2,1.0,5.0,synthetic_generator,demo_gen_seed42,SYNTHETIC,true,false,42,generator-synthetic-v1.0.0,synthetic-v1.0.0,2025-05-31
SYN_T0051,9,C9,DEP_01,UP_03,2025-05,2025-05-31,2.84,1.0,3.0,0.247,3.0,2.0,3.0,3.0,-1.0,1.0,0.0,0.0,31.0,0.25,1,0,2.75,2.0,3.0,0.0,0.0,3.0,6.0,0.462,2.0,0.0,0.406,1.0,0.0,2.854,5.0,1.018,0.708,0.406,3.093,2,1.0,1.0,synthetic_generator,demo_gen_seed42,SYNTHETIC,true,false,42,generator-synthetic-v1.0.0,synthetic-v1.0.0,2025-05-31
SYN_T0054,1,C1,DEP_04,UP_06,2025-05,2025-05-31,2.62,2.0,4.0,0.0,4.0,4.0,4.0,4.0,0.0,0.0,0.0,0.0,999.0,0.0,1,1,4.0,4.0,4.0,0.0,0.0,3.0,5.0,0.385,0.0,0.0,0.352,0.0,0.0,2.504,5.0,13.0,0.279,0.352,2.519,0,7.0,0.0,synthetic_generator,demo_gen_seed42,SYNTHETIC,true,false,42,generator-synthetic-v1.0.0,synthetic-v1.0.0,2025-05-31
SYN_T0056,7,C7,DEP_01,UP_08,2025-05,2025-05-31,1.5,2.0,4.0,2.054,2.0,2.0,2.0,2.0,0.0,0.0,0.0,0.0,0.0,0.25,0,1,2.0,2.0,2.0,0.0,0.0,5.0,8.0,0.615,2.0,0.0,0.698,5.0,2.0,2.471,5.0,0.0,0.637,0.698,2.095,2,7.0,5.0,synthetic_generator,demo_gen_seed42,SYNTHETIC,true,false,42,generator-synthetic-v1.0.0,synthetic-v1.0.0,2025-05-31
SYN_T0056,12,C12,DEP_01,UP_08,2025-05,2025-05-31,2.28,1.0,3.0,0.0,3.0,3.0,3.0,3.0,0.0,0.0,0.0,0.0,999.0,0.0,0,1,3.0,3.0,3.0,0.0,0.0,2.0,8.0,0.615,0.0,0.0,0.705,0.0,0.0,2.471,5.0,13.0,0.514,0.705,2.095,0,7.0,0.0,synthetic_generator,demo_gen_seed42,SYNTHETIC,true,false,42,generator-synthetic-v1.0.0,synthetic-v1.0.0,2025-05-31
SYN_T0058,7,C7,DEP_03,UP_10,2025-05,2025-05-31,2.7,2.0,4.0,0.088,4.0,4.0,4.0,3.0,0.0,0.0,-1.0,-0.333,999.0,0.0,1,0,3.75,3.0,4.0,0.0,0.0,5.0,7.0,0.538,0.0,2.0,0.489,1.0,1.0,3.715,5.0,13.0,0.574,0.489,4.128,0,0.0,1.0,synthetic_generator,demo_gen_seed42,SYNTHETIC,true,false,42,generator-synthetic-v1.0.0,synthetic-v1.0.0,2025-05-31
SYN_T0061,3,C3,DEP_01,UP_01,2025-05,2025-05-31,2.68,1.0,3.0,0.0,3.0,3.0,3.0,3.0,0.0,0.0,0.0,0.0,0.0,0.125,0,1,3.0,3.0,3.0,0.0,0.0,5.0,7.0,0.538,1.0,1.0,0.732,0.0,0.0,1.798,5.0,0.0,0.624,0.732,1.326,1,7.0,0.0,synthetic_generator,demo_gen_seed42,SYNTHETIC,true,false,42,generator-synthetic-v1.0.0,synthetic-v1.0.0,2025-05-31
SYN_T0062,7,C7,DEP_02,UP_02,2025-05,2025-05-31,2.11,2.0,4.0,2.026,2.0,2.0,2.0,2.0,0.0,0.0,0.0,0.0,120.0,0.125,0,1,2.0,2.0,2.0,0.0,0.0,5.0,6.0,0.462,1.0,0.0,0.526,5.0,2.0,2.343,5.0,3.942,0.721,0.526,2.457,1,3.0,5.0,synthetic_generator,demo_gen_seed42,SYNTHETIC,true,false,42,generator-synthetic-v1.0.0,synthetic-v1.0.0,2025-05-31
SYN_T0063,5,C5,DEP_03,UP_03,2025-05,2025-05-31,2.79,3.0,5.0,2.108,3.0,3.0,3.0,3.0,0.0,0.0,0.0,0.0,0.0,0.125,0,1,3.0,3.0,3.0,0.0,0.0,3.0,7.0,0.538,1.0,1.0,0.678,5.0,3.0,2.83,5.0,0.0,0.739,0.678,2.887,1,7.0,5.0,synthetic_generator,demo_gen_seed42,SYNTHETIC,true,false,42,generator-synthetic-v1.0.0,synthetic-v1.0.0,2025-05-31
SYN_T0064,6,C6,DEP_04,UP_04,2025-05,2025-05-31,2.25,1.0,3.0,0.0,3.0,3.0,3.0,3.0,0.0,0.0,0.0,0.0,999.0,0.0,1,1,3.0,3.0,3.0,0.0,0.0,4.0,8.0,0.615,0.0,1.0,0.341,0.0,0.0,2.922,5.0,13.0,0.329,0.341,3.113,0,4.0,0.0,synthetic_generator,demo_gen_seed42,SYNTHETIC,true,false,42,generator-synthetic-v1.0.0,synthetic-v1.0.0,2025-05-31
SYN_T0072,2,C2,DEP_02,UP_12,2025-05,2025-05-31,2.53,3.0,5.0,1.809,3.0,3.0,3.0,3.0,0.0,0.0,0.0,0.0,999.0,0.0,1,1,3.0,3.0,3.0,0.0,0.0,4.0,6.0,0.462,0.0,2.0,0.398,5.0,4.0,2.213,5.0,13.0,0.414,0.398,2.008,0,7.0,5.0,synthetic_generator,demo_gen_seed42,SYNTHETIC,true,false,42,generator-synthetic-v1.0.0,synthetic-v1.0.0,2025-05-31
SYN_T0074,7,C7,DEP_04,UP_02,2025-05,2025-05-31,2.48,2.0,4.0,0.809,2.0,2.0,2.0,3.0,0.0,0.0,1.0,0.333,0.0,0.125,0,0,2.25,2.0,3.0,0.0,0.0,5.0,9.0,0.692,1.0,1.0,0.725,5.0,3.0,2.899,5.0,0.0,0.785,0.725,3.333,1,0.0,5.0,synthetic_generator,demo_gen_seed42,SYNTHETIC,true,false,42,generator-synthetic-v1.0.0,synthetic-v1.0.0,2025-05-31
SYN_T0075,2,C2,DEP_05,UP_03,2025-05,2025-05-31,3.18,3.0,5.0,0.176,4.0,4.0,4.0,4.0,0.0,0.0,0.0,0.0,120.0,0.125,0,1,4.0,4.0,4.0,0.0,0.0,4.0,6.0,0.462,1.0,0.0,0.618,5.0,3.0,2.789,5.0,3.942,0.536,0.618,3.234,1,7.0,5.0,synthetic_generator,demo_gen_seed42,SYNTHETIC,true,false,42,generator-synthetic-v1.0.0,synthetic-v1.0.0,2025-05-31
SYN_T0076,6,C6,DEP_01,UP_04,2025-05,2025-05-31,3.34,1.0,3.0,0.0,4.0,4.0,4.0,4.0,0.0,0.0,0.0,0.0,0.0,0.125,0,1,4.0,4.0,4.0,0.0,0.0,4.0,8.0,0.615,1.0,1.0,0.75,0.0,0.0,3.049,5.0,0.0,0.722,0.75,3.509,1,7.0,0.0,synthetic_generator,demo_gen_seed42,SYNTHETIC,true,false,42,generator-synthetic-v1.0.0,synthetic-v1.0.0,2025-05-31
SYN_T0077,10,C10,DEP_02,UP_05,2025-05,2025-05-31,2.63,2.0,4.0,1.035,3.0,3.0,3.0,3.0,0.0,0.0,0.0,0.0,999.0,0.0,0,1,3.0,3.0,3.0,0.0,0.0,4.0,7.0,0.538,0.0,0.0,0.616,5.0,3.0,2.223,5.0,13.0,0.286,0.616,1.7,0,7.0,5.0,synthetic_generator,demo_gen_seed42,SYNTHETIC,true,false,42,generator-synthetic-v1.0.0,synthetic-v1.0.0,2025-05-31
SYN_T0080,1,C1,DEP_05,UP_08,2025-05,2025-05-31,4.2,2.0,4.0,0.0,4.0,4.0,4.0,5.0,0.0,0.0,1.0,0.333,0.0,0.125,0,0,4.25,4.0,5.0,1.0,0.0,3.0,6.0,0.462,1.0,0.0,0.516,0.0,0.0,2.623,5.0,0.0,0.637,0.516,2.063,1,0.0,0.0,synthetic_generator,demo_gen_seed42,SYNTHETIC,true,false,42,generator-synthetic-v1.0.0,synthetic-v1.0.0,2025-05-31
SYN_T0081,3,C3,DEP_01,UP_09,2025-05,2025-05-31,1.24,1.0,3.0,1.207,1.0,1.0,1.0,1.0,0.0,0.0,0.0,0.0,999.0,0.0,0,1,1.0,1.0,1.0,0.0,4.0,5.0,9.0,0.692,0.0,0.0,0.837,5.0,3.0,2.833,5.0,13.0,0.647,0.837,3.049,0,3.0,5.0,synthetic_generator,demo_gen_seed42,SYNTHETIC,true,false,42,generator-synthetic-v1.0.0,synthetic-v1.0.0,2025-05-31
SYN_T0081,5,C5,DEP_01,UP_09,2025-05,2025-05-31,1.5,3.0,5.0,2.973,1.0,1.0,1.0,1.0,0.0,0.0,0.0,0.0,92.0,0.125,0,1,1.0,1.0,1.0,0.0,4.0,3.0,9.0,0.692,1.0,1.0,0.867,5.0,4.0,2.833,5.0,3.022,0.571,0.867,3.049,1,7.0,5.0,synthetic_generator,demo_gen_seed42,SYNTHETIC,true,false,42,generator-synthetic-v1.0.0,synthetic-v1.0.0,2025-05-31
SYN_T0083,2,C2,DEP_03,UP_11,2025-05,2025-05-31,3.17,3.0,5.0,0.847,3.0,3.0,3.0,4.0,0.0,0.0,1.0,0.333,0.0,0.25,0,0,3.25,3.0,4.0,0.0,0.0,4.0,7.0,0.538,2.0,0.0,0.655,5.0,4.0,2.339,5.0,0.0,0.592,0.655,2.811,2,0.0,5.0,synthetic_generator,demo_gen_seed42,SYNTHETIC,true,false,42,generator-synthetic-v1.0.0,synthetic-v1.0.0,2025-05-31
SYN_T0084,11,C11,DEP_04,UP_12,2025-05,2025-05-31,3.62,3.0,5.0,0.0,4.0,4.0,4.0,4.0,0.0,0.0,0.0,0.0,0.0,0.125,0,1,4.0,4.0,4.0,0.0,0.0,5.0,7.0,0.538,1.0,1.0,0.906,5.0,1.0,2.531,5.0,0.0,0.71,0.906,2.311,1,7.0,5.0,synthetic_generator,demo_gen_seed42,SYNTHETIC,true,false,42,generator-synthetic-v1.0.0,synthetic-v1.0.0,2025-05-31
SYN_T0084,13,C13,DEP_04,UP_12,2025-05,2025-05-31,3.0,2.0,4.0,0.069,4.0,4.0,4.0,4.0,0.0,0.0,0.0,0.0,92.0,0.25,0,1,4.0,4.0,4.0,0.0,0.0,3.0,7.0,0.538,2.0,1.0,0.903,1.0,0.0,2.531,5.0,3.022,0.749,0.903,2.311,2,3.0,1.0,synthetic_generator,demo_gen_seed42,SYNTHETIC,true,false,42,generator-synthetic-v1.0.0,synthetic-v1.0.0,2025-05-31
SYN_T0087,9,C9,DEP_02,UP_03,2025-05,2025-05-31,3.57,1.0,3.0,0.0,3.0,3.0,4.0,4.0,0.0,1.0,0.0,0.333,31.0,0.25,0,0,3.5,3.0,4.0,0.0,0.0,3.0,7.0,0.538,2.0,0.0,0.54,0.0,0.0,2.388,5.0,1.018,0.92,0.54,2.954,2,1.0,0.0,synthetic_generator,demo_gen_seed42,SYNTHETIC,true,false,42,generator-synthetic-v1.0.0,synthetic-v1.0.0,2025-05-31
SYN_T0087,10,C10,DEP_02,UP_03,2025-05,2025-05-31,2.11,2.0,4.0,2.006,2.0,2.0,2.0,3.0,0.0,0.0,1.0,0.333,92.0,0.25,0,0,2.25,2.0,3.0,0.0,0.0,4.0,7.0,0.538,2.0,0.0,0.55,5.0,4.0,2.388,5.0,3.022,0.613,0.55,2.954,2,0.0,5.0,synthetic_generator,demo_gen_seed42,SYNTHETIC,true,false,42,generator-synthetic-v1.0.0,synthetic-v1.0.0,2025-05-31
SYN_T0088,13,C13,DEP_03,UP_04,2025-05,2025-05-31,2.22,2.0,4.0,1.136,3.0,3.0,3.0,3.0,0.0,0.0,0.0,0.0,999.0,0.0,0,1,3.0,3.0,3.0,0.0,0.0,3.0,8.0,0.615,0.0,1.0,0.675,5.0,5.0,2.539,5.0,13.0,0.409,0.675,2.58,0,7.0,5.0,synthetic_generator,demo_gen_seed42,SYNTHETIC,true,false,42,generator-synthetic-v1.0.0,synthetic-v1.0.0,2025-05-31
SYN_T0090,3,C3,DEP_05,UP_06,2025-05,2025-05-31,2.27,1.0,3.0,0.0,2.0,3.0,2.0,3.0,1.0,-1.0,1.0,0.333,0.0,0.125,1,0,2.5,2.0,3.0,0.0,0.0,5.0,7.0,0.538,1.0,0.0,0.164,2.0,0.0,2.713,5.0,0.0,0.462,0.164,2.408,1,0.0,2.0,synthetic_generator,demo_gen_seed42,SYNTHETIC,true,false,42,generator-synthetic-v1.0.0,synthetic-v1.0.0,2025-05-31
SYN_T0090,8,C8,DEP_05,UP_06,2025-05,2025-05-31,2.62,3.0,5.0,2.251,2.0,2.0,3.0,3.0,0.0,1.0,0.0,0.333,31.0,0.125,1,0,2.5,2.0,3.0,0.0,0.0,2.0,7.0,0.538,1.0,0.0,0.256,5.0,3.0,2.713,5.0,1.018,0.479,0.256,2.408,1,1.0,5.0,synthetic_generator,demo_gen_seed42,SYNTHETIC,true,false,42,generator-synthetic-v1.0.0,synthetic-v1.0.0,2025-05-31
SYN_T0090,12,C12,DEP_05,UP_06,2025-05,2025-05-31,2.35,1.0,3.0,0.0,3.0,3.0,3.0,3.0,0.0,0.0,0.0,0.0,0.0,0.125,1,1,3.0,3.0,3.0,0.0,0.0,2.0,7.0,0.538,1.0,1.0,0.26,0.0,0.0,2.713,5.0,0.0,0.346,0.26,2.408,1,5.0,0.0,synthetic_generator,demo_gen_seed42,SYNTHETIC,true,false,42,generator-synthetic-v1.0.0,synthetic-v1.0.0,2025-05-31
SYN_T0090,13,C13,DEP_05,UP_06,2025-05,2025-05-31,2.76,2.0,4.0,1.017,3.0,3.0,3.0,3.0,0.0,0.0,0.0,0.0,999.0,0.0,1,1,3.0,3.0,3.0,0.0,0.0,3.0,7.0,0.538,0.0,0.0,0.159,5.0,3.0,2.713,5.0,13.0,0.021,0.159,,0,7.0,5.0,synthetic_generator,demo_gen_seed42,SYNTHETIC,true,false,42,generator-synthetic-v1.0.0,synthetic-v1.0.0,2025-05-31
SYN_T0092,1,C1,DEP_02,UP_08,2025-05,2025-05-31,2.4,2.0,4.0,0.0,3.0,3.0,4.0,4.0,0.0,1.0,0.0,0.333,0.0,0.25,1,0,3.5,3.0,4.0,0.0,0.0,3.0,8.0,0.615,2.0,0.0,0.444,3.0,1.0,2.728,5.0,0.0,0.644,0.444,2.917,2,1.0,3.0,synthetic_generator,demo_gen_seed42,SYNTHETIC,true,false,42,generator-synthetic-v1.0.0,synthetic-v1.0.0,2025-05-31
SYN_T0092,9,C9,DEP_02,UP_08,2025-05,2025-05-31,3.22,1.0,3.0,0.0,3.0,3.0,3.0,3.0,0.0,0.0,0.0,0.0,0.0,0.125,0,1,3.0,3.0,3.0,0.0,0.0,3.0,8.0,0.615,1.0,0.0,0.542,0.0,0.0,2.728,5.0,0.0,0.551,0.542,2.917,1,7.0,0.0,synthetic_generator,demo_gen_seed42,SYNTHETIC,true,false,42,generator-synthetic-v1.0.0,synthetic-v1.0.0,2025-05-31
SYN_T0001,8,C8,DEP_01,UP_01,2025-06,2025-06-30,2.28,3.0,5.0,0.906,3.0,3.0,3.0,3.0,0.0,0.0,0.0,0.0,0.0,0.222,0,1,3.0,3.0,3.0,0.0,0.0,2.0,6.0,0.462,2.0,1.0,0.532,6.0,3.0,2.49,6.0,0.0,0.646,0.532,2.837,2,8.0,6.0,synthetic_generator,demo_gen_seed42,SYNTHETIC,true,false,42,generator-synthetic-v1.0.0,synthetic-v1.0.0,2025-06-30
SYN_T0001,12,C12,DEP_01,UP_01,2025-06,2025-06-30,2.24,1.0,3.0,0.0,3.0,3.0,3.0,3.0,0.0,0.0,0.0,0.0,91.0,0.111,0,1,3.0,3.0,3.0,0.0,0.0,2.0,6.0,0.462,1.0,0.0,0.592,0.0,0.0,2.49,6.0,2.989,0.56,0.592,2.837,1,8.0,0.0,synthetic_generator,demo_gen_seed42,SYNTHETIC,true,false,42,generator-synthetic-v1.0.0,synthetic-v1.0.0,2025-06-30
SYN_T0003,7,C7,DEP_03,UP_03,2025-06,2025-06-30,0.95,2.0,4.0,2.78,2.0,2.0,2.0,1.0,0.0,0.0,-1.0,-0.333,999.0,0.0,0,0,1.75,1.0,2.0,0.0,1.0,5.0,6.0,0.462,0.0,0.0,0.639,6.0,2.0,2.926,6.0,13.0,0.505,0.639,3.035,0,0.0,6.0,synthetic_generator,demo_gen_seed42,SYNTHETIC,true,false,42,generator-synthetic-v1.0.0,synthetic-v1.0.0,2025-06-30
SYN_T0004,9,C9,DEP_04,UP_04,2025-06,2025-06-30,3.09,1.0,3.0,0.945,1.0,2.0,2.0,2.0,1.0,0.0,0.0,0.333,999.0,0.0,1,0,1.75,1.0,2.0,0.0,1.0,3.0,7.0,0.538,0.0,0.0,0.342,6.0,4.0,2.96,6.0,13.0,0.407,0.342,2.799,0,2.0,6.0,synthetic_generator,demo_gen_seed42,SYNTHETIC,true,false,42,generator-synthetic-v1.0.0,synthetic-v1.0.0,2025-06-30
SYN_T0010,12,C12,DEP_05,UP_10,2025-06,2025-06-30,1.56,1.0,3.0,1.841,1.0,1.0,1.0,1.0,0.0,0.0,0.0,0.0,999.0,0.0,1,1,1.0,1.0,1.0,0.0,4.0,2.0,7.0,0.538,0.0,0.0,0.314,6.0,5.0,1.912,6.0,13.0,0.33,0.314,1.986,0,8.0,6.0,synthetic_generator,demo_gen_seed42,SYNTHETIC,true,false,42,generator-synthetic-v1.0.0,synthetic-v1.0.0,2025-06-30
SYN_T0012,13,C13,DEP_02,UP_12,2025-06,2025-06-30,2.7,2.0,4.0,1.166,3.0,3.0,3.0,3.0,0.0,0.0,0.0,0.0,0.0,0.222,0,1,3.0,3.0,3.0,0.0,0.0,3.0,7.0,0.538,2.0,0.0,0.562,6.0,4.0,3.076,6.0,0.0,0.65,0.562,3.251,2,8.0,6.0,synthetic_generator,demo_gen_seed42,SYNTHETIC,true,false,42,generator-synthetic-v1.0.0,synthetic-v1.0.0,2025-06-30
SYN_T0014,4,C4,DEP_04,UP_02,2025-06,2025-06-30,1.97,2.0,4.0,0.821,2.0,2.0,2.0,2.0,0.0,0.0,0.0,0.0,122.0,0.111,1,1,2.0,2.0,2.0,0.0,0.0,2.0,8.0,0.615,1.0,2.0,0.194,6.0,3.0,3.145,6.0,4.008,0.397,0.194,2.902,1,4.0,6.0,synthetic_generator,demo_gen_seed42,SYNTHETIC,true,false,42,generator-synthetic-v1.0.0,synthetic-v1.0.0,2025-06-30
SYN_T0014,11,C11,DEP_04,UP_02,2025-06,2025-06-30,3.09,3.0,5.0,1.973,3.0,3.0,3.0,3.0,0.0,0.0,0.0,0.0,999.0,0.0,1,1,3.0,3.0,3.0,0.0,0.0,5.0,8.0,0.615,0.0,1.0,0.234,6.0,2.0,3.145,6.0,13.0,0.166,0.234,2.902,0,8.0,6.0,synthetic_generator,demo_gen_seed42,SYNTHETIC,true,false,42,generator-synthetic-v1.0.0,synthetic-v1.0.0,2025-06-30
SYN_T0015,8,C8,DEP_05,UP_03,2025-06,2025-06-30,3.95,3.0,5.0,0.0,5.0,5.0,5.0,5.0,0.0,0.0,0.0,0.0,999.0,0.0,0,1,5.0,5.0,5.0,4.0,0.0,2.0,8.0,0.615,0.0,1.0,0.56,0.0,0.0,2.819,6.0,13.0,0.279,0.56,2.362,0,8.0,0.0,synthetic_generator,demo_gen_seed42,SYNTHETIC,true,false,42,generator-synthetic-v1.0.0,synthetic-v1.0.0,2025-06-30
SYN_T0016,12,C12,DEP_01,UP_04,2025-06,2025-06-30,1.89,1.0,3.0,0.0,4.0,3.0,4.0,3.0,-1.0,1.0,-1.0,-0.333,30.0,0.111,1,0,3.5,3.0,4.0,0.0,0.0,2.0,7.0,0.538,1.0,0.0,0.198,0.0,0.0,2.176,6.0,0.986,0.55,0.198,2.075,1,0.0,0.0,synthetic_generator,demo_gen_seed42,SYNTHETIC,true,false,42,generator-synthetic-v1.0.0,synthetic-v1.0.0,2025-06-30
SYN_T0020,12,C12,DEP_05,UP_08,2025-06,2025-06-30,2.22,1.0,3.0,0.0,3.0,3.0,3.0,3.0,0.0,0.0,0.0,0.0,999.0,0.0,0,1,3.0,3.0,3.0,0.0,0.0,2.0,7.0,0.538,0.0,1.0,0.841,0.0,0.0,2.617,6.0,13.0,0.491,0.841,2.643,0,5.0,0.0,synthetic_generator,demo_gen_seed42,SYNTHETIC,true,false,42,generator-synthetic-v1.0.0,synthetic-v1.0.0,2025-06-30
SYN_T0021,2,C2,DEP_01,UP_09,2025-06,2025-06-30,3.48,3.0,5.0,0.0,3.0,4.0,4.0,4.0,1.0,0.0,0.0,0.333,61.0,0.222,0,0,3.75,3.0,4.0,0.0,0.0,4.0,7.0,0.538,2.0,1.0,0.701,6.0,4.0,2.654,6.0,2.004,0.708,0.701,2.888,2,2.0,6.0,synthetic_generator,demo_gen_seed42,SYNTHETIC,true,false,42,generator-synthetic-v1.0.0,synthetic-v1.0.0,2025-06-30
SYN_T0024,6,C6,DEP_04,UP_12,2025-06,2025-06-30,2.89,1.0,3.0,0.0,2.0,2.0,2.0,3.0,0.0,0.0,1.0,0.333,0.0,0.222,0,0,2.25,2.0,3.0,0.0,0.0,4.0,7.0,0.538,2.0,2.0,0.724,5.0,3.0,2.552,6.0,0.0,0.861,0.724,2.748,2,0.0,5.0,synthetic_generator,demo_gen_seed42,SYNTHETIC,true,false,42,generator-synthetic-v1.0.0,synthetic-v1.0.0,2025-06-30
SYN_T0027,9,C9,DEP_02,UP_03,2025-06,2025-06-30,2.4,1.0,3.0,0.975,2.0,2.0,2.0,2.0,0.0,0.0,0.0,0.0,999.0,0.0,1,1,2.0,2.0,2.0,0.0,0.0,3.0,7.0,0.538,0.0,0.0,0.341,6.0,4.0,2.718,6.0,13.0,0.387,0.341,3.389,0,5.0,6.0,synthetic_generator,demo_gen_seed42,SYNTHETIC,true,false,42,generator-synthetic-v1.0.0,synthetic-v1.0.0,2025-06-30
SYN_T0032,7,C7,DEP_02,UP_08,2025-06,2025-06-30,3.36,2.0,4.0,0.0,4.0,5.0,5.0,5.0,1.0,0.0,0.0,0.333,61.0,0.222,0,0,4.75,4.0,5.0,3.0,0.0,5.0,7.0,0.538,2.0,0.0,0.521,0.0,0.0,2.306,6.0,2.004,0.656,0.521,2.637,2,2.0,0.0,synthetic_generator,demo_gen_seed42,SYNTHETIC,true,false,42,generator-synthetic-v1.0.0,synthetic-v1.0.0,2025-06-30
SYN_T0033,5,C5,DEP_03,UP_09,2025-06,2025-06-30,3.51,3.0,5.0,1.028,4.0,4.0,4.0,4.0,0.0,0.0,0.0,0.0,0.0,0.222,0,1,4.0,4.0,4.0,0.0,0.0,3.0,7.0,0.538,2.0,0.0,1.0,6.0,3.0,2.475,6.0,0.0,0.821,1.0,2.454,2,6.0,6.0,synthetic_generator,demo_gen_seed42,SYNTHETIC,true,false,42,generator-synthetic-v1.0.0,synthetic-v1.0.0,2025-06-30
SYN_T0034,1,C1,DEP_04,UP_10,2025-06,2025-06-30,1.65,2.0,4.0,0.819,2.0,2.0,2.0,2.0,0.0,0.0,0.0,0.0,999.0,0.0,1,1,2.0,2.0,2.0,0.0,0.0,3.0,9.0,0.692,0.0,1.0,0.398,6.0,3.0,2.287,6.0,13.0,0.189,0.398,1.889,0,6.0,6.0,synthetic_generator,demo_gen_seed42,SYNTHETIC,true,false,42,generator-synthetic-v1.0.0,synthetic-v1.0.0,2025-06-30
SYN_T0038,7,C7,DEP_03,UP_02,2025-06,2025-06-30,1.82,2.0,4.0,1.903,1.0,2.0,2.0,2.0,1.0,0.0,0.0,0.333,0.0,0.222,0,0,1.75,1.0,2.0,0.0,1.0,5.0,7.0,0.538,2.0,1.0,0.925,6.0,4.0,2.296,6.0,0.0,0.876,0.925,1.606,2,2.0,6.0,synthetic_generator,demo_gen_seed42,SYNTHETIC,true,false,42,generator-synthetic-v1.0.0,synthetic-v1.0.0,2025-06-30
SYN_T0039,1,C1,DEP_04,UP_03,2025-06,2025-06-30,1.59,2.0,4.0,0.932,2.0,3.0,2.0,2.0,1.0,-1.0,0.0,0.0,0.0,0.222,0,0,2.25,2.0,3.0,0.0,0.0,3.0,7.0,0.538,2.0,0.0,0.761,6.0,4.0,2.175,6.0,0.0,0.741,0.761,2.244,2,1.0,6.0,synthetic_generator,demo_gen_seed42,SYNTHETIC,true,false,42,generator-synthetic-v1.0.0,synthetic-v1.0.0,2025-06-30
SYN_T0039,10,C10,DEP_04,UP_03,2025-06,2025-06-30,3.06,2.0,4.0,0.0,5.0,5.0,5.0,5.0,0.0,0.0,0.0,0.0,61.0,0.222,0,1,5.0,5.0,5.0,4.0,0.0,4.0,7.0,0.538,2.0,0.0,0.906,0.0,0.0,2.175,6.0,2.004,0.766,0.906,2.244,2,6.0,0.0,synthetic_generator,demo_gen_seed42,SYNTHETIC,true,false,42,generator-synthetic-v1.0.0,synthetic-v1.0.0,2025-06-30
SYN_T0040,2,C2,DEP_05,UP_04,2025-06,2025-06-30,3.98,3.0,5.0,0.011,5.0,5.0,5.0,5.0,0.0,0.0,0.0,0.0,91.0,0.222,0,1,5.0,5.0,5.0,4.0,0.0,4.0,8.0,0.615,2.0,1.0,0.815,2.0,2.0,3.196,6.0,2.989,0.835,0.815,3.269,2,3.0,2.0,synthetic_generator,demo_gen_seed42,SYNTHETIC,true,false,42,generator-synthetic-v1.0.0,synthetic-v1.0.0,2025-06-30
SYN_T0042,10,C10,DEP_02,UP_06,2025-06,2025-06-30,2.26,2.0,4.0,0.925,3.0,3.0,3.0,3.0,0.0,0.0,0.0,0.0,30.0,0.111,1,1,3.0,3.0,3.0,0.0,0.0,4.0,6.0,0.462,1.0,0.0,0.341,6.0,2.0,2.859,6.0,0.986,0.421,0.341,3.088,1,8.0,6.0,synthetic_generator,demo_gen_seed42,SYNTHETIC,true,false,42,generator-synthetic-v1.0.0,synthetic-v1.0.0,2025-06-30
SYN_T0043,2,C2,DEP_03,UP_07,2025-06,2025-06-30,1.24,3.0,5.0,2.736,2.0,2.0,2.0,2.0,0.0,0.0,0.0,0.0,91.0,0.111,0,1,2.0,2.0,2.0,0.0,0.0,4.0,7.0,0.538,1.0,0.0,0.613,6.0,4.0,2.042,6.0,2.989,0.609,0.613,2.563,1,8.0,6.0,synthetic_generator,demo_gen_seed42,SYNTHETIC,true,false,42,generator-synthetic-v1.0.0,synthetic-v1.0.0,2025-06-30
SYN_T0043,9,C9,DEP_03,UP_07,2025-06,2025-06-30,2.35,1.0,3.0,0.86,3.0,3.0,3.0,3.0,0.0,0.0,0.0,0.0,91.0,0.222,0,1,3.0,3.0,3.0,0.0,0.0,3.0,7.0,0.538,2.0,2.0,0.558,1.0,1.0,2.042,6.0,2.989,0.691,0.558,2.563,2,3.0,1.0,synthetic_generator,demo_gen_seed42,SYNTHETIC,true,false,42,generator-synthetic-v1.0.0,synthetic-v1.0.0,2025-06-30
SYN_T0045,3,C3,DEP_05,UP_09,2025-06,2025-06-30,3.34,1.0,3.0,0.079,3.0,3.0,3.0,3.0,0.0,0.0,0.0,0.0,999.0,0.0,1,1,3.0,3.0,3.0,0.0,0.0,5.0,8.0,0.615,0.0,1.0,0.411,0.0,0.0,2.695,6.0,13.0,0.423,0.411,2.785,0,8.0,0.0,synthetic_generator,demo_gen_seed42,SYNTHETIC,true,false,42,generator-synthetic-v1.0.0,synthetic-v1.0.0,2025-06-30
SYN_T0052,11,C11,DEP_02,UP_04,2025-06,2025-06-30,1.93,3.0,5.0,3.337,2.0,2.0,2.0,2.0,0.0,0.0,0.0,0.0,999.0,0.0,1,1,2.0,2.0,2.0,0.0,0.0,5.0,6.0,0.462,0.0,2.0,0.0,6.0,3.0,3.043,6.0,13.0,0.171,0.0,2.901,0,8.0,6.0,synthetic_generator,demo_gen_seed42,SYNTHETIC,true,false,42,generator-synthetic-v1.0.0,synthetic-v1.0.0,2025-06-30
SYN_T0053,13,C13,DEP_03,UP_05,2025-06,2025-06-30,3.79,2.0,4.0,0.0,5.0,5.0,5.0,5.0,0.0,0.0,0.0,0.0,0.0,0.444,0,1,5.0,5.0,5.0,4.0,0.0,3.0,9.0,0.692,4.0,0.0,0.718,0.0,0.0,2.161,6.0,0.0,0.709,0.718,2.264,4,3.0,0.0,synthetic_generator,demo_gen_seed42,SYNTHETIC,true,false,42,generator-synthetic-v1.0.0,synthetic-v1.0.0,2025-06-30
SYN_T0054,10,C10,DEP_04,UP_06,2025-06,2025-06-30,3.33,2.0,4.0,0.0,3.0,3.0,4.0,4.0,0.0,1.0,0.0,0.333,30.0,0.111,1,0,3.5,3.0,4.0,0.0,0.0,4.0,5.0,0.385,1.0,2.0,0.244,4.0,3.0,2.481,6.0,0.986,0.498,0.244,2.367,1,1.0,4.0,synthetic_generator,demo_gen_seed42,SYNTHETIC,true,false,42,generator-synthetic-v1.0.0,synthetic-v1.0.0,2025-06-30
SYN_T0055,7,C7,DEP_05,UP_07,2025-06,2025-06-30,2.49,2.0,4.0,1.024,2.0,2.0,3.0,3.0,0.0,1.0,0.0,0.333,30.0,0.111,0,0,2.5,2.0,3.0,0.0,0.0,5.0,8.0,0.615,1.0,0.0,0.702,6.0,5.0,2.354,6.0,0.986,0.637,0.702,1.94,1,1.0,6.0,synthetic_generator,demo_gen_seed42,SYNTHETIC,true,false,42,generator-synthetic-v1.0.0,synthetic-v1.0.0,2025-06-30
SYN_T0058,9,C9,DEP_03,UP_10,2025-06,2025-06-30,3.0,1.0,3.0,0.229,3.0,3.0,3.0,3.0,0.0,0.0,0.0,0.0,91.0,0.111,1,1,3.0,3.0,3.0,0.0,0.0,3.0,7.0,0.538,1.0,1.0,0.388,0.0,0.0,3.581,6.0,2.989,0.464,0.388,2.908,1,8.0,0.0,synthetic_generator,demo_gen_seed42,SYNTHETIC,true,false,42,generator-synthetic-v1.0.0,synthetic-v1.0.0,2025-06-30
SYN_T0060,5,C5,DEP_05,UP_12,2025-06,2025-06-30,3.45,3.0,5.0,0.995,4.0,4.0,4.0,4.0,0.0,0.0,0.0,0.0,999.0,0.0,1,1,4.0,4.0,4.0,0.0,0.0,3.0,6.0,0.462,0.0,1.0,0.442,6.0,2.0,3.138,6.0,13.0,0.365,0.442,3.257,0,5.0,6.0,synthetic_generator,demo_gen_seed42,SYNTHETIC,true,false,42,generator-synthetic-v1.0.0,synthetic-v1.0.0,2025-06-30
SYN_T0060,7,C7,DEP_05,UP_12,2025-06,2025-06-30,1.48,2.0,4.0,3.051,2.0,2.0,2.0,2.0,0.0,0.0,0.0,0.0,999.0,0.0,1,1,2.0,2.0,2.0,0.0,0.0,5.0,6.0,0.462,0.0,1.0,0.384,6.0,4.0,3.138,6.0,13.0,0.156,0.384,3.257,0,8.0,6.0,synthetic_generator,demo_gen_seed42,SYNTHETIC,true,false,42,generator-synthetic-v1.0.0,synthetic-v1.0.0,2025-06-30
SYN_T0063,7,C7,DEP_03,UP_03,2025-06,2025-06-30,2.69,2.0,4.0,0.0,4.0,4.0,4.0,4.0,0.0,0.0,0.0,0.0,30.0,0.222,1,1,4.0,4.0,4.0,0.0,0.0,5.0,7.0,0.538,2.0,0.0,0.458,2.0,0.0,2.817,6.0,0.986,0.603,0.458,2.752,2,3.0,2.0,synthetic_generator,demo_gen_seed42,SYNTHETIC,true,false,42,generator-synthetic-v1.0.0,synthetic-v1.0.0,2025-06-30
SYN_T0064,12,C12,DEP_04,UP_04,2025-06,2025-06-30,3.5,1.0,3.0,0.0,3.0,3.0,3.0,4.0,0.0,0.0,1.0,0.333,91.0,0.111,1,0,3.25,3.0,4.0,0.0,0.0,2.0,8.0,0.615,1.0,0.0,0.336,0.0,0.0,2.981,6.0,2.989,0.543,0.336,3.279,1,0.0,0.0,synthetic_generator,demo_gen_seed42,SYNTHETIC,true,false,42,generator-synthetic-v1.0.0,synthetic-v1.0.0,2025-06-30
SYN_T0065,3,C3,DEP_05,UP_05,2025-06,2025-06-30,3.29,1.0,3.0,0.224,4.0,4.0,4.0,4.0,0.0,0.0,0.0,0.0,91.0,0.111,0,1,4.0,4.0,4.0,0.0,0.0,5.0,10.0,0.769,1.0,0.0,0.624,0.0,0.0,3.058,6.0,2.989,0.609,0.624,3.052,1,3.0,0.0,synthetic_generator,demo_gen_seed42,SYNTHETIC,true,false,42,generator-synthetic-v1.0.0,synthetic-v1.0.0,2025-06-30
SYN_T0065,12,C12,DEP_05,UP_05,2025-06,2025-06-30,3.84,1.0,3.0,0.0,4.0,5.0,5.0,5.0,1.0,0.0,0.0,0.333,61.0,0.222,0,0,4.75,4.0,5.0,3.0,0.0,2.0,10.0,0.769,2.0,0.0,0.573,0.0,0.0,3.058,6.0,2.004,0.789,0.573,3.052,2,2.0,0.0,synthetic_generator,demo_gen_seed42,SYNTHETIC,true,false,42,generator-synthetic-v1.0.0,synthetic-v1.0.0,2025-06-30
SYN_T0067,11,C11,DEP_02,UP_07,2025-06,2025-06-30,2.45,3.0,5.0,2.033,3.0,3.0,3.0,3.0,0.0,0.0,0.0,0.0,999.0,0.0,1,1,3.0,3.0,3.0,0.0,0.0,5.0,8.0,0.615,0.0,1.0,0.478,6.0,5.0,2.412,6.0,13.0,0.238,0.478,2.738,0,8.0,6.0,synthetic_generator,demo_gen_seed42,SYNTHETIC,true,false,42,generator-synthetic-v1.0.0,synthetic-v1.0.0,2025-06-30
SYN_T0070,1,C1,DEP_05,UP_10,2025-06,2025-06-30,0.92,2.0,4.0,2.894,2.0,2.0,1.0,1.0,0.0,-1.0,0.0,-0.333,61.0,0.111,0,0,1.5,1.0,2.0,0.0,2.0,3.0,6.0,0.462,1.0,0.0,0.812,6.0,2.0,2.801,6.0,2.004,0.797,0.812,2.902,1,1.0,6.0,synthetic_generator,demo_gen_seed42,SYNTHETIC,true,false,42,generator-synthetic-v1.0.0,synthetic-v1.0.0,2025-06-30
SYN_T0071,9,C9,DEP_01,UP_11,2025-06,2025-06-30,1.82,1.0,3.0,0.942,3.0,3.0,3.0,3.0,0.0,0.0,0.0,0.0,999.0,0.0,0,1,3.0,3.0,3.0,0.0,0.0,3.0,6.0,0.462,0.0,1.0,0.943,0.0,0.0,2.125,6.0,13.0,0.558,0.943,2.464,0,8.0,0.0,synthetic_generator,demo_gen_seed42,SYNTHETIC,true,false,42,generator-synthetic-v1.0.0,synthetic-v1.0.0,2025-06-30
SYN_T0072,2,C2,DEP_02,UP_12,2025-06,2025-06-30,2.36,3.0,5.0,2.028,3.0,3.0,3.0,3.0,0.0,0.0,0.0,0.0,0.0,0.111,1,1,3.0,3.0,3.0,0.0,0.0,4.0,6.0,0.462,1.0,1.0,0.308,6.0,5.0,2.226,6.0,0.0,0.36,0.308,2.292,1,8.0,6.0,synthetic_generator,demo_gen_seed42,SYNTHETIC,true,false,42,generator-synthetic-v1.0.0,synthetic-v1.0.0,2025-06-30
SYN_T0073,13,C13,DEP_03,UP_01,2025-06,2025-06-30,2.03,2.0,4.0,2.175,2.0,2.0,2.0,2.0,0.0,0.0,0.0,0.0,61.0,0.333,0,1,2.0,2.0,2.0,0.0,0.0,3.0,7.0,0.538,3.0,0.0,0.579,6.0,2.0,2.271,6.0,2.004,0.743,0.579,2.06,3,3.0,6.0,synthetic_generator,demo_gen_seed42,SYNTHETIC,true,false,42,generator-synthetic-v1.0.0,synthetic-v1.0.0,2025-06-30
SYN_T0074,12,C12,DEP_04,UP_02,2025-06,2025-06-30,2.32,1.0,3.0,0.987,2.0,2.0,3.0,2.0,0.0,1.0,-1.0,0.0,30.0,0.111,0,0,2.25,2.0,3.0,0.0,0.0,2.0,9.0,0.692,1.0,0.0,0.55,5.0,3.0,2.96,6.0,0.986,0.645,0.55,3.265,1,0.0,5.0,synthetic_generator,demo_gen_seed42,SYNTHETIC,true,false,42,generator-synthetic-v1.0.0,synthetic-v1.0.0,2025-06-30
SYN_T0075,7,C7,DEP_05,UP_03,2025-06,2025-06-30,2.79,2.0,4.0,0.0,4.0,4.0,4.0,4.0,0.0,0.0,0.0,0.0,0.0,0.111,0,1,4.0,4.0,4.0,0.0,0.0,5.0,6.0,0.462,1.0,1.0,0.597,0.0,0.0,2.748,6.0,0.0,0.575,0.597,2.544,1,7.0,0.0,synthetic_generator,demo_gen_seed42,SYNTHETIC,true,false,42,generator-synthetic-v1.0.0,synthetic-v1.0.0,2025-06-30
SYN_T0075,12,C12,DEP_05,UP_03,2025-06,2025-06-30,3.01,1.0,3.0,0.0,4.0,4.0,4.0,4.0,0.0,0.0,0.0,0.0,150.0,0.111,0,1,4.0,4.0,4.0,0.0,0.0,2.0,6.0,0.462,1.0,0.0,0.667,0.0,0.0,2.748,6.0,4.928,0.412,0.667,2.544,1,8.0,0.0,synthetic_generator,demo_gen_seed42,SYNTHETIC,true,false,42,generator-synthetic-v1.0.0,synthetic-v1.0.0,2025-06-30
SYN_T0076,12,C12,DEP_01,UP_04,2025-06,2025-06-30,3.42,1.0,3.0,0.0,4.0,4.0,4.0,4.0,0.0,0.0,0.0,0.0,0.0,0.556,0,1,4.0,4.0,4.0,0.0,0.0,2.0,8.0,0.615,5.0,0.0,0.624,0.0,0.0,3.038,6.0,0.0,0.711,0.624,2.982,5,8.0,0.0,synthetic_generator,demo_gen_seed42,SYNTHETIC,true,false,42,generator-synthetic-v1.0.0,synthetic-v1.0.0,2025-06-30
SYN_T0079,11,C11,DEP_04,UP_07,2025-06,2025-06-30,3.81,3.0,5.0,1.1,3.0,3.0,3.0,4.0,0.0,0.0,1.0,0.333,0.0,0.111,0,0,3.25,3.0,4.0,0.0,0.0,5.0,5.0,0.385,1.0,1.0,0.901,6.0,3.0,3.025,6.0,0.0,0.846,0.901,2.864,1,0.0,6.0,synthetic_generator,demo_gen_seed42,SYNTHETIC,true,false,42,generator-synthetic-v1.0.0,synthetic-v1.0.0,2025-06-30
SYN_T0079,12,C12,DEP_04,UP_07,2025-06,2025-06-30,3.02,1.0,3.0,0.0,3.0,3.0,4.0,4.0,0.0,1.0,0.0,0.333,30.0,0.222,0,0,3.5,3.0,4.0,0.0,0.0,2.0,5.0,0.385,2.0,0.0,1.0,0.0,0.0,3.025,6.0,0.986,0.964,1.0,2.864,2,1.0,0.0,synthetic_generator,demo_gen_seed42,SYNTHETIC,true,false,42,generator-synthetic-v1.0.0,synthetic-v1.0.0,2025-06-30
SYN_T0080,3,C3,DEP_05,UP_08,2025-06,2025-06-30,2.99,1.0,3.0,0.0,4.0,4.0,4.0,4.0,0.0,0.0,0.0,0.0,91.0,0.222,0,1,4.0,4.0,4.0,0.0,0.0,5.0,6.0,0.462,2.0,1.0,0.704,0.0,0.0,2.693,6.0,2.989,0.714,0.704,3.043,2,3.0,0.0,synthetic_generator,demo_gen_seed42,SYNTHETIC,true,false,42,generator-synthetic-v1.0.0,synthetic-v1.0.0,2025-06-30
SYN_T0080,4,C4,DEP_05,UP_08,2025-06,2025-06-30,2.03,2.0,4.0,0.688,3.0,3.0,3.0,2.0,0.0,0.0,-1.0,-0.333,999.0,0.0,0,0,2.75,2.0,3.0,0.0,0.0,2.0,6.0,0.462,0.0,1.0,0.536,6.0,3.0,2.693,6.0,13.0,0.404,0.536,3.043,0,0.0,6.0,synthetic_generator,demo_gen_seed42,SYNTHETIC,true,false,42,generator-synthetic-v1.0.0,synthetic-v1.0.0,2025-06-30
SYN_T0082,3,C3,DEP_02,UP_10,2025-06,2025-06-30,2.64,1.0,3.0,0.0,4.0,4.0,4.0,4.0,0.0,0.0,0.0,0.0,999.0,0.0,1,1,4.0,4.0,4.0,0.0,0.0,5.0,7.0,0.538,0.0,0.0,0.487,0.0,0.0,2.251,6.0,13.0,0.345,0.487,2.262,0,8.0,0.0,synthetic_generator,demo_gen_seed42,SYNTHETIC,true,false,42,generator-synthetic-v1.0.0,synthetic-v1.0.0,2025-06-30
SYN_T0083,6,C6,DEP_03,UP_11,2025-06,2025-06-30,2.9,1.0,3.0,0.0,4.0,4.0,4.0,4.0,0.0,0.0,0.0,0.0,0.0,0.111,0,1,4.0,4.0,4.0,0.0,0.0,4.0,7.0,0.538,1.0,0.0,0.739,0.0,0.0,2.402,6.0,0.0,0.606,0.739,2.716,1,8.0,0.0,synthetic_generator,demo_gen_seed42,SYNTHETIC,true,false,42,generator-synthetic-v1.0.0,synthetic-v1.0.0,2025-06-30
SYN_T0085,5,C5,DEP_05,UP_01,2025-06,2025-06-30,2.61,3.0,5.0,1.143,4.0,4.0,4.0,4.0,0.0,0.0,0.0,0.0,30.0,0.111,1,1,4.0,4.0,4.0,0.0,0.0,3.0,6.0,0.462,1.0,1.0,0.389,6.0,4.0,2.114,6.0,0.986,0.486,0.389,2.24,1,8.0,6.0,synthetic_generator,demo_gen_seed42,SYNTHETIC,true,false,42,generator-synthetic-v1.0.0,synthetic-v1.0.0,2025-06-30
SYN_T0085,8,C8,DEP_05,UP_01,2025-06,2025-06-30,2.26,3.0,5.0,2.098,3.0,3.0,3.0,3.0,0.0,0.0,0.0,0.0,0.0,0.111,1,1,3.0,3.0,3.0,0.0,0.0,2.0,6.0,0.462,1.0,0.0,0.321,6.0,6.0,2.114,6.0,0.0,0.405,0.321,2.24,1,8.0,6.0,synthetic_generator,demo_gen_seed42,SYNTHETIC,true,false,42,generator-synthetic-v1.0.0,synthetic-v1.0.0,2025-06-30
SYN_T0087,1,C1,DEP_02,UP_03,2025-06,2025-06-30,2.94,2.0,4.0,1.27,3.0,3.0,3.0,3.0,0.0,0.0,0.0,0.0,30.0,0.111,0,1,3.0,3.0,3.0,0.0,0.0,3.0,7.0,0.538,1.0,0.0,0.576,6.0,5.0,2.439,6.0,0.986,0.516,0.576,2.694,1,8.0,6.0,synthetic_generator,demo_gen_seed42,SYNTHETIC,true,false,42,generator-synthetic-v1.0.0,synthetic-v1.0.0,2025-06-30
SYN_T0094,2,C2,DEP_04,UP_10,2025-06,2025-06-30,3.5,3.0,5.0,0.758,3.0,3.0,4.0,4.0,0.0,1.0,0.0,0.333,30.0,0.222,1,0,3.5,3.0,4.0,0.0,0.0,4.0,7.0,0.538,2.0,0.0,0.416,6.0,5.0,2.66,6.0,0.986,0.566,0.416,2.78,2,1.0,6.0,synthetic_generator,demo_gen_seed42,SYNTHETIC,true,false,42,generator-synthetic-v1.0.0,synthetic-v1.0.0,2025-06-30
SYN_T0095,6,C6,DEP_05,UP_11,2025-06,2025-06-30,2.66,1.0,3.0,0.0,3.0,4.0,4.0,4.0,1.0,0.0,0.0,0.333,30.0,0.222,0,0,3.75,3.0,4.0,0.0,0.0,4.0,6.0,0.462,2.0,1.0,0.704,0.0,0.0,1.937,6.0,0.986,0.77,0.704,2.055,2,2.0,0.0,synthetic_generator,demo_gen_seed42,SYNTHETIC,true,false,42,generator-synthetic-v1.0.0,synthetic-v1.0.0,2025-06-30
SYN_T0100,1,C1,DEP_05,UP_04,2025-06,2025-06-30,2.61,2.0,4.0,0.969,3.0,3.0,3.0,3.0,0.0,0.0,0.0,0.0,999.0,0.0,1,1,3.0,3.0,3.0,0.0,0.0,3.0,8.0,0.615,0.0,1.0,0.394,6.0,2.0,2.038,6.0,13.0,0.262,0.394,2.043,0,8.0,6.0,synthetic_generator,demo_gen_seed42,SYNTHETIC,true,false,42,generator-synthetic-v1.0.0,synthetic-v1.0.0,2025-06-30
SYN_T0002,1,C1,DEP_02,UP_02,2025-07,2025-07-31,3.03,2.0,4.0,0.843,3.0,3.0,3.0,3.0,0.0,0.0,0.0,0.0,999.0,0.0,0,1,3.0,3.0,3.0,0.0,0.0,3.0,7.0,0.538,0.0,2.0,0.603,7.0,4.0,2.174,7.0,13.0,0.347,0.603,2.472,0,9.0,7.0,synthetic_generator,demo_gen_seed42,SYNTHETIC,true,false,42,generator-synthetic-v1.0.0,synthetic-v1.0.0,2025-07-31
SYN_T0003,4,C4,DEP_03,UP_03,2025-07,2025-07-31,3.18,2.0,4.0,2.205,2.0,1.0,2.0,3.0,-1.0,1.0,1.0,0.333,0.0,0.4,0,0,2.0,1.0,3.0,0.0,1.0,2.0,6.0,0.462,4.0,0.0,0.707,7.0,5.0,3.042,7.0,0.0,0.819,0.707,3.74,4,0.0,7.0,synthetic_generator,demo_gen_seed42,SYNTHETIC,true,false,42,generator-synthetic-v1.0.0,synthetic-v1.0.0,2025-07-31
SYN_T0003,12,C12,DEP_03,UP_03,2025-07,2025-07-31,1.71,1.0,3.0,0.0,3.0,3.0,3.0,3.0,0.0,0.0,0.0,0.0,92.0,0.1,1,1,3.0,3.0,3.0,0.0,0.0,2.0,6.0,0.462,1.0,0.0,0.478,0.0,0.0,3.042,7.0,3.022,0.535,0.478,3.74,1,8.0,0.0,synthetic_generator,demo_gen_seed42,SYNTHETIC,true,false,42,generator-synthetic-v1.0.0,synthetic-v1.0.0,2025-07-31
SYN_T0008,11,C11,DEP_03,UP_08,2025-07,2025-07-31,1.85,3.0,5.0,1.881,2.0,2.0,2.0,2.0,0.0,0.0,0.0,0.0,999.0,0.0,1,1,2.0,2.0,2.0,0.0,0.0,5.0,8.0,0.615,0.0,1.0,0.451,7.0,4.0,2.339,7.0,13.0,0.325,0.451,2.58,0,7.0,7.0,synthetic_generator,demo_gen_seed42,SYNTHETIC,true,false,42,generator-synthetic-v1.0.0,synthetic-v1.0.0,2025-07-31
SYN_T0008,12,C12,DEP_03,UP_08,2025-07,2025-07-31,2.88,1.0,3.0,0.0,4.0,4.0,4.0,4.0,0.0,0.0,0.0,0.0,999.0,0.0,1,1,4.0,4.0,4.0,0.0,0.0,2.0,8.0,0.615,0.0,0.0,0.46,0.0,0.0,2.339,7.0,13.0,0.314,0.46,2.58,0,9.0,0.0,synthetic_generator,demo_gen_seed42,SYNTHETIC,true,false,42,generator-synthetic-v1.0.0,synthetic-v1.0.0,2025-07-31
SYN_T0009,9,C9,DEP_04,UP_09,2025-07,2025-07-31,3.3,1.0,3.0,0.0,4.0,4.0,4.0,4.0,0.0,0.0,0.0,0.0,153.0,0.2,0,1,4.0,4.0,4.0,0.0,0.0,3.0,7.0,0.538,2.0,0.0,0.897,0.0,0.0,2.614,7.0,5.026,0.828,0.897,2.798,2,5.0,0.0,synthetic_generator,demo_gen_seed42,SYNTHETIC,true,false,42,generator-synthetic-v1.0.0,synthetic-v1.0.0,2025-07-31
SYN_T0011,3,C3,DEP_01,UP_11,2025-07,2025-07-31,3.35,1.0,3.0,0.155,4.0,4.0,4.0,4.0,0.0,0.0,0.0,0.0,122.0,0.2,0,1,4.0,4.0,4.0,0.0,0.0,5.0,8.0,0.615,2.0,0.0,1.0,0.0,0.0,3.145,7.0,4.008,0.957,1.0,3.031,2,3.0,0.0,synthetic_generator,demo_gen_seed42,SYNTHETIC,true,false,42,generator-synthetic-v1.0.0,synthetic-v1.0.0,2025-07-31
SYN_T0014,5,C5,DEP_04,UP_02,2025-07,2025-07-31,2.01,3.0,5.0,2.96,2.0,2.0,2.0,2.0,0.0,0.0,0.0,0.0,999.0,0.0,1,1,2.0,2.0,2.0,0.0,0.0,3.0,8.0,0.615,0.0,0.0,0.368,7.0,5.0,3.152,7.0,13.0,0.228,0.368,3.197,0,6.0,7.0,synthetic_generator,demo_gen_seed42,SYNTHETIC,true,false,42,generator-synthetic-v1.0.0,synthetic-v1.0.0,2025-07-31
SYN_T0017,11,C11,DEP_02,UP_05,2025-07,2025-07-31,2.9,3.0,5.0,1.877,3.0,3.0,3.0,3.0,0.0,0.0,0.0,0.0,999.0,0.0,0,1,3.0,3.0,3.0,0.0,0.0,5.0,5.0,0.385,0.0,0.0,0.508,7.0,5.0,2.889,7.0,13.0,0.358,0.508,2.671,0,9.0,7.0,synthetic_generator,demo_gen_seed42,SYNTHETIC,true,false,42,generator-synthetic-v1.0.0,synthetic-v1.0.0,2025-07-31
SYN_T0018,2,C2,DEP_03,UP_06,2025-07,2025-07-31,1.92,3.0,5.0,2.867,2.0,2.0,2.0,2.0,0.0,0.0,0.0,0.0,999.0,0.0,0,1,2.0,2.0,2.0,0.0,0.0,4.0,6.0,0.462,0.0,1.0,0.676,7.0,3.0,2.117,7.0,13.0,0.48,0.676,1.684,0,7.0,7.0,synthetic_generator,demo_gen_seed42,SYNTHETIC,true,false,42,generator-synthetic-v1.0.0,synthetic-v1.0.0,2025-07-31
SYN_T0019,2,C2,DEP_04,UP_07,2025-07,2025-07-31,2.93,3.0,5.0,1.272,4.0,4.0,4.0,4.0,0.0,0.0,0.0,0.0,0.0,0.2,0,1,4.0,4.0,4.0,0.0,0.0,4.0,9.0,0.692,2.0,0.0,0.662,7.0,5.0,3.08,7.0,0.0,0.499,0.662,2.92,2,9.0,7.0,synthetic_generator,demo_gen_seed42,SYNTHETIC,true,false,42,generator-synthetic-v1.0.0,synthetic-v1.0.0,2025-07-31
SYN_T0019,7,C7,DEP_04,UP_07,2025-07,2025-07-31,2.33,2.0,4.0,0.148,3.0,4.0,4.0,3.0,1.0,0.0,-1.0,0.0,181.0,0.1,0,0,3.5,3.0,4.0,0.0,0.0,5.0,9.0,0.692,1.0,1.0,0.856,3.0,2.0,3.08,7.0,5.946,0.759,0.856,2.92,1,0.0,3.0,synthetic_generator,demo_gen_seed42,SYNTHETIC,true,false,42,generator-synthetic-v1.0.0,synthetic-v1.0.0,2025-07-31
SYN_T0019,12,C12,DEP_04,UP_07,2025-07,2025-07-31,3.94,1.0,3.0,0.0,5.0,5.0,5.0,5.0,0.0,0.0,0.0,0.0,61.0,0.4,0,1,5.0,5.0,5.0,4.0,0.0,2.0,9.0,0.692,4.0,0.0,0.62,0.0,0.0,3.08,7.0,2.004,0.674,0.62,2.92,4,5.0,0.0,synthetic_generator,demo_gen_seed42,SYNTHETIC,true,false,42,generator-synthetic-v1.0.0,synthetic-v1.0.0,2025-07-31
SYN_T0020,12,C12,DEP_05,UP_08,2025-07,2025-07-31,3.09,1.0,3.0,0.0,3.0,3.0,3.0,3.0,0.0,0.0,0.0,0.0,999.0,0.0,0,1,3.0,3.0,3.0,0.0,0.0,2.0,7.0,0.538,0.0,2.0,0.659,0.0,0.0,2.756,7.0,13.0,0.446,0.659,3.591,0,6.0,0.0,synthetic_generator,demo_gen_seed42,SYNTHETIC,true,false,42,generator-synthetic-v1.0.0,synthetic-v1.0.0,2025-07-31
SYN_T0023,5,C5,DEP_03,UP_11,2025-07,2025-07-31,2.23,3.0,5.0,2.951,2.0,2.0,2.0,2.0,0.0,0.0,0.0,0.0,999.0,0.0,1,1,2.0,2.0,2.0,0.0,0.0,3.0,7.0,0.538,0.0,0.0,0.233,7.0,3.0,3.404,7.0,13.0,0.368,0.233,3.552,0,4.0,7.0,synthetic_generator,demo_gen_seed42,SYNTHETIC,true,false,42,generator-synthetic-v1.0.0,synthetic-v1.0.0,2025-07-31
SYN_T0024,12,C12,DEP_04,UP_12,2025-07,2025-07-31,1.94,1.0,3.0,0.0,3.0,3.0,3.0,3.0,0.0,0.0,0.0,0.0,122.0,0.4,0,1,3.0,3.0,3.0,0.0,0.0,2.0,7.0,0.538,4.0,0.0,0.663,0.0,0.0,2.523,7.0,4.008,0.638,0.663,2.354,4,8.0,0.0,synthetic_generator,demo_gen_seed42,SYNTHETIC,true,false,42,generator-synthetic-v1.0.0,synthetic-v1.0.0,2025-07-31
SYN_T0028,2,C2,DEP_03,UP_04,2025-07,2025-07-31,2.0,3.0,5.0,2.603,2.0,2.0,2.0,2.0,0.0,0.0,0.0,0.0,999.0,0.0,1,1,2.0,2.0,2.0,0.0,0.0,4.0,7.0,0.538,0.0,0.0,0.365,7.0,4.0,2.63,7.0,13.0,0.26,0.365,2.562,0,9.0,7.0,synthetic_generator,demo_gen_seed42,SYNTHETIC,true,false,42,generator-synthetic-v1.0.0,synthetic-v1.0.0,2025-07-31
SYN_T0029,1,C1,DEP_04,UP_05,2025-07,2025-07-31,3.77,2.0,4.0,0.0,4.0,5.0,5.0,5.0,1.0,0.0,0.0,0.333,61.0,0.2,0,0,4.75,4.0,5.0,3.0,0.0,3.0,8.0,0.615,2.0,1.0,0.511,2.0,1.0,2.601,7.0,2.004,0.633,0.511,3.218,2,2.0,2.0,synthetic_generator,demo_gen_seed42,SYNTHETIC,true,false,42,generator-synthetic-v1.0.0,synthetic-v1.0.0,2025-07-31
SYN_T0029,7,C7,DEP_04,UP_05,2025-07,2025-07-31,1.59,2.0,4.0,3.077,1.0,1.0,1.0,1.0,0.0,0.0,0.0,0.0,153.0,0.1,0,1,1.0,1.0,1.0,0.0,4.0,5.0,8.0,0.615,1.0,0.0,0.628,7.0,4.0,2.601,7.0,5.026,0.719,0.628,3.218,1,9.0,7.0,synthetic_generator,demo_gen_seed42,SYNTHETIC,true,false,42,generator-synthetic-v1.0.0,synthetic-v1.0.0,2025-07-31
SYN_T0030,13,C13,DEP_05,UP_06,2025-07,2025-07-31,2.83,2.0,4.0,0.0,3.0,4.0,4.0,4.0,1.0,0.0,0.0,0.333,61.0,0.1,0,0,3.75,3.0,4.0,0.0,0.0,3.0,8.0,0.615,1.0,1.0,0.511,4.0,3.0,2.835,7.0,2.004,0.57,0.511,2.865,1,2.0,4.0,synthetic_generator,demo_gen_seed42,SYNTHETIC,true,false,42,generator-synthetic-v1.0.0,synthetic-v1.0.0,2025-07-31
SYN_T0031,8,C8,DEP_01,UP_07,2025-07,2025-07-31,2.74,3.0,5.0,1.108,3.0,3.0,3.0,3.0,0.0,0.0,0.0,0.0,31.0,0.2,0,1,3.0,3.0,3.0,0.0,0.0,2.0,7.0,0.538,2.0,1.0,0.621,7.0,5.0,3.773,7.0,1.018,0.727,0.621,4.062,2,9.0,7.0,synthetic_generator,demo_gen_seed42,SYNTHETIC,true,false,42,generator-synthetic-v1.0.0,synthetic-v1.0.0,2025-07-31
SYN_T0031,11,C11,DEP_01,UP_07,2025-07,2025-07-31,4.22,3.0,5.0,0.064,4.0,4.0,4.0,4.0,0.0,0.0,0.0,0.0,0.0,0.4,0,1,4.0,4.0,4.0,0.0,0.0,5.0,7.0,0.538,4.0,1.0,0.638,7.0,4.0,3.773,7.0,0.0,0.657,0.638,4.062,4,7.0,7.0,synthetic_generator,demo_gen_seed42,SYNTHETIC,true,false,42,generator-synthetic-v1.0.0,synthetic-v1.0.0,2025-07-31
SYN_T0032,2,C2,DEP_02,UP_08,2025-07,2025-07-31,1.27,3.0,5.0,2.91,2.0,2.0,2.0,2.0,0.0,0.0,0.0,0.0,999.0,0.0,0,1,2.0,2.0,2.0,0.0,0.0,4.0,7.0,0.538,0.0,0.0,0.584,7.0,5.0,2.349,7.0,13.0,0.385,0.584,2.603,0,5.0,7.0,synthetic_generator,demo_gen_seed42,SYNTHETIC,true,false,42,generator-synthetic-v1.0.0,synthetic-v1.0.0,2025-07-31
SYN_T0035,6,C6,DEP_05,UP_11,2025-07,2025-07-31,3.39,1.0,3.0,0.0,5.0,5.0,5.0,5.0,0.0,0.0,0.0,0.0,61.0,0.2,0,1,5.0,5.0,5.0,4.0,0.0,4.0,8.0,0.615,2.0,0.0,0.942,0.0,0.0,2.849,7.0,2.004,0.837,0.942,2.452,2,3.0,0.0,synthetic_generator,demo_gen_seed42,SYNTHETIC,true,false,42,generator-synthetic-v1.0.0,synthetic-v1.0.0,2025-07-31
SYN_T0036,2,C2,DEP_01,UP_12,2025-07,2025-07-31,3.5,3.0,5.0,0.02,5.0,5.0,5.0,5.0,0.0,0.0,0.0,0.0,61.0,0.3,1,1,5.0,5.0,5.0,4.0,0.0,4.0,8.0,0.615,3.0,0.0,0.12,0.0,0.0,3.296,7.0,2.004,0.39,0.12,3.749,3,9.0,0.0,synthetic_generator,demo_gen_seed42,SYNTHETIC,true,false,42,generator-synthetic-v1.0.0,synthetic-v1.0.0,2025-07-31
SYN_T0038,3,C3,DEP_03,UP_02,2025-07,2025-07-31,4.28,1.0,3.0,0.0,4.0,5.0,4.0,5.0,1.0,-1.0,1.0,0.333,122.0,0.2,0,0,4.5,4.0,5.0,2.0,0.0,5.0,7.0,0.538,2.0,0.0,0.896,0.0,0.0,2.277,7.0,4.008,0.784,0.896,2.166,2,0.0,0.0,synthetic_generator,demo_gen_seed42,SYNTHETIC,true,false,42,generator-synthetic-v1.0.0,synthetic-v1.0.0,2025-07-31
SYN_T0042,11,C11,DEP_02,UP_06,2025-07,2025-07-31,2.91,3.0,5.0,1.871,2.0,2.0,3.0,3.0,0.0,1.0,0.0,0.333,31.0,0.1,0,0,2.5,2.0,3.0,0.0,0.0,5.0,6.0,0.462,1.0,1.0,0.603,7.0,3.0,2.763,7.0,1.018,0.573,0.603,2.184,1,1.0,7.0,synthetic_generator,demo_gen_seed42,SYNTHETIC,true,false,42,generator-synthetic-v1.0.0,synthetic-v1.0.0,2025-07-31
SYN_T0044,13,C13,DEP_04,UP_08,2025-07,2025-07-31,1.68,2.0,4.0,3.33,1.0,2.0,1.0,1.0,1.0,-1.0,0.0,0.0,61.0,0.1,0,0,1.25,1.0,2.0,0.0,3.0,3.0,10.0,0.769,1.0,0.0,0.588,7.0,5.0,2.579,7.0,2.004,0.693,0.588,2.678,1,1.0,7.0,synthetic_generator,demo_gen_seed42,SYNTHETIC,true,false,42,generator-synthetic-v1.0.0,synthetic-v1.0.0,2025-07-31
SYN_T0045,12,C12,DEP_05,UP_09,2025-07,2025-07-31,1.5,1.0,3.0,0.622,3.0,3.0,2.0,2.0,0.0,-1.0,0.0,-0.333,122.0,0.2,1,0,2.5,2.0,3.0,0.0,0.0,2.0,8.0,0.615,2.0,0.0,0.149,3.0,2.0,2.711,7.0,4.008,0.487,0.149,2.81,2,1.0,3.0,synthetic_generator,demo_gen_seed42,SYNTHETIC,true,false,42,generator-synthetic-v1.0.0,synthetic-v1.0.0,2025-07-31
SYN_T0047,11,C11,DEP_02,UP_11,2025-07,2025-07-31,3.32,3.0,5.0,1.092,3.0,4.0,4.0,4.0,1.0,0.0,0.0,0.333,0.0,0.4,0,0,3.75,3.0,4.0,0.0,0.0,5.0,7.0,0.538,4.0,1.0,0.693,7.0,2.0,3.374,7.0,0.0,0.627,0.693,3.527,4,2.0,7.0,synthetic_generator,demo_gen_seed42,SYNTHETIC,true,false,42,generator-synthetic-v1.0.0,synthetic-v1.0.0,2025-07-31
SYN_T0047,12,C12,DEP_02,UP_11,2025-07,2025-07-31,1.02,1.0,3.0,1.101,2.0,2.0,2.0,2.0,0.0,0.0,0.0,0.0,31.0,0.2,0,1,2.0,2.0,2.0,0.0,0.0,2.0,7.0,0.538,2.0,0.0,0.635,7.0,5.0,3.374,7.0,1.018,0.748,0.635,3.527,2,4.0,7.0,synthetic_generator,demo_gen_seed42,SYNTHETIC,true,false,42,generator-synthetic-v1.0.0,synthetic-v1.0.0,2025-07-31
SYN_T0051,8,C8,DEP_01,UP_03,2025-07,2025-07-31,3.21,3.0,5.0,1.69,3.0,3.0,3.0,3.0,0.0,0.0,0.0,0.0,61.0,0.2,0,1,3.0,3.0,3.0,0.0,0.0,2.0,6.0,0.462,2.0,0.0,0.513,7.0,5.0,2.88,7.0,2.004,0.67,0.513,3.28,2,3.0,7.0,synthetic_generator,demo_gen_seed42,SYNTHETIC,true,false,42,generator-synthetic-v1.0.0,synthetic-v1.0.0,2025-07-31
SYN_T0051,9,C9,DEP_01,UP_03,2025-07,2025-07-31,2.07,1.0,3.0,0.063,3.0,3.0,3.0,3.0,0.0,0.0,0.0,0.0,92.0,0.2,1,1,3.0,3.0,3.0,0.0,0.0,3.0,6.0,0.462,2.0,1.0,0.319,1.0,0.0,2.88,7.0,3.022,0.665,0.319,3.28,2,3.0,1.0,synthetic_generator,demo_gen_seed42,SYNTHETIC,true,false,42,generator-synthetic-v1.0.0,synthetic-v1.0.0,2025-07-31
SYN_T0051,13,C13,DEP_01,UP_03,2025-07,2025-07-31,4.13,2.0,4.0,0.0,4.0,4.0,5.0,5.0,0.0,1.0,0.0,0.333,31.0,0.4,0,0,4.5,4.0,5.0,2.0,0.0,3.0,6.0,0.462,4.0,0.0,0.566,1.0,1.0,2.88,7.0,1.018,0.755,0.566,3.28,4,1.0,1.0,synthetic_generator,demo_gen_seed42,SYNTHETIC,true,false,42,generator-synthetic-v1.0.0,synthetic-v1.0.0,2025-07-31
SYN_T0054,8,C8,DEP_04,UP_06,2025-07,2025-07-31,3.6,3.0,5.0,0.131,5.0,5.0,5.0,5.0,0.0,0.0,0.0,0.0,999.0,0.0,1,1,5.0,5.0,5.0,4.0,0.0,2.0,5.0,0.385,0.0,0.0,0.462,0.0,0.0,2.419,7.0,13.0,0.238,0.462,2.043,0,9.0,0.0,synthetic_generator,demo_gen_seed42,SYNTHETIC,true,false,42,generator-synthetic-v1.0.0,synthetic-v1.0.0,2025-07-31
SYN_T0057,1,C1,DEP_02,UP_09,2025-07,2025-07-31,2.77,2.0,4.0,1.021,3.0,3.0,3.0,3.0,0.0,0.0,0.0,0.0,181.0,0.1,1,1,3.0,3.0,3.0,0.0,0.0,3.0,6.0,0.462,1.0,0.0,0.353,7.0,6.0,2.546,7.0,5.946,0.436,0.353,3.169,1,9.0,7.0,synthetic_generator,demo_gen_seed42,SYNTHETIC,true,false,42,generator-synthetic-v1.0.0,synthetic-v1.0.0,2025-07-31
SYN_T0059,9,C9,DEP_04,UP_11,2025-07,2025-07-31,2.49,1.0,3.0,0.0,3.0,3.0,4.0,3.0,0.0,1.0,-1.0,0.0,31.0,0.2,0,0,3.25,3.0,4.0,0.0,0.0,3.0,7.0,0.538,2.0,0.0,0.686,0.0,0.0,2.322,7.0,1.018,0.739,0.686,2.395,2,0.0,0.0,synthetic_generator,demo_gen_seed42,SYNTHETIC,true,false,42,generator-synthetic-v1.0.0,synthetic-v1.0.0,2025-07-31
SYN_T0062,7,C7,DEP_02,UP_02,2025-07,2025-07-31,2.1,2.0,4.0,1.909,2.0,2.0,2.0,2.0,0.0,0.0,0.0,0.0,181.0,0.1,0,1,2.0,2.0,2.0,0.0,0.0,5.0,6.0,0.462,1.0,1.0,0.566,7.0,2.0,2.319,7.0,5.946,0.562,0.566,2.23,1,5.0,7.0,synthetic_generator,demo_gen_seed42,SYNTHETIC,true,false,42,generator-synthetic-v1.0.0,synthetic-v1.0.0,2025-07-31
SYN_T0062,10,C10,DEP_02,UP_02,2025-07,2025-07-31,1.82,2.0,4.0,0.0,2.0,3.0,3.0,3.0,1.0,0.0,0.0,0.333,31.0,0.2,0,0,2.75,2.0,3.0,0.0,0.0,4.0,6.0,0.462,2.0,1.0,0.542,7.0,5.0,2.319,7.0,1.018,0.77,0.542,2.23,2,2.0,7.0,synthetic_generator,demo_gen_seed42,SYNTHETIC,true,false,42,generator-synthetic-v1.0.0,synthetic-v1.0.0,2025-07-31
SYN_T0066,1,C1,DEP_01,UP_06,2025-07,2025-07-31,3.73,2.0,4.0,0.002,4.0,4.0,3.0,4.0,0.0,-1.0,1.0,0.0,0.0,0.1,0,0,3.75,3.0,4.0,0.0,0.0,3.0,7.0,0.538,1.0,1.0,0.564,1.0,0.0,3.131,7.0,0.0,0.613,0.564,3.527,1,0.0,1.0,synthetic_generator,demo_gen_seed42,SYNTHETIC,true,false,42,generator-synthetic-v1.0.0,synthetic-v1.0.0,2025-07-31
SYN_T0068,6,C6,DEP_03,UP_08,2025-07,2025-07-31,2.48,1.0,3.0,0.0,3.0,4.0,4.0,4.0,1.0,0.0,0.0,0.333,61.0,0.1,1,0,3.75,3.0,4.0,0.0,0.0,4.0,7.0,0.538,1.0,1.0,0.27,0.0,0.0,2.529,7.0,2.004,0.432,0.27,2.123,1,2.0,0.0,synthetic_generator,demo_gen_seed42,SYNTHETIC,true,false,42,generator-synthetic-v1.0.0,synthetic-v1.0.0,2025-07-31
SYN_T0068,9,C9,DEP_03,UP_08,2025-07,2025-07-31,2.03,1.0,3.0,1.282,2.0,2.0,2.0,2.0,0.0,0.0,0.0,0.0,999.0,0.0,1,1,2.0,2.0,2.0,0.0,0.0,3.0,7.0,0.538,0.0,1.0,0.202,7.0,5.0,2.529,7.0,13.0,0.026,0.202,2.123,0,9.0,7.0,synthetic_generator,demo_gen_seed42,SYNTHETIC,true,false,42,generator-synthetic-v1.0.0,synthetic-v1.0.0,2025-07-31
SYN_T0069,3,C3,DEP_04,UP_09,2025-07,2025-07-31,2.16,1.0,3.0,0.0,2.0,2.0,2.0,2.0,0.0,0.0,0.0,0.0,0.0,0.2,1,1,2.0,2.0,2.0,0.0,0.0,5.0,7.0,0.538,2.0,0.0,0.392,7.0,5.0,3.291,7.0,0.0,0.722,0.392,3.206,2,3.0,7.0,synthetic_generator,demo_gen_seed42,SYNTHETIC,true,false,42,generator-synthetic-v1.0.0,synthetic-v1.0.0,2025-07-31
SYN_T0072,10,C10,DEP_02,UP_12,2025-07,2025-07-31,1.96,2.0,4.0,2.202,2.0,2.0,2.0,2.0,0.0,0.0,0.0,0.0,999.0,0.0,1,1,2.0,2.0,2.0,0.0,0.0,4.0,6.0,0.462,0.0,0.0,0.188,7.0,3.0,2.181,7.0,13.0,0.231,0.188,1.908,0,9.0,7.0,synthetic_generator,demo_gen_seed42,SYNTHETIC,true,false,42,generator-synthetic-v1.0.0,synthetic-v1.0.0,2025-07-31
SYN_T0072,12,C12,DEP_02,UP_12,2025-07,2025-07-31,2.73,1.0,3.0,0.0,4.0,4.0,4.0,4.0,0.0,0.0,0.0,0.0,153.0,0.1,1,1,4.0,4.0,4.0,0.0,0.0,2.0,6.0,0.462,1.0,0.0,0.358,0.0,0.0,2.181,7.0,5.026,0.262,0.358,1.908,1,9.0,0.0,synthetic_generator,demo_gen_seed42,SYNTHETIC,true,false,42,generator-synthetic-v1.0.0,synthetic-v1.0.0,2025-07-31
SYN_T0074,5,C5,DEP_04,UP_02,2025-07,2025-07-31,1.42,3.0,5.0,1.88,3.0,3.0,3.0,2.0,0.0,0.0,-1.0,-0.333,999.0,0.0,0,0,2.75,2.0,3.0,0.0,0.0,3.0,9.0,0.692,0.0,3.0,0.585,7.0,1.0,2.917,7.0,13.0,0.454,0.585,2.654,0,0.0,7.0,synthetic_generator,demo_gen_seed42,SYNTHETIC,true,false,42,generator-synthetic-v1.0.0,synthetic-v1.0.0,2025-07-31
SYN_T0074,13,C13,DEP_04,UP_02,2025-07,2025-07-31,1.96,2.0,4.0,1.104,3.0,3.0,3.0,3.0,0.0,0.0,0.0,0.0,0.0,0.1,0,1,3.0,3.0,3.0,0.0,0.0,3.0,9.0,0.692,1.0,0.0,0.71,7.0,1.0,2.917,7.0,0.0,0.566,0.71,2.654,1,7.0,7.0,synthetic_generator,demo_gen_seed42,SYNTHETIC,true,false,42,generator-synthetic-v1.0.0,synthetic-v1.0.0,2025-07-31
SYN_T0076,3,C3,DEP_01,UP_04,2025-07,2025-07-31,1.69,1.0,3.0,1.056,2.0,2.0,2.0,2.0,0.0,0.0,0.0,0.0,92.0,0.2,0,1,2.0,2.0,2.0,0.0,0.0,5.0,8.0,0.615,2.0,0.0,0.833,7.0,4.0,3.089,7.0,3.022,0.799,0.833,3.395,2,3.0,7.0,synthetic_generator,demo_gen_seed42,SYNTHETIC,true,false,42,generator-synthetic-v1.0.0,synthetic-v1.0.0,2025-07-31
SYN_T0078,3,C3,DEP_03,UP_06,2025-07,2025-07-31,2.74,1.0,3.0,0.052,3.0,3.0,3.0,3.0,0.0,0.0,0.0,0.0,31.0,0.2,1,1,3.0,3.0,3.0,0.0,0.0,5.0,8.0,0.615,2.0,0.0,0.479,0.0,0.0,2.779,7.0,1.018,0.633,0.479,3.002,2,9.0,0.0,synthetic_generator,demo_gen_seed42,SYNTHETIC,true,false,42,generator-synthetic-v1.0.0,synthetic-v1.0.0,2025-07-31
SYN_T0078,6,C6,DEP_03,UP_06,2025-07,2025-07-31,1.6,1.0,3.0,0.906,2.0,2.0,2.0,2.0,0.0,0.0,0.0,0.0,92.0,0.1,1,1,2.0,2.0,2.0,0.0,0.0,4.0,8.0,0.615,1.0,0.0,0.329,7.0,4.0,2.779,7.0,3.022,0.492,0.329,3.002,1,3.0,7.0,synthetic_generator,demo_gen_seed42,SYNTHETIC,true,false,42,generator-synthetic-v1.0.0,synthetic-v1.0.0,2025-07-31
SYN_T0080,3,C3,DEP_05,UP_08,2025-07,2025-07-31,3.61,1.0,3.0,0.0,4.0,4.0,4.0,4.0,0.0,0.0,0.0,0.0,122.0,0.2,0,1,4.0,4.0,4.0,0.0,0.0,5.0,6.0,0.462,2.0,0.0,0.612,0.0,0.0,2.606,7.0,4.008,0.751,0.612,2.083,2,4.0,0.0,synthetic_generator,demo_gen_seed42,SYNTHETIC,true,false,42,generator-synthetic-v1.0.0,synthetic-v1.0.0,2025-07-31
SYN_T0085,5,C5,DEP_05,UP_01,2025-07,2025-07-31,3.1,3.0,5.0,1.171,4.0,4.0,4.0,4.0,0.0,0.0,0.0,0.0,61.0,0.1,1,1,4.0,4.0,4.0,0.0,0.0,3.0,6.0,0.462,1.0,1.0,0.439,7.0,4.0,2.225,7.0,2.004,0.492,0.439,2.891,1,9.0,7.0,synthetic_generator,demo_gen_seed42,SYNTHETIC,true,false,42,generator-synthetic-v1.0.0,synthetic-v1.0.0,2025-07-31
SYN_T0090,13,C13,DEP_05,UP_06,2025-07,2025-07-31,2.41,2.0,4.0,0.903,3.0,3.0,3.0,3.0,0.0,0.0,0.0,0.0,0.0,0.1,1,1,3.0,3.0,3.0,0.0,0.0,3.0,7.0,0.538,1.0,0.0,0.323,7.0,5.0,2.797,7.0,0.0,0.435,0.323,2.788,1,9.0,7.0,synthetic_generator,demo_gen_seed42,SYNTHETIC,true,false,42,generator-synthetic-v1.0.0,synthetic-v1.0.0,2025-07-31
SYN_T0093,5,C5,DEP_03,UP_09,2025-07,2025-07-31,3.71,3.0,5.0,2.129,4.0,4.0,4.0,4.0,0.0,0.0,0.0,0.0,61.0,0.3,1,1,4.0,4.0,4.0,0.0,0.0,3.0,6.0,0.462,3.0,1.0,0.442,7.0,3.0,2.582,7.0,2.004,0.477,0.442,2.605,3,4.0,7.0,synthetic_generator,demo_gen_seed42,SYNTHETIC,true,false,42,generator-synthetic-v1.0.0,synthetic-v1.0.0,2025-07-31
SYN_T0096,10,C10,DEP_01,UP_12,2025-07,2025-07-31,2.67,2.0,4.0,0.865,3.0,3.0,3.0,3.0,0.0,0.0,0.0,0.0,999.0,0.0,0,1,3.0,3.0,3.0,0.0,0.0,4.0,6.0,0.462,0.0,0.0,0.535,7.0,4.0,1.948,7.0,13.0,0.337,0.535,2.427,0,9.0,7.0,synthetic_generator,demo_gen_seed42,SYNTHETIC,true,false,42,generator-synthetic-v1.0.0,synthetic-v1.0.0,2025-07-31
SYN_T0097,6,C6,DEP_02,UP_01,2025-07,2025-07-31,1.97,1.0,3.0,0.0,3.0,3.0,3.0,3.0,0.0,0.0,0.0,0.0,153.0,0.1,0,1,3.0,3.0,3.0,0.0,0.0,4.0,8.0,0.615,1.0,3.0,0.521,0.0,0.0,2.035,7.0,5.026,0.511,0.521,1.408,1,9.0,0.0,synthetic_generator,demo_gen_seed42,SYNTHETIC,true,false,42,generator-synthetic-v1.0.0,synthetic-v1.0.0,2025-07-31
SYN_T0097,9,C9,DEP_02,UP_01,2025-07,2025-07-31,2.43,1.0,3.0,0.0,3.0,3.0,3.0,3.0,0.0,0.0,0.0,0.0,0.0,0.1,1,1,3.0,3.0,3.0,0.0,0.0,3.0,8.0,0.615,1.0,0.0,0.466,0.0,0.0,2.035,7.0,0.0,0.449,0.466,1.408,1,9.0,0.0,synthetic_generator,demo_gen_seed42,SYNTHETIC,true,false,42,generator-synthetic-v1.0.0,synthetic-v1.0.0,2025-07-31
SYN_T0098,7,C7,DEP_03,UP_02,2025-07,2025-07-31,2.59,2.0,4.0,2.12,2.0,2.0,2.0,2.0,0.0,0.0,0.0,0.0,0.0,0.1,0,1,2.0,2.0,2.0,0.0,0.0,5.0,7.0,0.538,1.0,1.0,0.525,7.0,5.0,2.182,7.0,0.0,0.562,0.525,2.897,1,9.0,7.0,synthetic_generator,demo_gen_seed42,SYNTHETIC,true,false,42,generator-synthetic-v1.0.0,synthetic-v1.0.0,2025-07-31
SYN_T0098,11,C11,DEP_03,UP_02,2025-07,2025-07-31,1.73,3.0,5.0,1.96,2.0,3.0,2.0,2.0,1.0,-1.0,0.0,0.0,999.0,0.0,0,0,2.25,2.0,3.0,0.0,0.0,5.0,7.0,0.538,0.0,2.0,0.57,7.0,3.0,2.182,7.0,13.0,0.461,0.57,2.897,0,1.0,7.0,synthetic_generator,demo_gen_seed42,SYNTHETIC,true,false,42,generator-synthetic-v1.0.0,synthetic-v1.0.0,2025-07-31
SYN_T0099,9,C9,DEP_04,UP_03,2025-07,2025-07-31,3.06,1.0,3.0,0.0,4.0,4.0,4.0,4.0,0.0,0.0,0.0,0.0,61.0,0.2,0,1,4.0,4.0,4.0,0.0,0.0,3.0,9.0,0.692,2.0,0.0,0.613,0.0,0.0,2.673,7.0,2.004,0.75,0.613,2.752,2,9.0,0.0,synthetic_generator,demo_gen_seed42,SYNTHETIC,true,false,42,generator-synthetic-v1.0.0,synthetic-v1.0.0,2025-07-31
SYN_T0100,13,C13,DEP_05,UP_04,2025-07,2025-07-31,2.84,2.0,4.0,0.932,3.0,3.0,3.0,3.0,0.0,0.0,0.0,0.0,181.0,0.1,0,1,3.0,3.0,3.0,0.0,0.0,3.0,8.0,0.615,1.0,1.0,0.569,7.0,4.0,2.112,7.0,5.946,0.456,0.569,2.555,1,6.0,7.0,synthetic_generator,demo_gen_seed42,SYNTHETIC,true,false,42,generator-synthetic-v1.0.0,synthetic-v1.0.0,2025-07-31
SYN_T0006,3,C3,DEP_01,UP_06,2025-08,2025-08-31,2.48,1.0,3.0,0.0,4.0,3.0,3.0,3.0,-1.0,0.0,0.0,-0.333,999.0,0.0,1,0,3.25,3.0,4.0,0.0,0.0,5.0,7.0,0.538,0.0,0.0,0.344,0.0,0.0,2.021,8.0,13.0,0.309,0.344,1.916,0,2.0,0.0,synthetic_generator,demo_gen_seed42,SYNTHETIC,true,false,42,generator-synthetic-v1.0.0,synthetic-v1.0.0,2025-08-31
SYN_T0006,4,C4,DEP_01,UP_06,2025-08,2025-08-31,3.01,2.0,4.0,0.994,4.0,4.0,3.0,4.0,0.0,-1.0,1.0,0.0,999.0,0.0,1,0,3.75,3.0,4.0,0.0,0.0,2.0,7.0,0.538,0.0,1.0,0.413,1.0,0.0,2.021,8.0,13.0,0.409,0.413,1.916,0,0.0,1.0,synthetic_generator,demo_gen_seed42,SYNTHETIC,true,false,42,generator-synthetic-v1.0.0,synthetic-v1.0.0,2025-08-31
SYN_T0006,11,C11,DEP_01,UP_06,2025-08,2025-08-31,2.43,3.0,5.0,2.251,3.0,3.0,3.0,3.0,0.0,0.0,0.0,0.0,92.0,0.182,1,1,3.0,3.0,3.0,0.0,0.0,5.0,7.0,0.538,2.0,0.0,0.425,8.0,4.0,2.021,8.0,3.022,0.439,0.425,1.916,2,10.0,8.0,synthetic_generator,demo_gen_seed42,SYNTHETIC,true,false,42,generator-synthetic-v1.0.0,synthetic-v1.0.0,2025-08-31
SYN_T0009,2,C2,DEP_04,UP_09,2025-08,2025-08-31,1.32,3.0,5.0,2.9,2.0,2.0,2.0,1.0,0.0,0.0,-1.0,-0.333,92.0,0.091,0,0,1.75,1.0,2.0,0.0,1.0,4.0,7.0,0.538,1.0,0.0,0.796,8.0,5.0,2.632,8.0,3.022,0.819,0.796,2.759,1,0.0,8.0,synthetic_generator,demo_gen_seed42,SYNTHETIC,true,false,42,generator-synthetic-v1.0.0,synthetic-v1.0.0,2025-08-31
SYN_T0010,2,C2,DEP_05,UP_10,2025-08,2025-08-31,2.22,3.0,5.0,2.731,2.0,2.0,2.0,2.0,0.0,0.0,0.0,0.0,999.0,0.0,1,1,2.0,2.0,2.0,0.0,0.0,4.0,7.0,0.538,0.0,0.0,0.195,8.0,6.0,1.941,8.0,13.0,0.198,0.195,1.624,0,10.0,8.0,synthetic_generator,demo_gen_seed42,SYNTHETIC,true,false,42,generator-synthetic-v1.0.0,synthetic-v1.0.0,2025-08-31
SYN_T0011,5,C5,DEP_01,UP_11,2025-08,2025-08-31,3.24,3.0,5.0,0.739,4.0,4.0,4.0,4.0,0.0,0.0,0.0,0.0,0.0,0.182,0,1,4.0,4.0,4.0,0.0,0.0,3.0,8.0,0.615,2.0,0.0,0.871,8.0,5.0,3.114,8.0,0.0,0.704,0.871,2.899,2,10.0,8.0,synthetic_generator,demo_gen_seed42,SYNTHETIC,true,false,42,generator-synthetic-v1.0.0,synthetic-v1.0.0,2025-08-31
SYN_T0012,9,C9,DEP_02,UP_12,2025-08,2025-08-31,2.84,1.0,3.0,0.0,4.0,4.0,3.0,3.0,0.0,-1.0,0.0,-0.333,999.0,0.0,0,0,3.5,3.0,4.0,0.0,0.0,3.0,7.0,0.538,0.0,1.0,0.692,0.0,0.0,3.134,8.0,13.0,0.484,0.692,3.314,0,1.0,0.0,synthetic_generator,demo_gen_seed42,SYNTHETIC,true,false,42,generator-synthetic-v1.0.0,synthetic-v1.0.0,2025-08-31
SYN_T0013,1,C1,DEP_03,UP_01,2025-08,2025-08-31,2.19,2.0,4.0,1.04,3.0,3.0,3.0,3.0,0.0,0.0,0.0,0.0,62.0,0.182,0,1,3.0,3.0,3.0,0.0,0.0,3.0,7.0,0.538,2.0,0.0,0.745,8.0,5.0,2.905,8.0,2.037,0.791,0.745,2.974,2,3.0,8.0,synthetic_generator,demo_gen_seed42,SYNTHETIC,true,false,42,generator-synthetic-v1.0.0,synthetic-v1.0.0,2025-08-31
SYN_T0013,13,C13,DEP_03,UP_01,2025-08,2025-08-31,3.78,2.0,4.0,0.0,4.0,4.0,4.0,5.0,0.0,0.0,1.0,0.333,0.0,0.273,0,0,4.25,4.0,5.0,1.0,0.0,3.0,7.0,0.538,3.0,0.0,0.786,4.0,3.0,2.905,8.0,0.0,0.872,0.786,2.974,3,0.0,4.0,synthetic_generator,demo_gen_seed42,SYNTHETIC,true,false,42,generator-synthetic-v1.0.0,synthetic-v1.0.0,2025-08-31
SYN_T0018,13,C13,DEP_03,UP_06,2025-08,2025-08-31,2.82,2.0,4.0,1.933,2.0,2.0,2.0,3.0,0.0,0.0,1.0,0.333,0.0,0.091,0,0,2.25,2.0,3.0,0.0,0.0,3.0,6.0,0.462,1.0,0.0,0.686,8.0,4.0,2.076,8.0,0.0,0.505,0.686,1.782,1,0.0,8.0,synthetic_generator,demo_gen_seed42,SYNTHETIC,true,false,42,generator-synthetic-v1.0.0,synthetic-v1.0.0,2025-08-31
SYN_T0020,2,C2,DEP_05,UP_08,2025-08,2025-08-31,2.74,3.0,5.0,0.0,4.0,4.0,4.0,4.0,0.0,0.0,0.0,0.0,153.0,0.273,0,1,4.0,4.0,4.0,0.0,0.0,4.0,7.0,0.538,3.0,1.0,0.801,8.0,5.0,2.718,8.0,5.026,0.827,0.801,2.449,3,5.0,8.0,synthetic_generator,demo_gen_seed42,SYNTHETIC,true,false,42,generator-synthetic-v1.0.0,synthetic-v1.0.0,2025-08-31
SYN_T0020,6,C6,DEP_05,UP_08,2025-08,2025-08-31,1.69,1.0,3.0,1.103,1.0,1.0,2.0,2.0,0.0,1.0,0.0,0.333,31.0,0.182,0,0,1.5,1.0,2.0,0.0,2.0,4.0,7.0,0.538,2.0,1.0,0.727,8.0,6.0,2.718,8.0,1.018,0.761,0.727,2.449,2,1.0,8.0,synthetic_generator,demo_gen_seed42,SYNTHETIC,true,false,42,generator-synthetic-v1.0.0,synthetic-v1.0.0,2025-08-31
SYN_T0022,11,C11,DEP_02,UP_10,2025-08,2025-08-31,3.72,3.0,5.0,0.093,4.0,4.0,5.0,5.0,0.0,1.0,0.0,0.333,31.0,0.273,0,0,4.5,4.0,5.0,2.0,0.0,5.0,7.0,0.538,3.0,0.0,0.729,6.0,2.0,2.456,8.0,1.018,0.824,0.729,2.464,3,1.0,6.0,synthetic_generator,demo_gen_seed42,SYNTHETIC,true,false,42,generator-synthetic-v1.0.0,synthetic-v1.0.0,2025-08-31
SYN_T0024,12,C12,DEP_04,UP_12,2025-08,2025-08-31,3.32,1.0,3.0,0.0,3.0,3.0,3.0,3.0,0.0,0.0,0.0,0.0,0.0,0.455,0,1,3.0,3.0,3.0,0.0,0.0,2.0,7.0,0.538,5.0,0.0,0.763,0.0,0.0,2.474,8.0,0.0,0.733,0.763,2.131,5,9.0,0.0,synthetic_generator,demo_gen_seed42,SYNTHETIC,true,false,42,generator-synthetic-v1.0.0,synthetic-v1.0.0,2025-08-31
SYN_T0025,4,C4,DEP_05,UP_01,2025-08,2025-08-31,3.26,2.0,4.0,0.0,3.0,3.0,4.0,4.0,0.0,1.0,0.0,0.333,31.0,0.182,0,0,3.5,3.0,4.0,0.0,0.0,2.0,7.0,0.538,2.0,3.0,0.592,6.0,2.0,2.497,8.0,1.018,0.713,0.592,1.494,2,1.0,6.0,synthetic_generator,demo_gen_seed42,SYNTHETIC,true,false,42,generator-synthetic-v1.0.0,synthetic-v1.0.0,2025-08-31
SYN_T0027,10,C10,DEP_02,UP_03,2025-08,2025-08-31,2.27,2.0,4.0,1.085,2.0,2.0,2.0,2.0,0.0,0.0,0.0,0.0,184.0,0.091,1,1,2.0,2.0,2.0,0.0,0.0,4.0,7.0,0.538,1.0,1.0,0.252,8.0,4.0,2.825,8.0,6.045,0.475,0.252,3.344,1,10.0,8.0,synthetic_generator,demo_gen_seed42,SYNTHETIC,true,false,42,generator-synthetic-v1.0.0,synthetic-v1.0.0,2025-08-31
SYN_T0029,7,C7,DEP_04,UP_05,2025-08,2025-08-31,0.61,2.0,4.0,2.928,1.0,1.0,1.0,1.0,0.0,0.0,0.0,0.0,184.0,0.091,0,1,1.0,1.0,1.0,0.0,4.0,5.0,8.0,0.615,1.0,0.0,0.597,8.0,5.0,2.694,8.0,6.045,0.469,0.597,3.35,1,10.0,8.0,synthetic_generator,demo_gen_seed42,SYNTHETIC,true,false,42,generator-synthetic-v1.0.0,synthetic-v1.0.0,2025-08-31
SYN_T0033,6,C6,DEP_03,UP_09,2025-08,2025-08-31,2.86,1.0,3.0,0.0,3.0,3.0,3.0,4.0,0.0,0.0,1.0,0.333,0.0,0.364,0,0,3.25,3.0,4.0,0.0,0.0,4.0,7.0,0.538,4.0,0.0,0.941,0.0,0.0,2.569,8.0,0.0,0.832,0.941,2.929,4,0.0,0.0,synthetic_generator,demo_gen_seed42,SYNTHETIC,true,false,42,generator-synthetic-v1.0.0,synthetic-v1.0.0,2025-08-31
SYN_T0034,8,C8,DEP_04,UP_10,2025-08,2025-08-31,1.76,3.0,5.0,2.2,3.0,3.0,3.0,3.0,0.0,0.0,0.0,0.0,0.0,0.091,1,1,3.0,3.0,3.0,0.0,0.0,2.0,9.0,0.692,1.0,0.0,0.258,8.0,2.0,2.295,8.0,0.0,0.231,0.258,2.244,1,10.0,8.0,synthetic_generator,demo_gen_seed42,SYNTHETIC,true,false,42,generator-synthetic-v1.0.0,synthetic-v1.0.0,2025-08-31
SYN_T0034,12,C12,DEP_04,UP_10,2025-08,2025-08-31,1.22,1.0,3.0,0.031,2.0,2.0,2.0,2.0,0.0,0.0,0.0,0.0,999.0,0.0,1,1,2.0,2.0,2.0,0.0,0.0,2.0,9.0,0.692,0.0,1.0,0.344,7.0,6.0,2.295,8.0,13.0,0.295,0.344,2.244,0,6.0,7.0,synthetic_generator,demo_gen_seed42,SYNTHETIC,true,false,42,generator-synthetic-v1.0.0,synthetic-v1.0.0,2025-08-31
SYN_T0035,1,C1,DEP_05,UP_11,2025-08,2025-08-31,3.61,2.0,4.0,1.022,3.0,3.0,3.0,4.0,0.0,0.0,1.0,0.333,153.0,0.091,0,0,3.25,3.0,4.0,0.0,0.0,3.0,8.0,0.615,1.0,1.0,0.918,7.0,5.0,2.925,8.0,5.026,0.785,0.918,3.458,1,0.0,7.0,synthetic_generator,demo_gen_seed42,SYNTHETIC,true,false,42,generator-synthetic-v1.0.0,synthetic-v1.0.0,2025-08-31
SYN_T0035,9,C9,DEP_05,UP_11,2025-08,2025-08-31,1.82,1.0,3.0,0.95,2.0,2.0,2.0,2.0,0.0,0.0,0.0,0.0,0.0,0.182,0,1,2.0,2.0,2.0,0.0,0.0,3.0,8.0,0.615,2.0,0.0,0.926,8.0,4.0,2.925,8.0,0.0,0.933,0.926,3.458,2,10.0,8.0,synthetic_generator,demo_gen_seed42,SYNTHETIC,true,false,42,generator-synthetic-v1.0.0,synthetic-v1.0.0,2025-08-31
SYN_T0038,6,C6,DEP_03,UP_02,2025-08,2025-08-31,2.8,1.0,3.0,0.0,3.0,3.0,3.0,3.0,0.0,0.0,0.0,0.0,0.0,0.364,0,1,3.0,3.0,3.0,0.0,0.0,4.0,7.0,0.538,4.0,0.0,1.0,0.0,0.0,2.183,8.0,0.0,0.702,1.0,1.521,4,10.0,0.0,synthetic_generator,demo_gen_seed42,SYNTHETIC,true,false,42,generator-synthetic-v1.0.0,synthetic-v1.0.0,2025-08-31
SYN_T0039,1,C1,DEP_04,UP_03,2025-08,2025-08-31,2.89,2.0,4.0,1.056,2.0,2.0,3.0,3.0,0.0,1.0,0.0,0.333,31.0,0.273,0,0,2.5,2.0,3.0,0.0,0.0,3.0,7.0,0.538,3.0,1.0,0.94,8.0,6.0,2.126,8.0,1.018,0.884,0.94,2.322,3,1.0,8.0,synthetic_generator,demo_gen_seed42,SYNTHETIC,true,false,42,generator-synthetic-v1.0.0,synthetic-v1.0.0,2025-08-31
SYN_T0040,10,C10,DEP_05,UP_04,2025-08,2025-08-31,2.46,2.0,4.0,0.968,3.0,3.0,3.0,3.0,0.0,0.0,0.0,0.0,31.0,0.182,0,1,3.0,3.0,3.0,0.0,0.0,4.0,8.0,0.615,2.0,0.0,0.839,8.0,4.0,3.134,8.0,1.018,0.806,0.839,2.531,2,10.0,8.0,synthetic_generator,demo_gen_seed42,SYNTHETIC,true,false,42,generator-synthetic-v1.0.0,synthetic-v1.0.0,2025-08-31
SYN_T0041,9,C9,DEP_01,UP_05,2025-08,2025-08-31,2.13,1.0,3.0,0.14,3.0,3.0,3.0,3.0,0.0,0.0,0.0,0.0,62.0,0.182,0,1,3.0,3.0,3.0,0.0,0.0,3.0,7.0,0.538,2.0,0.0,0.663,4.0,4.0,2.917,8.0,2.037,0.629,0.663,3.442,2,3.0,4.0,synthetic_generator,demo_gen_seed42,SYNTHETIC,true,false,42,generator-synthetic-v1.0.0,synthetic-v1.0.0,2025-08-31
SYN_T0044,1,C1,DEP_04,UP_08,2025-08,2025-08-31,1.53,2.0,4.0,2.739,1.0,1.0,1.0,2.0,0.0,0.0,1.0,0.333,0.0,0.091,0,0,1.25,1.0,2.0,0.0,3.0,3.0,10.0,0.769,1.0,0.0,0.746,8.0,5.0,2.605,8.0,0.0,0.787,0.746,2.786,1,0.0,8.0,synthetic_generator,demo_gen_seed42,SYNTHETIC,true,false,42,generator-synthetic-v1.0.0,synthetic-v1.0.0,2025-08-31
SYN_T0046,1,C1,DEP_01,UP_10,2025-08,2025-08-31,3.13,2.0,4.0,0.0,4.0,4.0,4.0,4.0,0.0,0.0,0.0,0.0,0.0,0.091,0,1,4.0,4.0,4.0,0.0,0.0,3.0,8.0,0.615,1.0,2.0,0.513,0.0,0.0,2.889,8.0,0.0,0.489,0.513,3.08,1,8.0,0.0,synthetic_generator,demo_gen_seed42,SYNTHETIC,true,false,42,generator-synthetic-v1.0.0,synthetic-v1.0.0,2025-08-31
SYN_T0047,2,C2,DEP_02,UP_11,2025-08,2025-08-31,2.11,3.0,5.0,0.985,3.0,3.0,3.0,3.0,0.0,0.0,0.0,0.0,0.0,0.091,0,1,3.0,3.0,3.0,0.0,0.0,4.0,7.0,0.538,1.0,1.0,0.727,8.0,6.0,3.355,8.0,0.0,0.517,0.727,3.217,1,10.0,8.0,synthetic_generator,demo_gen_seed42,SYNTHETIC,true,false,42,generator-synthetic-v1.0.0,synthetic-v1.0.0,2025-08-31
SYN_T0050,13,C13,DEP_05,UP_02,2025-08,2025-08-31,2.08,2.0,4.0,1.819,2.0,2.0,2.0,2.0,0.0,0.0,0.0,0.0,92.0,0.273,1,1,2.0,2.0,2.0,0.0,0.0,3.0,6.0,0.462,3.0,1.0,0.284,8.0,6.0,2.788,8.0,3.022,0.547,0.284,2.719,3,6.0,8.0,synthetic_generator,demo_gen_seed42,SYNTHETIC,true,false,42,generator-synthetic-v1.0.0,synthetic-v1.0.0,2025-08-31
SYN_T0052,5,C5,DEP_02,UP_04,2025-08,2025-08-31,3.67,3.0,5.0,0.042,5.0,5.0,5.0,5.0,0.0,0.0,0.0,0.0,0.0,0.273,1,1,5.0,5.0,5.0,4.0,0.0,3.0,6.0,0.462,3.0,0.0,0.212,2.0,2.0,2.931,8.0,0.0,0.413,0.212,2.304,3,5.0,2.0,synthetic_generator,demo_gen_seed42,SYNTHETIC,true,false,42,generator-synthetic-v1.0.0,synthetic-v1.0.0,2025-08-31
SYN_T0054,7,C7,DEP_04,UP_06,2025-08,2025-08-31,2.33,2.0,4.0,1.087,3.0,3.0,3.0,3.0,0.0,0.0,0.0,0.0,999.0,0.0,0,1,3.0,3.0,3.0,0.0,0.0,5.0,5.0,0.385,0.0,0.0,0.588,8.0,5.0,2.481,8.0,13.0,0.331,0.588,2.915,0,10.0,8.0,synthetic_generator,demo_gen_seed42,SYNTHETIC,true,false,42,generator-synthetic-v1.0.0,synthetic-v1.0.0,2025-08-31
SYN_T0058,9,C9,DEP_03,UP_10,2025-08,2025-08-31,2.66,1.0,3.0,0.0,3.0,3.0,3.0,3.0,0.0,0.0,0.0,0.0,31.0,0.182,1,1,3.0,3.0,3.0,0.0,0.0,3.0,7.0,0.538,2.0,0.0,0.414,0.0,0.0,3.448,8.0,1.018,0.553,0.414,3.115,2,10.0,0.0,synthetic_generator,demo_gen_seed42,SYNTHETIC,true,false,42,generator-synthetic-v1.0.0,synthetic-v1.0.0,2025-08-31
SYN_T0059,2,C2,DEP_04,UP_11,2025-08,2025-08-31,2.13,3.0,5.0,2.106,3.0,3.0,3.0,3.0,0.0,0.0,0.0,0.0,999.0,0.0,0,1,3.0,3.0,3.0,0.0,0.0,4.0,7.0,0.538,0.0,0.0,0.626,8.0,5.0,2.308,8.0,13.0,0.446,0.626,2.211,0,10.0,8.0,synthetic_generator,demo_gen_seed42,SYNTHETIC,true,false,42,generator-synthetic-v1.0.0,synthetic-v1.0.0,2025-08-31
SYN_T0060,9,C9,DEP_05,UP_12,2025-08,2025-08-31,2.49,1.0,3.0,0.831,2.0,2.0,3.0,3.0,0.0,1.0,0.0,0.333,31.0,0.182,1,0,2.5,2.0,3.0,0.0,0.0,3.0,6.0,0.462,2.0,0.0,0.464,6.0,4.0,3.153,8.0,1.018,0.748,0.464,3.494,2,1.0,6.0,synthetic_generator,demo_gen_seed42,SYNTHETIC,true,false,42,generator-synthetic-v1.0.0,synthetic-v1.0.0,2025-08-31
SYN_T0062,1,C1,DEP_02,UP_02,2025-08,2025-08-31,2.59,2.0,4.0,0.0,4.0,4.0,4.0,4.0,0.0,0.0,0.0,0.0,153.0,0.182,1,1,4.0,4.0,4.0,0.0,0.0,3.0,6.0,0.462,2.0,0.0,0.491,2.0,2.0,2.349,8.0,5.026,0.877,0.491,2.558,2,5.0,2.0,synthetic_generator,demo_gen_seed42,SYNTHETIC,true,false,42,generator-synthetic-v1.0.0,synthetic-v1.0.0,2025-08-31
SYN_T0062,9,C9,DEP_02,UP_02,2025-08,2025-08-31,4.31,1.0,3.0,0.0,3.0,3.0,3.0,4.0,0.0,0.0,1.0,0.333,0.0,0.091,0,0,3.25,3.0,4.0,0.0,0.0,3.0,6.0,0.462,1.0,0.0,0.708,0.0,0.0,2.349,8.0,0.0,0.695,0.708,2.558,1,0.0,0.0,synthetic_generator,demo_gen_seed42,SYNTHETIC,true,false,42,generator-synthetic-v1.0.0,synthetic-v1.0.0,2025-08-31
SYN_T0067,5,C5,DEP_02,UP_07,2025-08,2025-08-31,1.99,3.0,5.0,2.917,2.0,2.0,2.0,2.0,0.0,0.0,0.0,0.0,999.0,0.0,1,1,2.0,2.0,2.0,0.0,0.0,3.0,8.0,0.615,0.0,0.0,0.483,8.0,3.0,2.494,8.0,13.0,0.336,0.483,3.161,0,9.0,8.0,synthetic_generator,demo_gen_seed42,SYNTHETIC,true,false,42,generator-synthetic-v1.0.0,synthetic-v1.0.0,2025-08-31
SYN_T0067,10,C10,DEP_02,UP_07,2025-08,2025-08-31,1.45,2.0,4.0,1.767,3.0,3.0,3.0,3.0,0.0,0.0,0.0,0.0,999.0,0.0,0,1,3.0,3.0,3.0,0.0,0.0,4.0,8.0,0.615,0.0,1.0,0.544,8.0,6.0,2.494,8.0,13.0,0.333,0.544,3.161,0,10.0,8.0,synthetic_generator,demo_gen_seed42,SYNTHETIC,true,false,42,generator-synthetic-v1.0.0,synthetic-v1.0.0,2025-08-31
SYN_T0068,8,C8,DEP_03,UP_08,2025-08,2025-08-31,1.36,3.0,5.0,3.943,1.0,2.0,2.0,2.0,1.0,0.0,0.0,0.333,31.0,0.091,1,0,1.75,1.0,2.0,0.0,1.0,2.0,7.0,0.538,1.0,0.0,0.104,8.0,2.0,2.526,8.0,1.018,0.445,0.104,2.507,1,2.0,8.0,synthetic_generator,demo_gen_seed42,SYNTHETIC,true,false,42,generator-synthetic-v1.0.0,synthetic-v1.0.0,2025-08-31
SYN_T0072,8,C8,DEP_02,UP_12,2025-08,2025-08-31,1.75,3.0,5.0,1.998,3.0,3.0,2.0,2.0,0.0,-1.0,0.0,-0.333,153.0,0.091,1,0,2.5,2.0,3.0,0.0,0.0,2.0,6.0,0.462,1.0,1.0,0.371,8.0,7.0,2.104,8.0,5.026,0.468,0.371,1.569,1,1.0,8.0,synthetic_generator,demo_gen_seed42,SYNTHETIC,true,false,42,generator-synthetic-v1.0.0,synthetic-v1.0.0,2025-08-31
SYN_T0073,1,C1,DEP_03,UP_01,2025-08,2025-08-31,2.16,2.0,4.0,0.995,3.0,3.0,3.0,3.0,0.0,0.0,0.0,0.0,999.0,0.0,1,1,3.0,3.0,3.0,0.0,0.0,3.0,7.0,0.538,0.0,0.0,0.357,8.0,4.0,2.302,8.0,13.0,0.313,0.357,1.761,0,10.0,8.0,synthetic_generator,demo_gen_seed42,SYNTHETIC,true,false,42,generator-synthetic-v1.0.0,synthetic-v1.0.0,2025-08-31
SYN_T0078,8,C8,DEP_03,UP_06,2025-08,2025-08-31,4.24,3.0,5.0,0.01,5.0,5.0,5.0,5.0,0.0,0.0,0.0,0.0,123.0,0.273,1,1,5.0,5.0,5.0,4.0,0.0,2.0,8.0,0.615,3.0,1.0,0.341,3.0,2.0,2.754,8.0,4.041,0.694,0.341,2.583,3,4.0,3.0,synthetic_generator,demo_gen_seed42,SYNTHETIC,true,false,42,generator-synthetic-v1.0.0,synthetic-v1.0.0,2025-08-31
SYN_T0079,4,C4,DEP_04,UP_07,2025-08,2025-08-31,1.6,2.0,4.0,1.952,2.0,2.0,2.0,2.0,0.0,0.0,0.0,0.0,999.0,0.0,0,1,2.0,2.0,2.0,0.0,0.0,2.0,5.0,0.385,0.0,1.0,0.814,8.0,6.0,3.058,8.0,13.0,0.43,0.814,3.135,0,10.0,8.0,synthetic_generator,demo_gen_seed42,SYNTHETIC,true,false,42,generator-synthetic-v1.0.0,synthetic-v1.0.0,2025-08-31
SYN_T0079,5,C5,DEP_04,UP_07,2025-08,2025-08-31,4.41,3.0,5.0,0.182,4.0,4.0,4.0,5.0,0.0,0.0,1.0,0.333,0.0,0.273,0,0,4.25,4.0,5.0,1.0,0.0,3.0,5.0,0.385,3.0,1.0,0.86,7.0,5.0,3.058,8.0,0.0,0.875,0.86,3.135,3,0.0,7.0,synthetic_generator,demo_gen_seed42,SYNTHETIC,true,false,42,generator-synthetic-v1.0.0,synthetic-v1.0.0,2025-08-31
SYN_T0079,11,C11,DEP_04,UP_07,2025-08,2025-08-31,3.53,3.0,5.0,1.026,3.0,4.0,4.0,4.0,1.0,0.0,0.0,0.333,62.0,0.091,0,0,3.75,3.0,4.0,0.0,0.0,5.0,5.0,0.385,1.0,1.0,0.857,8.0,4.0,3.058,8.0,2.037,0.604,0.857,3.135,1,2.0,8.0,synthetic_generator,demo_gen_seed42,SYNTHETIC,true,false,42,generator-synthetic-v1.0.0,synthetic-v1.0.0,2025-08-31
SYN_T0080,8,C8,DEP_05,UP_08,2025-08,2025-08-31,4.31,3.0,5.0,0.0,4.0,5.0,5.0,5.0,1.0,0.0,0.0,0.333,62.0,0.182,0,0,4.75,4.0,5.0,3.0,0.0,2.0,6.0,0.462,2.0,0.0,0.679,5.0,4.0,2.603,8.0,2.037,0.87,0.679,2.587,2,2.0,5.0,synthetic_generator,demo_gen_seed42,SYNTHETIC,true,false,42,generator-synthetic-v1.0.0,synthetic-v1.0.0,2025-08-31
SYN_T0081,2,C2,DEP_01,UP_09,2025-08,2025-08-31,3.33,3.0,5.0,0.0,3.0,3.0,4.0,5.0,0.0,1.0,1.0,0.667,0.0,0.273,0,0,3.75,3.0,5.0,1.0,0.0,4.0,9.0,0.692,3.0,0.0,0.972,7.0,3.0,2.924,8.0,0.0,0.957,0.972,3.28,3,0.0,7.0,synthetic_generator,demo_gen_seed42,SYNTHETIC,true,false,42,generator-synthetic-v1.0.0,synthetic-v1.0.0,2025-08-31
SYN_T0081,8,C8,DEP_01,UP_09,2025-08,2025-08-31,3.68,3.0,5.0,1.017,3.0,3.0,3.0,4.0,0.0,0.0,1.0,0.333,0.0,0.455,0,0,3.25,3.0,4.0,0.0,0.0,2.0,9.0,0.692,5.0,0.0,0.804,8.0,4.0,2.924,8.0,0.0,0.821,0.804,3.28,5,0.0,8.0,synthetic_generator,demo_gen_seed42,SYNTHETIC,true,false,42,generator-synthetic-v1.0.0,synthetic-v1.0.0,2025-08-31
SYN_T0082,8,C8,DEP_02,UP_10,2025-08,2025-08-31,3.45,3.0,5.0,0.995,3.0,3.0,4.0,4.0,0.0,1.0,0.0,0.333,31.0,0.091,1,0,3.5,3.0,4.0,0.0,0.0,2.0,7.0,0.538,1.0,0.0,0.478,8.0,5.0,2.169,8.0,1.018,0.555,0.478,2.102,1,1.0,8.0,synthetic_generator,demo_gen_seed42,SYNTHETIC,true,false,42,generator-synthetic-v1.0.0,synthetic-v1.0.0,2025-08-31
SYN_T0082,13,C13,DEP_02,UP_10,2025-08,2025-08-31,3.31,2.0,4.0,0.0,4.0,4.0,4.0,4.0,0.0,0.0,0.0,0.0,0.0,0.182,0,1,4.0,4.0,4.0,0.0,0.0,3.0,7.0,0.538,2.0,2.0,0.564,1.0,1.0,2.169,8.0,0.0,0.527,0.564,2.102,2,6.0,1.0,synthetic_generator,demo_gen_seed42,SYNTHETIC,true,false,42,generator-synthetic-v1.0.0,synthetic-v1.0.0,2025-08-31
SYN_T0083,13,C13,DEP_03,UP_11,2025-08,2025-08-31,3.39,2.0,4.0,0.0,4.0,4.0,4.0,4.0,0.0,0.0,0.0,0.0,92.0,0.273,0,1,4.0,4.0,4.0,0.0,0.0,3.0,7.0,0.538,3.0,1.0,0.876,0.0,0.0,2.52,8.0,3.022,0.681,0.876,2.468,3,9.0,0.0,synthetic_generator,demo_gen_seed42,SYNTHETIC,true,false,42,generator-synthetic-v1.0.0,synthetic-v1.0.0,2025-08-31
SYN_T0084,10,C10,DEP_04,UP_12,2025-08,2025-08-31,1.84,2.0,4.0,2.028,2.0,2.0,2.0,2.0,0.0,0.0,0.0,0.0,62.0,0.182,0,1,2.0,2.0,2.0,0.0,0.0,4.0,7.0,0.538,2.0,0.0,0.974,8.0,2.0,2.483,8.0,2.037,0.806,0.974,2.257,2,10.0,8.0,synthetic_generator,demo_gen_seed42,SYNTHETIC,true,false,42,generator-synthetic-v1.0.0,synthetic-v1.0.0,2025-08-31
SYN_T0086,2,C2,DEP_01,UP_02,2025-08,2025-08-31,3.8,3.0,5.0,0.181,4.0,5.0,5.0,5.0,1.0,0.0,0.0,0.333,62.0,0.364,0,0,4.75,4.0,5.0,3.0,0.0,4.0,8.0,0.615,4.0,0.0,0.72,5.0,3.0,2.515,8.0,2.037,0.846,0.72,2.669,4,2.0,5.0,synthetic_generator,demo_gen_seed42,SYNTHETIC,true,false,42,generator-synthetic-v1.0.0,synthetic-v1.0.0,2025-08-31
SYN_T0087,8,C8,DEP_02,UP_03,2025-08,2025-08-31,3.18,3.0,5.0,0.0,4.0,4.0,4.0,4.0,0.0,0.0,0.0,0.0,31.0,0.273,0,1,4.0,4.0,4.0,0.0,0.0,2.0,7.0,0.538,3.0,1.0,0.581,8.0,5.0,2.385,8.0,1.018,0.619,0.581,2.277,3,4.0,8.0,synthetic_generator,demo_gen_seed42,SYNTHETIC,true,false,42,generator-synthetic-v1.0.0,synthetic-v1.0.0,2025-08-31
SYN_T0087,9,C9,DEP_02,UP_03,2025-08,2025-08-31,3.39,1.0,3.0,0.0,4.0,4.0,4.0,4.0,0.0,0.0,0.0,0.0,62.0,0.273,0,1,4.0,4.0,4.0,0.0,0.0,3.0,7.0,0.538,3.0,0.0,0.76,0.0,0.0,2.385,8.0,2.037,0.637,0.76,2.277,3,4.0,0.0,synthetic_generator,demo_gen_seed42,SYNTHETIC,true,false,42,generator-synthetic-v1.0.0,synthetic-v1.0.0,2025-08-31
SYN_T0088,6,C6,DEP_03,UP_04,2025-08,2025-08-31,3.4,1.0,3.0,0.236,3.0,3.0,3.0,3.0,0.0,0.0,0.0,0.0,0.0,0.273,0,1,3.0,3.0,3.0,0.0,0.0,4.0,8.0,0.615,3.0,0.0,0.535,1.0,1.0,2.618,8.0,0.0,0.769,0.535,2.894,3,5.0,1.0,synthetic_generator,demo_gen_seed42,SYNTHETIC,true,false,42,generator-synthetic-v1.0.0,synthetic-v1.0.0,2025-08-31
SYN_T0089,7,C7,DEP_04,UP_05,2025-08,2025-08-31,2.7,2.0,4.0,0.0,4.0,4.0,4.0,4.0,0.0,0.0,0.0,0.0,123.0,0.091,0,1,4.0,4.0,4.0,0.0,0.0,5.0,8.0,0.615,1.0,0.0,0.614,0.0,0.0,2.938,8.0,4.041,0.549,0.614,2.486,1,10.0,0.0,synthetic_generator,demo_gen_seed42,SYNTHETIC,true,false,42,generator-synthetic-v1.0.0,synthetic-v1.0.0,2025-08-31
SYN_T0099,12,C12,DEP_04,UP_03,2025-08,2025-08-31,2.73,1.0,3.0,0.0,3.0,3.0,3.0,3.0,0.0,0.0,0.0,0.0,153.0,0.091,0,1,3.0,3.0,3.0,0.0,0.0,2.0,9.0,0.692,1.0,0.0,0.76,0.0,0.0,2.667,8.0,5.026,0.564,0.76,2.628,1,10.0,0.0,synthetic_generator,demo_gen_seed42,SYNTHETIC,true,false,42,generator-synthetic-v1.0.0,synthetic-v1.0.0,2025-08-31
SYN_T0100,4,C4,DEP_05,UP_04,2025-08,2025-08-31,3.41,2.0,4.0,0.0,4.0,4.0,4.0,4.0,0.0,0.0,0.0,0.0,123.0,0.273,0,1,4.0,4.0,4.0,0.0,0.0,2.0,8.0,0.615,3.0,0.0,0.65,0.0,0.0,2.155,8.0,4.041,0.692,0.65,2.456,3,10.0,0.0,synthetic_generator,demo_gen_seed42,SYNTHETIC,true,false,42,generator-synthetic-v1.0.0,synthetic-v1.0.0,2025-08-31
SYN_T0001,8,C8,DEP_01,UP_01,2025-09,2025-09-30,3.92,3.0,5.0,0.928,3.0,3.0,3.0,4.0,0.0,0.0,1.0,0.333,0.0,0.25,0,0,3.25,3.0,4.0,0.0,0.0,2.0,6.0,0.462,3.0,1.0,0.658,9.0,3.0,2.721,9.0,0.0,0.789,0.658,3.186,3,0.0,9.0,synthetic_generator,demo_gen_seed42,SYNTHETIC,true,false,42,generator-synthetic-v1.0.0,synthetic-v1.0.0,2025-09-30
SYN_T0005,12,C12,DEP_05,UP_05,2025-09,2025-09-30,2.44,1.0,3.0,0.0,4.0,4.0,4.0,3.0,0.0,0.0,-1.0,-0.333,92.0,0.167,1,0,3.75,3.0,4.0,0.0,0.0,2.0,8.0,0.615,2.0,1.0,0.291,0.0,0.0,1.449,9.0,3.022,0.701,0.291,1.894,2,0.0,0.0,synthetic_generator,demo_gen_seed42,SYNTHETIC,true,false,42,generator-synthetic-v1.0.0,synthetic-v1.0.0,2025-09-30
SYN_T0006,3,C3,DEP_01,UP_06,2025-09,2025-09-30,3.37,1.0,3.0,0.0,3.0,3.0,3.0,4.0,0.0,0.0,1.0,0.333,0.0,0.083,1,0,3.25,3.0,4.0,0.0,0.0,5.0,7.0,0.538,1.0,1.0,0.442,0.0,0.0,1.944,9.0,0.0,0.444,0.442,1.33,1,0.0,0.0,synthetic_generator,demo_gen_seed42,SYNTHETIC,true,false,42,generator-synthetic-v1.0.0,synthetic-v1.0.0,2025-09-30
SYN_T0011,1,C1,DEP_01,UP_11,2025-09,2025-09-30,2.01,2.0,4.0,2.037,2.0,2.0,2.0,2.0,0.0,0.0,0.0,0.0,183.0,0.083,0,1,2.0,2.0,2.0,0.0,0.0,3.0,8.0,0.615,1.0,1.0,0.862,9.0,6.0,3.155,9.0,6.012,0.625,0.862,3.48,1,11.0,9.0,synthetic_generator,demo_gen_seed42,SYNTHETIC,true,false,42,generator-synthetic-v1.0.0,synthetic-v1.0.0,2025-09-30
SYN_T0014,13,C13,DEP_04,UP_02,2025-09,2025-09-30,3.37,2.0,4.0,0.0,4.0,4.0,4.0,4.0,0.0,0.0,0.0,0.0,183.0,0.083,1,1,4.0,4.0,4.0,0.0,0.0,3.0,8.0,0.615,1.0,0.0,0.322,0.0,0.0,3.192,9.0,6.012,0.305,0.322,3.119,1,8.0,0.0,synthetic_generator,demo_gen_seed42,SYNTHETIC,true,false,42,generator-synthetic-v1.0.0,synthetic-v1.0.0,2025-09-30
SYN_T0017,11,C11,DEP_02,UP_05,2025-09,2025-09-30,2.79,3.0,5.0,3.219,3.0,3.0,3.0,3.0,0.0,0.0,0.0,0.0,999.0,0.0,1,1,3.0,3.0,3.0,0.0,0.0,5.0,5.0,0.385,0.0,0.0,0.475,9.0,7.0,2.906,9.0,13.0,0.312,0.475,2.807,0,11.0,9.0,synthetic_generator,demo_gen_seed42,SYNTHETIC,true,false,42,generator-synthetic-v1.0.0,synthetic-v1.0.0,2025-09-30
SYN_T0017,13,C13,DEP_02,UP_05,2025-09,2025-09-30,3.7,2.0,4.0,0.0,4.0,3.0,4.0,4.0,-1.0,1.0,0.0,0.0,0.0,0.333,1,0,3.75,3.0,4.0,0.0,0.0,3.0,5.0,0.385,4.0,1.0,0.468,5.0,3.0,2.906,9.0,0.0,0.66,0.468,2.807,4,1.0,5.0,synthetic_generator,demo_gen_seed42,SYNTHETIC,true,false,42,generator-synthetic-v1.0.0,synthetic-v1.0.0,2025-09-30
SYN_T0020,6,C6,DEP_05,UP_08,2025-09,2025-09-30,2.0,1.0,3.0,0.738,1.0,2.0,2.0,2.0,1.0,0.0,0.0,0.333,61.0,0.167,0,0,1.75,1.0,2.0,0.0,1.0,4.0,7.0,0.538,2.0,1.0,0.827,9.0,7.0,2.728,9.0,2.004,0.648,0.827,2.814,2,2.0,9.0,synthetic_generator,demo_gen_seed42,SYNTHETIC,true,false,42,generator-synthetic-v1.0.0,synthetic-v1.0.0,2025-09-30
SYN_T0023,6,C6,DEP_03,UP_11,2025-09,2025-09-30,1.65,1.0,3.0,0.966,2.0,2.0,2.0,2.0,0.0,0.0,0.0,0.0,0.0,0.083,1,1,2.0,2.0,2.0,0.0,0.0,4.0,7.0,0.538,1.0,0.0,0.125,9.0,3.0,3.394,9.0,0.0,0.34,0.125,,1,11.0,9.0,synthetic_generator,demo_gen_seed42,SYNTHETIC,true,false,42,generator-synthetic-v1.0.0,synthetic-v1.0.0,2025-09-30
SYN_T0024,7,C7,DEP_04,UP_12,2025-09,2025-09-30,3.95,2.0,4.0,0.0,4.0,5.0,5.0,5.0,1.0,0.0,0.0,0.333,30.0,0.333,0,0,4.75,4.0,5.0,3.0,0.0,5.0,7.0,0.538,4.0,0.0,0.818,2.0,2.0,2.511,9.0,0.986,0.837,0.818,2.806,4,2.0,2.0,synthetic_generator,demo_gen_seed42,SYNTHETIC,true,false,42,generator-synthetic-v1.0.0,synthetic-v1.0.0,2025-09-30
SYN_T0025,12,C12,DEP_05,UP_01,2025-09,2025-09-30,3.26,1.0,3.0,0.0,3.0,3.0,3.0,3.0,0.0,0.0,0.0,0.0,0.0,0.25,0,1,3.0,3.0,3.0,0.0,0.0,2.0,7.0,0.538,3.0,1.0,0.712,5.0,3.0,2.5,9.0,0.0,0.738,0.712,2.52,3,3.0,5.0,synthetic_generator,demo_gen_seed42,SYNTHETIC,true,false,42,generator-synthetic-v1.0.0,synthetic-v1.0.0,2025-09-30
SYN_T0029,3,C3,DEP_04,UP_05,2025-09,2025-09-30,3.53,1.0,3.0,0.0,5.0,5.0,5.0,5.0,0.0,0.0,0.0,0.0,0.0,0.417,0,1,5.0,5.0,5.0,4.0,0.0,5.0,8.0,0.615,5.0,1.0,0.528,0.0,0.0,2.728,9.0,0.0,0.65,0.528,2.994,5,8.0,0.0,synthetic_generator,demo_gen_seed42,SYNTHETIC,true,false,42,generator-synthetic-v1.0.0,synthetic-v1.0.0,2025-09-30
SYN_T0029,6,C6,DEP_04,UP_05,2025-09,2025-09-30,3.56,1.0,3.0,0.0,3.0,3.0,3.0,4.0,0.0,0.0,1.0,0.333,0.0,0.083,1,0,3.25,3.0,4.0,0.0,0.0,4.0,8.0,0.615,1.0,0.0,0.494,0.0,0.0,2.728,9.0,0.0,0.447,0.494,2.994,1,0.0,0.0,synthetic_generator,demo_gen_seed42,SYNTHETIC,true,false,42,generator-synthetic-v1.0.0,synthetic-v1.0.0,2025-09-30
SYN_T0030,2,C2,DEP_05,UP_06,2025-09,2025-09-30,2.17,3.0,5.0,2.977,2.0,2.0,2.0,2.0,0.0,0.0,0.0,0.0,0.0,0.083,0,1,2.0,2.0,2.0,0.0,0.0,4.0,8.0,0.615,1.0,0.0,0.552,9.0,7.0,2.891,9.0,0.0,0.533,0.552,3.319,1,11.0,9.0,synthetic_generator,demo_gen_seed42,SYNTHETIC,true,false,42,generator-synthetic-v1.0.0,synthetic-v1.0.0,2025-09-30
SYN_T0030,9,C9,DEP_05,UP_06,2025-09,2025-09-30,3.72,1.0,3.0,0.0,5.0,5.0,5.0,5.0,0.0,0.0,0.0,0.0,999.0,0.0,1,1,5.0,5.0,5.0,4.0,0.0,3.0,8.0,0.615,0.0,0.0,0.438,0.0,0.0,2.891,9.0,13.0,0.208,0.438,3.319,0,11.0,0.0,synthetic_generator,demo_gen_seed42,SYNTHETIC,true,false,42,generator-synthetic-v1.0.0,synthetic-v1.0.0,2025-09-30
SYN_T0033,4,C4,DEP_03,UP_09,2025-09,2025-09-30,3.31,2.0,4.0,0.852,2.0,2.0,3.0,4.0,0.0,1.0,1.0,0.667,0.0,0.333,0,0,2.75,2.0,4.0,0.0,0.0,2.0,7.0,0.538,4.0,0.0,1.0,8.0,4.0,2.582,9.0,0.0,1.0,1.0,2.687,4,0.0,8.0,synthetic_generator,demo_gen_seed42,SYNTHETIC,true,false,42,generator-synthetic-v1.0.0,synthetic-v1.0.0,2025-09-30
SYN_T0034,7,C7,DEP_04,UP_10,2025-09,2025-09-30,1.61,2.0,4.0,1.966,2.0,2.0,2.0,2.0,0.0,0.0,0.0,0.0,999.0,0.0,1,1,2.0,2.0,2.0,0.0,0.0,5.0,9.0,0.692,0.0,0.0,0.389,9.0,6.0,2.285,9.0,13.0,0.352,0.389,2.206,0,5.0,9.0,synthetic_generator,demo_gen_seed42,SYNTHETIC,true,false,42,generator-synthetic-v1.0.0,synthetic-v1.0.0,2025-09-30
SYN_T0034,10,C10,DEP_04,UP_10,2025-09,2025-09-30,1.75,2.0,4.0,1.733,2.0,2.0,2.0,2.0,0.0,0.0,0.0,0.0,214.0,0.083,1,1,2.0,2.0,2.0,0.0,0.0,4.0,9.0,0.692,1.0,1.0,0.399,9.0,7.0,2.285,9.0,7.03,0.343,0.399,2.206,1,11.0,9.0,synthetic_generator,demo_gen_seed42,SYNTHETIC,true,false,42,generator-synthetic-v1.0.0,synthetic-v1.0.0,2025-09-30
SYN_T0036,6,C6,DEP_01,UP_12,2025-09,2025-09-30,3.0,1.0,3.0,0.0,3.0,3.0,3.0,3.0,0.0,0.0,0.0,0.0,30.0,0.083,1,1,3.0,3.0,3.0,0.0,0.0,4.0,8.0,0.615,1.0,0.0,0.128,0.0,0.0,3.324,9.0,0.986,0.339,0.128,3.419,1,11.0,0.0,synthetic_generator,demo_gen_seed42,SYNTHETIC,true,false,42,generator-synthetic-v1.0.0,synthetic-v1.0.0,2025-09-30
SYN_T0038,9,C9,DEP_03,UP_02,2025-09,2025-09-30,3.29,1.0,3.0,0.0,4.0,4.0,4.0,4.0,0.0,0.0,0.0,0.0,214.0,0.083,0,1,4.0,4.0,4.0,0.0,0.0,3.0,7.0,0.538,1.0,1.0,0.901,0.0,0.0,2.226,9.0,7.03,0.578,0.901,2.571,1,8.0,0.0,synthetic_generator,demo_gen_seed42,SYNTHETIC,true,false,42,generator-synthetic-v1.0.0,synthetic-v1.0.0,2025-09-30
SYN_T0041,1,C1,DEP_01,UP_05,2025-09,2025-09-30,3.3,2.0,4.0,0.093,4.0,4.0,3.0,4.0,0.0,-1.0,1.0,0.0,0.0,0.25,0,0,3.75,3.0,4.0,0.0,0.0,3.0,7.0,0.538,3.0,0.0,0.643,4.0,3.0,2.899,9.0,0.0,0.841,0.643,2.753,3,0.0,4.0,synthetic_generator,demo_gen_seed42,SYNTHETIC,true,false,42,generator-synthetic-v1.0.0,synthetic-v1.0.0,2025-09-30
SYN_T0043,1,C1,DEP_03,UP_07,2025-09,2025-09-30,1.48,2.0,4.0,1.077,2.0,2.0,2.0,2.0,0.0,0.0,0.0,0.0,30.0,0.083,0,1,2.0,2.0,2.0,0.0,0.0,3.0,7.0,0.538,1.0,1.0,0.663,9.0,3.0,2.113,9.0,0.986,0.553,1.5,2.315,1,11.0,9.0,synthetic_generator,demo_gen_seed42,SYNTHETIC,true,false,42,generator-synthetic-v1.0.0,synthetic-v1.0.0,2025-09-30
SYN_T0044,9,C9,DEP_04,UP_08,2025-09,2025-09-30,2.85,1.0,3.0,0.0,3.0,4.0,4.0,4.0,1.0,0.0,0.0,0.333,61.0,0.25,0,0,3.75,3.0,4.0,0.0,0.0,3.0,10.0,0.769,3.0,1.0,0.698,2.0,1.0,2.654,9.0,2.004,0.746,0.698,3.046,3,2.0,2.0,synthetic_generator,demo_gen_seed42,SYNTHETIC,true,false,42,generator-synthetic-v1.0.0,synthetic-v1.0.0,2025-09-30
SYN_T0046,7,C7,DEP_01,UP_10,2025-09,2025-09-30,3.54,2.0,4.0,0.0,4.0,4.0,4.0,4.0,0.0,0.0,0.0,0.0,92.0,0.167,0,1,4.0,4.0,4.0,0.0,0.0,5.0,8.0,0.615,2.0,1.0,0.566,0.0,0.0,2.903,9.0,3.022,0.533,0.566,3.015,2,11.0,0.0,synthetic_generator,demo_gen_seed42,SYNTHETIC,true,false,42,generator-synthetic-v1.0.0,synthetic-v1.0.0,2025-09-30
SYN_T0048,7,C7,DEP_03,UP_12,2025-09,2025-09-30,3.41,2.0,4.0,0.0,4.0,3.0,3.0,4.0,-1.0,0.0,1.0,0.0,0.0,0.167,0,0,3.5,3.0,4.0,0.0,0.0,5.0,7.0,0.538,2.0,1.0,0.817,5.0,3.0,3.063,9.0,0.0,0.913,0.817,3.157,2,0.0,5.0,synthetic_generator,demo_gen_seed42,SYNTHETIC,true,false,42,generator-synthetic-v1.0.0,synthetic-v1.0.0,2025-09-30
SYN_T0048,12,C12,DEP_03,UP_12,2025-09,2025-09-30,2.46,1.0,3.0,0.0,4.0,4.0,4.0,4.0,0.0,0.0,0.0,0.0,61.0,0.333,0,1,4.0,4.0,4.0,0.0,0.0,2.0,7.0,0.538,4.0,1.0,0.764,0.0,0.0,3.063,9.0,2.004,0.753,0.764,3.157,4,4.0,0.0,synthetic_generator,demo_gen_seed42,SYNTHETIC,true,false,42,generator-synthetic-v1.0.0,synthetic-v1.0.0,2025-09-30
SYN_T0048,13,C13,DEP_03,UP_12,2025-09,2025-09-30,3.29,2.0,4.0,0.238,4.0,3.0,4.0,4.0,-1.0,1.0,0.0,0.0,0.0,0.25,0,0,3.75,3.0,4.0,0.0,0.0,3.0,7.0,0.538,3.0,0.0,0.9,1.0,0.0,3.063,9.0,0.0,0.909,0.9,3.157,3,1.0,1.0,synthetic_generator,demo_gen_seed42,SYNTHETIC,true,false,42,generator-synthetic-v1.0.0,synthetic-v1.0.0,2025-09-30
SYN_T0050,12,C12,DEP_05,UP_02,2025-09,2025-09-30,2.45,1.0,3.0,0.0,4.0,4.0,4.0,3.0,0.0,0.0,-1.0,-0.333,183.0,0.083,1,0,3.75,3.0,4.0,0.0,0.0,2.0,6.0,0.462,1.0,0.0,0.285,0.0,0.0,2.677,9.0,6.012,0.56,0.285,1.785,1,0.0,0.0,synthetic_generator,demo_gen_seed42,SYNTHETIC,true,false,42,generator-synthetic-v1.0.0,synthetic-v1.0.0,2025-09-30
SYN_T0052,11,C11,DEP_02,UP_04,2025-09,2025-09-30,1.74,3.0,5.0,2.961,2.0,3.0,2.0,2.0,1.0,-1.0,0.0,0.0,61.0,0.083,1,0,2.25,2.0,3.0,0.0,0.0,5.0,6.0,0.462,1.0,0.0,0.228,9.0,5.0,2.909,9.0,2.004,0.491,0.228,2.728,1,1.0,9.0,synthetic_generator,demo_gen_seed42,SYNTHETIC,true,false,42,generator-synthetic-v1.0.0,synthetic-v1.0.0,2025-09-30
SYN_T0053,5,C5,DEP_03,UP_05,2025-09,2025-09-30,4.16,3.0,5.0,0.0,4.0,4.0,4.0,5.0,0.0,0.0,1.0,0.333,0.0,0.25,0,0,4.25,4.0,5.0,1.0,0.0,3.0,9.0,0.692,3.0,0.0,0.743,8.0,5.0,2.184,9.0,0.0,0.794,0.743,1.679,3,0.0,8.0,synthetic_generator,demo_gen_seed42,SYNTHETIC,true,false,42,generator-synthetic-v1.0.0,synthetic-v1.0.0,2025-09-30
SYN_T0056,10,C10,DEP_01,UP_08,2025-09,2025-09-30,2.19,2.0,4.0,2.242,2.0,2.0,2.0,2.0,0.0,0.0,0.0,0.0,999.0,0.0,0,1,2.0,2.0,2.0,0.0,0.0,4.0,8.0,0.615,0.0,0.0,0.652,9.0,4.0,2.402,9.0,13.0,0.33,0.652,2.471,0,11.0,9.0,synthetic_generator,demo_gen_seed42,SYNTHETIC,true,false,42,generator-synthetic-v1.0.0,synthetic-v1.0.0,2025-09-30
SYN_T0061,7,C7,DEP_01,UP_01,2025-09,2025-09-30,2.81,2.0,4.0,0.736,4.0,4.0,4.0,3.0,0.0,0.0,-1.0,-0.333,61.0,0.25,0,0,3.75,3.0,4.0,0.0,0.0,5.0,7.0,0.538,3.0,1.0,0.671,5.0,2.0,1.975,9.0,2.004,0.743,0.671,2.507,3,0.0,5.0,synthetic_generator,demo_gen_seed42,SYNTHETIC,true,false,42,generator-synthetic-v1.0.0,synthetic-v1.0.0,2025-09-30
SYN_T0062,5,C5,DEP_02,UP_02,2025-09,2025-09-30,3.24,3.0,5.0,1.963,3.0,3.0,3.0,4.0,0.0,0.0,1.0,0.333,61.0,0.25,1,0,3.25,3.0,4.0,0.0,0.0,3.0,6.0,0.462,3.0,0.0,0.442,9.0,6.0,2.35,9.0,2.004,0.69,0.442,2.365,3,0.0,9.0,synthetic_generator,demo_gen_seed42,SYNTHETIC,true,false,42,generator-synthetic-v1.0.0,synthetic-v1.0.0,2025-09-30
SYN_T0068,6,C6,DEP_03,UP_08,2025-09,2025-09-30,2.94,1.0,3.0,0.0,4.0,4.0,4.0,4.0,0.0,0.0,0.0,0.0,30.0,0.167,1,1,4.0,4.0,4.0,0.0,0.0,4.0,7.0,0.538,2.0,0.0,0.141,0.0,0.0,2.512,9.0,0.986,0.414,0.141,2.404,2,4.0,0.0,synthetic_generator,demo_gen_seed42,SYNTHETIC,true,false,42,generator-synthetic-v1.0.0,synthetic-v1.0.0,2025-09-30
SYN_T0069,5,C5,DEP_04,UP_09,2025-09,2025-09-30,2.92,3.0,5.0,0.733,3.0,3.0,4.0,4.0,0.0,1.0,0.0,0.333,30.0,0.25,1,0,3.5,3.0,4.0,0.0,0.0,3.0,7.0,0.538,3.0,0.0,0.476,9.0,5.0,3.225,9.0,0.986,0.675,0.476,2.619,3,1.0,9.0,synthetic_generator,demo_gen_seed42,SYNTHETIC,true,false,42,generator-synthetic-v1.0.0,synthetic-v1.0.0,2025-09-30
SYN_T0070,1,C1,DEP_05,UP_10,2025-09,2025-09-30,1.63,2.0,4.0,3.078,1.0,1.0,1.0,1.0,0.0,0.0,0.0,0.0,61.0,0.167,0,1,1.0,1.0,1.0,0.0,4.0,3.0,6.0,0.462,2.0,0.0,0.694,9.0,4.0,2.772,9.0,2.004,0.782,0.694,2.22,2,4.0,9.0,synthetic_generator,demo_gen_seed42,SYNTHETIC,true,false,42,generator-synthetic-v1.0.0,synthetic-v1.0.0,2025-09-30
SYN_T0070,3,C3,DEP_05,UP_10,2025-09,2025-09-30,3.04,1.0,3.0,0.0,4.0,3.0,4.0,4.0,-1.0,1.0,0.0,0.0,92.0,0.167,0,0,3.75,3.0,4.0,0.0,0.0,5.0,6.0,0.462,2.0,1.0,0.656,0.0,0.0,2.772,9.0,3.022,0.762,0.656,2.22,2,1.0,0.0,synthetic_generator,demo_gen_seed42,SYNTHETIC,true,false,42,generator-synthetic-v1.0.0,synthetic-v1.0.0,2025-09-30
SYN_T0070,12,C12,DEP_05,UP_10,2025-09,2025-09-30,1.09,1.0,3.0,1.092,2.0,2.0,2.0,2.0,0.0,0.0,0.0,0.0,0.0,0.083,0,1,2.0,2.0,2.0,0.0,0.0,2.0,6.0,0.462,1.0,0.0,0.637,9.0,5.0,2.772,9.0,0.0,0.492,0.637,2.22,1,11.0,9.0,synthetic_generator,demo_gen_seed42,SYNTHETIC,true,false,42,generator-synthetic-v1.0.0,synthetic-v1.0.0,2025-09-30
SYN_T0078,11,C11,DEP_03,UP_06,2025-09,2025-09-30,3.25,3.0,5.0,2.109,3.0,3.0,3.0,3.0,0.0,0.0,0.0,0.0,183.0,0.083,1,1,3.0,3.0,3.0,0.0,0.0,5.0,8.0,0.615,1.0,2.0,0.302,9.0,7.0,2.8,9.0,6.012,0.208,0.302,3.17,1,11.0,9.0,synthetic_generator,demo_gen_seed42,SYNTHETIC,true,false,42,generator-synthetic-v1.0.0,synthetic-v1.0.0,2025-09-30
SYN_T0082,10,C10,DEP_02,UP_10,2025-09,2025-09-30,3.41,2.0,4.0,0.0,5.0,5.0,5.0,5.0,0.0,0.0,0.0,0.0,122.0,0.083,0,1,5.0,5.0,5.0,4.0,0.0,4.0,7.0,0.538,1.0,0.0,0.592,0.0,0.0,2.256,9.0,4.008,0.615,0.592,2.946,1,4.0,0.0,synthetic_generator,demo_gen_seed42,SYNTHETIC,true,false,42,generator-synthetic-v1.0.0,synthetic-v1.0.0,2025-09-30
SYN_T0084,10,C10,DEP_04,UP_12,2025-09,2025-09-30,1.66,2.0,4.0,2.15,2.0,2.0,2.0,2.0,0.0,0.0,0.0,0.0,92.0,0.167,0,1,2.0,2.0,2.0,0.0,0.0,4.0,7.0,0.538,2.0,0.0,0.774,9.0,3.0,2.512,9.0,3.022,0.674,0.774,2.744,2,11.0,9.0,synthetic_generator,demo_gen_seed42,SYNTHETIC,true,false,42,generator-synthetic-v1.0.0,synthetic-v1.0.0,2025-09-30
SYN_T0085,5,C5,DEP_05,UP_01,2025-09,2025-09-30,2.91,3.0,5.0,1.093,4.0,4.0,4.0,4.0,0.0,0.0,0.0,0.0,0.0,0.167,1,1,4.0,4.0,4.0,0.0,0.0,3.0,6.0,0.462,2.0,0.0,0.459,9.0,6.0,2.189,9.0,0.0,0.599,0.459,2.019,2,11.0,9.0,synthetic_generator,demo_gen_seed42,SYNTHETIC,true,false,42,generator-synthetic-v1.0.0,synthetic-v1.0.0,2025-09-30
SYN_T0086,7,C7,DEP_01,UP_02,2025-09,2025-09-30,1.76,2.0,4.0,2.127,2.0,2.0,2.0,2.0,0.0,0.0,0.0,0.0,153.0,0.083,0,1,2.0,2.0,2.0,0.0,0.0,5.0,8.0,0.615,1.0,0.0,0.826,9.0,5.0,2.587,9.0,5.026,0.647,0.826,3.164,1,3.0,9.0,synthetic_generator,demo_gen_seed42,SYNTHETIC,true,false,42,generator-synthetic-v1.0.0,synthetic-v1.0.0,2025-09-30
SYN_T0087,3,C3,DEP_02,UP_03,2025-09,2025-09-30,4.03,1.0,3.0,0.0,4.0,4.0,4.0,5.0,0.0,0.0,1.0,0.333,0.0,0.167,1,0,4.25,4.0,5.0,1.0,0.0,5.0,7.0,0.538,2.0,1.0,0.463,0.0,0.0,2.39,9.0,0.0,0.636,0.463,2.423,2,0.0,0.0,synthetic_generator,demo_gen_seed42,SYNTHETIC,true,false,42,generator-synthetic-v1.0.0,synthetic-v1.0.0,2025-09-30
SYN_T0092,3,C3,DEP_02,UP_08,2025-09,2025-09-30,2.83,1.0,3.0,0.056,3.0,3.0,3.0,3.0,0.0,0.0,0.0,0.0,0.0,0.083,0,1,3.0,3.0,3.0,0.0,0.0,5.0,8.0,0.615,1.0,0.0,0.554,0.0,0.0,2.598,9.0,0.0,0.628,0.554,2.582,1,5.0,0.0,synthetic_generator,demo_gen_seed42,SYNTHETIC,true,false,42,generator-synthetic-v1.0.0,synthetic-v1.0.0,2025-09-30
SYN_T0092,9,C9,DEP_02,UP_08,2025-09,2025-09-30,3.57,1.0,3.0,0.0,3.0,3.0,3.0,4.0,0.0,0.0,1.0,0.333,0.0,0.167,0,0,3.25,3.0,4.0,0.0,0.0,3.0,8.0,0.615,2.0,0.0,0.605,0.0,0.0,2.598,9.0,0.0,0.604,0.605,2.582,2,0.0,0.0,synthetic_generator,demo_gen_seed42,SYNTHETIC,true,false,42,generator-synthetic-v1.0.0,synthetic-v1.0.0,2025-09-30
SYN_T0093,5,C5,DEP_03,UP_09,2025-09,2025-09-30,3.36,3.0,5.0,1.048,4.0,4.0,3.0,3.0,0.0,-1.0,0.0,-0.333,122.0,0.25,0,0,3.5,3.0,4.0,0.0,0.0,3.0,6.0,0.462,3.0,0.0,0.563,9.0,5.0,2.654,9.0,4.008,0.72,0.563,2.716,3,1.0,9.0,synthetic_generator,demo_gen_seed42,SYNTHETIC,true,false,42,generator-synthetic-v1.0.0,synthetic-v1.0.0,2025-09-30
SYN_T0096,13,C13,DEP_01,UP_12,2025-09,2025-09-30,1.36,2.0,4.0,2.181,2.0,2.0,2.0,2.0,0.0,0.0,0.0,0.0,92.0,0.167,1,1,2.0,2.0,2.0,0.0,0.0,3.0,6.0,0.462,2.0,1.0,0.484,9.0,4.0,1.936,9.0,3.022,0.606,0.484,2.003,2,11.0,9.0,synthetic_generator,demo_gen_seed42,SYNTHETIC,true,false,42,generator-synthetic-v1.0.0,synthetic-v1.0.0,2025-09-30
SYN_T0098,8,C8,DEP_03,UP_02,2025-09,2025-09-30,2.86,3.0,5.0,0.184,4.0,4.0,4.0,4.0,0.0,0.0,0.0,0.0,30.0,0.167,0,1,4.0,4.0,4.0,0.0,0.0,2.0,7.0,0.538,2.0,1.0,0.618,9.0,6.0,2.195,9.0,0.986,0.649,0.618,1.745,2,4.0,9.0,synthetic_generator,demo_gen_seed42,SYNTHETIC,true,false,42,generator-synthetic-v1.0.0,synthetic-v1.0.0,2025-09-30
SYN_T0100,13,C13,DEP_05,UP_04,2025-09,2025-09-30,3.21,2.0,4.0,1.108,3.0,3.0,3.0,3.0,0.0,0.0,0.0,0.0,242.0,0.083,1,1,3.0,3.0,3.0,0.0,0.0,3.0,8.0,0.615,1.0,1.0,0.418,9.0,4.0,2.196,9.0,7.95,0.451,0.418,2.522,1,8.0,9.0,synthetic_generator,demo_gen_seed42,SYNTHETIC,true,false,42,generator-synthetic-v1.0.0,synthetic-v1.0.0,2025-09-30
SYN_T0001,12,C12,DEP_01,UP_01,2025-10,2025-10-31,3.84,1.0,3.0,0.0,3.0,4.0,4.0,4.0,1.0,0.0,0.0,0.333,61.0,0.154,0,0,3.75,3.0,4.0,0.0,0.0,2.0,6.0,0.462,2.0,0.0,0.648,0.0,0.0,2.71,10.0,2.004,0.768,0.648,2.617,2,2.0,0.0,synthetic_generator,demo_gen_seed42,SYNTHETIC,true,false,42,generator-synthetic-v1.0.0,synthetic-v1.0.0,2025-10-31
SYN_T0002,13,C13,DEP_02,UP_02,2025-10,2025-10-31,2.15,2.0,4.0,0.947,3.0,3.0,3.0,3.0,0.0,0.0,0.0,0.0,92.0,0.154,0,1,3.0,3.0,3.0,0.0,0.0,3.0,7.0,0.538,2.0,1.0,0.595,6.0,4.0,2.152,10.0,3.022,0.67,0.595,2.04,2,5.0,6.0,synthetic_generator,demo_gen_seed42,SYNTHETIC,true,false,42,generator-synthetic-v1.0.0,synthetic-v1.0.0,2025-10-31
SYN_T0004,6,C6,DEP_04,UP_04,2025-10,2025-10-31,2.43,1.0,3.0,0.232,3.0,3.0,3.0,3.0,0.0,0.0,0.0,0.0,153.0,0.077,1,1,3.0,3.0,3.0,0.0,0.0,4.0,7.0,0.538,1.0,0.0,0.485,4.0,3.0,2.962,10.0,5.026,0.48,0.485,2.991,1,5.0,4.0,synthetic_generator,demo_gen_seed42,SYNTHETIC,true,false,42,generator-synthetic-v1.0.0,synthetic-v1.0.0,2025-10-31
SYN_T0005,1,C1,DEP_05,UP_05,2025-10,2025-10-31,2.96,2.0,4.0,5.7,4.0,4.0,4.0,4.0,0.0,0.0,0.0,0.0,153.0,0.077,1,1,4.0,4.0,4.0,0.0,0.0,3.0,8.0,0.615,1.0,0.0,0.318,3.0,2.0,1.443,10.0,5.026,0.4,0.318,1.385,1,5.0,3.0,synthetic_generator,demo_gen_seed42,SYNTHETIC,true,false,42,generator-synthetic-v1.0.0,synthetic-v1.0.0,2025-10-31
SYN_T0007,9,C9,DEP_02,UP_07,2025-10,2025-10-31,3.6,1.0,3.0,0.0,4.0,4.0,4.0,5.0,0.0,0.0,1.0,0.333,0.0,0.308,1,0,4.25,4.0,5.0,1.0,0.0,3.0,7.0,0.538,4.0,0.0,0.458,0.0,0.0,2.792,10.0,0.0,0.612,0.458,2.824,4,0.0,0.0,synthetic_generator,demo_gen_seed42,SYNTHETIC,true,false,42,generator-synthetic-v1.0.0,synthetic-v1.0.0,2025-10-31
SYN_T0008,9,C9,DEP_03,UP_08,2025-10,2025-10-31,3.27,1.0,3.0,0.0,5.0,5.0,5.0,5.0,0.0,0.0,0.0,0.0,61.0,0.154,0,1,5.0,5.0,5.0,4.0,0.0,3.0,8.0,0.615,2.0,0.0,0.614,0.0,0.0,2.418,10.0,2.004,0.729,0.614,3.072,2,5.0,0.0,synthetic_generator,demo_gen_seed42,SYNTHETIC,true,false,42,generator-synthetic-v1.0.0,synthetic-v1.0.0,2025-10-31
SYN_T0009,9,C9,DEP_04,UP_09,2025-10,2025-10-31,3.47,1.0,3.0,0.0,4.0,4.0,4.0,4.0,0.0,0.0,0.0,0.0,245.0,0.154,0,1,4.0,4.0,4.0,0.0,0.0,3.0,7.0,0.538,2.0,0.0,0.792,0.0,0.0,2.642,10.0,8.049,0.693,0.792,2.668,2,8.0,0.0,synthetic_generator,demo_gen_seed42,SYNTHETIC,true,false,42,generator-synthetic-v1.0.0,synthetic-v1.0.0,2025-10-31
SYN_T0010,6,C6,DEP_05,UP_10,2025-10,2025-10-31,3.96,1.0,3.0,0.0,5.0,5.0,5.0,5.0,0.0,0.0,0.0,0.0,184.0,0.154,1,1,5.0,5.0,5.0,4.0,0.0,4.0,7.0,0.538,2.0,0.0,0.329,0.0,0.0,2.015,10.0,6.045,0.441,0.329,2.518,2,7.0,0.0,synthetic_generator,demo_gen_seed42,SYNTHETIC,true,false,42,generator-synthetic-v1.0.0,synthetic-v1.0.0,2025-10-31
SYN_T0011,12,C12,DEP_01,UP_11,2025-10,2025-10-31,3.89,1.0,3.0,0.0,4.0,4.0,4.0,5.0,0.0,0.0,1.0,0.333,0.0,0.385,0,0,4.25,4.0,5.0,1.0,0.0,2.0,8.0,0.615,5.0,1.0,0.946,0.0,0.0,3.104,10.0,0.0,0.881,0.946,2.646,5,0.0,0.0,synthetic_generator,demo_gen_seed42,SYNTHETIC,true,false,42,generator-synthetic-v1.0.0,synthetic-v1.0.0,2025-10-31
SYN_T0013,13,C13,DEP_03,UP_01,2025-10,2025-10-31,3.67,2.0,4.0,0.0,4.0,5.0,5.0,5.0,1.0,0.0,0.0,0.333,31.0,0.308,0,0,4.75,4.0,5.0,3.0,0.0,3.0,7.0,0.538,4.0,0.0,0.625,4.0,3.0,2.81,10.0,1.018,0.733,0.625,2.185,4,2.0,4.0,synthetic_generator,demo_gen_seed42,SYNTHETIC,true,false,42,generator-synthetic-v1.0.0,synthetic-v1.0.0,2025-10-31
SYN_T0015,5,C5,DEP_05,UP_03,2025-10,2025-10-31,2.31,3.0,5.0,2.955,1.0,1.0,1.0,2.0,0.0,0.0,1.0,0.333,0.0,0.077,1,0,1.25,1.0,2.0,0.0,3.0,3.0,8.0,0.615,1.0,1.0,0.42,10.0,8.0,2.872,10.0,0.0,0.608,0.42,3.074,1,0.0,10.0,synthetic_generator,demo_gen_seed42,SYNTHETIC,true,false,42,generator-synthetic-v1.0.0,synthetic-v1.0.0,2025-10-31
SYN_T0016,7,C7,DEP_01,UP_04,2025-10,2025-10-31,2.93,2.0,4.0,0.0,4.0,4.0,4.0,4.0,0.0,0.0,0.0,0.0,214.0,0.077,1,1,4.0,4.0,4.0,0.0,0.0,5.0,7.0,0.538,1.0,0.0,0.124,0.0,0.0,2.22,10.0,7.03,0.211,0.124,2.356,1,12.0,0.0,synthetic_generator,demo_gen_seed42,SYNTHETIC,true,false,42,generator-synthetic-v1.0.0,synthetic-v1.0.0,2025-10-31
SYN_T0021,2,C2,DEP_01,UP_09,2025-10,2025-10-31,3.89,3.0,5.0,0.057,4.0,5.0,5.0,5.0,1.0,0.0,0.0,0.333,0.0,0.308,0,0,4.75,4.0,5.0,3.0,0.0,4.0,7.0,0.538,4.0,0.0,0.693,7.0,4.0,2.618,10.0,0.0,0.759,0.693,2.39,4,2.0,7.0,synthetic_generator,demo_gen_seed42,SYNTHETIC,true,false,42,generator-synthetic-v1.0.0,synthetic-v1.0.0,2025-10-31
SYN_T0021,8,C8,DEP_01,UP_09,2025-10,2025-10-31,3.01,3.0,5.0,1.061,4.0,4.0,4.0,4.0,0.0,0.0,0.0,0.0,999.0,0.0,0,1,4.0,4.0,4.0,0.0,0.0,2.0,7.0,0.538,0.0,0.0,0.869,10.0,6.0,2.618,10.0,13.0,0.374,0.869,2.39,0,12.0,10.0,synthetic_generator,demo_gen_seed42,SYNTHETIC,true,false,42,generator-synthetic-v1.0.0,synthetic-v1.0.0,2025-10-31
SYN_T0022,1,C1,DEP_02,UP_10,2025-10,2025-10-31,2.86,2.0,4.0,0.0,3.0,3.0,4.0,4.0,0.0,1.0,0.0,0.333,31.0,0.154,0,0,3.5,3.0,4.0,0.0,0.0,3.0,7.0,0.538,2.0,1.0,0.537,4.0,1.0,2.448,10.0,1.018,0.788,0.537,2.589,2,1.0,4.0,synthetic_generator,demo_gen_seed42,SYNTHETIC,true,false,42,generator-synthetic-v1.0.0,synthetic-v1.0.0,2025-10-31
SYN_T0022,7,C7,DEP_02,UP_10,2025-10,2025-10-31,3.78,2.0,4.0,0.0,5.0,4.0,4.0,5.0,-1.0,0.0,1.0,0.0,0.0,0.308,1,0,4.5,4.0,5.0,2.0,0.0,5.0,7.0,0.538,4.0,0.0,0.495,0.0,0.0,2.448,10.0,0.0,0.719,0.495,2.589,4,0.0,0.0,synthetic_generator,demo_gen_seed42,SYNTHETIC,true,false,42,generator-synthetic-v1.0.0,synthetic-v1.0.0,2025-10-31
SYN_T0025,11,C11,DEP_05,UP_01,2025-10,2025-10-31,2.05,3.0,5.0,2.003,2.0,2.0,2.0,2.0,0.0,0.0,0.0,0.0,184.0,0.231,0,1,2.0,2.0,2.0,0.0,0.0,5.0,7.0,0.538,3.0,1.0,0.591,10.0,8.0,2.503,10.0,6.045,0.581,0.591,2.53,3,10.0,10.0,synthetic_generator,demo_gen_seed42,SYNTHETIC,true,false,42,generator-synthetic-v1.0.0,synthetic-v1.0.0,2025-10-31
SYN_T0026,6,C6,DEP_01,UP_02,2025-10,2025-10-31,2.92,1.0,3.0,0.0,4.0,4.0,4.0,4.0,0.0,0.0,0.0,0.0,0.0,0.077,0,1,4.0,4.0,4.0,0.0,0.0,4.0,8.0,0.615,1.0,0.0,0.642,0.0,0.0,2.502,10.0,0.0,0.635,0.642,,1,12.0,0.0,synthetic_generator,demo_gen_seed42,SYNTHETIC,true,false,42,generator-synthetic-v1.0.0,synthetic-v1.0.0,2025-10-31
SYN_T0030,1,C1,DEP_05,UP_06,2025-10,2025-10-31,3.19,2.0,4.0,0.926,3.0,3.0,3.0,3.0,0.0,0.0,0.0,0.0,0.0,0.231,0,1,3.0,3.0,3.0,0.0,0.0,3.0,8.0,0.615,3.0,0.0,0.632,10.0,6.0,2.868,10.0,0.0,0.658,0.632,2.66,3,3.0,10.0,synthetic_generator,demo_gen_seed42,SYNTHETIC,true,false,42,generator-synthetic-v1.0.0,synthetic-v1.0.0,2025-10-31
SYN_T0030,7,C7,DEP_05,UP_06,2025-10,2025-10-31,1.94,2.0,4.0,2.189,2.0,2.0,2.0,2.0,0.0,0.0,0.0,0.0,245.0,0.077,1,1,2.0,2.0,2.0,0.0,0.0,5.0,8.0,0.615,1.0,0.0,0.46,10.0,9.0,2.868,10.0,8.049,0.304,0.46,2.66,1,12.0,10.0,synthetic_generator,demo_gen_seed42,SYNTHETIC,true,false,42,generator-synthetic-v1.0.0,synthetic-v1.0.0,2025-10-31
SYN_T0032,8,C8,DEP_02,UP_08,2025-10,2025-10-31,2.14,3.0,5.0,3.082,2.0,2.0,2.0,2.0,0.0,0.0,0.0,0.0,245.0,0.077,0,1,2.0,2.0,2.0,0.0,0.0,2.0,7.0,0.538,1.0,0.0,0.589,10.0,5.0,2.356,10.0,8.049,0.509,0.589,2.409,1,7.0,10.0,synthetic_generator,demo_gen_seed42,SYNTHETIC,true,false,42,generator-synthetic-v1.0.0,synthetic-v1.0.0,2025-10-31
SYN_T0032,9,C9,DEP_02,UP_08,2025-10,2025-10-31,3.79,1.0,3.0,0.0,5.0,5.0,5.0,5.0,0.0,0.0,0.0,0.0,31.0,0.385,0,1,5.0,5.0,5.0,4.0,0.0,3.0,7.0,0.538,5.0,1.0,0.744,0.0,0.0,2.356,10.0,1.018,0.788,0.744,2.409,5,5.0,0.0,synthetic_generator,demo_gen_seed42,SYNTHETIC,true,false,42,generator-synthetic-v1.0.0,synthetic-v1.0.0,2025-10-31
SYN_T0032,11,C11,DEP_02,UP_08,2025-10,2025-10-31,4.27,3.0,5.0,0.0,4.0,4.0,5.0,5.0,0.0,1.0,0.0,0.333,0.0,0.231,1,0,4.5,4.0,5.0,2.0,0.0,5.0,7.0,0.538,3.0,0.0,0.418,8.0,7.0,2.356,10.0,0.0,0.536,0.418,2.409,3,1.0,8.0,synthetic_generator,demo_gen_seed42,SYNTHETIC,true,false,42,generator-synthetic-v1.0.0,synthetic-v1.0.0,2025-10-31
SYN_T0035,13,C13,DEP_05,UP_11,2025-10,2025-10-31,2.79,2.0,4.0,1.049,3.0,3.0,3.0,3.0,0.0,0.0,0.0,0.0,61.0,0.154,0,1,3.0,3.0,3.0,0.0,0.0,3.0,8.0,0.615,2.0,0.0,0.911,10.0,7.0,3.012,10.0,2.004,0.83,0.911,3.81,2,7.0,10.0,synthetic_generator,demo_gen_seed42,SYNTHETIC,true,false,42,generator-synthetic-v1.0.0,synthetic-v1.0.0,2025-10-31
SYN_T0037,9,C9,DEP_02,UP_01,2025-10,2025-10-31,3.23,1.0,3.0,0.0,4.0,4.0,4.0,4.0,0.0,0.0,0.0,0.0,123.0,0.231,0,1,4.0,4.0,4.0,0.0,0.0,3.0,8.0,0.615,3.0,1.0,0.845,0.0,0.0,2.573,10.0,4.041,0.898,0.845,2.37,3,4.0,0.0,synthetic_generator,demo_gen_seed42,SYNTHETIC,true,false,42,generator-synthetic-v1.0.0,synthetic-v1.0.0,2025-10-31
SYN_T0037,13,C13,DEP_02,UP_01,2025-10,2025-10-31,2.4,2.0,4.0,0.0,4.0,4.0,4.0,4.0,0.0,0.0,0.0,0.0,0.0,0.077,0,1,4.0,4.0,4.0,0.0,0.0,3.0,8.0,0.615,1.0,1.0,0.736,0.0,0.0,2.573,10.0,0.0,0.533,0.736,2.37,1,12.0,0.0,synthetic_generator,demo_gen_seed42,SYNTHETIC,true,false,42,generator-synthetic-v1.0.0,synthetic-v1.0.0,2025-10-31
SYN_T0038,3,C3,DEP_03,UP_02,2025-10,2025-10-31,3.02,1.0,3.0,0.0,5.0,4.0,4.0,4.0,-1.0,0.0,0.0,-0.333,214.0,0.154,0,0,4.25,4.0,5.0,1.0,0.0,5.0,7.0,0.538,2.0,0.0,0.885,0.0,0.0,2.216,10.0,7.03,0.633,0.885,2.122,2,2.0,0.0,synthetic_generator,demo_gen_seed42,SYNTHETIC,true,false,42,generator-synthetic-v1.0.0,synthetic-v1.0.0,2025-10-31
SYN_T0039,11,C11,DEP_04,UP_03,2025-10,2025-10-31,3.16,3.0,5.0,0.104,5.0,5.0,5.0,5.0,0.0,0.0,0.0,0.0,999.0,0.0,0,1,5.0,5.0,5.0,4.0,0.0,5.0,7.0,0.538,0.0,0.0,0.75,0.0,0.0,2.186,10.0,13.0,0.502,0.75,2.781,0,9.0,0.0,synthetic_generator,demo_gen_seed42,SYNTHETIC,true,false,42,generator-synthetic-v1.0.0,synthetic-v1.0.0,2025-10-31
SYN_T0040,6,C6,DEP_05,UP_04,2025-10,2025-10-31,3.2,1.0,3.0,0.0,4.0,4.0,4.0,4.0,0.0,0.0,0.0,0.0,153.0,0.308,0,1,4.0,4.0,4.0,0.0,0.0,4.0,8.0,0.615,4.0,0.0,0.905,0.0,0.0,3.053,10.0,5.026,0.801,0.905,2.537,4,6.0,0.0,synthetic_generator,demo_gen_seed42,SYNTHETIC,true,false,42,generator-synthetic-v1.0.0,synthetic-v1.0.0,2025-10-31
SYN_T0041,4,C4,DEP_01,UP_05,2025-10,2025-10-31,1.99,2.0,4.0,1.74,2.0,2.0,2.0,2.0,0.0,0.0,0.0,0.0,999.0,0.0,0,1,2.0,2.0,2.0,0.0,0.0,2.0,7.0,0.538,0.0,0.0,0.54,10.0,5.0,3.003,10.0,13.0,0.318,0.54,3.934,0,12.0,10.0,synthetic_generator,demo_gen_seed42,SYNTHETIC,true,false,42,generator-synthetic-v1.0.0,synthetic-v1.0.0,2025-10-31
SYN_T0045,4,C4,DEP_05,UP_09,2025-10,2025-10-31,3.18,2.0,4.0,0.0,4.0,4.0,3.0,4.0,0.0,-1.0,1.0,0.0,0.0,0.154,1,0,3.75,3.0,4.0,0.0,0.0,2.0,8.0,0.615,2.0,0.0,0.277,1.0,1.0,2.748,10.0,0.0,0.558,0.277,3.22,2,0.0,1.0,synthetic_generator,demo_gen_seed42,SYNTHETIC,true,false,42,generator-synthetic-v1.0.0,synthetic-v1.0.0,2025-10-31
SYN_T0045,8,C8,DEP_05,UP_09,2025-10,2025-10-31,2.92,3.0,5.0,0.96,3.0,3.0,3.0,3.0,0.0,0.0,0.0,0.0,92.0,0.077,1,1,3.0,3.0,3.0,0.0,0.0,2.0,8.0,0.615,1.0,0.0,0.27,10.0,6.0,2.748,10.0,3.022,0.406,0.27,3.22,1,11.0,10.0,synthetic_generator,demo_gen_seed42,SYNTHETIC,true,false,42,generator-synthetic-v1.0.0,synthetic-v1.0.0,2025-10-31
SYN_T0046,10,C10,DEP_01,UP_10,2025-10,2025-10-31,2.7,2.0,4.0,0.841,3.0,4.0,3.0,3.0,1.0,-1.0,0.0,0.0,61.0,0.154,1,0,3.25,3.0,4.0,0.0,0.0,4.0,8.0,0.615,2.0,0.0,0.465,9.0,6.0,2.918,10.0,2.004,0.732,0.465,3.057,2,1.0,9.0,synthetic_generator,demo_gen_seed42,SYNTHETIC,true,false,42,generator-synthetic-v1.0.0,synthetic-v1.0.0,2025-10-31
SYN_T0046,13,C13,DEP_01,UP_10,2025-10,2025-10-31,2.21,2.0,4.0,0.0,3.0,4.0,4.0,4.0,1.0,0.0,0.0,0.333,61.0,0.154,0,0,3.75,3.0,4.0,0.0,0.0,3.0,8.0,0.615,2.0,1.0,0.561,7.0,5.0,2.918,10.0,2.004,0.626,0.561,3.057,2,2.0,7.0,synthetic_generator,demo_gen_seed42,SYNTHETIC,true,false,42,generator-synthetic-v1.0.0,synthetic-v1.0.0,2025-10-31
SYN_T0047,4,C4,DEP_02,UP_11,2025-10,2025-10-31,2.64,2.0,4.0,1.192,3.0,3.0,3.0,3.0,0.0,0.0,0.0,0.0,123.0,0.231,0,1,3.0,3.0,3.0,0.0,0.0,2.0,7.0,0.538,3.0,1.0,0.69,10.0,6.0,3.298,10.0,4.041,0.703,0.69,3.248,3,4.0,10.0,synthetic_generator,demo_gen_seed42,SYNTHETIC,true,false,42,generator-synthetic-v1.0.0,synthetic-v1.0.0,2025-10-31
SYN_T0047,6,C6,DEP_02,UP_11,2025-10,2025-10-31,3.44,1.0,3.0,0.0,4.0,5.0,4.0,5.0,1.0,-1.0,1.0,0.333,0.0,0.308,1,0,4.5,4.0,5.0,2.0,0.0,4.0,7.0,0.538,4.0,0.0,0.495,0.0,0.0,3.298,10.0,0.0,0.743,0.495,3.248,4,0.0,0.0,synthetic_generator,demo_gen_seed42,SYNTHETIC,true,false,42,generator-synthetic-v1.0.0,synthetic-v1.0.0,2025-10-31
SYN_T0048,8,C8,DEP_03,UP_12,2025-10,2025-10-31,3.72,3.0,5.0,0.803,4.0,4.0,4.0,4.0,0.0,0.0,0.0,0.0,123.0,0.231,0,1,4.0,4.0,4.0,0.0,0.0,2.0,7.0,0.538,3.0,1.0,0.929,10.0,8.0,3.021,10.0,4.041,0.857,0.929,2.649,3,12.0,10.0,synthetic_generator,demo_gen_seed42,SYNTHETIC,true,false,42,generator-synthetic-v1.0.0,synthetic-v1.0.0,2025-10-31
SYN_T0049,10,C10,DEP_04,UP_01,2025-10,2025-10-31,2.88,2.0,4.0,0.0,4.0,4.0,4.0,4.0,0.0,0.0,0.0,0.0,214.0,0.154,1,1,4.0,4.0,4.0,0.0,0.0,4.0,8.0,0.615,2.0,0.0,0.453,2.0,0.0,2.998,10.0,7.03,0.737,0.453,3.4,2,7.0,2.0,synthetic_generator,demo_gen_seed42,SYNTHETIC,true,false,42,generator-synthetic-v1.0.0,synthetic-v1.0.0,2025-10-31
SYN_T0052,1,C1,DEP_02,UP_04,2025-10,2025-10-31,2.29,2.0,4.0,1.921,3.0,3.0,3.0,2.0,0.0,0.0,-1.0,-0.333,999.0,0.0,1,0,2.75,2.0,3.0,0.0,0.0,3.0,6.0,0.462,0.0,0.0,0.233,10.0,6.0,2.899,10.0,13.0,0.385,0.233,2.812,0,0.0,10.0,synthetic_generator,demo_gen_seed42,SYNTHETIC,true,false,42,generator-synthetic-v1.0.0,synthetic-v1.0.0,2025-10-31
SYN_T0053,1,C1,DEP_03,UP_05,2025-10,2025-10-31,3.69,2.0,4.0,0.0,5.0,5.0,5.0,5.0,0.0,0.0,0.0,0.0,31.0,0.231,0,1,5.0,5.0,5.0,4.0,0.0,3.0,9.0,0.692,3.0,2.0,0.688,0.0,0.0,2.168,10.0,1.018,0.666,0.688,2.02,3,5.0,0.0,synthetic_generator,demo_gen_seed42,SYNTHETIC,true,false,42,generator-synthetic-v1.0.0,synthetic-v1.0.0,2025-10-31
SYN_T0053,8,C8,DEP_03,UP_05,2025-10,2025-10-31,0.51,3.0,5.0,3.763,1.0,1.0,1.0,1.0,0.0,0.0,0.0,0.0,999.0,0.0,0,1,1.0,1.0,1.0,0.0,4.0,2.0,9.0,0.692,0.0,0.0,0.7,10.0,5.0,2.168,10.0,13.0,0.471,0.7,2.02,0,5.0,10.0,synthetic_generator,demo_gen_seed42,SYNTHETIC,true,false,42,generator-synthetic-v1.0.0,synthetic-v1.0.0,2025-10-31
SYN_T0055,3,C3,DEP_05,UP_07,2025-10,2025-10-31,3.63,1.0,3.0,0.0,3.0,3.0,4.0,4.0,0.0,1.0,0.0,0.333,31.0,0.154,1,0,3.5,3.0,4.0,0.0,0.0,5.0,8.0,0.615,2.0,0.0,0.429,0.0,0.0,2.415,10.0,1.018,0.631,0.429,2.162,2,1.0,0.0,synthetic_generator,demo_gen_seed42,SYNTHETIC,true,false,42,generator-synthetic-v1.0.0,synthetic-v1.0.0,2025-10-31
SYN_T0055,4,C4,DEP_05,UP_07,2025-10,2025-10-31,2.37,2.0,4.0,0.0,4.0,4.0,4.0,4.0,0.0,0.0,0.0,0.0,999.0,0.0,0,1,4.0,4.0,4.0,0.0,0.0,2.0,8.0,0.615,0.0,0.0,0.504,0.0,0.0,2.415,10.0,13.0,0.163,0.504,2.162,0,10.0,0.0,synthetic_generator,demo_gen_seed42,SYNTHETIC,true,false,42,generator-synthetic-v1.0.0,synthetic-v1.0.0,2025-10-31
SYN_T0055,7,C7,DEP_05,UP_07,2025-10,2025-10-31,3.4,2.0,4.0,0.0,3.0,3.0,3.0,3.0,0.0,0.0,0.0,0.0,153.0,0.077,1,1,3.0,3.0,3.0,0.0,0.0,5.0,8.0,0.615,1.0,1.0,0.465,10.0,9.0,2.415,10.0,5.026,0.407,0.465,2.162,1,5.0,10.0,synthetic_generator,demo_gen_seed42,SYNTHETIC,true,false,42,generator-synthetic-v1.0.0,synthetic-v1.0.0,2025-10-31
SYN_T0057,12,C12,DEP_02,UP_09,2025-10,2025-10-31,2.69,1.0,3.0,0.0,3.0,3.0,3.0,3.0,0.0,0.0,0.0,0.0,92.0,0.077,1,1,3.0,3.0,3.0,0.0,0.0,2.0,6.0,0.462,1.0,0.0,0.455,2.0,2.0,2.602,10.0,3.022,0.602,0.455,2.83,1,3.0,2.0,synthetic_generator,demo_gen_seed42,SYNTHETIC,true,false,42,generator-synthetic-v1.0.0,synthetic-v1.0.0,2025-10-31
SYN_T0063,7,C7,DEP_03,UP_03,2025-10,2025-10-31,3.83,2.0,4.0,0.081,4.0,4.0,5.0,4.0,0.0,1.0,-1.0,0.0,31.0,0.308,0,0,4.25,4.0,5.0,1.0,0.0,5.0,7.0,0.538,4.0,0.0,0.592,2.0,0.0,2.791,10.0,1.018,0.754,0.592,2.661,4,0.0,2.0,synthetic_generator,demo_gen_seed42,SYNTHETIC,true,false,42,generator-synthetic-v1.0.0,synthetic-v1.0.0,2025-10-31
SYN_T0066,2,C2,DEP_01,UP_06,2025-10,2025-10-31,3.46,3.0,5.0,0.0,5.0,5.0,4.0,4.0,0.0,-1.0,0.0,-0.333,92.0,0.154,1,0,4.5,4.0,5.0,2.0,0.0,4.0,7.0,0.538,2.0,0.0,0.46,8.0,4.0,3.08,10.0,3.022,0.7,0.46,3.09,2,1.0,8.0,synthetic_generator,demo_gen_seed42,SYNTHETIC,true,false,42,generator-synthetic-v1.0.0,synthetic-v1.0.0,2025-10-31
SYN_T0067,11,C11,DEP_02,UP_07,2025-10,2025-10-31,3.31,3.0,5.0,2.01,3.0,3.0,3.0,3.0,0.0,0.0,0.0,0.0,31.0,0.077,1,1,3.0,3.0,3.0,0.0,0.0,5.0,8.0,0.615,1.0,0.0,0.476,10.0,8.0,2.474,10.0,1.018,0.376,0.476,2.181,1,12.0,10.0,synthetic_generator,demo_gen_seed42,SYNTHETIC,true,false,42,generator-synthetic-v1.0.0,synthetic-v1.0.0,2025-10-31
SYN_T0070,1,C1,DEP_05,UP_10,2025-10,2025-10-31,1.77,2.0,4.0,2.942,1.0,1.0,1.0,1.0,0.0,0.0,0.0,0.0,92.0,0.154,0,1,1.0,1.0,1.0,0.0,4.0,3.0,6.0,0.462,2.0,0.0,0.543,10.0,4.0,2.747,10.0,3.022,0.746,0.543,2.514,2,5.0,10.0,synthetic_generator,demo_gen_seed42,SYNTHETIC,true,false,42,generator-synthetic-v1.0.0,synthetic-v1.0.0,2025-10-31
SYN_T0075,11,C11,DEP_05,UP_03,2025-10,2025-10-31,2.15,3.0,5.0,2.31,3.0,3.0,3.0,3.0,0.0,0.0,0.0,0.0,123.0,0.154,0,1,3.0,3.0,3.0,0.0,0.0,5.0,6.0,0.462,2.0,0.0,0.633,10.0,4.0,2.662,10.0,4.041,0.449,0.633,2.848,2,12.0,10.0,synthetic_generator,demo_gen_seed42,SYNTHETIC,true,false,42,generator-synthetic-v1.0.0,synthetic-v1.0.0,2025-10-31
SYN_T0079,4,C4,DEP_04,UP_07,2025-10,2025-10-31,2.26,2.0,4.0,1.407,2.0,2.0,2.0,2.0,0.0,0.0,0.0,0.0,0.0,0.077,0,1,2.0,2.0,2.0,0.0,0.0,2.0,5.0,0.385,1.0,2.0,0.787,10.0,7.0,3.201,10.0,0.0,0.67,0.787,3.579,1,12.0,10.0,synthetic_generator,demo_gen_seed42,SYNTHETIC,true,false,42,generator-synthetic-v1.0.0,synthetic-v1.0.0,2025-10-31
SYN_T0081,5,C5,DEP_01,UP_09,2025-10,2025-10-31,1.18,3.0,5.0,3.03,2.0,2.0,2.0,1.0,0.0,0.0,-1.0,-0.333,92.0,0.231,0,0,1.75,1.0,2.0,0.0,1.0,3.0,9.0,0.692,3.0,2.0,0.805,10.0,5.0,2.936,10.0,3.022,0.876,0.805,2.858,3,0.0,10.0,synthetic_generator,demo_gen_seed42,SYNTHETIC,true,false,42,generator-synthetic-v1.0.0,synthetic-v1.0.0,2025-10-31
SYN_T0084,5,C5,DEP_04,UP_12,2025-10,2025-10-31,2.76,3.0,5.0,2.233,3.0,3.0,3.0,3.0,0.0,0.0,0.0,0.0,184.0,0.154,0,1,3.0,3.0,3.0,0.0,0.0,3.0,7.0,0.538,2.0,0.0,0.85,10.0,6.0,2.546,10.0,6.045,0.754,0.85,2.851,2,8.0,10.0,synthetic_generator,demo_gen_seed42,SYNTHETIC,true,false,42,generator-synthetic-v1.0.0,synthetic-v1.0.0,2025-10-31
SYN_T0084,12,C12,DEP_04,UP_12,2025-10,2025-10-31,2.78,1.0,3.0,0.0,3.0,3.0,3.0,3.0,0.0,0.0,0.0,0.0,0.0,0.077,0,1,3.0,3.0,3.0,0.0,0.0,2.0,7.0,0.538,1.0,1.0,0.809,0.0,0.0,2.546,10.0,0.0,0.666,0.809,2.851,1,11.0,0.0,synthetic_generator,demo_gen_seed42,SYNTHETIC,true,false,42,generator-synthetic-v1.0.0,synthetic-v1.0.0,2025-10-31
SYN_T0085,2,C2,DEP_05,UP_01,2025-10,2025-10-31,2.97,3.0,5.0,0.212,4.0,4.0,4.0,4.0,0.0,0.0,0.0,0.0,153.0,0.077,1,1,4.0,4.0,4.0,0.0,0.0,4.0,6.0,0.462,1.0,1.0,0.42,10.0,9.0,2.178,10.0,5.026,0.459,0.42,2.076,1,5.0,10.0,synthetic_generator,demo_gen_seed42,SYNTHETIC,true,false,42,generator-synthetic-v1.0.0,synthetic-v1.0.0,2025-10-31
SYN_T0087,7,C7,DEP_02,UP_03,2025-10,2025-10-31,3.0,2.0,4.0,0.0,3.0,3.0,4.0,4.0,0.0,1.0,0.0,0.333,31.0,0.154,0,0,3.5,3.0,4.0,0.0,0.0,5.0,7.0,0.538,2.0,0.0,0.558,8.0,6.0,2.408,10.0,1.018,0.869,0.558,2.571,2,1.0,8.0,synthetic_generator,demo_gen_seed42,SYNTHETIC,true,false,42,generator-synthetic-v1.0.0,synthetic-v1.0.0,2025-10-31
SYN_T0088,2,C2,DEP_03,UP_04,2025-10,2025-10-31,2.14,3.0,5.0,2.106,3.0,3.0,3.0,3.0,0.0,0.0,0.0,0.0,92.0,0.154,0,1,3.0,3.0,3.0,0.0,0.0,4.0,8.0,0.615,2.0,0.0,0.799,10.0,6.0,2.648,10.0,3.022,0.828,0.799,2.823,2,3.0,10.0,synthetic_generator,demo_gen_seed42,SYNTHETIC,true,false,42,generator-synthetic-v1.0.0,synthetic-v1.0.0,2025-10-31
SYN_T0089,12,C12,DEP_04,UP_05,2025-10,2025-10-31,3.71,1.0,3.0,0.0,5.0,5.0,5.0,5.0,0.0,0.0,0.0,0.0,0.0,0.231,0,1,5.0,5.0,5.0,4.0,0.0,2.0,8.0,0.615,3.0,1.0,0.605,0.0,0.0,2.919,10.0,0.0,0.628,0.605,3.15,3,6.0,0.0,synthetic_generator,demo_gen_seed42,SYNTHETIC,true,false,42,generator-synthetic-v1.0.0,synthetic-v1.0.0,2025-10-31
SYN_T0090,10,C10,DEP_05,UP_06,2025-10,2025-10-31,1.56,2.0,4.0,1.972,2.0,2.0,2.0,2.0,0.0,0.0,0.0,0.0,273.0,0.077,1,1,2.0,2.0,2.0,0.0,0.0,4.0,7.0,0.538,1.0,0.0,0.193,10.0,5.0,2.886,10.0,8.968,0.22,0.193,2.739,1,12.0,10.0,synthetic_generator,demo_gen_seed42,SYNTHETIC,true,false,42,generator-synthetic-v1.0.0,synthetic-v1.0.0,2025-10-31
SYN_T0091,1,C1,DEP_01,UP_07,2025-10,2025-10-31,3.73,2.0,4.0,0.0,5.0,5.0,5.0,5.0,0.0,0.0,0.0,0.0,214.0,0.154,1,1,5.0,5.0,5.0,4.0,0.0,3.0,6.0,0.462,2.0,0.0,0.36,0.0,0.0,3.079,10.0,7.03,0.544,0.36,3.439,2,10.0,0.0,synthetic_generator,demo_gen_seed42,SYNTHETIC,true,false,42,generator-synthetic-v1.0.0,synthetic-v1.0.0,2025-10-31
SYN_T0092,5,C5,DEP_02,UP_08,2025-10,2025-10-31,2.32,3.0,5.0,2.784,2.0,2.0,2.0,2.0,0.0,0.0,0.0,0.0,61.0,0.154,0,1,2.0,2.0,2.0,0.0,0.0,3.0,8.0,0.615,2.0,1.0,0.651,10.0,7.0,2.601,10.0,2.004,0.579,0.651,2.63,2,12.0,10.0,synthetic_generator,demo_gen_seed42,SYNTHETIC,true,false,42,generator-synthetic-v1.0.0,synthetic-v1.0.0,2025-10-31
SYN_T0092,12,C12,DEP_02,UP_08,2025-10,2025-10-31,2.76,1.0,3.0,0.0,3.0,3.0,3.0,3.0,0.0,0.0,0.0,0.0,0.0,0.077,0,1,3.0,3.0,3.0,0.0,0.0,2.0,8.0,0.615,1.0,0.0,0.666,0.0,0.0,2.601,10.0,0.0,0.414,0.666,2.63,1,12.0,0.0,synthetic_generator,demo_gen_seed42,SYNTHETIC,true,false,42,generator-synthetic-v1.0.0,synthetic-v1.0.0,2025-10-31
SYN_T0093,4,C4,DEP_03,UP_09,2025-10,2025-10-31,2.84,2.0,4.0,0.059,4.0,4.0,4.0,4.0,0.0,0.0,0.0,0.0,61.0,0.154,0,1,4.0,4.0,4.0,0.0,0.0,2.0,6.0,0.462,2.0,0.0,0.573,0.0,0.0,2.671,10.0,2.004,0.459,0.573,2.822,2,12.0,0.0,synthetic_generator,demo_gen_seed42,SYNTHETIC,true,false,42,generator-synthetic-v1.0.0,synthetic-v1.0.0,2025-10-31
SYN_T0097,3,C3,DEP_02,UP_01,2025-10,2025-10-31,2.92,1.0,3.0,0.0,4.0,4.0,4.0,4.0,0.0,0.0,0.0,0.0,61.0,0.231,0,1,4.0,4.0,4.0,0.0,0.0,5.0,8.0,0.615,3.0,0.0,0.569,0.0,0.0,2.152,10.0,2.004,0.74,0.569,2.518,3,4.0,0.0,synthetic_generator,demo_gen_seed42,SYNTHETIC,true,false,42,generator-synthetic-v1.0.0,synthetic-v1.0.0,2025-10-31
SYN_T0099,3,C3,DEP_04,UP_03,2025-10,2025-10-31,2.83,1.0,3.0,0.033,3.0,3.0,3.0,3.0,0.0,0.0,0.0,0.0,184.0,0.154,0,1,3.0,3.0,3.0,0.0,0.0,5.0,9.0,0.692,2.0,2.0,0.613,0.0,0.0,2.73,10.0,6.045,0.486,0.613,2.858,2,12.0,0.0,synthetic_generator,demo_gen_seed42,SYNTHETIC,true,false,42,generator-synthetic-v1.0.0,synthetic-v1.0.0,2025-10-31
SYN_T0099,4,C4,DEP_04,UP_03,2025-10,2025-10-31,2.62,2.0,4.0,0.02,3.0,3.0,3.0,3.0,0.0,0.0,0.0,0.0,31.0,0.154,0,1,3.0,3.0,3.0,0.0,0.0,2.0,9.0,0.692,2.0,1.0,0.707,10.0,2.0,2.73,10.0,1.018,0.618,0.707,2.858,2,7.0,10.0,synthetic_generator,demo_gen_seed42,SYNTHETIC,true,false,42,generator-synthetic-v1.0.0,synthetic-v1.0.0,2025-10-31
SYN_T0100,11,C11,DEP_05,UP_04,2025-10,2025-10-31,2.55,3.0,5.0,0.937,3.0,3.0,3.0,3.0,0.0,0.0,0.0,0.0,31.0,0.154,1,1,3.0,3.0,3.0,0.0,0.0,5.0,8.0,0.615,2.0,0.0,0.475,10.0,6.0,2.249,10.0,1.018,0.473,0.475,2.728,2,6.0,10.0,synthetic_generator,demo_gen_seed42,SYNTHETIC,true,false,42,generator-synthetic-v1.0.0,synthetic-v1.0.0,2025-10-31
SYN_T0002,10,C10,DEP_02,UP_02,2025-11,2025-11-30,3.16,2.0,4.0,0.351,5.0,5.0,4.0,4.0,0.0,-1.0,0.0,-0.333,0.0,0.357,0,0,4.5,4.0,5.0,2.0,0.0,4.0,7.0,0.538,5.0,0.0,0.659,0.0,0.0,2.179,11.0,0.0,0.832,0.659,2.444,5,1.0,0.0,synthetic_generator,demo_gen_seed42,SYNTHETIC,true,false,42,generator-synthetic-v1.0.0,synthetic-v1.0.0,2025-11-30
SYN_T0003,1,C1,DEP_03,UP_03,2025-11,2025-11-30,3.01,2.0,4.0,0.118,4.0,4.0,4.0,4.0,0.0,0.0,0.0,0.0,0.0,0.214,0,1,4.0,4.0,4.0,0.0,0.0,3.0,6.0,0.462,3.0,1.0,0.546,3.0,1.0,3.138,11.0,0.0,0.629,0.546,2.855,3,5.0,3.0,synthetic_generator,demo_gen_seed42,SYNTHETIC,true,false,42,generator-synthetic-v1.0.0,synthetic-v1.0.0,2025-11-30
SYN_T0005,11,C11,DEP_05,UP_05,2025-11,2025-11-30,3.37,3.0,5.0,0.859,4.0,4.0,4.0,4.0,0.0,0.0,0.0,0.0,214.0,0.143,1,1,4.0,4.0,4.0,0.0,0.0,5.0,8.0,0.615,2.0,0.0,0.485,11.0,8.0,1.377,11.0,7.03,0.544,0.485,0.724,2,7.0,11.0,synthetic_generator,demo_gen_seed42,SYNTHETIC,true,false,42,generator-synthetic-v1.0.0,synthetic-v1.0.0,2025-11-30
SYN_T0006,8,C8,DEP_01,UP_06,2025-11,2025-11-30,2.09,3.0,5.0,0.669,3.0,3.0,3.0,3.0,0.0,0.0,0.0,0.0,61.0,0.214,1,1,3.0,3.0,3.0,0.0,0.0,2.0,7.0,0.538,3.0,1.0,0.405,11.0,9.0,1.921,11.0,2.004,0.471,0.405,1.889,3,7.0,11.0,synthetic_generator,demo_gen_seed42,SYNTHETIC,true,false,42,generator-synthetic-v1.0.0,synthetic-v1.0.0,2025-11-30
SYN_T0009,10,C10,DEP_04,UP_09,2025-11,2025-11-30,1.77,2.0,4.0,2.107,1.0,1.0,2.0,2.0,0.0,1.0,0.0,0.333,30.0,0.071,0,0,1.5,1.0,2.0,0.0,2.0,4.0,7.0,0.538,1.0,0.0,0.862,11.0,7.0,2.642,11.0,0.986,0.642,0.862,2.642,1,1.0,11.0,synthetic_generator,demo_gen_seed42,SYNTHETIC,true,false,42,generator-synthetic-v1.0.0,synthetic-v1.0.0,2025-11-30
SYN_T0010,12,C12,DEP_05,UP_10,2025-11,2025-11-30,0.98,1.0,3.0,2.354,1.0,1.0,1.0,1.0,0.0,0.0,0.0,0.0,30.0,0.071,1,1,1.0,1.0,1.0,0.0,4.0,2.0,7.0,0.538,1.0,1.0,0.332,11.0,7.0,2.015,11.0,0.986,0.331,0.332,2.013,1,13.0,11.0,synthetic_generator,demo_gen_seed42,SYNTHETIC,true,false,42,generator-synthetic-v1.0.0,synthetic-v1.0.0,2025-11-30
SYN_T0013,5,C5,DEP_03,UP_01,2025-11,2025-11-30,3.64,3.0,5.0,0.0,4.0,4.0,4.0,5.0,0.0,0.0,1.0,0.333,0.0,0.286,0,0,4.25,4.0,5.0,1.0,0.0,3.0,7.0,0.538,4.0,0.0,0.689,10.0,4.0,2.804,11.0,0.0,0.753,0.689,2.749,4,0.0,10.0,synthetic_generator,demo_gen_seed42,SYNTHETIC,true,false,42,generator-synthetic-v1.0.0,synthetic-v1.0.0,2025-11-30
SYN_T0014,1,C1,DEP_04,UP_02,2025-11,2025-11-30,3.11,2.0,4.0,1.093,3.0,3.0,3.0,3.0,0.0,0.0,0.0,0.0,275.0,0.143,1,1,3.0,3.0,3.0,0.0,0.0,3.0,8.0,0.615,2.0,0.0,0.111,11.0,6.0,3.166,11.0,9.034,0.226,0.111,2.535,2,13.0,11.0,synthetic_generator,demo_gen_seed42,SYNTHETIC,true,false,42,generator-synthetic-v1.0.0,synthetic-v1.0.0,2025-11-30
SYN_T0015,10,C10,DEP_05,UP_03,2025-11,2025-11-30,4.27,2.0,4.0,0.0,4.0,4.0,4.0,4.0,0.0,0.0,0.0,0.0,153.0,0.071,0,1,4.0,4.0,4.0,0.0,0.0,4.0,8.0,0.615,1.0,0.0,0.774,5.0,3.0,2.864,11.0,5.026,0.63,0.774,2.786,1,5.0,5.0,synthetic_generator,demo_gen_seed42,SYNTHETIC,true,false,42,generator-synthetic-v1.0.0,synthetic-v1.0.0,2025-11-30
SYN_T0015,11,C11,DEP_05,UP_03,2025-11,2025-11-30,4.44,3.0,5.0,0.054,5.0,5.0,5.0,5.0,0.0,0.0,0.0,0.0,275.0,0.143,0,1,5.0,5.0,5.0,4.0,0.0,5.0,8.0,0.615,2.0,0.0,0.652,6.0,3.0,2.864,11.0,9.034,0.631,0.652,2.786,2,4.0,6.0,synthetic_generator,demo_gen_seed42,SYNTHETIC,true,false,42,generator-synthetic-v1.0.0,synthetic-v1.0.0,2025-11-30
SYN_T0017,2,C2,DEP_02,UP_05,2025-11,2025-11-30,1.78,3.0,5.0,3.206,3.0,3.0,3.0,3.0,0.0,0.0,0.0,0.0,275.0,0.071,0,1,3.0,3.0,3.0,0.0,0.0,4.0,5.0,0.385,1.0,1.0,0.537,11.0,5.0,2.937,11.0,9.034,0.458,0.537,3.271,1,9.0,11.0,synthetic_generator,demo_gen_seed42,SYNTHETIC,true,false,42,generator-synthetic-v1.0.0,synthetic-v1.0.0,2025-11-30
SYN_T0019,8,C8,DEP_04,UP_07,2025-11,2025-11-30,2.1,3.0,5.0,3.044,2.0,2.0,2.0,2.0,0.0,0.0,0.0,0.0,30.0,0.143,0,1,2.0,2.0,2.0,0.0,0.0,2.0,9.0,0.692,2.0,0.0,0.798,11.0,8.0,3.148,11.0,0.986,0.773,0.798,2.873,2,7.0,11.0,synthetic_generator,demo_gen_seed42,SYNTHETIC,true,false,42,generator-synthetic-v1.0.0,synthetic-v1.0.0,2025-11-30
SYN_T0020,5,C5,DEP_05,UP_08,2025-11,2025-11-30,3.32,3.0,5.0,1.004,4.0,4.0,4.0,4.0,0.0,0.0,0.0,0.0,153.0,0.143,0,1,4.0,4.0,4.0,0.0,0.0,3.0,7.0,0.538,2.0,0.0,0.837,11.0,7.0,2.729,11.0,5.026,0.563,0.837,2.438,2,12.0,11.0,synthetic_generator,demo_gen_seed42,SYNTHETIC,true,false,42,generator-synthetic-v1.0.0,synthetic-v1.0.0,2025-11-30
SYN_T0020,8,C8,DEP_05,UP_08,2025-11,2025-11-30,3.06,3.0,5.0,1.075,4.0,4.0,4.0,4.0,0.0,0.0,0.0,0.0,153.0,0.143,0,1,4.0,4.0,4.0,0.0,0.0,2.0,7.0,0.538,2.0,0.0,0.756,11.0,5.0,2.729,11.0,5.026,0.708,0.756,2.438,2,5.0,11.0,synthetic_generator,demo_gen_seed42,SYNTHETIC,true,false,42,generator-synthetic-v1.0.0,synthetic-v1.0.0,2025-11-30
SYN_T0021,2,C2,DEP_01,UP_09,2025-11,2025-11-30,3.49,3.0,5.0,0.094,5.0,5.0,5.0,5.0,0.0,0.0,0.0,0.0,0.0,0.357,0,1,5.0,5.0,5.0,4.0,0.0,4.0,7.0,0.538,5.0,1.0,0.764,7.0,4.0,2.677,11.0,0.0,0.869,-0.05,3.263,5,3.0,7.0,synthetic_generator,demo_gen_seed42,SYNTHETIC,true,false,42,generator-synthetic-v1.0.0,synthetic-v1.0.0,2025-11-30
SYN_T0022,1,C1,DEP_02,UP_10,2025-11,2025-11-30,2.81,2.0,4.0,0.044,3.0,4.0,4.0,4.0,1.0,0.0,0.0,0.333,61.0,0.143,0,0,3.75,3.0,4.0,0.0,0.0,3.0,7.0,0.538,2.0,1.0,0.627,4.0,1.0,2.459,11.0,2.004,0.81,0.627,2.57,2,2.0,4.0,synthetic_generator,demo_gen_seed42,SYNTHETIC,true,false,42,generator-synthetic-v1.0.0,synthetic-v1.0.0,2025-11-30
SYN_T0022,5,C5,DEP_02,UP_10,2025-11,2025-11-30,3.28,3.0,5.0,0.892,4.0,4.0,4.0,4.0,0.0,0.0,0.0,0.0,0.0,0.143,0,1,4.0,4.0,4.0,0.0,0.0,3.0,7.0,0.538,2.0,0.0,0.725,11.0,4.0,2.459,11.0,0.0,0.599,0.725,2.57,2,10.0,11.0,synthetic_generator,demo_gen_seed42,SYNTHETIC,true,false,42,generator-synthetic-v1.0.0,synthetic-v1.0.0,2025-11-30
SYN_T0026,6,C6,DEP_01,UP_02,2025-11,2025-11-30,2.19,1.0,3.0,0.0,4.0,4.0,4.0,4.0,0.0,0.0,0.0,0.0,0.0,0.071,0,1,4.0,4.0,4.0,0.0,0.0,4.0,8.0,0.615,1.0,0.0,0.619,0.0,0.0,2.58,11.0,0.0,0.46,0.619,3.362,1,13.0,0.0,synthetic_generator,demo_gen_seed42,SYNTHETIC,true,false,42,generator-synthetic-v1.0.0,synthetic-v1.0.0,2025-11-30
SYN_T0027,5,C5,DEP_02,UP_03,2025-11,2025-11-30,3.96,3.0,5.0,0.0,5.0,5.0,5.0,5.0,0.0,0.0,0.0,0.0,999.0,0.0,1,1,5.0,5.0,5.0,4.0,0.0,3.0,7.0,0.538,0.0,0.0,0.382,0.0,0.0,2.911,11.0,13.0,0.355,0.382,3.022,0,13.0,0.0,synthetic_generator,demo_gen_seed42,SYNTHETIC,true,false,42,generator-synthetic-v1.0.0,synthetic-v1.0.0,2025-11-30
SYN_T0028,7,C7,DEP_03,UP_04,2025-11,2025-11-30,2.77,2.0,4.0,0.778,3.0,3.0,3.0,3.0,0.0,0.0,0.0,0.0,0.0,0.071,1,1,3.0,3.0,3.0,0.0,0.0,5.0,7.0,0.538,1.0,0.0,0.324,10.0,3.0,2.799,11.0,0.0,0.485,0.324,3.266,1,9.0,10.0,synthetic_generator,demo_gen_seed42,SYNTHETIC,true,false,42,generator-synthetic-v1.0.0,synthetic-v1.0.0,2025-11-30
SYN_T0032,2,C2,DEP_02,UP_08,2025-11,2025-11-30,1.56,3.0,5.0,1.74,2.0,2.0,2.0,2.0,0.0,0.0,0.0,0.0,999.0,0.0,0,1,2.0,2.0,2.0,0.0,0.0,4.0,7.0,0.538,0.0,1.0,0.665,11.0,8.0,2.368,11.0,13.0,0.5,0.665,2.494,0,9.0,11.0,synthetic_generator,demo_gen_seed42,SYNTHETIC,true,false,42,generator-synthetic-v1.0.0,synthetic-v1.0.0,2025-11-30
SYN_T0037,4,C4,DEP_02,UP_01,2025-11,2025-11-30,2.5,2.0,4.0,0.247,3.0,3.0,3.0,3.0,0.0,0.0,0.0,0.0,122.0,0.071,0,1,3.0,3.0,3.0,0.0,0.0,2.0,8.0,0.615,1.0,1.0,0.908,11.0,6.0,2.554,11.0,4.008,0.506,0.908,2.357,1,11.0,11.0,synthetic_generator,demo_gen_seed42,SYNTHETIC,true,false,42,generator-synthetic-v1.0.0,synthetic-v1.0.0,2025-11-30
SYN_T0041,5,C5,DEP_01,UP_05,2025-11,2025-11-30,2.36,3.0,5.0,1.948,4.0,4.0,3.0,3.0,0.0,-1.0,0.0,-0.333,91.0,0.214,0,0,3.5,3.0,4.0,0.0,0.0,3.0,7.0,0.538,3.0,0.0,0.548,11.0,4.0,2.987,11.0,2.989,0.73,0.548,2.835,3,1.0,11.0,synthetic_generator,demo_gen_seed42,SYNTHETIC,true,false,42,generator-synthetic-v1.0.0,synthetic-v1.0.0,2025-11-30
SYN_T0044,8,C8,DEP_04,UP_08,2025-11,2025-11-30,2.48,3.0,5.0,1.028,2.0,2.0,2.0,3.0,0.0,0.0,1.0,0.333,0.0,0.214,0,0,2.25,2.0,3.0,0.0,0.0,2.0,10.0,0.769,3.0,1.0,0.718,11.0,8.0,2.771,11.0,0.0,0.849,0.718,3.197,3,0.0,11.0,synthetic_generator,demo_gen_seed42,SYNTHETIC,true,false,42,generator-synthetic-v1.0.0,synthetic-v1.0.0,2025-11-30
SYN_T0044,11,C11,DEP_04,UP_08,2025-11,2025-11-30,3.34,3.0,5.0,2.119,3.0,3.0,3.0,3.0,0.0,0.0,0.0,0.0,30.0,0.286,0,1,3.0,3.0,3.0,0.0,0.0,5.0,10.0,0.769,4.0,0.0,0.691,11.0,5.0,2.771,11.0,0.986,0.787,0.691,3.197,4,5.0,11.0,synthetic_generator,demo_gen_seed42,SYNTHETIC,true,false,42,generator-synthetic-v1.0.0,synthetic-v1.0.0,2025-11-30
SYN_T0054,7,C7,DEP_04,UP_06,2025-11,2025-11-30,1.81,2.0,4.0,1.636,3.0,3.0,3.0,3.0,0.0,0.0,0.0,0.0,999.0,0.0,1,1,3.0,3.0,3.0,0.0,0.0,5.0,5.0,0.385,0.0,0.0,0.365,11.0,8.0,2.539,11.0,13.0,0.281,0.365,2.207,0,13.0,11.0,synthetic_generator,demo_gen_seed42,SYNTHETIC,true,false,42,generator-synthetic-v1.0.0,synthetic-v1.0.0,2025-11-30
SYN_T0063,2,C2,DEP_03,UP_03,2025-11,2025-11-30,3.75,3.0,5.0,0.372,5.0,4.0,4.0,5.0,-1.0,0.0,1.0,0.0,0.0,0.286,0,0,4.5,4.0,5.0,2.0,0.0,4.0,7.0,0.538,4.0,0.0,0.719,8.0,4.0,2.768,11.0,0.0,0.74,0.719,2.534,4,0.0,8.0,synthetic_generator,demo_gen_seed42,SYNTHETIC,true,false,42,generator-synthetic-v1.0.0,synthetic-v1.0.0,2025-11-30
SYN_T0063,4,C4,DEP_03,UP_03,2025-11,2025-11-30,2.47,2.0,4.0,1.088,3.0,3.0,3.0,3.0,0.0,0.0,0.0,0.0,275.0,0.071,0,1,3.0,3.0,3.0,0.0,0.0,2.0,7.0,0.538,1.0,0.0,0.626,6.0,3.0,2.768,11.0,9.034,0.458,0.626,2.534,1,3.0,6.0,synthetic_generator,demo_gen_seed42,SYNTHETIC,true,false,42,generator-synthetic-v1.0.0,synthetic-v1.0.0,2025-11-30
SYN_T0063,8,C8,DEP_03,UP_03,2025-11,2025-11-30,3.05,3.0,5.0,1.103,3.0,4.0,4.0,4.0,1.0,0.0,0.0,0.333,61.0,0.143,0,0,3.75,3.0,4.0,0.0,0.0,2.0,7.0,0.538,2.0,2.0,0.64,11.0,6.0,2.768,11.0,2.004,0.737,0.64,2.534,2,2.0,11.0,synthetic_generator,demo_gen_seed42,SYNTHETIC,true,false,42,generator-synthetic-v1.0.0,synthetic-v1.0.0,2025-11-30
SYN_T0064,1,C1,DEP_04,UP_04,2025-11,2025-11-30,2.77,2.0,4.0,1.023,3.0,3.0,3.0,3.0,0.0,0.0,0.0,0.0,30.0,0.214,1,1,3.0,3.0,3.0,0.0,0.0,3.0,8.0,0.615,3.0,0.0,0.294,11.0,6.0,2.894,11.0,0.986,0.561,0.294,2.868,3,4.0,11.0,synthetic_generator,demo_gen_seed42,SYNTHETIC,true,false,42,generator-synthetic-v1.0.0,synthetic-v1.0.0,2025-11-30
SYN_T0064,11,C11,DEP_04,UP_04,2025-11,2025-11-30,2.75,3.0,5.0,2.165,3.0,3.0,3.0,3.0,0.0,0.0,0.0,0.0,0.0,0.143,1,1,3.0,3.0,3.0,0.0,0.0,5.0,8.0,0.615,2.0,1.0,0.407,11.0,7.0,2.894,11.0,0.0,0.587,0.407,2.868,2,13.0,11.0,synthetic_generator,demo_gen_seed42,SYNTHETIC,true,false,42,generator-synthetic-v1.0.0,synthetic-v1.0.0,2025-11-30
SYN_T0066,7,C7,DEP_01,UP_06,2025-11,2025-11-30,2.57,2.0,4.0,1.033,3.0,3.0,3.0,3.0,0.0,0.0,0.0,0.0,91.0,0.071,0,1,3.0,3.0,3.0,0.0,0.0,5.0,7.0,0.538,1.0,0.0,0.571,11.0,6.0,3.104,11.0,2.989,0.61,0.571,3.342,1,3.0,11.0,synthetic_generator,demo_gen_seed42,SYNTHETIC,true,false,42,generator-synthetic-v1.0.0,synthetic-v1.0.0,2025-11-30
SYN_T0069,3,C3,DEP_04,UP_09,2025-11,2025-11-30,3.32,1.0,3.0,0.0,2.0,2.0,3.0,3.0,0.0,1.0,0.0,0.333,0.0,0.286,1,0,2.5,2.0,3.0,0.0,0.0,5.0,7.0,0.538,4.0,1.0,0.249,9.0,7.0,3.275,11.0,0.0,0.697,0.249,3.656,4,1.0,9.0,synthetic_generator,demo_gen_seed42,SYNTHETIC,true,false,42,generator-synthetic-v1.0.0,synthetic-v1.0.0,2025-11-30
SYN_T0070,6,C6,DEP_05,UP_10,2025-11,2025-11-30,2.42,1.0,3.0,0.0,2.0,2.0,3.0,3.0,0.0,1.0,0.0,0.333,30.0,0.071,0,0,2.5,2.0,3.0,0.0,0.0,4.0,6.0,0.462,1.0,0.0,0.66,9.0,6.0,2.723,11.0,0.986,0.642,0.66,2.484,1,1.0,9.0,synthetic_generator,demo_gen_seed42,SYNTHETIC,true,false,42,generator-synthetic-v1.0.0,synthetic-v1.0.0,2025-11-30
SYN_T0071,6,C6,DEP_01,UP_11,2025-11,2025-11-30,2.43,1.0,3.0,0.141,3.0,3.0,3.0,3.0,0.0,0.0,0.0,0.0,122.0,0.071,0,1,3.0,3.0,3.0,0.0,0.0,4.0,6.0,0.462,1.0,0.0,0.918,6.0,5.0,2.056,11.0,4.008,0.674,0.918,0.93,1,4.0,6.0,synthetic_generator,demo_gen_seed42,SYNTHETIC,true,false,42,generator-synthetic-v1.0.0,synthetic-v1.0.0,2025-11-30
SYN_T0075,12,C12,DEP_05,UP_03,2025-11,2025-11-30,3.17,1.0,3.0,0.0,4.0,4.0,5.0,5.0,0.0,1.0,0.0,0.333,30.0,0.143,0,0,4.5,4.0,5.0,2.0,0.0,2.0,6.0,0.462,2.0,0.0,0.671,0.0,0.0,2.67,11.0,0.986,0.736,0.671,2.755,2,1.0,0.0,synthetic_generator,demo_gen_seed42,SYNTHETIC,true,false,42,generator-synthetic-v1.0.0,synthetic-v1.0.0,2025-11-30
SYN_T0076,5,C5,DEP_01,UP_04,2025-11,2025-11-30,2.51,3.0,5.0,1.965,3.0,3.0,3.0,3.0,0.0,0.0,0.0,0.0,30.0,0.071,0,1,3.0,3.0,3.0,0.0,0.0,3.0,8.0,0.615,1.0,0.0,0.704,11.0,5.0,3.112,11.0,0.986,0.5,0.704,3.104,1,7.0,11.0,synthetic_generator,demo_gen_seed42,SYNTHETIC,true,false,42,generator-synthetic-v1.0.0,synthetic-v1.0.0,2025-11-30
SYN_T0083,6,C6,DEP_03,UP_11,2025-11,2025-11-30,3.92,1.0,3.0,0.0,5.0,5.0,5.0,5.0,0.0,0.0,0.0,0.0,153.0,0.071,0,1,5.0,5.0,5.0,4.0,0.0,4.0,7.0,0.538,1.0,0.0,0.731,0.0,0.0,2.476,11.0,5.026,0.59,0.731,2.077,1,3.0,0.0,synthetic_generator,demo_gen_seed42,SYNTHETIC,true,false,42,generator-synthetic-v1.0.0,synthetic-v1.0.0,2025-11-30
SYN_T0088,4,C4,DEP_03,UP_04,2025-11,2025-11-30,3.01,2.0,4.0,1.078,3.0,3.0,3.0,3.0,0.0,0.0,0.0,0.0,30.0,0.143,0,1,3.0,3.0,3.0,0.0,0.0,2.0,8.0,0.615,2.0,1.0,0.656,11.0,7.0,2.636,11.0,0.986,0.643,0.656,2.515,2,13.0,11.0,synthetic_generator,demo_gen_seed42,SYNTHETIC,true,false,42,generator-synthetic-v1.0.0,synthetic-v1.0.0,2025-11-30
SYN_T0088,7,C7,DEP_03,UP_04,2025-11,2025-11-30,2.83,2.0,4.0,0.162,4.0,4.0,4.0,4.0,0.0,0.0,0.0,0.0,122.0,0.143,0,1,4.0,4.0,4.0,0.0,0.0,5.0,8.0,0.615,2.0,0.0,0.669,6.0,4.0,2.636,11.0,4.008,0.738,0.669,2.515,2,4.0,6.0,synthetic_generator,demo_gen_seed42,SYNTHETIC,true,false,42,generator-synthetic-v1.0.0,synthetic-v1.0.0,2025-11-30
SYN_T0089,6,C6,DEP_04,UP_05,2025-11,2025-11-30,2.28,1.0,3.0,0.153,3.0,3.0,3.0,3.0,0.0,0.0,0.0,0.0,122.0,0.143,0,1,3.0,3.0,3.0,0.0,0.0,4.0,8.0,0.615,2.0,0.0,0.537,2.0,1.0,2.909,11.0,4.008,0.655,0.537,2.807,2,8.0,2.0,synthetic_generator,demo_gen_seed42,SYNTHETIC,true,false,42,generator-synthetic-v1.0.0,synthetic-v1.0.0,2025-11-30
SYN_T0091,6,C6,DEP_01,UP_07,2025-11,2025-11-30,2.17,1.0,3.0,1.014,2.0,2.0,2.0,2.0,0.0,0.0,0.0,0.0,30.0,0.214,1,1,2.0,2.0,2.0,0.0,0.0,4.0,6.0,0.462,3.0,0.0,0.423,11.0,6.0,3.082,11.0,0.986,0.513,0.423,3.106,3,13.0,11.0,synthetic_generator,demo_gen_seed42,SYNTHETIC,true,false,42,generator-synthetic-v1.0.0,synthetic-v1.0.0,2025-11-30
SYN_T0093,4,C4,DEP_03,UP_09,2025-11,2025-11-30,2.44,2.0,4.0,0.0,4.0,4.0,4.0,4.0,0.0,0.0,0.0,0.0,91.0,0.143,0,1,4.0,4.0,4.0,0.0,0.0,2.0,6.0,0.462,2.0,0.0,0.534,0.0,0.0,2.716,11.0,2.989,0.436,0.534,3.167,2,13.0,0.0,synthetic_generator,demo_gen_seed42,SYNTHETIC,true,false,42,generator-synthetic-v1.0.0,synthetic-v1.0.0,2025-11-30
SYN_T0095,2,C2,DEP_05,UP_11,2025-11,2025-11-30,2.51,3.0,5.0,2.134,3.0,3.0,3.0,3.0,0.0,0.0,0.0,0.0,91.0,0.214,0,1,3.0,3.0,3.0,0.0,0.0,4.0,6.0,0.462,3.0,0.0,0.748,11.0,5.0,2.0,11.0,2.989,0.712,0.748,2.233,3,8.0,11.0,synthetic_generator,demo_gen_seed42,SYNTHETIC,true,false,42,generator-synthetic-v1.0.0,synthetic-v1.0.0,2025-11-30
SYN_T0098,12,C12,DEP_03,UP_02,2025-11,2025-11-30,2.63,1.0,3.0,0.0,4.0,4.0,4.0,4.0,0.0,0.0,0.0,0.0,61.0,0.214,0,1,4.0,4.0,4.0,0.0,0.0,2.0,7.0,0.538,3.0,1.0,0.697,0.0,0.0,2.222,11.0,2.004,0.741,0.697,2.804,3,6.0,0.0,synthetic_generator,demo_gen_seed42,SYNTHETIC,true,false,42,generator-synthetic-v1.0.0,synthetic-v1.0.0,2025-11-30
SYN_T0099,5,C5,DEP_04,UP_03,2025-11,2025-11-30,3.66,3.0,5.0,0.005,4.0,4.0,4.0,5.0,0.0,0.0,1.0,0.333,0.0,0.429,0,0,4.25,4.0,5.0,1.0,0.0,3.0,9.0,0.692,6.0,0.0,0.792,10.0,6.0,2.777,11.0,0.0,0.84,0.792,3.251,6,0.0,10.0,synthetic_generator,demo_gen_seed42,SYNTHETIC,true,false,42,generator-synthetic-v1.0.0,synthetic-v1.0.0,2025-11-30
SYN_T0100,7,C7,DEP_05,UP_04,2025-11,2025-11-30,2.8,2.0,4.0,0.268,3.0,3.0,4.0,4.0,0.0,1.0,0.0,0.333,30.0,0.143,1,0,3.5,3.0,4.0,0.0,0.0,5.0,8.0,0.615,2.0,1.0,0.455,9.0,8.0,2.222,11.0,0.986,0.594,0.455,1.945,2,1.0,9.0,synthetic_generator,demo_gen_seed42,SYNTHETIC,true,false,42,generator-synthetic-v1.0.0,synthetic-v1.0.0,2025-11-30
SYN_T0002,13,C13,DEP_02,UP_02,2025-12,2025-12-31,2.6,2.0,4.0,1.189,3.0,3.0,3.0,3.0,0.0,0.0,0.0,0.0,153.0,0.133,0,1,3.0,3.0,3.0,0.0,0.0,3.0,7.0,0.538,2.0,0.0,0.646,8.0,4.0,2.194,12.0,5.026,0.683,0.646,2.368,2,7.0,8.0,synthetic_generator,demo_gen_seed42,SYNTHETIC,true,false,42,generator-synthetic-v1.0.0,synthetic-v1.0.0,2025-12-31
SYN_T0004,8,C8,DEP_04,UP_04,2025-12,2025-12-31,1.34,3.0,5.0,2.886,2.0,2.0,2.0,2.0,0.0,0.0,0.0,0.0,334.0,0.067,1,1,2.0,2.0,2.0,0.0,0.0,2.0,7.0,0.538,1.0,0.0,0.425,12.0,5.0,3.008,12.0,10.972,0.438,0.425,3.473,1,6.0,12.0,synthetic_generator,demo_gen_seed42,SYNTHETIC,true,false,42,generator-synthetic-v1.0.0,synthetic-v1.0.0,2025-12-31
SYN_T0005,3,C3,DEP_05,UP_05,2025-12,2025-12-31,3.73,1.0,3.0,0.0,5.0,5.0,5.0,5.0,0.0,0.0,0.0,0.0,122.0,0.133,1,1,5.0,5.0,5.0,4.0,0.0,5.0,8.0,0.615,2.0,0.0,0.372,0.0,0.0,1.386,12.0,4.008,0.388,0.372,1.479,2,9.0,0.0,synthetic_generator,demo_gen_seed42,SYNTHETIC,true,false,42,generator-synthetic-v1.0.0,synthetic-v1.0.0,2025-12-31
SYN_T0005,7,C7,DEP_05,UP_05,2025-12,2025-12-31,3.39,2.0,4.0,0.0,5.0,5.0,5.0,5.0,0.0,0.0,0.0,0.0,92.0,0.133,1,1,5.0,5.0,5.0,4.0,0.0,5.0,8.0,0.615,2.0,0.0,0.443,0.0,0.0,1.386,12.0,3.022,0.573,0.443,1.479,2,14.0,0.0,synthetic_generator,demo_gen_seed42,SYNTHETIC,true,false,42,generator-synthetic-v1.0.0,synthetic-v1.0.0,2025-12-31
SYN_T0011,2,C2,DEP_01,UP_11,2025-12,2025-12-31,1.89,3.0,5.0,3.393,2.0,3.0,3.0,2.0,1.0,0.0,-1.0,0.0,61.0,0.267,0,0,2.5,2.0,3.0,0.0,0.0,4.0,8.0,0.615,4.0,0.0,0.951,12.0,6.0,3.072,12.0,2.004,0.878,0.951,3.053,4,0.0,12.0,synthetic_generator,demo_gen_seed42,SYNTHETIC,true,false,42,generator-synthetic-v1.0.0,synthetic-v1.0.0,2025-12-31
SYN_T0012,10,C10,DEP_02,UP_12,2025-12,2025-12-31,4.48,2.0,4.0,0.0,5.0,5.0,5.0,5.0,0.0,0.0,0.0,0.0,275.0,0.067,0,1,5.0,5.0,5.0,4.0,0.0,4.0,7.0,0.538,1.0,0.0,0.783,0.0,0.0,3.269,12.0,9.034,0.504,0.783,3.445,1,14.0,0.0,synthetic_generator,demo_gen_seed42,SYNTHETIC,true,false,42,generator-synthetic-v1.0.0,synthetic-v1.0.0,2025-12-31
SYN_T0016,1,C1,DEP_01,UP_04,2025-12,2025-12-31,3.08,2.0,4.0,0.056,3.0,3.0,3.0,3.0,0.0,0.0,0.0,0.0,999.0,0.0,1,1,3.0,3.0,3.0,0.0,0.0,3.0,7.0,0.538,0.0,2.0,0.286,6.0,5.0,2.143,12.0,13.0,0.267,0.286,1.529,0,4.0,6.0,synthetic_generator,demo_gen_seed42,SYNTHETIC,true,false,42,generator-synthetic-v1.0.0,synthetic-v1.0.0,2025-12-31
SYN_T0017,1,C1,DEP_02,UP_05,2025-12,2025-12-31,3.78,2.0,4.0,0.0,4.0,4.0,4.0,4.0,0.0,0.0,0.0,0.0,122.0,0.067,0,1,4.0,4.0,4.0,0.0,0.0,3.0,5.0,0.385,1.0,1.0,0.655,0.0,0.0,2.965,12.0,4.008,0.53,0.655,3.266,1,14.0,0.0,synthetic_generator,demo_gen_seed42,SYNTHETIC,true,false,42,generator-synthetic-v1.0.0,synthetic-v1.0.0,2025-12-31
SYN_T0018,10,C10,DEP_03,UP_06,2025-12,2025-12-31,2.51,2.0,4.0,0.655,3.0,3.0,3.0,3.0,0.0,0.0,0.0,0.0,999.0,0.0,0,1,3.0,3.0,3.0,0.0,0.0,4.0,6.0,0.462,0.0,0.0,0.644,12.0,8.0,2.164,12.0,13.0,0.389,0.644,2.369,0,14.0,12.0,synthetic_generator,demo_gen_seed42,SYNTHETIC,true,false,42,generator-synthetic-v1.0.0,synthetic-v1.0.0,2025-12-31
SYN_T0021,13,C13,DEP_01,UP_09,2025-12,2025-12-31,4.02,2.0,4.0,0.0,5.0,5.0,5.0,5.0,0.0,0.0,0.0,0.0,245.0,0.133,0,1,5.0,5.0,5.0,4.0,0.0,3.0,7.0,0.538,2.0,0.0,0.894,0.0,0.0,2.672,12.0,8.049,0.629,0.894,2.624,2,14.0,0.0,synthetic_generator,demo_gen_seed42,SYNTHETIC,true,false,42,generator-synthetic-v1.0.0,synthetic-v1.0.0,2025-12-31
SYN_T0023,11,C11,DEP_03,UP_11,2025-12,2025-12-31,3.09,3.0,5.0,1.926,3.0,3.0,3.0,3.0,0.0,0.0,0.0,0.0,31.0,0.133,1,1,3.0,3.0,3.0,0.0,0.0,5.0,7.0,0.538,2.0,0.0,0.083,12.0,9.0,3.35,12.0,1.018,0.394,0.083,3.154,2,14.0,12.0,synthetic_generator,demo_gen_seed42,SYNTHETIC,true,false,42,generator-synthetic-v1.0.0,synthetic-v1.0.0,2025-12-31
SYN_T0026,10,C10,DEP_01,UP_02,2025-12,2025-12-31,2.19,2.0,4.0,1.021,3.0,3.0,3.0,3.0,0.0,0.0,0.0,0.0,184.0,0.133,0,1,3.0,3.0,3.0,0.0,0.0,4.0,8.0,0.615,2.0,0.0,0.568,9.0,4.0,2.595,12.0,6.045,0.563,0.568,2.76,2,3.0,9.0,synthetic_generator,demo_gen_seed42,SYNTHETIC,true,false,42,generator-synthetic-v1.0.0,synthetic-v1.0.0,2025-12-31
SYN_T0028,4,C4,DEP_03,UP_04,2025-12,2025-12-31,3.99,2.0,4.0,0.0,4.0,5.0,5.0,5.0,1.0,0.0,0.0,0.333,61.0,0.267,1,0,4.75,4.0,5.0,3.0,0.0,2.0,7.0,0.538,4.0,1.0,0.306,2.0,0.0,2.771,12.0,2.004,0.704,0.306,2.461,4,2.0,2.0,synthetic_generator,demo_gen_seed42,SYNTHETIC,true,false,42,generator-synthetic-v1.0.0,synthetic-v1.0.0,2025-12-31
SYN_T0037,6,C6,DEP_02,UP_01,2025-12,2025-12-31,3.27,1.0,3.0,0.0,4.0,4.0,4.0,4.0,0.0,0.0,0.0,0.0,275.0,0.133,0,1,4.0,4.0,4.0,0.0,0.0,4.0,8.0,0.615,2.0,0.0,0.789,0.0,0.0,2.549,12.0,9.034,0.605,0.789,2.492,2,9.0,0.0,synthetic_generator,demo_gen_seed42,SYNTHETIC,true,false,42,generator-synthetic-v1.0.0,synthetic-v1.0.0,2025-12-31
SYN_T0037,8,C8,DEP_02,UP_01,2025-12,2025-12-31,3.09,3.0,5.0,0.814,4.0,4.0,4.0,4.0,0.0,0.0,0.0,0.0,0.0,0.333,0,1,4.0,4.0,4.0,0.0,0.0,2.0,8.0,0.615,5.0,0.0,0.762,12.0,9.0,2.549,12.0,0.0,0.718,0.762,2.492,5,3.0,12.0,synthetic_generator,demo_gen_seed42,SYNTHETIC,true,false,42,generator-synthetic-v1.0.0,synthetic-v1.0.0,2025-12-31
SYN_T0042,11,C11,DEP_02,UP_06,2025-12,2025-12-31,2.77,3.0,5.0,0.837,3.0,3.0,3.0,3.0,0.0,0.0,0.0,0.0,0.0,0.267,1,1,3.0,3.0,3.0,0.0,0.0,5.0,6.0,0.462,4.0,2.0,0.465,12.0,5.0,2.977,12.0,0.0,0.622,0.465,3.754,4,6.0,12.0,synthetic_generator,demo_gen_seed42,SYNTHETIC,true,false,42,generator-synthetic-v1.0.0,synthetic-v1.0.0,2025-12-31
SYN_T0043,9,C9,DEP_03,UP_07,2025-12,2025-12-31,2.8,1.0,3.0,0.0,2.0,2.0,3.0,3.0,0.0,1.0,0.0,0.333,0.0,0.267,1,0,2.5,2.0,3.0,0.0,0.0,3.0,7.0,0.538,4.0,0.0,0.471,4.0,1.0,2.287,12.0,0.0,0.739,0.471,2.45,4,1.0,4.0,synthetic_generator,demo_gen_seed42,SYNTHETIC,true,false,42,generator-synthetic-v1.0.0,synthetic-v1.0.0,2025-12-31
SYN_T0048,5,C5,DEP_03,UP_12,2025-12,2025-12-31,2.05,3.0,5.0,2.062,3.0,3.0,3.0,3.0,0.0,0.0,0.0,0.0,92.0,0.267,0,1,3.0,3.0,3.0,0.0,0.0,3.0,7.0,0.538,4.0,1.0,0.793,12.0,6.0,2.947,12.0,3.022,0.7,0.793,2.641,4,14.0,12.0,synthetic_generator,demo_gen_seed42,SYNTHETIC,true,false,42,generator-synthetic-v1.0.0,synthetic-v1.0.0,2025-12-31
SYN_T0051,9,C9,DEP_01,UP_03,2025-12,2025-12-31,2.48,1.0,3.0,0.152,3.0,3.0,3.0,3.0,0.0,0.0,0.0,0.0,61.0,0.2,1,1,3.0,3.0,3.0,0.0,0.0,3.0,6.0,0.462,3.0,1.0,0.495,1.0,0.0,2.814,12.0,2.004,0.664,0.495,2.719,3,8.0,1.0,synthetic_generator,demo_gen_seed42,SYNTHETIC,true,false,42,generator-synthetic-v1.0.0,synthetic-v1.0.0,2025-12-31
SYN_T0053,7,C7,DEP_03,UP_05,2025-12,2025-12-31,3.48,2.0,4.0,0.245,4.0,4.0,4.0,4.0,0.0,0.0,0.0,0.0,999.0,0.0,0,1,4.0,4.0,4.0,0.0,0.0,5.0,9.0,0.692,0.0,0.0,0.664,0.0,0.0,2.153,12.0,13.0,0.471,0.664,2.017,0,14.0,0.0,synthetic_generator,demo_gen_seed42,SYNTHETIC,true,false,42,generator-synthetic-v1.0.0,synthetic-v1.0.0,2025-12-31
SYN_T0054,11,C11,DEP_04,UP_06,2025-12,2025-12-31,3.68,3.0,5.0,0.807,4.0,4.0,4.0,4.0,0.0,0.0,0.0,0.0,122.0,0.067,1,1,4.0,4.0,4.0,0.0,0.0,5.0,5.0,0.385,1.0,0.0,0.428,12.0,9.0,2.502,12.0,4.008,0.388,0.428,2.095,1,4.0,12.0,synthetic_generator,demo_gen_seed42,SYNTHETIC,true,false,42,generator-synthetic-v1.0.0,synthetic-v1.0.0,2025-12-31
SYN_T0055,10,C10,DEP_05,UP_07,2025-12,2025-12-31,2.52,2.0,4.0,1.084,3.0,3.0,3.0,3.0,0.0,0.0,0.0,0.0,31.0,0.267,0,1,3.0,3.0,3.0,0.0,0.0,4.0,8.0,0.615,4.0,1.0,0.561,12.0,7.0,2.403,12.0,1.018,0.66,0.561,2.411,4,6.0,12.0,synthetic_generator,demo_gen_seed42,SYNTHETIC,true,false,42,generator-synthetic-v1.0.0,synthetic-v1.0.0,2025-12-31
SYN_T0056,6,C6,DEP_01,UP_08,2025-12,2025-12-31,2.58,1.0,3.0,0.0,3.0,3.0,3.0,3.0,0.0,0.0,0.0,0.0,0.0,0.133,0,1,3.0,3.0,3.0,0.0,0.0,4.0,8.0,0.615,2.0,0.0,0.768,0.0,0.0,2.384,12.0,0.0,0.535,0.768,2.127,2,14.0,0.0,synthetic_generator,demo_gen_seed42,SYNTHETIC,true,false,42,generator-synthetic-v1.0.0,synthetic-v1.0.0,2025-12-31
SYN_T0056,7,C7,DEP_01,UP_08,2025-12,2025-12-31,1.99,2.0,4.0,1.778,2.0,2.0,2.0,2.0,0.0,0.0,0.0,0.0,214.0,0.133,0,1,2.0,2.0,2.0,0.0,0.0,5.0,8.0,0.615,2.0,0.0,0.627,12.0,6.0,2.384,12.0,7.03,0.49,0.627,2.127,2,14.0,12.0,synthetic_generator,demo_gen_seed42,SYNTHETIC,true,false,42,generator-synthetic-v1.0.0,synthetic-v1.0.0,2025-12-31
SYN_T0057,1,C1,DEP_02,UP_09,2025-12,2025-12-31,2.88,2.0,4.0,0.806,3.0,3.0,3.0,3.0,0.0,0.0,0.0,0.0,334.0,0.067,0,1,3.0,3.0,3.0,0.0,0.0,3.0,6.0,0.462,1.0,1.0,0.587,12.0,8.0,2.631,12.0,10.972,0.434,0.587,2.811,1,14.0,12.0,synthetic_generator,demo_gen_seed42,SYNTHETIC,true,false,42,generator-synthetic-v1.0.0,synthetic-v1.0.0,2025-12-31
SYN_T0060,5,C5,DEP_05,UP_12,2025-12,2025-12-31,3.63,3.0,5.0,0.007,4.0,4.0,4.0,4.0,0.0,0.0,0.0,0.0,153.0,0.067,1,1,4.0,4.0,4.0,0.0,0.0,3.0,6.0,0.462,1.0,0.0,0.461,12.0,7.0,3.123,12.0,5.026,0.358,0.461,2.582,1,11.0,12.0,synthetic_generator,demo_gen_seed42,SYNTHETIC,true,false,42,generator-synthetic-v1.0.0,synthetic-v1.0.0,2025-12-31
SYN_T0062,12,C12,DEP_02,UP_02,2025-12,2025-12-31,4.13,1.0,3.0,0.0,5.0,5.0,5.0,5.0,0.0,0.0,0.0,0.0,122.0,0.2,1,1,5.0,5.0,5.0,4.0,0.0,2.0,6.0,0.462,3.0,0.0,0.443,0.0,0.0,2.466,12.0,4.008,0.56,0.443,,3,6.0,0.0,synthetic_generator,demo_gen_seed42,SYNTHETIC,true,false,42,generator-synthetic-v1.0.0,synthetic-v1.0.0,2025-12-31
SYN_T0063,12,C12,DEP_03,UP_03,2025-12,2025-12-31,3.87,1.0,3.0,0.0,5.0,5.0,4.0,5.0,0.0,-1.0,1.0,0.0,0.0,0.2,1,0,4.75,4.0,5.0,3.0,0.0,2.0,7.0,0.538,3.0,0.0,0.497,0.0,0.0,2.788,12.0,0.0,0.739,0.497,3.012,3,0.0,0.0,synthetic_generator,demo_gen_seed42,SYNTHETIC,true,false,42,generator-synthetic-v1.0.0,synthetic-v1.0.0,2025-12-31
SYN_T0065,7,C7,DEP_05,UP_05,2025-12,2025-12-31,2.78,2.0,4.0,0.0,4.0,4.0,4.0,4.0,0.0,0.0,0.0,0.0,31.0,0.2,0,1,4.0,4.0,4.0,0.0,0.0,5.0,10.0,0.769,3.0,0.0,0.584,4.0,2.0,2.995,12.0,1.018,0.712,0.584,2.776,3,7.0,4.0,synthetic_generator,demo_gen_seed42,SYNTHETIC,true,false,42,generator-synthetic-v1.0.0,synthetic-v1.0.0,2025-12-31
SYN_T0065,11,C11,DEP_05,UP_05,2025-12,2025-12-31,2.03,3.0,5.0,1.794,3.0,3.0,3.0,3.0,0.0,0.0,0.0,0.0,0.0,0.067,0,1,3.0,3.0,3.0,0.0,0.0,5.0,10.0,0.769,1.0,2.0,0.629,12.0,9.0,2.995,12.0,0.0,0.484,0.629,2.776,1,9.0,12.0,synthetic_generator,demo_gen_seed42,SYNTHETIC,true,false,42,generator-synthetic-v1.0.0,synthetic-v1.0.0,2025-12-31
SYN_T0067,6,C6,DEP_02,UP_07,2025-12,2025-12-31,2.15,1.0,3.0,0.0,3.0,3.0,3.0,3.0,0.0,0.0,0.0,0.0,0.0,0.133,1,1,3.0,3.0,3.0,0.0,0.0,4.0,8.0,0.615,2.0,0.0,0.478,0.0,0.0,2.451,12.0,0.0,0.506,0.478,2.332,2,14.0,0.0,synthetic_generator,demo_gen_seed42,SYNTHETIC,true,false,42,generator-synthetic-v1.0.0,synthetic-v1.0.0,2025-12-31
SYN_T0068,2,C2,DEP_03,UP_08,2025-12,2025-12-31,3.0,3.0,5.0,1.873,3.0,3.0,3.0,3.0,0.0,0.0,0.0,0.0,0.0,0.2,1,1,3.0,3.0,3.0,0.0,0.0,4.0,7.0,0.538,3.0,0.0,0.352,12.0,8.0,2.528,12.0,0.0,0.633,0.352,2.763,3,5.0,12.0,synthetic_generator,demo_gen_seed42,SYNTHETIC,true,false,42,generator-synthetic-v1.0.0,synthetic-v1.0.0,2025-12-31
SYN_T0068,13,C13,DEP_03,UP_08,2025-12,2025-12-31,3.64,2.0,4.0,0.0,4.0,5.0,5.0,5.0,1.0,0.0,0.0,0.333,61.0,0.267,1,0,4.75,4.0,5.0,3.0,0.0,3.0,7.0,0.538,4.0,0.0,0.256,7.0,5.0,2.528,12.0,2.004,0.547,0.256,2.763,4,2.0,7.0,synthetic_generator,demo_gen_seed42,SYNTHETIC,true,false,42,generator-synthetic-v1.0.0,synthetic-v1.0.0,2025-12-31
SYN_T0069,9,C9,DEP_04,UP_09,2025-12,2025-12-31,2.24,1.0,3.0,1.225,2.0,2.0,2.0,2.0,0.0,0.0,0.0,0.0,184.0,0.267,1,1,2.0,2.0,2.0,0.0,0.0,3.0,7.0,0.538,4.0,0.0,0.246,11.0,5.0,3.247,12.0,6.045,0.586,0.246,2.936,4,5.0,11.0,synthetic_generator,demo_gen_seed42,SYNTHETIC,true,false,42,generator-synthetic-v1.0.0,synthetic-v1.0.0,2025-12-31
SYN_T0073,8,C8,DEP_03,UP_01,2025-12,2025-12-31,3.42,3.0,5.0,1.899,3.0,3.0,3.0,3.0,0.0,0.0,0.0,0.0,92.0,0.067,0,1,3.0,3.0,3.0,0.0,0.0,2.0,7.0,0.538,1.0,1.0,0.561,12.0,10.0,2.359,12.0,3.022,0.568,0.561,2.627,1,3.0,12.0,synthetic_generator,demo_gen_seed42,SYNTHETIC,true,false,42,generator-synthetic-v1.0.0,synthetic-v1.0.0,2025-12-31
SYN_T0075,10,C10,DEP_05,UP_03,2025-12,2025-12-31,3.52,2.0,4.0,0.894,3.0,2.0,2.0,3.0,-1.0,0.0,1.0,0.0,0.0,0.133,0,0,2.5,2.0,3.0,0.0,0.0,4.0,6.0,0.462,2.0,0.0,0.626,12.0,10.0,2.709,12.0,0.0,0.616,0.626,3.132,2,0.0,12.0,synthetic_generator,demo_gen_seed42,SYNTHETIC,true,false,42,generator-synthetic-v1.0.0,synthetic-v1.0.0,2025-12-31
SYN_T0076,4,C4,DEP_01,UP_04,2025-12,2025-12-31,2.96,2.0,4.0,0.0,4.0,4.0,4.0,4.0,0.0,0.0,0.0,0.0,61.0,0.333,0,1,4.0,4.0,4.0,0.0,0.0,2.0,8.0,0.615,5.0,1.0,0.843,3.0,1.0,3.094,12.0,2.004,0.938,0.843,2.89,5,7.0,3.0,synthetic_generator,demo_gen_seed42,SYNTHETIC,true,false,42,generator-synthetic-v1.0.0,synthetic-v1.0.0,2025-12-31
SYN_T0077,1,C1,DEP_02,UP_05,2025-12,2025-12-31,3.62,2.0,4.0,0.066,3.0,4.0,4.0,4.0,1.0,0.0,0.0,0.333,61.0,0.133,0,0,3.75,3.0,4.0,0.0,0.0,3.0,7.0,0.538,2.0,0.0,0.653,9.0,5.0,2.423,12.0,2.004,0.697,0.653,3.239,2,2.0,9.0,synthetic_generator,demo_gen_seed42,SYNTHETIC,true,false,42,generator-synthetic-v1.0.0,synthetic-v1.0.0,2025-12-31
SYN_T0077,2,C2,DEP_02,UP_05,2025-12,2025-12-31,2.51,3.0,5.0,1.882,3.0,3.0,3.0,3.0,0.0,0.0,0.0,0.0,275.0,0.133,0,1,3.0,3.0,3.0,0.0,0.0,4.0,7.0,0.538,2.0,0.0,0.752,12.0,6.0,2.423,12.0,9.034,0.784,0.752,3.239,2,5.0,12.0,synthetic_generator,demo_gen_seed42,SYNTHETIC,true,false,42,generator-synthetic-v1.0.0,synthetic-v1.0.0,2025-12-31
SYN_T0077,3,C3,DEP_02,UP_05,2025-12,2025-12-31,3.7,1.0,3.0,0.0,4.0,4.0,4.0,4.0,0.0,0.0,0.0,0.0,153.0,0.133,0,1,4.0,4.0,4.0,0.0,0.0,5.0,7.0,0.538,2.0,0.0,0.715,0.0,0.0,2.423,12.0,5.026,0.519,0.715,3.239,2,9.0,0.0,synthetic_generator,demo_gen_seed42,SYNTHETIC,true,false,42,generator-synthetic-v1.0.0,synthetic-v1.0.0,2025-12-31
SYN_T0078,8,C8,DEP_03,UP_06,2025-12,2025-12-31,3.66,3.0,5.0,0.0,5.0,5.0,5.0,5.0,0.0,0.0,0.0,0.0,31.0,0.267,1,1,5.0,5.0,5.0,4.0,0.0,2.0,8.0,0.615,4.0,0.0,0.456,3.0,2.0,2.808,12.0,1.018,0.649,0.456,2.783,4,8.0,3.0,synthetic_generator,demo_gen_seed42,SYNTHETIC,true,false,42,generator-synthetic-v1.0.0,synthetic-v1.0.0,2025-12-31
SYN_T0080,3,C3,DEP_05,UP_08,2025-12,2025-12-31,3.51,1.0,3.0,0.0,4.0,4.0,4.0,4.0,0.0,0.0,0.0,0.0,92.0,0.2,1,1,4.0,4.0,4.0,0.0,0.0,5.0,6.0,0.462,3.0,0.0,0.453,0.0,0.0,2.572,12.0,3.022,0.558,0.453,2.963,3,9.0,0.0,synthetic_generator,demo_gen_seed42,SYNTHETIC,true,false,42,generator-synthetic-v1.0.0,synthetic-v1.0.0,2025-12-31
SYN_T0082,7,C7,DEP_02,UP_10,2025-12,2025-12-31,3.86,2.0,4.0,0.167,3.0,3.0,3.0,4.0,0.0,0.0,1.0,0.333,0.0,0.267,0,0,3.25,3.0,4.0,0.0,0.0,5.0,7.0,0.538,4.0,0.0,0.522,11.0,7.0,2.346,12.0,0.0,0.77,0.522,2.203,4,0.0,11.0,synthetic_generator,demo_gen_seed42,SYNTHETIC,true,false,42,generator-synthetic-v1.0.0,synthetic-v1.0.0,2025-12-31
SYN_T0083,5,C5,DEP_03,UP_11,2025-12,2025-12-31,2.53,3.0,5.0,1.882,3.0,3.0,3.0,3.0,0.0,0.0,0.0,0.0,61.0,0.267,0,1,3.0,3.0,3.0,0.0,0.0,3.0,7.0,0.538,4.0,0.0,0.603,12.0,7.0,2.5,12.0,2.004,0.818,0.603,2.766,4,3.0,12.0,synthetic_generator,demo_gen_seed42,SYNTHETIC,true,false,42,generator-synthetic-v1.0.0,synthetic-v1.0.0,2025-12-31
SYN_T0085,4,C4,DEP_05,UP_01,2025-12,2025-12-31,4.15,2.0,4.0,0.0,4.0,4.0,5.0,5.0,0.0,1.0,0.0,0.333,31.0,0.2,0,0,4.5,4.0,5.0,2.0,0.0,2.0,6.0,0.462,3.0,0.0,0.505,5.0,3.0,2.218,12.0,1.018,0.677,0.505,2.215,3,1.0,5.0,synthetic_generator,demo_gen_seed42,SYNTHETIC,true,false,42,generator-synthetic-v1.0.0,synthetic-v1.0.0,2025-12-31
SYN_T0096,8,C8,DEP_01,UP_12,2025-12,2025-12-31,3.24,3.0,5.0,0.947,5.0,4.0,4.0,4.0,-1.0,0.0,0.0,-0.333,122.0,0.2,0,0,4.25,4.0,5.0,1.0,0.0,2.0,6.0,0.462,3.0,0.0,0.585,10.0,5.0,1.917,12.0,4.008,0.781,0.585,1.547,3,2.0,10.0,synthetic_generator,demo_gen_seed42,SYNTHETIC,true,false,42,generator-synthetic-v1.0.0,synthetic-v1.0.0,2025-12-31
SYN_T0098,11,C11,DEP_03,UP_02,2025-12,2025-12-31,2.59,3.0,5.0,1.913,3.0,3.0,3.0,3.0,0.0,0.0,0.0,0.0,0.0,0.2,0,1,3.0,3.0,3.0,0.0,0.0,5.0,7.0,0.538,3.0,1.0,0.634,12.0,6.0,2.227,12.0,0.0,0.655,0.634,2.288,3,4.0,12.0,synthetic_generator,demo_gen_seed42,SYNTHETIC,true,false,42,generator-synthetic-v1.0.0,synthetic-v1.0.0,2025-12-31
SYN_T0100,8,C8,DEP_05,UP_04,2025-12,2025-12-31,2.96,3.0,5.0,1.083,4.0,4.0,4.0,4.0,0.0,0.0,0.0,0.0,0.0,0.2,0,1,4.0,4.0,4.0,0.0,0.0,2.0,8.0,0.615,3.0,0.0,0.535,12.0,7.0,2.28,12.0,0.0,0.783,0.535,2.922,3,3.0,12.0,synthetic_generator,demo_gen_seed42,SYNTHETIC,true,false,42,generator-synthetic-v1.0.0,synthetic-v1.0.0,2025-12-31
SYN_T0001,13,C13,DEP_01,UP_01,2026-01,2026-01-31,3.62,2.0,4.0,0.0,5.0,4.0,5.0,5.0,-1.0,1.0,0.0,0.0,31.0,0.25,0,0,4.75,4.0,5.0,3.0,0.0,3.0,6.0,0.462,4.0,1.0,0.566,3.0,1.0,2.789,13.0,1.018,0.752,0.566,2.791,4,1.0,3.0,synthetic_generator,demo_gen_seed42,SYNTHETIC,true,false,42,generator-synthetic-v1.0.0,synthetic-v1.0.0,2026-01-31
SYN_T0003,13,C13,DEP_03,UP_03,2026-01,2026-01-31,4.06,2.0,4.0,0.0,4.0,4.0,4.0,5.0,0.0,0.0,1.0,0.333,0.0,0.188,0,0,4.25,4.0,5.0,1.0,0.0,3.0,6.0,0.462,3.0,0.0,0.586,1.0,0.0,3.201,13.0,0.0,0.712,0.586,3.555,3,0.0,1.0,synthetic_generator,demo_gen_seed42,SYNTHETIC,true,false,42,generator-synthetic-v1.0.0,synthetic-v1.0.0,2026-01-31
SYN_T0006,10,C10,DEP_01,UP_06,2026-01,2026-01-31,1.86,2.0,4.0,2.056,2.0,2.0,2.0,2.0,0.0,0.0,0.0,0.0,31.0,0.188,1,1,2.0,2.0,2.0,0.0,0.0,4.0,7.0,0.538,3.0,0.0,0.422,13.0,8.0,1.937,13.0,1.018,0.411,0.422,1.858,3,15.0,13.0,synthetic_generator,demo_gen_seed42,SYNTHETIC,true,false,42,generator-synthetic-v1.0.0,synthetic-v1.0.0,2026-01-31
SYN_T0006,12,C12,DEP_01,UP_06,2026-01,2026-01-31,2.68,1.0,3.0,0.0,3.0,3.0,3.0,3.0,0.0,0.0,0.0,0.0,92.0,0.188,1,1,3.0,3.0,3.0,0.0,0.0,2.0,7.0,0.538,3.0,0.0,0.434,7.0,4.0,1.937,13.0,3.022,0.577,0.434,1.858,3,5.0,7.0,synthetic_generator,demo_gen_seed42,SYNTHETIC,true,false,42,generator-synthetic-v1.0.0,synthetic-v1.0.0,2026-01-31
SYN_T0012,10,C10,DEP_02,UP_12,2026-01,2026-01-31,3.91,2.0,4.0,0.0,5.0,5.0,5.0,5.0,0.0,0.0,0.0,0.0,306.0,0.062,1,1,5.0,5.0,5.0,4.0,0.0,4.0,7.0,0.538,1.0,0.0,0.475,0.0,0.0,3.268,13.0,10.053,0.396,0.475,3.258,1,15.0,0.0,synthetic_generator,demo_gen_seed42,SYNTHETIC,true,false,42,generator-synthetic-v1.0.0,synthetic-v1.0.0,2026-01-31
SYN_T0016,1,C1,DEP_01,UP_04,2026-01,2026-01-31,3.15,2.0,4.0,0.252,3.0,3.0,3.0,3.0,0.0,0.0,0.0,0.0,999.0,0.0,1,1,3.0,3.0,3.0,0.0,0.0,3.0,7.0,0.538,0.0,2.0,0.205,7.0,5.0,2.192,13.0,13.0,0.431,0.205,2.771,0,5.0,7.0,synthetic_generator,demo_gen_seed42,SYNTHETIC,true,false,42,generator-synthetic-v1.0.0,synthetic-v1.0.0,2026-01-31
SYN_T0017,2,C2,DEP_02,UP_05,2026-01,2026-01-31,1.36,3.0,5.0,3.093,3.0,3.0,3.0,2.0,0.0,0.0,-1.0,-0.333,31.0,0.125,1,0,2.75,2.0,3.0,0.0,0.0,4.0,5.0,0.385,2.0,0.0,0.472,13.0,7.0,2.965,13.0,1.018,0.651,0.472,2.966,2,0.0,13.0,synthetic_generator,demo_gen_seed42,SYNTHETIC,true,false,42,generator-synthetic-v1.0.0,synthetic-v1.0.0,2026-01-31
SYN_T0021,7,C7,DEP_01,UP_09,2026-01,2026-01-31,2.84,2.0,4.0,0.229,3.0,4.0,4.0,4.0,1.0,0.0,0.0,0.333,31.0,0.188,0,0,3.75,3.0,4.0,0.0,0.0,5.0,7.0,0.538,3.0,1.0,0.791,8.0,6.0,2.651,13.0,1.018,0.727,0.791,2.4,3,2.0,8.0,synthetic_generator,demo_gen_seed42,SYNTHETIC,true,false,42,generator-synthetic-v1.0.0,synthetic-v1.0.0,2026-01-31
SYN_T0022,8,C8,DEP_02,UP_10,2026-01,2026-01-31,3.5,3.0,5.0,1.08,4.0,4.0,4.0,4.0,0.0,0.0,0.0,0.0,92.0,0.25,0,1,4.0,4.0,4.0,0.0,0.0,2.0,7.0,0.538,4.0,1.0,0.611,13.0,5.0,2.564,13.0,3.022,0.698,0.611,2.874,4,3.0,13.0,synthetic_generator,demo_gen_seed42,SYNTHETIC,true,false,42,generator-synthetic-v1.0.0,synthetic-v1.0.0,2026-01-31
SYN_T0025,12,C12,DEP_05,UP_01,2026-01,2026-01-31,2.85,1.0,3.0,0.0,3.0,3.0,3.0,3.0,0.0,0.0,0.0,0.0,0.0,0.312,0,1,3.0,3.0,3.0,0.0,0.0,2.0,7.0,0.538,5.0,1.0,0.89,5.0,3.0,2.523,13.0,0.0,0.888,0.89,2.943,5,7.0,5.0,synthetic_generator,demo_gen_seed42,SYNTHETIC,true,false,42,generator-synthetic-v1.0.0,synthetic-v1.0.0,2026-01-31
SYN_T0026,6,C6,DEP_01,UP_02,2026-01,2026-01-31,2.86,1.0,3.0,0.0,4.0,4.0,4.0,4.0,0.0,0.0,0.0,0.0,31.0,0.125,0,1,4.0,4.0,4.0,0.0,0.0,4.0,8.0,0.615,2.0,0.0,0.648,0.0,0.0,2.54,13.0,1.018,0.531,0.648,1.88,2,15.0,0.0,synthetic_generator,demo_gen_seed42,SYNTHETIC,true,false,42,generator-synthetic-v1.0.0,synthetic-v1.0.0,2026-01-31
SYN_T0027,1,C1,DEP_02,UP_03,2026-01,2026-01-31,2.92,2.0,4.0,2.079,2.0,2.0,2.0,2.0,0.0,0.0,0.0,0.0,999.0,0.0,1,1,2.0,2.0,2.0,0.0,0.0,3.0,7.0,0.538,0.0,1.0,0.482,13.0,10.0,2.957,13.0,13.0,0.308,0.482,3.198,0,15.0,13.0,synthetic_generator,demo_gen_seed42,SYNTHETIC,true,false,42,generator-synthetic-v1.0.0,synthetic-v1.0.0,2026-01-31
SYN_T0027,10,C10,DEP_02,UP_03,2026-01,2026-01-31,3.41,2.0,4.0,0.0,3.0,3.0,3.0,3.0,0.0,0.0,0.0,0.0,31.0,0.188,1,1,3.0,3.0,3.0,0.0,0.0,4.0,7.0,0.538,3.0,0.0,0.304,13.0,5.0,2.957,13.0,1.018,0.652,0.304,3.198,3,4.0,13.0,synthetic_generator,demo_gen_seed42,SYNTHETIC,true,false,42,generator-synthetic-v1.0.0,synthetic-v1.0.0,2026-01-31
SYN_T0029,1,C1,DEP_04,UP_05,2026-01,2026-01-31,3.7,2.0,4.0,0.0,5.0,5.0,5.0,5.0,0.0,0.0,0.0,0.0,62.0,0.25,1,1,5.0,5.0,5.0,4.0,0.0,3.0,8.0,0.615,4.0,1.0,0.437,2.0,1.0,2.912,13.0,2.037,0.617,0.437,3.007,4,8.0,2.0,synthetic_generator,demo_gen_seed42,SYNTHETIC,true,false,42,generator-synthetic-v1.0.0,synthetic-v1.0.0,2026-01-31
SYN_T0031,2,C2,DEP_01,UP_07,2026-01,2026-01-31,2.76,3.0,5.0,2.018,3.0,3.0,3.0,3.0,0.0,0.0,0.0,0.0,31.0,0.25,0,1,3.0,3.0,3.0,0.0,0.0,4.0,7.0,0.538,4.0,0.0,0.602,13.0,6.0,3.744,13.0,1.018,0.695,0.602,3.646,4,4.0,13.0,synthetic_generator,demo_gen_seed42,SYNTHETIC,true,false,42,generator-synthetic-v1.0.0,synthetic-v1.0.0,2026-01-31
SYN_T0032,10,C10,DEP_02,UP_08,2026-01,2026-01-31,3.19,2.0,4.0,0.977,3.0,3.0,3.0,3.0,0.0,0.0,0.0,0.0,184.0,0.125,0,1,3.0,3.0,3.0,0.0,0.0,4.0,7.0,0.538,2.0,1.0,0.613,13.0,6.0,2.37,13.0,6.045,0.475,0.613,2.126,2,7.0,13.0,synthetic_generator,demo_gen_seed42,SYNTHETIC,true,false,42,generator-synthetic-v1.0.0,synthetic-v1.0.0,2026-01-31
SYN_T0033,13,C13,DEP_03,UP_09,2026-01,2026-01-31,3.02,2.0,4.0,0.147,4.0,4.0,4.0,4.0,0.0,0.0,0.0,0.0,184.0,0.188,0,1,4.0,4.0,4.0,0.0,0.0,3.0,7.0,0.538,3.0,0.0,0.97,0.0,0.0,2.633,13.0,6.045,0.793,0.97,2.304,3,5.0,0.0,synthetic_generator,demo_gen_seed42,SYNTHETIC,true,false,42,generator-synthetic-v1.0.0,synthetic-v1.0.0,2026-01-31
SYN_T0036,10,C10,DEP_01,UP_12,2026-01,2026-01-31,2.32,2.0,4.0,2.099,2.0,2.0,2.0,3.0,0.0,0.0,1.0,0.333,0.0,0.125,1,0,2.25,2.0,3.0,0.0,0.0,4.0,8.0,0.615,2.0,0.0,0.034,13.0,7.0,3.401,13.0,0.0,0.341,0.034,3.732,2,0.0,13.0,synthetic_generator,demo_gen_seed42,SYNTHETIC,true,false,42,generator-synthetic-v1.0.0,synthetic-v1.0.0,2026-01-31
SYN_T0038,11,C11,DEP_03,UP_02,2026-01,2026-01-31,2.82,3.0,5.0,1.981,4.0,4.0,4.0,4.0,0.0,0.0,0.0,0.0,92.0,0.188,0,1,4.0,4.0,4.0,0.0,0.0,5.0,7.0,0.538,3.0,2.0,0.93,13.0,8.0,2.24,13.0,3.022,0.943,0.93,1.955,3,3.0,13.0,synthetic_generator,demo_gen_seed42,SYNTHETIC,true,false,42,generator-synthetic-v1.0.0,synthetic-v1.0.0,2026-01-31
SYN_T0039,6,C6,DEP_04,UP_03,2026-01,2026-01-31,2.72,1.0,3.0,0.002,3.0,3.0,3.0,3.0,0.0,0.0,0.0,0.0,31.0,0.125,0,1,3.0,3.0,3.0,0.0,0.0,4.0,7.0,0.538,2.0,0.0,0.787,0.0,0.0,2.223,13.0,1.018,0.625,0.787,2.708,2,15.0,0.0,synthetic_generator,demo_gen_seed42,SYNTHETIC,true,false,42,generator-synthetic-v1.0.0,synthetic-v1.0.0,2026-01-31
SYN_T0040,3,C3,DEP_05,UP_04,2026-01,2026-01-31,4.3,1.0,3.0,0.0,4.0,4.0,4.0,5.0,0.0,0.0,1.0,0.333,0.0,0.25,0,0,4.25,4.0,5.0,1.0,0.0,5.0,8.0,0.615,4.0,1.0,0.738,0.0,0.0,3.151,13.0,0.0,0.728,0.738,3.479,4,0.0,0.0,synthetic_generator,demo_gen_seed42,SYNTHETIC,true,false,42,generator-synthetic-v1.0.0,synthetic-v1.0.0,2026-01-31
SYN_T0040,4,C4,DEP_05,UP_04,2026-01,2026-01-31,2.02,2.0,4.0,2.196,2.0,2.0,2.0,2.0,0.0,0.0,0.0,0.0,62.0,0.062,0,1,2.0,2.0,2.0,0.0,0.0,2.0,8.0,0.615,1.0,1.0,0.79,13.0,4.0,3.151,13.0,2.037,0.42,0.79,3.479,1,13.0,13.0,synthetic_generator,demo_gen_seed42,SYNTHETIC,true,false,42,generator-synthetic-v1.0.0,synthetic-v1.0.0,2026-01-31
SYN_T0042,13,C13,DEP_02,UP_06,2026-01,2026-01-31,3.5,2.0,4.0,0.0,3.0,3.0,4.0,4.0,0.0,1.0,0.0,0.333,31.0,0.188,0,0,3.5,3.0,4.0,0.0,0.0,3.0,6.0,0.462,3.0,2.0,0.532,5.0,3.0,2.969,13.0,1.018,0.688,0.532,2.863,3,1.0,5.0,synthetic_generator,demo_gen_seed42,SYNTHETIC,true,false,42,generator-synthetic-v1.0.0,synthetic-v1.0.0,2026-01-31
SYN_T0043,3,C3,DEP_03,UP_07,2026-01,2026-01-31,2.36,1.0,3.0,0.092,2.0,2.0,2.0,3.0,0.0,0.0,1.0,0.333,0.0,0.25,0,0,2.25,2.0,3.0,0.0,0.0,5.0,7.0,0.538,4.0,1.0,0.662,8.0,6.0,2.326,13.0,0.0,0.739,0.662,2.793,4,0.0,8.0,synthetic_generator,demo_gen_seed42,SYNTHETIC,true,false,42,generator-synthetic-v1.0.0,synthetic-v1.0.0,2026-01-31
SYN_T0045,1,C1,DEP_05,UP_09,2026-01,2026-01-31,2.8,2.0,4.0,0.0,4.0,4.0,4.0,4.0,0.0,0.0,0.0,0.0,62.0,0.188,1,1,4.0,4.0,4.0,0.0,0.0,3.0,8.0,0.615,3.0,1.0,0.359,8.0,5.0,2.829,13.0,2.037,0.613,0.359,3.323,3,3.0,8.0,synthetic_generator,demo_gen_seed42,SYNTHETIC,true,false,42,generator-synthetic-v1.0.0,synthetic-v1.0.0,2026-01-31
SYN_T0048,4,C4,DEP_03,UP_12,2026-01,2026-01-31,2.34,2.0,4.0,0.0,3.0,3.0,3.0,3.0,0.0,0.0,0.0,0.0,31.0,0.062,0,1,3.0,3.0,3.0,0.0,0.0,2.0,7.0,0.538,1.0,1.0,0.782,6.0,3.0,2.967,13.0,1.018,0.643,0.782,3.208,1,5.0,6.0,synthetic_generator,demo_gen_seed42,SYNTHETIC,true,false,42,generator-synthetic-v1.0.0,synthetic-v1.0.0,2026-01-31
SYN_T0049,11,C11,DEP_04,UP_01,2026-01,2026-01-31,2.68,3.0,5.0,2.036,3.0,3.0,3.0,3.0,0.0,0.0,0.0,0.0,0.0,0.062,0,1,3.0,3.0,3.0,0.0,0.0,5.0,8.0,0.615,1.0,0.0,0.527,13.0,9.0,3.013,13.0,0.0,0.381,0.527,2.772,1,12.0,13.0,synthetic_generator,demo_gen_seed42,SYNTHETIC,true,false,42,generator-synthetic-v1.0.0,synthetic-v1.0.0,2026-01-31
SYN_T0050,8,C8,DEP_05,UP_02,2026-01,2026-01-31,2.82,3.0,5.0,1.973,3.0,3.0,3.0,3.0,0.0,0.0,0.0,0.0,92.0,0.125,1,1,3.0,3.0,3.0,0.0,0.0,2.0,6.0,0.462,2.0,1.0,0.172,13.0,6.0,2.702,13.0,3.022,0.435,0.172,2.607,2,5.0,13.0,synthetic_generator,demo_gen_seed42,SYNTHETIC,true,false,42,generator-synthetic-v1.0.0,synthetic-v1.0.0,2026-01-31
SYN_T0050,13,C13,DEP_05,UP_02,2026-01,2026-01-31,2.29,2.0,4.0,1.834,2.0,2.0,2.0,2.0,0.0,0.0,0.0,0.0,245.0,0.188,1,1,2.0,2.0,2.0,0.0,0.0,3.0,6.0,0.462,3.0,0.0,0.369,13.0,8.0,2.702,13.0,8.049,0.564,0.369,2.607,3,11.0,13.0,synthetic_generator,demo_gen_seed42,SYNTHETIC,true,false,42,generator-synthetic-v1.0.0,synthetic-v1.0.0,2026-01-31
SYN_T0054,8,C8,DEP_04,UP_06,2026-01,2026-01-31,4.03,3.0,5.0,0.0,5.0,5.0,5.0,5.0,0.0,0.0,0.0,0.0,0.0,0.062,1,1,5.0,5.0,5.0,4.0,0.0,2.0,5.0,0.385,1.0,1.0,0.487,0.0,0.0,2.491,13.0,0.0,0.297,0.487,2.353,1,15.0,0.0,synthetic_generator,demo_gen_seed42,SYNTHETIC,true,false,42,generator-synthetic-v1.0.0,synthetic-v1.0.0,2026-01-31
SYN_T0055,8,C8,DEP_05,UP_07,2026-01,2026-01-31,1.94,3.0,5.0,2.897,2.0,2.0,2.0,2.0,0.0,0.0,0.0,0.0,31.0,0.188,1,1,2.0,2.0,2.0,0.0,0.0,2.0,8.0,0.615,3.0,0.0,0.433,13.0,10.0,2.398,13.0,1.018,0.507,0.433,2.333,3,15.0,13.0,synthetic_generator,demo_gen_seed42,SYNTHETIC,true,false,42,generator-synthetic-v1.0.0,synthetic-v1.0.0,2026-01-31
SYN_T0056,4,C4,DEP_01,UP_08,2026-01,2026-01-31,1.66,2.0,4.0,1.83,2.0,2.0,2.0,2.0,0.0,0.0,0.0,0.0,999.0,0.0,1,1,2.0,2.0,2.0,0.0,0.0,2.0,8.0,0.615,0.0,0.0,0.442,13.0,9.0,2.436,13.0,13.0,0.416,0.442,3.054,0,3.0,13.0,synthetic_generator,demo_gen_seed42,SYNTHETIC,true,false,42,generator-synthetic-v1.0.0,synthetic-v1.0.0,2026-01-31
SYN_T0057,10,C10,DEP_02,UP_09,2026-01,2026-01-31,2.54,2.0,4.0,0.858,3.0,3.0,3.0,3.0,0.0,0.0,0.0,0.0,215.0,0.062,0,1,3.0,3.0,3.0,0.0,0.0,4.0,6.0,0.462,1.0,0.0,0.507,13.0,9.0,2.607,13.0,7.063,0.412,0.507,2.33,1,15.0,13.0,synthetic_generator,demo_gen_seed42,SYNTHETIC,true,false,42,generator-synthetic-v1.0.0,synthetic-v1.0.0,2026-01-31
SYN_T0060,7,C7,DEP_05,UP_12,2026-01,2026-01-31,1.78,2.0,4.0,2.158,1.0,2.0,2.0,2.0,1.0,0.0,0.0,0.333,62.0,0.062,0,0,1.75,1.0,2.0,0.0,1.0,5.0,6.0,0.462,1.0,0.0,0.519,13.0,7.0,3.143,13.0,2.037,0.536,0.519,3.374,1,2.0,13.0,synthetic_generator,demo_gen_seed42,SYNTHETIC,true,false,42,generator-synthetic-v1.0.0,synthetic-v1.0.0,2026-01-31
SYN_T0061,4,C4,DEP_01,UP_01,2026-01,2026-01-31,1.96,2.0,4.0,2.118,2.0,2.0,2.0,2.0,0.0,0.0,0.0,0.0,92.0,0.375,0,1,2.0,2.0,2.0,0.0,0.0,2.0,7.0,0.538,6.0,1.0,0.634,13.0,10.0,1.985,13.0,3.022,0.709,0.634,2.287,6,5.0,13.0,synthetic_generator,demo_gen_seed42,SYNTHETIC,true,false,42,generator-synthetic-v1.0.0,synthetic-v1.0.0,2026-01-31
SYN_T0064,9,C9,DEP_04,UP_04,2026-01,2026-01-31,3.79,1.0,3.0,0.0,4.0,4.0,4.0,4.0,0.0,0.0,0.0,0.0,215.0,0.062,1,1,4.0,4.0,4.0,0.0,0.0,3.0,8.0,0.615,1.0,0.0,0.441,0.0,0.0,2.819,13.0,7.063,0.334,0.441,2.566,1,7.0,0.0,synthetic_generator,demo_gen_seed42,SYNTHETIC,true,false,42,generator-synthetic-v1.0.0,synthetic-v1.0.0,2026-01-31
SYN_T0064,13,C13,DEP_04,UP_04,2026-01,2026-01-31,2.74,2.0,4.0,1.017,3.0,3.0,3.0,3.0,0.0,0.0,0.0,0.0,92.0,0.125,1,1,3.0,3.0,3.0,0.0,0.0,3.0,8.0,0.615,2.0,0.0,0.43,13.0,9.0,2.819,13.0,3.022,0.45,0.43,2.566,2,15.0,13.0,synthetic_generator,demo_gen_seed42,SYNTHETIC,true,false,42,generator-synthetic-v1.0.0,synthetic-v1.0.0,2026-01-31
SYN_T0065,4,C4,DEP_05,UP_05,2026-01,2026-01-31,3.2,2.0,4.0,0.0,3.0,3.0,4.0,4.0,0.0,1.0,0.0,0.333,31.0,0.125,1,0,3.5,3.0,4.0,0.0,0.0,2.0,10.0,0.769,2.0,0.0,0.429,10.0,2.0,3.028,13.0,1.018,0.643,0.429,3.427,2,1.0,10.0,synthetic_generator,demo_gen_seed42,SYNTHETIC,true,false,42,generator-synthetic-v1.0.0,synthetic-v1.0.0,2026-01-31
SYN_T0067,12,C12,DEP_02,UP_07,2026-01,2026-01-31,2.52,1.0,3.0,0.0,3.0,3.0,3.0,3.0,0.0,0.0,0.0,0.0,184.0,0.062,1,1,3.0,3.0,3.0,0.0,0.0,2.0,8.0,0.615,1.0,1.0,0.488,0.0,0.0,2.47,13.0,6.045,0.324,0.488,2.706,1,15.0,0.0,synthetic_generator,demo_gen_seed42,SYNTHETIC,true,false,42,generator-synthetic-v1.0.0,synthetic-v1.0.0,2026-01-31
SYN_T0070,5,C5,DEP_05,UP_10,2026-01,2026-01-31,3.6,3.0,5.0,0.257,5.0,5.0,5.0,5.0,0.0,0.0,0.0,0.0,31.0,0.312,0,1,5.0,5.0,5.0,4.0,0.0,3.0,6.0,0.462,5.0,1.0,0.672,6.0,5.0,2.706,13.0,1.018,0.604,0.672,2.691,5,6.0,6.0,synthetic_generator,demo_gen_seed42,SYNTHETIC,true,false,42,generator-synthetic-v1.0.0,synthetic-v1.0.0,2026-01-31
SYN_T0072,10,C10,DEP_02,UP_12,2026-01,2026-01-31,1.67,2.0,4.0,1.797,2.0,2.0,2.0,2.0,0.0,0.0,0.0,0.0,999.0,0.0,1,1,2.0,2.0,2.0,0.0,0.0,4.0,6.0,0.462,0.0,1.0,0.464,13.0,5.0,2.216,13.0,13.0,0.247,0.464,1.978,0,15.0,13.0,synthetic_generator,demo_gen_seed42,SYNTHETIC,true,false,42,generator-synthetic-v1.0.0,synthetic-v1.0.0,2026-01-31
SYN_T0077,2,C2,DEP_02,UP_05,2026-01,2026-01-31,2.85,3.0,5.0,1.882,3.0,3.0,3.0,3.0,0.0,0.0,0.0,0.0,306.0,0.125,0,1,3.0,3.0,3.0,0.0,0.0,4.0,7.0,0.538,2.0,0.0,0.736,13.0,6.0,2.45,13.0,10.053,0.752,0.736,2.781,2,6.0,13.0,synthetic_generator,demo_gen_seed42,SYNTHETIC,true,false,42,generator-synthetic-v1.0.0,synthetic-v1.0.0,2026-01-31
SYN_T0080,5,C5,DEP_05,UP_08,2026-01,2026-01-31,2.41,3.0,5.0,0.851,3.0,3.0,3.0,4.0,0.0,0.0,1.0,0.333,0.0,0.25,0,0,3.25,3.0,4.0,0.0,0.0,3.0,6.0,0.462,4.0,0.0,0.752,13.0,11.0,2.617,13.0,0.0,0.745,0.752,3.165,4,0.0,13.0,synthetic_generator,demo_gen_seed42,SYNTHETIC,true,false,42,generator-synthetic-v1.0.0,synthetic-v1.0.0,2026-01-31
SYN_T0081,9,C9,DEP_01,UP_09,2026-01,2026-01-31,2.36,1.0,3.0,1.031,2.0,2.0,2.0,2.0,0.0,0.0,0.0,0.0,31.0,0.25,0,1,2.0,2.0,2.0,0.0,0.0,3.0,9.0,0.692,4.0,0.0,0.878,5.0,4.0,2.908,13.0,1.018,0.815,0.878,3.67,4,4.0,5.0,synthetic_generator,demo_gen_seed42,SYNTHETIC,true,false,42,generator-synthetic-v1.0.0,synthetic-v1.0.0,2026-01-31
SYN_T0084,8,C8,DEP_04,UP_12,2026-01,2026-01-31,3.74,3.0,5.0,0.993,4.0,4.0,4.0,4.0,0.0,0.0,0.0,0.0,31.0,0.188,0,1,4.0,4.0,4.0,0.0,0.0,2.0,7.0,0.538,3.0,0.0,0.837,13.0,9.0,2.575,13.0,1.018,0.875,0.837,2.555,3,5.0,13.0,synthetic_generator,demo_gen_seed42,SYNTHETIC,true,false,42,generator-synthetic-v1.0.0,synthetic-v1.0.0,2026-01-31
SYN_T0085,5,C5,DEP_05,UP_01,2026-01,2026-01-31,2.76,3.0,5.0,0.032,4.0,4.0,4.0,5.0,0.0,0.0,1.0,0.333,123.0,0.125,0,0,4.25,4.0,5.0,1.0,0.0,3.0,6.0,0.462,2.0,0.0,0.565,12.0,8.0,2.229,13.0,4.041,0.779,0.565,2.359,2,0.0,12.0,synthetic_generator,demo_gen_seed42,SYNTHETIC,true,false,42,generator-synthetic-v1.0.0,synthetic-v1.0.0,2026-01-31
SYN_T0088,11,C11,DEP_03,UP_04,2026-01,2026-01-31,4.89,3.0,5.0,0.083,5.0,5.0,5.0,5.0,0.0,0.0,0.0,0.0,215.0,0.125,0,1,5.0,5.0,5.0,4.0,0.0,5.0,8.0,0.615,2.0,1.0,0.756,6.0,4.0,2.655,13.0,7.063,0.66,0.756,3.057,2,4.0,6.0,synthetic_generator,demo_gen_seed42,SYNTHETIC,true,false,42,generator-synthetic-v1.0.0,synthetic-v1.0.0,2026-01-31
SYN_T0090,8,C8,DEP_05,UP_06,2026-01,2026-01-31,3.18,3.0,5.0,1.054,3.0,4.0,4.0,4.0,1.0,0.0,0.0,0.333,31.0,0.25,1,0,3.75,3.0,4.0,0.0,0.0,2.0,7.0,0.538,4.0,0.0,0.307,13.0,7.0,2.864,13.0,1.018,0.508,0.307,2.542,4,2.0,13.0,synthetic_generator,demo_gen_seed42,SYNTHETIC,true,false,42,generator-synthetic-v1.0.0,synthetic-v1.0.0,2026-01-31
SYN_T0091,5,C5,DEP_01,UP_07,2026-01,2026-01-31,5.0,3.0,5.0,0.0,5.0,5.0,5.0,5.0,0.0,0.0,0.0,0.0,92.0,0.25,0,1,5.0,5.0,5.0,4.0,0.0,3.0,6.0,0.462,4.0,0.0,0.638,6.0,3.0,3.055,13.0,3.022,0.734,0.638,2.736,4,3.0,6.0,synthetic_generator,demo_gen_seed42,SYNTHETIC,true,false,42,generator-synthetic-v1.0.0,synthetic-v1.0.0,2026-01-31
SYN_T0091,8,C8,DEP_01,UP_07,2026-01,2026-01-31,2.96,3.0,5.0,0.816,5.0,5.0,5.0,4.0,0.0,0.0,-1.0,-0.333,215.0,0.125,1,0,4.75,4.0,5.0,3.0,0.0,2.0,6.0,0.462,2.0,0.0,0.437,10.0,7.0,3.055,13.0,7.063,0.623,0.437,2.736,2,0.0,10.0,synthetic_generator,demo_gen_seed42,SYNTHETIC,true,false,42,generator-synthetic-v1.0.0,synthetic-v1.0.0,2026-01-31
SYN_T0091,9,C9,DEP_01,UP_07,2026-01,2026-01-31,4.13,1.0,3.0,0.0,5.0,5.0,5.0,5.0,0.0,0.0,0.0,0.0,62.0,0.25,0,1,5.0,5.0,5.0,4.0,0.0,3.0,6.0,0.462,4.0,0.0,0.515,0.0,0.0,3.055,13.0,2.037,0.665,0.515,2.736,4,5.0,0.0,synthetic_generator,demo_gen_seed42,SYNTHETIC,true,false,42,generator-synthetic-v1.0.0,synthetic-v1.0.0,2026-01-31
SYN_T0093,1,C1,DEP_03,UP_09,2026-01,2026-01-31,3.19,2.0,4.0,0.0,4.0,4.0,4.0,4.0,0.0,0.0,0.0,0.0,62.0,0.125,0,1,4.0,4.0,4.0,0.0,0.0,3.0,6.0,0.462,2.0,0.0,0.594,3.0,1.0,2.747,13.0,2.037,0.6,0.594,2.706,2,9.0,3.0,synthetic_generator,demo_gen_seed42,SYNTHETIC,true,false,42,generator-synthetic-v1.0.0,synthetic-v1.0.0,2026-01-31
SYN_T0094,6,C6,DEP_04,UP_10,2026-01,2026-01-31,1.8,1.0,3.0,0.187,2.0,2.0,2.0,2.0,0.0,0.0,0.0,0.0,0.0,0.312,1,1,2.0,2.0,2.0,0.0,0.0,4.0,7.0,0.538,5.0,1.0,0.366,13.0,6.0,2.628,13.0,0.0,0.706,0.366,3.461,5,6.0,13.0,synthetic_generator,demo_gen_seed42,SYNTHETIC,true,false,42,generator-synthetic-v1.0.0,synthetic-v1.0.0,2026-01-31
SYN_T0094,13,C13,DEP_04,UP_10,2026-01,2026-01-31,2.88,2.0,4.0,1.027,3.0,3.0,3.0,3.0,0.0,0.0,0.0,0.0,153.0,0.188,1,1,3.0,3.0,3.0,0.0,0.0,3.0,7.0,0.538,3.0,0.0,0.338,13.0,12.0,2.628,13.0,5.026,0.495,0.338,3.461,3,7.0,13.0,synthetic_generator,demo_gen_seed42,SYNTHETIC,true,false,42,generator-synthetic-v1.0.0,synthetic-v1.0.0,2026-01-31
SYN_T0095,12,C12,DEP_05,UP_11,2026-01,2026-01-31,3.92,1.0,3.0,0.0,4.0,4.0,4.0,5.0,0.0,0.0,1.0,0.333,0.0,0.312,0,0,4.25,4.0,5.0,1.0,0.0,2.0,6.0,0.462,5.0,0.0,0.706,0.0,0.0,1.934,13.0,0.0,0.832,0.706,1.941,5,0.0,0.0,synthetic_generator,demo_gen_seed42,SYNTHETIC,true,false,42,generator-synthetic-v1.0.0,synthetic-v1.0.0,2026-01-31
SYN_T0096,8,C8,DEP_01,UP_12,2026-01,2026-01-31,2.4,3.0,5.0,1.052,4.0,4.0,4.0,4.0,0.0,0.0,0.0,0.0,153.0,0.188,0,1,4.0,4.0,4.0,0.0,0.0,2.0,6.0,0.462,3.0,0.0,0.602,11.0,6.0,1.973,13.0,5.026,0.799,0.602,2.647,3,3.0,11.0,synthetic_generator,demo_gen_seed42,SYNTHETIC,true,false,42,generator-synthetic-v1.0.0,synthetic-v1.0.0,2026-01-31
SYN_T0097,2,C2,DEP_02,UP_01,2026-01,2026-01-31,2.72,3.0,5.0,1.063,3.0,3.0,4.0,4.0,0.0,1.0,0.0,0.333,31.0,0.125,1,0,3.5,3.0,4.0,0.0,0.0,4.0,8.0,0.615,2.0,1.0,0.435,13.0,10.0,2.158,13.0,1.018,0.484,0.435,2.443,2,1.0,13.0,synthetic_generator,demo_gen_seed42,SYNTHETIC,true,false,42,generator-synthetic-v1.0.0,synthetic-v1.0.0,2026-01-31
SYN_T0097,12,C12,DEP_02,UP_01,2026-01,2026-01-31,2.37,1.0,3.0,0.0,3.0,3.0,3.0,3.0,0.0,0.0,0.0,0.0,184.0,0.125,0,1,3.0,3.0,3.0,0.0,0.0,2.0,8.0,0.615,2.0,2.0,0.613,6.0,4.0,2.158,13.0,6.045,0.597,0.613,2.443,2,6.0,6.0,synthetic_generator,demo_gen_seed42,SYNTHETIC,true,false,42,generator-synthetic-v1.0.0,synthetic-v1.0.0,2026-01-31
SYN_T0099,1,C1,DEP_04,UP_03,2026-01,2026-01-31,3.32,2.0,4.0,0.0,4.0,4.0,4.0,4.0,0.0,0.0,0.0,0.0,31.0,0.25,0,1,4.0,4.0,4.0,0.0,0.0,3.0,9.0,0.692,4.0,0.0,0.631,5.0,4.0,2.853,13.0,1.018,0.73,0.631,3.341,4,7.0,5.0,synthetic_generator,demo_gen_seed42,SYNTHETIC,true,false,42,generator-synthetic-v1.0.0,synthetic-v1.0.0,2026-01-31
SYN_T0001,5,C5,DEP_01,UP_01,2026-02,2026-02-28,3.61,3.0,5.0,2.228,4.0,4.0,4.0,4.0,0.0,0.0,0.0,0.0,151.0,0.118,0,1,4.0,4.0,4.0,0.0,0.0,3.0,6.0,0.462,2.0,0.0,0.582,14.0,6.0,2.819,14.0,4.961,0.513,0.582,3.208,2,5.0,14.0,synthetic_generator,demo_gen_seed42,SYNTHETIC,true,false,42,generator-synthetic-v1.0.0,synthetic-v1.0.0,2026-02-28
SYN_T0007,5,C5,DEP_02,UP_07,2026-02,2026-02-28,0.75,3.0,5.0,3.846,2.0,2.0,2.0,1.0,0.0,0.0,-1.0,-0.333,999.0,0.0,1,0,1.75,1.0,2.0,0.0,1.0,3.0,7.0,0.538,0.0,0.0,0.458,14.0,8.0,2.778,14.0,13.0,0.513,0.458,2.514,0,0.0,14.0,synthetic_generator,demo_gen_seed42,SYNTHETIC,true,false,42,generator-synthetic-v1.0.0,synthetic-v1.0.0,2026-02-28
SYN_T0009,5,C5,DEP_04,UP_09,2026-02,2026-02-28,3.07,3.0,5.0,0.97,3.0,3.0,3.0,3.0,0.0,0.0,0.0,0.0,151.0,0.176,0,1,3.0,3.0,3.0,0.0,0.0,3.0,7.0,0.538,3.0,0.0,0.873,14.0,11.0,2.704,14.0,4.961,0.769,0.873,2.921,3,6.0,14.0,synthetic_generator,demo_gen_seed42,SYNTHETIC,true,false,42,generator-synthetic-v1.0.0,synthetic-v1.0.0,2026-02-28
SYN_T0017,1,C1,DEP_02,UP_05,2026-02,2026-02-28,4.29,2.0,4.0,0.0,4.0,4.0,4.0,5.0,0.0,0.0,1.0,0.333,0.0,0.118,0,0,4.25,4.0,5.0,1.0,0.0,3.0,5.0,0.385,2.0,1.0,0.609,0.0,0.0,2.959,14.0,0.0,0.758,0.609,2.879,2,0.0,0.0,synthetic_generator,demo_gen_seed42,SYNTHETIC,true,false,42,generator-synthetic-v1.0.0,synthetic-v1.0.0,2026-02-28
SYN_T0017,9,C9,DEP_02,UP_05,2026-02,2026-02-28,2.66,1.0,3.0,0.0,3.0,3.0,3.0,3.0,0.0,0.0,0.0,0.0,212.0,0.059,1,1,3.0,3.0,3.0,0.0,0.0,3.0,5.0,0.385,1.0,0.0,0.491,0.0,0.0,2.959,14.0,6.965,0.316,0.491,2.879,1,16.0,0.0,synthetic_generator,demo_gen_seed42,SYNTHETIC,true,false,42,generator-synthetic-v1.0.0,synthetic-v1.0.0,2026-02-28
SYN_T0022,5,C5,DEP_02,UP_10,2026-02,2026-02-28,3.1,3.0,5.0,1.078,4.0,4.0,4.0,4.0,0.0,0.0,0.0,0.0,90.0,0.118,0,1,4.0,4.0,4.0,0.0,0.0,3.0,7.0,0.538,2.0,0.0,0.819,14.0,5.0,2.574,14.0,2.957,0.788,0.819,2.7,2,13.0,14.0,synthetic_generator,demo_gen_seed42,SYNTHETIC,true,false,42,generator-synthetic-v1.0.0,synthetic-v1.0.0,2026-02-28
SYN_T0024,8,C8,DEP_04,UP_12,2026-02,2026-02-28,3.71,3.0,5.0,0.017,5.0,5.0,5.0,5.0,0.0,0.0,0.0,0.0,273.0,0.059,0,1,5.0,5.0,5.0,4.0,0.0,2.0,7.0,0.538,1.0,1.0,0.664,3.0,2.0,2.614,14.0,8.968,0.43,0.664,2.726,1,10.0,3.0,synthetic_generator,demo_gen_seed42,SYNTHETIC,true,false,42,generator-synthetic-v1.0.0,synthetic-v1.0.0,2026-02-28
SYN_T0025,2,C2,DEP_05,UP_01,2026-02,2026-02-28,3.89,3.0,5.0,1.202,4.0,4.0,4.0,4.0,0.0,0.0,0.0,0.0,212.0,0.235,0,1,4.0,4.0,4.0,0.0,0.0,4.0,7.0,0.538,4.0,1.0,0.66,14.0,6.0,2.52,14.0,6.965,0.734,0.66,2.469,4,3.0,14.0,synthetic_generator,demo_gen_seed42,SYNTHETIC,true,false,42,generator-synthetic-v1.0.0,synthetic-v1.0.0,2026-02-28
SYN_T0027,1,C1,DEP_02,UP_03,2026-02,2026-02-28,1.98,2.0,4.0,2.201,2.0,2.0,2.0,2.0,0.0,0.0,0.0,0.0,999.0,0.0,1,1,2.0,2.0,2.0,0.0,0.0,3.0,7.0,0.538,0.0,1.0,0.336,14.0,10.0,2.978,14.0,13.0,0.287,0.336,3.244,0,16.0,14.0,synthetic_generator,demo_gen_seed42,SYNTHETIC,true,false,42,generator-synthetic-v1.0.0,synthetic-v1.0.0,2026-02-28
SYN_T0028,3,C3,DEP_03,UP_04,2026-02,2026-02-28,3.51,1.0,3.0,0.0,3.0,4.0,4.0,4.0,1.0,0.0,0.0,0.333,0.0,0.176,1,0,3.75,3.0,4.0,0.0,0.0,5.0,7.0,0.538,3.0,0.0,0.274,0.0,0.0,2.836,14.0,0.0,0.686,0.274,3.298,3,2.0,0.0,synthetic_generator,demo_gen_seed42,SYNTHETIC,true,false,42,generator-synthetic-v1.0.0,synthetic-v1.0.0,2026-02-28
SYN_T0029,12,C12,DEP_04,UP_05,2026-02,2026-02-28,3.73,1.0,3.0,0.0,4.0,4.0,5.0,5.0,0.0,1.0,0.0,0.333,0.0,0.235,0,0,4.5,4.0,5.0,2.0,0.0,2.0,8.0,0.615,4.0,0.0,0.646,0.0,0.0,2.914,14.0,0.0,0.846,0.646,2.944,4,1.0,0.0,synthetic_generator,demo_gen_seed42,SYNTHETIC,true,false,42,generator-synthetic-v1.0.0,synthetic-v1.0.0,2026-02-28
SYN_T0030,6,C6,DEP_05,UP_06,2026-02,2026-02-28,3.23,1.0,3.0,0.0,4.0,4.0,4.0,4.0,0.0,0.0,0.0,0.0,120.0,0.118,1,1,4.0,4.0,4.0,0.0,0.0,4.0,8.0,0.615,2.0,0.0,0.425,0.0,0.0,2.889,14.0,3.942,0.41,0.425,,2,16.0,0.0,synthetic_generator,demo_gen_seed42,SYNTHETIC,true,false,42,generator-synthetic-v1.0.0,synthetic-v1.0.0,2026-02-28
SYN_T0030,13,C13,DEP_05,UP_06,2026-02,2026-02-28,4.04,2.0,4.0,0.0,5.0,5.0,5.0,5.0,0.0,0.0,0.0,0.0,59.0,0.235,1,1,5.0,5.0,5.0,4.0,0.0,3.0,8.0,0.615,4.0,0.0,0.489,4.0,3.0,2.889,14.0,1.938,0.658,0.489,3.088,4,4.0,4.0,synthetic_generator,demo_gen_seed42,SYNTHETIC,true,false,42,generator-synthetic-v1.0.0,synthetic-v1.0.0,2026-02-28
SYN_T0031,2,C2,DEP_01,UP_07,2026-02,2026-02-28,2.27,3.0,5.0,1.985,3.0,3.0,3.0,3.0,0.0,0.0,0.0,0.0,59.0,0.235,0,1,3.0,3.0,3.0,0.0,0.0,4.0,7.0,0.538,4.0,0.0,0.654,14.0,7.0,3.726,14.0,1.938,0.606,0.654,3.488,4,5.0,14.0,synthetic_generator,demo_gen_seed42,SYNTHETIC,true,false,42,generator-synthetic-v1.0.0,synthetic-v1.0.0,2026-02-28
SYN_T0033,11,C11,DEP_03,UP_09,2026-02,2026-02-28,3.98,3.0,5.0,0.0,5.0,5.0,5.0,5.0,0.0,0.0,0.0,0.0,0.0,0.235,0,1,5.0,5.0,5.0,4.0,0.0,5.0,7.0,0.538,4.0,1.0,0.911,2.0,1.0,2.662,14.0,0.0,0.857,0.911,3.047,4,11.0,2.0,synthetic_generator,demo_gen_seed42,SYNTHETIC,true,false,42,generator-synthetic-v1.0.0,synthetic-v1.0.0,2026-02-28
SYN_T0034,7,C7,DEP_04,UP_10,2026-02,2026-02-28,1.4,2.0,4.0,2.167,2.0,2.0,2.0,2.0,0.0,0.0,0.0,0.0,999.0,0.0,1,1,2.0,2.0,2.0,0.0,0.0,5.0,9.0,0.692,0.0,0.0,0.344,14.0,9.0,2.349,14.0,13.0,0.383,0.344,2.853,0,10.0,14.0,synthetic_generator,demo_gen_seed42,SYNTHETIC,true,false,42,generator-synthetic-v1.0.0,synthetic-v1.0.0,2026-02-28
SYN_T0035,13,C13,DEP_05,UP_11,2026-02,2026-02-28,2.83,2.0,4.0,0.072,3.0,3.0,3.0,3.0,0.0,0.0,0.0,0.0,181.0,0.118,0,1,3.0,3.0,3.0,0.0,0.0,3.0,8.0,0.615,2.0,2.0,0.922,14.0,8.0,3.044,14.0,5.946,0.794,0.922,3.253,2,11.0,14.0,synthetic_generator,demo_gen_seed42,SYNTHETIC,true,false,42,generator-synthetic-v1.0.0,synthetic-v1.0.0,2026-02-28
SYN_T0036,7,C7,DEP_01,UP_12,2026-02,2026-02-28,2.62,2.0,4.0,0.971,3.0,3.0,3.0,3.0,0.0,0.0,0.0,0.0,334.0,0.059,1,1,3.0,3.0,3.0,0.0,0.0,5.0,8.0,0.615,1.0,1.0,0.14,14.0,7.0,3.36,14.0,10.972,0.144,0.14,2.833,1,11.0,14.0,synthetic_generator,demo_gen_seed42,SYNTHETIC,true,false,42,generator-synthetic-v1.0.0,synthetic-v1.0.0,2026-02-28
SYN_T0042,6,C6,DEP_02,UP_06,2026-02,2026-02-28,3.29,1.0,3.0,0.0,5.0,5.0,5.0,5.0,0.0,0.0,0.0,0.0,59.0,0.294,1,1,5.0,5.0,5.0,4.0,0.0,4.0,6.0,0.462,5.0,0.0,0.446,0.0,0.0,2.976,14.0,1.938,0.576,0.446,3.074,5,7.0,0.0,synthetic_generator,demo_gen_seed42,SYNTHETIC,true,false,42,generator-synthetic-v1.0.0,synthetic-v1.0.0,2026-02-28
SYN_T0050,2,C2,DEP_05,UP_02,2026-02,2026-02-28,2.05,3.0,5.0,0.706,3.0,3.0,3.0,3.0,0.0,0.0,0.0,0.0,334.0,0.059,1,1,3.0,3.0,3.0,0.0,0.0,4.0,6.0,0.462,1.0,1.0,0.32,14.0,9.0,2.753,14.0,10.972,0.393,0.32,3.407,1,7.0,14.0,synthetic_generator,demo_gen_seed42,SYNTHETIC,true,false,42,generator-synthetic-v1.0.0,synthetic-v1.0.0,2026-02-28
SYN_T0052,6,C6,DEP_02,UP_04,2026-02,2026-02-28,3.35,1.0,3.0,0.041,3.0,3.0,3.0,3.0,0.0,0.0,0.0,0.0,999.0,0.0,1,1,3.0,3.0,3.0,0.0,0.0,4.0,6.0,0.462,0.0,0.0,0.103,0.0,0.0,2.969,14.0,13.0,0.217,0.103,3.447,0,16.0,0.0,synthetic_generator,demo_gen_seed42,SYNTHETIC,true,false,42,generator-synthetic-v1.0.0,synthetic-v1.0.0,2026-02-28
SYN_T0054,1,C1,DEP_04,UP_06,2026-02,2026-02-28,3.51,2.0,4.0,0.0,4.0,4.0,5.0,5.0,0.0,1.0,0.0,0.333,28.0,0.176,1,0,4.5,4.0,5.0,2.0,0.0,3.0,5.0,0.385,3.0,0.0,0.468,0.0,0.0,2.515,14.0,0.92,0.565,0.468,2.84,3,1.0,0.0,synthetic_generator,demo_gen_seed42,SYNTHETIC,true,false,42,generator-synthetic-v1.0.0,synthetic-v1.0.0,2026-02-28
SYN_T0055,2,C2,DEP_05,UP_07,2026-02,2026-02-28,2.04,3.0,5.0,2.236,3.0,3.0,3.0,3.0,0.0,0.0,0.0,0.0,120.0,0.176,1,1,3.0,3.0,3.0,0.0,0.0,4.0,8.0,0.615,3.0,0.0,0.489,14.0,10.0,2.401,14.0,3.942,0.55,0.489,2.445,3,15.0,14.0,synthetic_generator,demo_gen_seed42,SYNTHETIC,true,false,42,generator-synthetic-v1.0.0,synthetic-v1.0.0,2026-02-28
SYN_T0056,5,C5,DEP_01,UP_08,2026-02,2026-02-28,1.93,3.0,5.0,3.186,1.0,1.0,2.0,2.0,0.0,1.0,0.0,0.333,0.0,0.118,0,0,1.5,1.0,2.0,0.0,2.0,3.0,8.0,0.615,2.0,2.0,0.725,14.0,9.0,2.398,14.0,0.0,0.587,0.725,1.904,2,1.0,14.0,synthetic_generator,demo_gen_seed42,SYNTHETIC,true,false,42,generator-synthetic-v1.0.0,synthetic-v1.0.0,2026-02-28
SYN_T0057,11,C11,DEP_02,UP_09,2026-02,2026-02-28,2.29,3.0,5.0,1.938,3.0,3.0,3.0,3.0,0.0,0.0,0.0,0.0,273.0,0.176,0,1,3.0,3.0,3.0,0.0,0.0,5.0,6.0,0.462,3.0,0.0,0.597,14.0,11.0,2.656,14.0,8.968,0.634,0.597,3.284,3,11.0,14.0,synthetic_generator,demo_gen_seed42,SYNTHETIC,true,false,42,generator-synthetic-v1.0.0,synthetic-v1.0.0,2026-02-28
SYN_T0057,13,C13,DEP_02,UP_09,2026-02,2026-02-28,3.34,2.0,4.0,0.0,5.0,5.0,5.0,5.0,0.0,0.0,0.0,0.0,0.0,0.235,0,1,5.0,5.0,5.0,4.0,0.0,3.0,6.0,0.462,4.0,0.0,0.765,0.0,0.0,2.656,14.0,0.0,0.799,0.765,3.284,4,10.0,0.0,synthetic_generator,demo_gen_seed42,SYNTHETIC,true,false,42,generator-synthetic-v1.0.0,synthetic-v1.0.0,2026-02-28
SYN_T0058,2,C2,DEP_03,UP_10,2026-02,2026-02-28,3.65,3.0,5.0,0.133,5.0,5.0,5.0,5.0,0.0,0.0,0.0,0.0,120.0,0.118,1,1,5.0,5.0,5.0,4.0,0.0,4.0,7.0,0.538,2.0,0.0,0.483,9.0,5.0,3.564,14.0,3.942,0.593,0.483,3.507,2,4.0,9.0,synthetic_generator,demo_gen_seed42,SYNTHETIC,true,false,42,generator-synthetic-v1.0.0,synthetic-v1.0.0,2026-02-28
SYN_T0058,11,C11,DEP_03,UP_10,2026-02,2026-02-28,4.0,3.0,5.0,0.86,5.0,5.0,5.0,5.0,0.0,0.0,0.0,0.0,181.0,0.176,1,1,5.0,5.0,5.0,4.0,0.0,5.0,7.0,0.538,3.0,0.0,0.432,8.0,4.0,3.564,14.0,5.946,0.622,0.432,3.507,3,5.0,8.0,synthetic_generator,demo_gen_seed42,SYNTHETIC,true,false,42,generator-synthetic-v1.0.0,synthetic-v1.0.0,2026-02-28
SYN_T0062,10,C10,DEP_02,UP_02,2026-02,2026-02-28,1.83,2.0,4.0,1.133,3.0,3.0,3.0,3.0,0.0,0.0,0.0,0.0,90.0,0.235,0,1,3.0,3.0,3.0,0.0,0.0,4.0,6.0,0.462,4.0,0.0,0.516,11.0,7.0,2.487,14.0,2.957,0.626,0.516,2.591,4,3.0,11.0,synthetic_generator,demo_gen_seed42,SYNTHETIC,true,false,42,generator-synthetic-v1.0.0,synthetic-v1.0.0,2026-02-28
SYN_T0064,1,C1,DEP_04,UP_04,2026-02,2026-02-28,2.86,2.0,4.0,2.209,3.0,3.0,3.0,3.0,0.0,0.0,0.0,0.0,120.0,0.176,1,1,3.0,3.0,3.0,0.0,0.0,3.0,8.0,0.615,3.0,0.0,0.374,14.0,9.0,2.863,14.0,3.942,0.594,0.374,3.433,3,7.0,14.0,synthetic_generator,demo_gen_seed42,SYNTHETIC,true,false,42,generator-synthetic-v1.0.0,synthetic-v1.0.0,2026-02-28
SYN_T0065,10,C10,DEP_05,UP_05,2026-02,2026-02-28,3.14,2.0,4.0,1.052,2.0,3.0,4.0,3.0,1.0,1.0,-1.0,0.333,28.0,0.235,0,0,3.0,2.0,4.0,0.0,0.0,4.0,10.0,0.769,4.0,0.0,0.723,13.0,7.0,3.012,14.0,0.92,0.899,0.723,2.802,4,0.0,13.0,synthetic_generator,demo_gen_seed42,SYNTHETIC,true,false,42,generator-synthetic-v1.0.0,synthetic-v1.0.0,2026-02-28
SYN_T0067,5,C5,DEP_02,UP_07,2026-02,2026-02-28,3.1,3.0,5.0,2.814,2.0,2.0,2.0,3.0,0.0,0.0,1.0,0.333,0.0,0.118,0,0,2.25,2.0,3.0,0.0,0.0,3.0,8.0,0.615,2.0,0.0,0.657,14.0,7.0,2.468,14.0,0.0,0.629,0.657,2.442,2,0.0,14.0,synthetic_generator,demo_gen_seed42,SYNTHETIC,true,false,42,generator-synthetic-v1.0.0,synthetic-v1.0.0,2026-02-28
SYN_T0067,13,C13,DEP_02,UP_07,2026-02,2026-02-28,4.39,2.0,4.0,0.0,5.0,5.0,5.0,5.0,0.0,0.0,0.0,0.0,59.0,0.118,0,1,5.0,5.0,5.0,4.0,0.0,3.0,8.0,0.615,2.0,1.0,0.643,0.0,0.0,2.468,14.0,1.938,0.667,0.643,2.442,2,5.0,0.0,synthetic_generator,demo_gen_seed42,SYNTHETIC,true,false,42,generator-synthetic-v1.0.0,synthetic-v1.0.0,2026-02-28
SYN_T0068,8,C8,DEP_03,UP_08,2026-02,2026-02-28,1.46,3.0,5.0,3.984,1.0,1.0,1.0,1.0,0.0,0.0,0.0,0.0,212.0,0.059,1,1,1.0,1.0,1.0,0.0,4.0,2.0,7.0,0.538,1.0,0.0,0.211,14.0,5.0,2.531,14.0,6.965,0.335,0.211,2.409,1,4.0,14.0,synthetic_generator,demo_gen_seed42,SYNTHETIC,true,false,42,generator-synthetic-v1.0.0,synthetic-v1.0.0,2026-02-28
SYN_T0076,7,C7,DEP_01,UP_04,2026-02,2026-02-28,3.7,2.0,4.0,0.0,4.0,5.0,5.0,5.0,1.0,0.0,0.0,0.333,59.0,0.353,0,0,4.75,4.0,5.0,3.0,0.0,5.0,8.0,0.615,6.0,0.0,0.893,4.0,3.0,3.104,14.0,1.938,0.88,0.893,3.408,6,2.0,4.0,synthetic_generator,demo_gen_seed42,SYNTHETIC,true,false,42,generator-synthetic-v1.0.0,synthetic-v1.0.0,2026-02-28
SYN_T0077,12,C12,DEP_02,UP_05,2026-02,2026-02-28,2.7,1.0,3.0,0.0,4.0,4.0,4.0,4.0,0.0,0.0,0.0,0.0,120.0,0.235,0,1,4.0,4.0,4.0,0.0,0.0,2.0,7.0,0.538,4.0,0.0,0.759,0.0,0.0,2.478,14.0,3.942,0.838,0.759,2.839,4,4.0,0.0,synthetic_generator,demo_gen_seed42,SYNTHETIC,true,false,42,generator-synthetic-v1.0.0,synthetic-v1.0.0,2026-02-28
SYN_T0079,12,C12,DEP_04,UP_07,2026-02,2026-02-28,3.29,1.0,3.0,0.0,4.0,4.0,4.0,4.0,0.0,0.0,0.0,0.0,0.0,0.176,0,1,4.0,4.0,4.0,0.0,0.0,2.0,5.0,0.385,3.0,1.0,0.863,0.0,0.0,3.203,14.0,0.0,0.798,0.863,3.238,3,9.0,0.0,synthetic_generator,demo_gen_seed42,SYNTHETIC,true,false,42,generator-synthetic-v1.0.0,synthetic-v1.0.0,2026-02-28
SYN_T0081,1,C1,DEP_01,UP_09,2026-02,2026-02-28,3.17,2.0,4.0,0.0,5.0,5.0,5.0,5.0,0.0,0.0,0.0,0.0,28.0,0.235,0,1,5.0,5.0,5.0,4.0,0.0,3.0,9.0,0.692,4.0,0.0,0.95,0.0,0.0,2.963,14.0,0.92,0.88,0.95,3.678,4,6.0,0.0,synthetic_generator,demo_gen_seed42,SYNTHETIC,true,false,42,generator-synthetic-v1.0.0,synthetic-v1.0.0,2026-02-28
SYN_T0091,10,C10,DEP_01,UP_07,2026-02,2026-02-28,2.51,2.0,4.0,0.0,4.0,4.0,4.0,4.0,0.0,0.0,0.0,0.0,151.0,0.118,1,1,4.0,4.0,4.0,0.0,0.0,4.0,6.0,0.462,2.0,0.0,0.439,6.0,2.0,3.076,14.0,4.961,0.473,0.439,3.347,2,5.0,6.0,synthetic_generator,demo_gen_seed42,SYNTHETIC,true,false,42,generator-synthetic-v1.0.0,synthetic-v1.0.0,2026-02-28
SYN_T0092,10,C10,DEP_02,UP_08,2026-02,2026-02-28,3.36,2.0,4.0,0.0,5.0,5.0,5.0,5.0,0.0,0.0,0.0,0.0,59.0,0.294,1,1,5.0,5.0,5.0,4.0,0.0,4.0,8.0,0.615,5.0,2.0,0.445,0.0,0.0,2.742,14.0,1.938,0.54,0.445,3.337,5,14.0,0.0,synthetic_generator,demo_gen_seed42,SYNTHETIC,true,false,42,generator-synthetic-v1.0.0,synthetic-v1.0.0,2026-02-28
SYN_T0093,4,C4,DEP_03,UP_09,2026-02,2026-02-28,2.94,2.0,4.0,0.135,4.0,4.0,4.0,4.0,0.0,0.0,0.0,0.0,181.0,0.118,1,1,4.0,4.0,4.0,0.0,0.0,2.0,6.0,0.462,2.0,1.0,0.392,0.0,0.0,2.768,14.0,5.946,0.351,0.392,3.035,2,16.0,0.0,synthetic_generator,demo_gen_seed42,SYNTHETIC,true,false,42,generator-synthetic-v1.0.0,synthetic-v1.0.0,2026-02-28
SYN_T0095,2,C2,DEP_05,UP_11,2026-02,2026-02-28,2.45,3.0,5.0,2.058,3.0,3.0,3.0,3.0,0.0,0.0,0.0,0.0,181.0,0.176,0,1,3.0,3.0,3.0,0.0,0.0,4.0,6.0,0.462,3.0,0.0,0.643,14.0,8.0,1.962,14.0,5.946,0.624,0.643,2.336,3,11.0,14.0,synthetic_generator,demo_gen_seed42,SYNTHETIC,true,false,42,generator-synthetic-v1.0.0,synthetic-v1.0.0,2026-02-28
SYN_T0004,1,C1,DEP_04,UP_04,2026-03,2026-03-31,2.93,2.0,4.0,1.067,3.0,3.0,3.0,3.0,0.0,0.0,0.0,0.0,59.0,0.111,1,1,3.0,3.0,3.0,0.0,0.0,3.0,7.0,0.538,2.0,0.0,0.417,15.0,6.0,3.076,15.0,1.938,0.501,0.417,3.559,2,4.0,15.0,synthetic_generator,demo_gen_seed42,SYNTHETIC,true,false,42,generator-synthetic-v1.0.0,synthetic-v1.0.0,2026-03-31
SYN_T0005,13,C13,DEP_05,UP_05,2026-03,2026-03-31,2.77,2.0,4.0,0.0,4.0,4.0,4.0,4.0,0.0,0.0,0.0,0.0,0.0,0.167,1,1,4.0,4.0,4.0,0.0,0.0,3.0,8.0,0.615,3.0,0.0,0.329,0.0,0.0,1.496,15.0,0.0,0.426,-0.05,2.436,3,17.0,0.0,synthetic_generator,demo_gen_seed42,SYNTHETIC,true,false,42,generator-synthetic-v1.0.0,synthetic-v1.0.0,2026-03-31
SYN_T0008,13,C13,DEP_03,UP_08,2026-03,2026-03-31,2.76,2.0,4.0,1.136,3.0,3.0,3.0,3.0,0.0,0.0,0.0,0.0,59.0,0.167,1,1,3.0,3.0,3.0,0.0,0.0,3.0,8.0,0.615,3.0,0.0,0.452,15.0,9.0,2.554,15.0,1.938,0.572,0.452,2.685,3,9.0,15.0,synthetic_generator,demo_gen_seed42,SYNTHETIC,true,false,42,generator-synthetic-v1.0.0,synthetic-v1.0.0,2026-03-31
SYN_T0014,7,C7,DEP_04,UP_02,2026-03,2026-03-31,2.37,2.0,4.0,0.547,3.0,3.0,3.0,3.0,0.0,0.0,0.0,0.0,999.0,0.0,1,1,3.0,3.0,3.0,0.0,0.0,5.0,8.0,0.615,0.0,0.0,0.291,15.0,8.0,3.227,15.0,13.0,0.211,0.291,3.153,0,17.0,15.0,synthetic_generator,demo_gen_seed42,SYNTHETIC,true,false,42,generator-synthetic-v1.0.0,synthetic-v1.0.0,2026-03-31
SYN_T0014,9,C9,DEP_04,UP_02,2026-03,2026-03-31,2.33,1.0,3.0,0.081,2.0,3.0,3.0,3.0,1.0,0.0,0.0,0.333,59.0,0.167,1,0,2.75,2.0,3.0,0.0,0.0,3.0,8.0,0.615,3.0,1.0,0.262,12.0,7.0,3.227,15.0,1.938,0.558,0.262,3.153,3,2.0,12.0,synthetic_generator,demo_gen_seed42,SYNTHETIC,true,false,42,generator-synthetic-v1.0.0,synthetic-v1.0.0,2026-03-31
SYN_T0015,7,C7,DEP_05,UP_03,2026-03,2026-03-31,4.38,2.0,4.0,0.0,4.0,4.0,5.0,5.0,0.0,1.0,0.0,0.333,31.0,0.222,0,0,4.5,4.0,5.0,2.0,0.0,5.0,8.0,0.615,4.0,0.0,0.72,7.0,4.0,2.953,15.0,1.018,0.911,0.72,3.582,4,1.0,7.0,synthetic_generator,demo_gen_seed42,SYNTHETIC,true,false,42,generator-synthetic-v1.0.0,synthetic-v1.0.0,2026-03-31
SYN_T0016,6,C6,DEP_01,UP_04,2026-03,2026-03-31,4.01,1.0,3.0,0.0,5.0,5.0,5.0,5.0,0.0,0.0,0.0,0.0,31.0,0.167,1,1,5.0,5.0,5.0,4.0,0.0,4.0,7.0,0.538,3.0,0.0,0.081,0.0,0.0,2.243,15.0,1.018,0.488,0.081,2.524,3,12.0,0.0,synthetic_generator,demo_gen_seed42,SYNTHETIC,true,false,42,generator-synthetic-v1.0.0,synthetic-v1.0.0,2026-03-31
SYN_T0016,9,C9,DEP_01,UP_04,2026-03,2026-03-31,3.18,1.0,3.0,0.0,4.0,4.0,4.0,4.0,0.0,0.0,0.0,0.0,31.0,0.167,1,1,4.0,4.0,4.0,0.0,0.0,3.0,7.0,0.538,3.0,1.0,0.073,0.0,0.0,2.243,15.0,1.018,0.415,0.073,2.524,3,5.0,0.0,synthetic_generator,demo_gen_seed42,SYNTHETIC,true,false,42,generator-synthetic-v1.0.0,synthetic-v1.0.0,2026-03-31
SYN_T0017,1,C1,DEP_02,UP_05,2026-03,2026-03-31,3.66,2.0,4.0,0.0,4.0,4.0,5.0,5.0,0.0,1.0,0.0,0.333,31.0,0.111,0,0,4.5,4.0,5.0,2.0,0.0,3.0,5.0,0.385,2.0,1.0,0.604,0.0,0.0,3.003,15.0,1.018,0.822,0.604,3.624,2,1.0,0.0,synthetic_generator,demo_gen_seed42,SYNTHETIC,true,false,42,generator-synthetic-v1.0.0,synthetic-v1.0.0,2026-03-31
SYN_T0018,2,C2,DEP_03,UP_06,2026-03,2026-03-31,2.03,3.0,5.0,2.155,2.0,2.0,2.0,2.0,0.0,0.0,0.0,0.0,0.0,0.056,0,1,2.0,2.0,2.0,0.0,0.0,4.0,6.0,0.462,1.0,0.0,0.712,15.0,6.0,2.185,15.0,0.0,0.489,0.712,2.008,1,15.0,15.0,synthetic_generator,demo_gen_seed42,SYNTHETIC,true,false,42,generator-synthetic-v1.0.0,synthetic-v1.0.0,2026-03-31
SYN_T0018,8,C8,DEP_03,UP_06,2026-03,2026-03-31,1.23,3.0,5.0,3.762,1.0,1.0,1.0,1.0,0.0,0.0,0.0,0.0,0.0,0.222,0,1,1.0,1.0,1.0,0.0,4.0,2.0,6.0,0.462,4.0,0.0,0.633,15.0,7.0,2.185,15.0,0.0,0.7,0.633,2.008,4,4.0,15.0,synthetic_generator,demo_gen_seed42,SYNTHETIC,true,false,42,generator-synthetic-v1.0.0,synthetic-v1.0.0,2026-03-31
SYN_T0023,5,C5,DEP_03,UP_11,2026-03,2026-03-31,2.25,3.0,5.0,1.841,2.0,2.0,2.0,3.0,0.0,0.0,1.0,0.333,0.0,0.111,1,0,2.25,2.0,3.0,0.0,0.0,3.0,7.0,0.538,2.0,1.0,0.148,15.0,9.0,3.389,15.0,0.0,0.564,0.148,3.776,2,0.0,15.0,synthetic_generator,demo_gen_seed42,SYNTHETIC,true,false,42,generator-synthetic-v1.0.0,synthetic-v1.0.0,2026-03-31
SYN_T0023,6,C6,DEP_03,UP_11,2026-03,2026-03-31,1.02,1.0,3.0,0.846,2.0,2.0,2.0,2.0,0.0,0.0,0.0,0.0,182.0,0.056,1,1,2.0,2.0,2.0,0.0,0.0,4.0,7.0,0.538,1.0,1.0,0.149,15.0,9.0,3.389,15.0,5.979,0.193,0.149,3.776,1,17.0,15.0,synthetic_generator,demo_gen_seed42,SYNTHETIC,true,false,42,generator-synthetic-v1.0.0,synthetic-v1.0.0,2026-03-31
SYN_T0023,10,C10,DEP_03,UP_11,2026-03,2026-03-31,1.36,2.0,4.0,2.075,2.0,2.0,2.0,1.0,0.0,0.0,-1.0,-0.333,243.0,0.167,1,0,1.75,1.0,2.0,0.0,1.0,4.0,7.0,0.538,3.0,1.0,0.243,15.0,13.0,3.389,15.0,7.983,0.765,0.243,3.776,3,0.0,15.0,synthetic_generator,demo_gen_seed42,SYNTHETIC,true,false,42,generator-synthetic-v1.0.0,synthetic-v1.0.0,2026-03-31
SYN_T0028,1,C1,DEP_03,UP_04,2026-03,2026-03-31,2.33,2.0,4.0,1.129,3.0,3.0,3.0,3.0,0.0,0.0,0.0,0.0,243.0,0.111,1,1,3.0,3.0,3.0,0.0,0.0,3.0,7.0,0.538,2.0,1.0,0.199,15.0,8.0,2.856,15.0,7.983,0.46,0.199,3.139,2,17.0,15.0,synthetic_generator,demo_gen_seed42,SYNTHETIC,true,false,42,generator-synthetic-v1.0.0,synthetic-v1.0.0,2026-03-31
SYN_T0028,7,C7,DEP_03,UP_04,2026-03,2026-03-31,2.28,2.0,4.0,0.0,3.0,3.0,3.0,3.0,0.0,0.0,0.0,0.0,0.0,0.056,1,1,3.0,3.0,3.0,0.0,0.0,5.0,7.0,0.538,1.0,0.0,0.251,14.0,6.0,2.856,15.0,0.0,0.244,0.251,3.139,1,13.0,14.0,synthetic_generator,demo_gen_seed42,SYNTHETIC,true,false,42,generator-synthetic-v1.0.0,synthetic-v1.0.0,2026-03-31
SYN_T0032,3,C3,DEP_02,UP_08,2026-03,2026-03-31,1.98,1.0,3.0,0.0,3.0,3.0,3.0,3.0,0.0,0.0,0.0,0.0,90.0,0.056,0,1,3.0,3.0,3.0,0.0,0.0,5.0,7.0,0.538,1.0,0.0,0.672,0.0,0.0,2.378,15.0,2.957,0.467,0.672,2.524,1,17.0,0.0,synthetic_generator,demo_gen_seed42,SYNTHETIC,true,false,42,generator-synthetic-v1.0.0,synthetic-v1.0.0,2026-03-31
SYN_T0032,8,C8,DEP_02,UP_08,2026-03,2026-03-31,0.95,3.0,5.0,3.958,2.0,2.0,2.0,1.0,0.0,0.0,-1.0,-0.333,396.0,0.056,0,0,1.75,1.0,2.0,0.0,1.0,2.0,7.0,0.538,1.0,0.0,0.518,15.0,9.0,2.378,15.0,13.0,0.514,0.518,,1,0.0,15.0,synthetic_generator,demo_gen_seed42,SYNTHETIC,true,false,42,generator-synthetic-v1.0.0,synthetic-v1.0.0,2026-03-31
SYN_T0037,3,C3,DEP_02,UP_01,2026-03,2026-03-31,4.63,1.0,3.0,0.0,5.0,5.0,5.0,5.0,0.0,0.0,0.0,0.0,0.0,0.333,0,1,5.0,5.0,5.0,4.0,0.0,5.0,8.0,0.615,6.0,2.0,0.692,1.0,1.0,2.566,15.0,0.0,0.63,0.692,2.473,6,5.0,1.0,synthetic_generator,demo_gen_seed42,SYNTHETIC,true,false,42,generator-synthetic-v1.0.0,synthetic-v1.0.0,2026-03-31
SYN_T0038,8,C8,DEP_03,UP_02,2026-03,2026-03-31,2.38,3.0,5.0,1.252,4.0,4.0,4.0,4.0,0.0,0.0,0.0,0.0,90.0,0.222,0,1,4.0,4.0,4.0,0.0,0.0,2.0,7.0,0.538,4.0,0.0,0.85,15.0,9.0,2.178,15.0,2.957,0.793,0.85,1.663,4,6.0,15.0,synthetic_generator,demo_gen_seed42,SYNTHETIC,true,false,42,generator-synthetic-v1.0.0,synthetic-v1.0.0,2026-03-31
SYN_T0040,3,C3,DEP_05,UP_04,2026-03,2026-03-31,3.53,1.0,3.0,0.0,4.0,5.0,5.0,5.0,1.0,0.0,0.0,0.333,31.0,0.278,0,0,4.75,4.0,5.0,3.0,0.0,5.0,8.0,0.615,5.0,0.0,0.837,0.0,0.0,3.155,15.0,1.018,0.876,0.837,3.382,5,2.0,0.0,synthetic_generator,demo_gen_seed42,SYNTHETIC,true,false,42,generator-synthetic-v1.0.0,synthetic-v1.0.0,2026-03-31
SYN_T0044,5,C5,DEP_04,UP_08,2026-03,2026-03-31,2.62,3.0,5.0,0.842,3.0,3.0,3.0,3.0,0.0,0.0,0.0,0.0,121.0,0.167,0,1,3.0,3.0,3.0,0.0,0.0,3.0,10.0,0.769,3.0,2.0,0.828,15.0,8.0,2.893,15.0,3.975,0.87,0.828,3.656,3,4.0,15.0,synthetic_generator,demo_gen_seed42,SYNTHETIC,true,false,42,generator-synthetic-v1.0.0,synthetic-v1.0.0,2026-03-31
SYN_T0053,6,C6,DEP_03,UP_05,2026-03,2026-03-31,1.97,1.0,3.0,0.742,2.0,2.0,3.0,3.0,0.0,1.0,0.0,0.333,31.0,0.111,0,0,2.5,2.0,3.0,0.0,0.0,4.0,9.0,0.692,2.0,0.0,0.774,9.0,8.0,2.111,15.0,1.018,0.671,0.774,1.888,2,1.0,9.0,synthetic_generator,demo_gen_seed42,SYNTHETIC,true,false,42,generator-synthetic-v1.0.0,synthetic-v1.0.0,2026-03-31
SYN_T0056,9,C9,DEP_01,UP_08,2026-03,2026-03-31,0.66,1.0,3.0,2.176,1.0,1.0,1.0,1.0,0.0,0.0,0.0,0.0,424.0,0.056,0,1,1.0,1.0,1.0,0.0,4.0,3.0,8.0,0.615,1.0,0.0,0.659,15.0,10.0,2.407,15.0,13.0,0.436,0.659,2.532,1,5.0,15.0,synthetic_generator,demo_gen_seed42,SYNTHETIC,true,false,42,generator-synthetic-v1.0.0,synthetic-v1.0.0,2026-03-31
SYN_T0057,11,C11,DEP_02,UP_09,2026-03,2026-03-31,2.9,3.0,5.0,2.179,3.0,3.0,3.0,3.0,0.0,0.0,0.0,0.0,304.0,0.167,0,1,3.0,3.0,3.0,0.0,0.0,5.0,6.0,0.462,3.0,0.0,0.543,15.0,12.0,2.653,15.0,9.987,0.413,0.543,2.616,3,12.0,15.0,synthetic_generator,demo_gen_seed42,SYNTHETIC,true,false,42,generator-synthetic-v1.0.0,synthetic-v1.0.0,2026-03-31
SYN_T0058,4,C4,DEP_03,UP_10,2026-03,2026-03-31,3.29,2.0,4.0,0.0,4.0,4.0,4.0,4.0,0.0,0.0,0.0,0.0,59.0,0.111,0,1,4.0,4.0,4.0,0.0,0.0,2.0,7.0,0.538,2.0,1.0,0.6,0.0,0.0,3.57,15.0,1.938,0.558,0.6,3.658,2,17.0,0.0,synthetic_generator,demo_gen_seed42,SYNTHETIC,true,false,42,generator-synthetic-v1.0.0,synthetic-v1.0.0,2026-03-31
SYN_T0058,8,C8,DEP_03,UP_10,2026-03,2026-03-31,3.25,3.0,5.0,1.162,3.0,4.0,4.0,4.0,1.0,0.0,0.0,0.333,59.0,0.167,0,0,3.75,3.0,4.0,0.0,0.0,2.0,7.0,0.538,3.0,0.0,0.612,15.0,12.0,3.57,15.0,1.938,0.849,0.612,3.658,3,2.0,15.0,synthetic_generator,demo_gen_seed42,SYNTHETIC,true,false,42,generator-synthetic-v1.0.0,synthetic-v1.0.0,2026-03-31
SYN_T0065,1,C1,DEP_05,UP_05,2026-03,2026-03-31,2.78,2.0,4.0,1.199,3.0,3.0,3.0,3.0,0.0,0.0,0.0,0.0,182.0,0.167,0,1,3.0,3.0,3.0,0.0,0.0,3.0,10.0,0.769,3.0,1.0,0.572,13.0,9.0,3.066,15.0,5.979,0.652,0.572,3.821,3,5.0,13.0,synthetic_generator,demo_gen_seed42,SYNTHETIC,true,false,42,generator-synthetic-v1.0.0,synthetic-v1.0.0,2026-03-31
SYN_T0068,9,C9,DEP_03,UP_08,2026-03,2026-03-31,1.54,1.0,3.0,1.148,2.0,2.0,2.0,2.0,0.0,0.0,0.0,0.0,182.0,0.056,1,1,2.0,2.0,2.0,0.0,0.0,3.0,7.0,0.538,1.0,0.0,0.175,15.0,10.0,2.552,15.0,5.979,0.294,0.175,2.846,1,17.0,15.0,synthetic_generator,demo_gen_seed42,SYNTHETIC,true,false,42,generator-synthetic-v1.0.0,synthetic-v1.0.0,2026-03-31
SYN_T0069,10,C10,DEP_04,UP_09,2026-03,2026-03-31,3.59,2.0,4.0,0.0,5.0,5.0,5.0,5.0,0.0,0.0,0.0,0.0,59.0,0.222,1,1,5.0,5.0,5.0,4.0,0.0,4.0,7.0,0.538,4.0,0.0,0.21,3.0,2.0,3.2,15.0,1.938,0.471,0.21,2.905,4,4.0,3.0,synthetic_generator,demo_gen_seed42,SYNTHETIC,true,false,42,generator-synthetic-v1.0.0,synthetic-v1.0.0,2026-03-31
SYN_T0070,6,C6,DEP_05,UP_10,2026-03,2026-03-31,2.85,1.0,3.0,0.0,3.0,3.0,3.0,3.0,0.0,0.0,0.0,0.0,151.0,0.056,0,1,3.0,3.0,3.0,0.0,0.0,4.0,6.0,0.462,1.0,1.0,0.659,9.0,6.0,2.774,15.0,4.961,0.596,0.659,3.098,1,5.0,9.0,synthetic_generator,demo_gen_seed42,SYNTHETIC,true,false,42,generator-synthetic-v1.0.0,synthetic-v1.0.0,2026-03-31
SYN_T0070,10,C10,DEP_05,UP_10,2026-03,2026-03-31,4.11,2.0,4.0,0.0,4.0,4.0,4.0,4.0,0.0,0.0,0.0,0.0,31.0,0.111,0,1,4.0,4.0,4.0,0.0,0.0,4.0,6.0,0.462,2.0,1.0,0.613,0.0,0.0,2.774,15.0,1.018,0.556,0.613,3.098,2,17.0,0.0,synthetic_generator,demo_gen_seed42,SYNTHETIC,true,false,42,generator-synthetic-v1.0.0,synthetic-v1.0.0,2026-03-31
SYN_T0074,6,C6,DEP_04,UP_02,2026-03,2026-03-31,3.19,1.0,3.0,0.0,4.0,4.0,4.0,4.0,0.0,0.0,0.0,0.0,121.0,0.167,0,1,4.0,4.0,4.0,0.0,0.0,4.0,9.0,0.692,3.0,0.0,0.695,0.0,0.0,2.998,15.0,3.975,0.647,0.695,2.644,3,14.0,0.0,synthetic_generator,demo_gen_seed42,SYNTHETIC,true,false,42,generator-synthetic-v1.0.0,synthetic-v1.0.0,2026-03-31
SYN_T0074,11,C11,DEP_04,UP_02,2026-03,2026-03-31,3.31,3.0,5.0,1.229,3.0,3.0,3.0,3.0,0.0,0.0,0.0,0.0,0.0,0.167,0,1,3.0,3.0,3.0,0.0,0.0,5.0,9.0,0.692,3.0,1.0,0.677,15.0,8.0,2.998,15.0,0.0,0.616,0.677,2.644,3,17.0,15.0,synthetic_generator,demo_gen_seed42,SYNTHETIC,true,false,42,generator-synthetic-v1.0.0,synthetic-v1.0.0,2026-03-31
SYN_T0075,6,C6,DEP_05,UP_03,2026-03,2026-03-31,3.3,1.0,3.0,0.0,4.0,4.0,4.0,4.0,0.0,0.0,0.0,0.0,121.0,0.111,0,1,4.0,4.0,4.0,0.0,0.0,4.0,6.0,0.462,2.0,1.0,0.685,0.0,0.0,2.735,15.0,3.975,0.739,0.685,3.005,2,4.0,0.0,synthetic_generator,demo_gen_seed42,SYNTHETIC,true,false,42,generator-synthetic-v1.0.0,synthetic-v1.0.0,2026-03-31
SYN_T0075,12,C12,DEP_05,UP_03,2026-03,2026-03-31,3.64,1.0,3.0,0.0,5.0,5.0,5.0,5.0,0.0,0.0,0.0,0.0,151.0,0.111,0,1,5.0,5.0,5.0,4.0,0.0,2.0,6.0,0.462,2.0,0.0,0.556,0.0,0.0,2.735,15.0,4.961,0.647,0.556,3.005,2,5.0,0.0,synthetic_generator,demo_gen_seed42,SYNTHETIC,true,false,42,generator-synthetic-v1.0.0,synthetic-v1.0.0,2026-03-31
SYN_T0078,5,C5,DEP_03,UP_06,2026-03,2026-03-31,2.25,3.0,5.0,1.929,3.0,3.0,3.0,3.0,0.0,0.0,0.0,0.0,212.0,0.167,1,1,3.0,3.0,3.0,0.0,0.0,3.0,8.0,0.615,3.0,0.0,0.38,15.0,6.0,2.741,15.0,6.965,0.641,0.38,2.504,3,8.0,15.0,synthetic_generator,demo_gen_seed42,SYNTHETIC,true,false,42,generator-synthetic-v1.0.0,synthetic-v1.0.0,2026-03-31
SYN_T0079,4,C4,DEP_04,UP_07,2026-03,2026-03-31,1.46,2.0,4.0,1.22,2.0,3.0,2.0,2.0,1.0,-1.0,0.0,0.0,59.0,0.167,0,0,2.25,2.0,3.0,0.0,0.0,2.0,5.0,0.385,3.0,1.0,0.834,15.0,10.0,3.192,15.0,1.938,0.914,0.834,,3,1.0,15.0,synthetic_generator,demo_gen_seed42,SYNTHETIC,true,false,42,generator-synthetic-v1.0.0,synthetic-v1.0.0,2026-03-31
SYN_T0079,13,C13,DEP_04,UP_07,2026-03,2026-03-31,2.92,2.0,4.0,0.0,5.0,5.0,5.0,5.0,0.0,0.0,0.0,0.0,0.0,0.278,0,1,5.0,5.0,5.0,4.0,0.0,3.0,5.0,0.385,5.0,1.0,0.654,0.0,0.0,3.192,15.0,0.0,0.606,0.654,3.039,5,9.0,0.0,synthetic_generator,demo_gen_seed42,SYNTHETIC,true,false,42,generator-synthetic-v1.0.0,synthetic-v1.0.0,2026-03-31
SYN_T0083,3,C3,DEP_03,UP_11,2026-03,2026-03-31,2.98,1.0,3.0,0.033,3.0,3.0,3.0,3.0,0.0,0.0,0.0,0.0,274.0,0.167,0,1,3.0,3.0,3.0,0.0,0.0,5.0,7.0,0.538,3.0,1.0,0.632,1.0,1.0,2.575,15.0,9.001,0.689,0.632,2.493,3,7.0,1.0,synthetic_generator,demo_gen_seed42,SYNTHETIC,true,false,42,generator-synthetic-v1.0.0,synthetic-v1.0.0,2026-03-31
SYN_T0086,4,C4,DEP_01,UP_02,2026-03,2026-03-31,2.95,2.0,4.0,0.0,3.0,3.0,4.0,4.0,0.0,1.0,0.0,0.333,31.0,0.222,0,0,3.5,3.0,4.0,0.0,0.0,2.0,8.0,0.615,4.0,0.0,0.781,13.0,6.0,2.821,15.0,1.018,0.824,0.781,2.885,4,1.0,13.0,synthetic_generator,demo_gen_seed42,SYNTHETIC,true,false,42,generator-synthetic-v1.0.0,synthetic-v1.0.0,2026-03-31
SYN_T0087,9,C9,DEP_02,UP_03,2026-03,2026-03-31,3.56,1.0,3.0,0.0,5.0,5.0,5.0,5.0,0.0,0.0,0.0,0.0,0.0,0.278,1,1,5.0,5.0,5.0,4.0,0.0,3.0,7.0,0.538,5.0,0.0,0.436,0.0,0.0,2.432,15.0,0.0,0.661,0.436,2.719,5,3.0,0.0,synthetic_generator,demo_gen_seed42,SYNTHETIC,true,false,42,generator-synthetic-v1.0.0,synthetic-v1.0.0,2026-03-31
SYN_T0089,11,C11,DEP_04,UP_05,2026-03,2026-03-31,2.01,3.0,5.0,2.116,3.0,3.0,3.0,3.0,0.0,0.0,0.0,0.0,90.0,0.056,1,1,3.0,3.0,3.0,0.0,0.0,5.0,8.0,0.615,1.0,0.0,0.48,15.0,8.0,2.907,15.0,2.957,0.347,0.48,2.977,1,17.0,15.0,synthetic_generator,demo_gen_seed42,SYNTHETIC,true,false,42,generator-synthetic-v1.0.0,synthetic-v1.0.0,2026-03-31
SYN_T0092,6,C6,DEP_02,UP_08,2026-03,2026-03-31,4.19,1.0,3.0,0.0,4.0,4.0,4.0,4.0,0.0,0.0,0.0,0.0,274.0,0.111,0,1,4.0,4.0,4.0,0.0,0.0,4.0,8.0,0.615,2.0,0.0,0.595,0.0,0.0,2.771,15.0,9.001,0.508,0.595,3.167,2,17.0,0.0,synthetic_generator,demo_gen_seed42,SYNTHETIC,true,false,42,generator-synthetic-v1.0.0,synthetic-v1.0.0,2026-03-31
SYN_T0094,13,C13,DEP_04,UP_10,2026-03,2026-03-31,2.77,2.0,4.0,1.053,3.0,3.0,3.0,3.0,0.0,0.0,0.0,0.0,212.0,0.167,1,1,3.0,3.0,3.0,0.0,0.0,3.0,7.0,0.538,3.0,0.0,0.46,15.0,14.0,2.671,15.0,6.965,0.65,0.46,2.929,3,9.0,15.0,synthetic_generator,demo_gen_seed42,SYNTHETIC,true,false,42,generator-synthetic-v1.0.0,synthetic-v1.0.0,2026-03-31
SYN_T0095,4,C4,DEP_05,UP_11,2026-03,2026-03-31,3.36,2.0,4.0,0.0,3.0,4.0,4.0,4.0,1.0,0.0,0.0,0.333,0.0,0.278,0,0,3.75,3.0,4.0,0.0,0.0,2.0,6.0,0.462,5.0,1.0,0.513,12.0,7.0,2.002,15.0,0.0,0.729,0.513,2.549,5,2.0,12.0,synthetic_generator,demo_gen_seed42,SYNTHETIC,true,false,42,generator-synthetic-v1.0.0,synthetic-v1.0.0,2026-03-31
SYN_T0095,6,C6,DEP_05,UP_11,2026-03,2026-03-31,4.25,1.0,3.0,0.0,5.0,5.0,5.0,5.0,0.0,0.0,0.0,0.0,59.0,0.278,0,1,5.0,5.0,5.0,4.0,0.0,4.0,6.0,0.462,5.0,0.0,0.623,0.0,0.0,2.002,15.0,1.938,0.62,0.623,2.549,5,6.0,0.0,synthetic_generator,demo_gen_seed42,SYNTHETIC,true,false,42,generator-synthetic-v1.0.0,synthetic-v1.0.0,2026-03-31
SYN_T0095,10,C10,DEP_05,UP_11,2026-03,2026-03-31,2.43,2.0,4.0,0.621,3.0,3.0,3.0,3.0,0.0,0.0,0.0,0.0,0.0,0.111,0,1,3.0,3.0,3.0,0.0,0.0,4.0,6.0,0.462,2.0,1.0,0.615,15.0,11.0,2.002,15.0,0.0,0.607,0.615,2.549,2,5.0,15.0,synthetic_generator,demo_gen_seed42,SYNTHETIC,true,false,42,generator-synthetic-v1.0.0,synthetic-v1.0.0,2026-03-31
SYN_T0096,9,C9,DEP_01,UP_12,2026-03,2026-03-31,3.63,1.0,3.0,0.0,5.0,5.0,5.0,5.0,0.0,0.0,0.0,0.0,151.0,0.278,0,1,5.0,5.0,5.0,4.0,0.0,3.0,6.0,0.462,5.0,0.0,0.584,0.0,0.0,1.96,15.0,4.961,0.62,0.584,1.889,5,12.0,0.0,synthetic_generator,demo_gen_seed42,SYNTHETIC,true,false,42,generator-synthetic-v1.0.0,synthetic-v1.0.0,2026-03-31
SYN_T0096,10,C10,DEP_01,UP_12,2026-03,2026-03-31,3.64,2.0,4.0,0.0,4.0,4.0,4.0,5.0,0.0,0.0,1.0,0.333,0.0,0.167,0,0,4.25,4.0,5.0,1.0,0.0,4.0,6.0,0.462,3.0,0.0,0.52,10.0,5.0,1.96,15.0,0.0,0.577,0.52,1.889,3,0.0,10.0,synthetic_generator,demo_gen_seed42,SYNTHETIC,true,false,42,generator-synthetic-v1.0.0,synthetic-v1.0.0,2026-03-31
SYN_T0098,10,C10,DEP_03,UP_02,2026-03,2026-03-31,1.48,2.0,4.0,1.825,2.0,2.0,2.0,2.0,0.0,0.0,0.0,0.0,31.0,0.111,0,1,2.0,2.0,2.0,0.0,0.0,4.0,7.0,0.538,2.0,1.0,0.562,15.0,10.0,2.278,15.0,1.018,0.6,0.562,2.921,2,7.0,15.0,synthetic_generator,demo_gen_seed42,SYNTHETIC,true,false,42,generator-synthetic-v1.0.0,synthetic-v1.0.0,2026-03-31
SYN_T0100,6,C6,DEP_05,UP_04,2026-03,2026-03-31,2.66,1.0,3.0,0.145,3.0,3.0,3.0,3.0,0.0,0.0,0.0,0.0,0.0,0.111,1,1,3.0,3.0,3.0,0.0,0.0,4.0,8.0,0.615,2.0,0.0,0.494,0.0,0.0,2.311,15.0,0.0,0.372,0.494,,2,17.0,0.0,synthetic_generator,demo_gen_seed42,SYNTHETIC,true,false,42,generator-synthetic-v1.0.0,synthetic-v1.0.0,2026-03-31
SYN_T0100,9,C9,DEP_05,UP_04,2026-03,2026-03-31,3.94,1.0,3.0,0.0,4.0,4.0,4.0,4.0,0.0,0.0,0.0,0.0,59.0,0.111,1,1,4.0,4.0,4.0,0.0,0.0,3.0,8.0,0.615,2.0,1.0,0.376,0.0,0.0,2.311,15.0,1.938,0.449,0.376,2.689,2,6.0,0.0,synthetic_generator,demo_gen_seed42,SYNTHETIC,true,false,42,generator-synthetic-v1.0.0,synthetic-v1.0.0,2026-03-31
SYN_T0004,9,C9,DEP_04,UP_04,2026-04,2026-04-30,1.68,1.0,3.0,1.195,2.0,2.0,2.0,2.0,0.0,0.0,0.0,0.0,999.0,0.0,1,1,2.0,2.0,2.0,0.0,0.0,3.0,7.0,0.538,0.0,0.0,0.346,16.0,10.0,3.092,16.0,13.0,0.318,0.346,3.321,0,12.0,16.0,synthetic_generator,demo_gen_seed42,SYNTHETIC,true,false,42,generator-synthetic-v1.0.0,synthetic-v1.0.0,2026-04-30
SYN_T0007,9,C9,DEP_02,UP_07,2026-04,2026-04-30,3.73,1.0,3.0,0.0,4.0,4.0,4.0,5.0,0.0,0.0,1.0,0.333,0.0,0.263,1,0,4.25,4.0,5.0,1.0,0.0,3.0,7.0,0.538,5.0,1.0,0.484,0.0,0.0,2.856,16.0,0.0,0.658,0.484,3.69,5,0.0,0.0,synthetic_generator,demo_gen_seed42,SYNTHETIC,true,false,42,generator-synthetic-v1.0.0,synthetic-v1.0.0,2026-04-30
SYN_T0009,9,C9,DEP_04,UP_09,2026-04,2026-04-30,3.44,1.0,3.0,0.0,4.0,4.0,4.0,4.0,0.0,0.0,0.0,0.0,426.0,0.105,0,1,4.0,4.0,4.0,0.0,0.0,3.0,7.0,0.538,2.0,0.0,0.923,0.0,0.0,2.678,16.0,13.0,0.842,0.923,2.542,2,14.0,0.0,synthetic_generator,demo_gen_seed42,SYNTHETIC,true,false,42,generator-synthetic-v1.0.0,synthetic-v1.0.0,2026-04-30
SYN_T0010,11,C11,DEP_05,UP_10,2026-04,2026-04-30,4.23,3.0,5.0,0.185,5.0,5.0,4.0,5.0,0.0,-1.0,1.0,0.0,181.0,0.053,1,0,4.75,4.0,5.0,3.0,0.0,5.0,7.0,0.538,1.0,2.0,0.446,10.0,8.0,2.176,16.0,5.946,0.463,0.446,2.807,1,0.0,10.0,synthetic_generator,demo_gen_seed42,SYNTHETIC,true,false,42,generator-synthetic-v1.0.0,synthetic-v1.0.0,2026-04-30
SYN_T0011,1,C1,DEP_01,UP_11,2026-04,2026-04-30,2.04,2.0,4.0,1.934,2.0,2.0,2.0,2.0,0.0,0.0,0.0,0.0,120.0,0.105,0,1,2.0,2.0,2.0,0.0,0.0,3.0,8.0,0.615,2.0,0.0,1.0,16.0,11.0,3.215,16.0,3.942,0.771,1.0,3.525,2,18.0,16.0,synthetic_generator,demo_gen_seed42,SYNTHETIC,true,false,42,generator-synthetic-v1.0.0,synthetic-v1.0.0,2026-04-30
SYN_T0013,11,C11,DEP_03,UP_01,2026-04,2026-04-30,3.41,3.0,5.0,1.282,4.0,4.0,4.0,4.0,0.0,0.0,0.0,0.0,89.0,0.105,0,1,4.0,4.0,4.0,0.0,0.0,5.0,7.0,0.538,2.0,0.0,0.869,16.0,12.0,2.737,16.0,2.924,0.798,0.869,2.811,2,3.0,16.0,synthetic_generator,demo_gen_seed42,SYNTHETIC,true,false,42,generator-synthetic-v1.0.0,synthetic-v1.0.0,2026-04-30
SYN_T0014,4,C4,DEP_04,UP_02,2026-04,2026-04-30,2.86,2.0,4.0,1.089,3.0,3.0,2.0,3.0,0.0,-1.0,1.0,0.0,0.0,0.211,1,0,2.75,2.0,3.0,0.0,0.0,2.0,8.0,0.615,4.0,0.0,0.137,16.0,7.0,3.227,16.0,0.0,0.548,0.137,3.234,4,0.0,16.0,synthetic_generator,demo_gen_seed42,SYNTHETIC,true,false,42,generator-synthetic-v1.0.0,synthetic-v1.0.0,2026-04-30
SYN_T0015,2,C2,DEP_05,UP_03,2026-04,2026-04-30,4.32,3.0,5.0,0.053,5.0,5.0,5.0,5.0,0.0,0.0,0.0,0.0,212.0,0.105,0,1,5.0,5.0,5.0,4.0,0.0,4.0,8.0,0.615,2.0,1.0,0.581,8.0,5.0,2.968,16.0,6.965,0.592,0.581,3.205,2,7.0,8.0,synthetic_generator,demo_gen_seed42,SYNTHETIC,true,false,42,generator-synthetic-v1.0.0,synthetic-v1.0.0,2026-04-30
SYN_T0018,10,C10,DEP_03,UP_06,2026-04,2026-04-30,2.71,2.0,4.0,1.183,3.0,3.0,3.0,3.0,0.0,0.0,0.0,0.0,999.0,0.0,0,1,3.0,3.0,3.0,0.0,0.0,4.0,6.0,0.462,0.0,0.0,0.641,16.0,11.0,2.211,16.0,13.0,0.438,0.641,2.6,0,18.0,16.0,synthetic_generator,demo_gen_seed42,SYNTHETIC,true,false,42,generator-synthetic-v1.0.0,synthetic-v1.0.0,2026-04-30
SYN_T0019,1,C1,DEP_04,UP_07,2026-04,2026-04-30,3.43,2.0,4.0,1.021,3.0,3.0,4.0,4.0,0.0,1.0,0.0,0.333,30.0,0.263,0,0,3.5,3.0,4.0,0.0,0.0,3.0,9.0,0.692,5.0,1.0,0.751,5.0,5.0,3.166,16.0,0.986,0.842,0.751,3.001,5,1.0,5.0,synthetic_generator,demo_gen_seed42,SYNTHETIC,true,false,42,generator-synthetic-v1.0.0,synthetic-v1.0.0,2026-04-30
SYN_T0022,4,C4,DEP_02,UP_10,2026-04,2026-04-30,3.1,2.0,4.0,0.0,3.0,4.0,4.0,4.0,1.0,0.0,0.0,0.333,61.0,0.105,0,0,3.75,3.0,4.0,0.0,0.0,2.0,7.0,0.538,2.0,0.0,0.573,8.0,4.0,2.624,16.0,2.004,0.755,0.573,3.203,2,2.0,8.0,synthetic_generator,demo_gen_seed42,SYNTHETIC,true,false,42,generator-synthetic-v1.0.0,synthetic-v1.0.0,2026-04-30
SYN_T0025,10,C10,DEP_05,UP_01,2026-04,2026-04-30,1.55,2.0,4.0,3.178,1.0,1.0,1.0,1.0,0.0,0.0,0.0,0.0,999.0,0.0,0,1,1.0,1.0,1.0,0.0,4.0,4.0,7.0,0.538,0.0,0.0,0.702,16.0,14.0,2.543,16.0,13.0,0.219,0.702,2.673,0,18.0,16.0,synthetic_generator,demo_gen_seed42,SYNTHETIC,true,false,42,generator-synthetic-v1.0.0,synthetic-v1.0.0,2026-04-30
SYN_T0026,3,C3,DEP_01,UP_02,2026-04,2026-04-30,2.87,1.0,3.0,0.0,3.0,3.0,3.0,3.0,0.0,0.0,0.0,0.0,151.0,0.158,0,1,3.0,3.0,3.0,0.0,0.0,5.0,8.0,0.615,3.0,2.0,0.627,0.0,0.0,2.517,16.0,4.961,0.694,0.627,2.443,3,3.0,0.0,synthetic_generator,demo_gen_seed42,SYNTHETIC,true,false,42,generator-synthetic-v1.0.0,synthetic-v1.0.0,2026-04-30
SYN_T0026,11,C11,DEP_01,UP_02,2026-04,2026-04-30,3.04,3.0,5.0,0.814,4.0,4.0,4.0,4.0,0.0,0.0,0.0,0.0,0.0,0.368,0,1,4.0,4.0,4.0,0.0,0.0,5.0,8.0,0.615,7.0,0.0,0.677,16.0,10.0,2.517,16.0,0.0,0.627,0.677,2.443,7,14.0,16.0,synthetic_generator,demo_gen_seed42,SYNTHETIC,true,false,42,generator-synthetic-v1.0.0,synthetic-v1.0.0,2026-04-30
SYN_T0028,4,C4,DEP_03,UP_04,2026-04,2026-04-30,4.13,2.0,4.0,0.0,5.0,5.0,5.0,5.0,0.0,0.0,0.0,0.0,61.0,0.263,1,1,5.0,5.0,5.0,4.0,0.0,2.0,7.0,0.538,5.0,1.0,0.37,2.0,0.0,2.881,16.0,2.004,0.654,0.37,3.259,5,6.0,2.0,synthetic_generator,demo_gen_seed42,SYNTHETIC,true,false,42,generator-synthetic-v1.0.0,synthetic-v1.0.0,2026-04-30
SYN_T0029,2,C2,DEP_04,UP_05,2026-04,2026-04-30,3.36,3.0,5.0,2.148,4.0,4.0,4.0,4.0,0.0,0.0,0.0,0.0,999.0,0.0,0,1,4.0,4.0,4.0,0.0,0.0,4.0,8.0,0.615,0.0,0.0,0.554,15.0,10.0,2.946,16.0,13.0,0.302,0.554,3.057,0,14.0,15.0,synthetic_generator,demo_gen_seed42,SYNTHETIC,true,false,42,generator-synthetic-v1.0.0,synthetic-v1.0.0,2026-04-30
SYN_T0029,11,C11,DEP_04,UP_05,2026-04,2026-04-30,2.72,3.0,5.0,0.937,3.0,3.0,3.0,3.0,0.0,0.0,0.0,0.0,61.0,0.105,0,1,3.0,3.0,3.0,0.0,0.0,5.0,8.0,0.615,2.0,1.0,0.529,16.0,13.0,2.946,16.0,2.004,0.473,0.529,3.057,2,6.0,16.0,synthetic_generator,demo_gen_seed42,SYNTHETIC,true,false,42,generator-synthetic-v1.0.0,synthetic-v1.0.0,2026-04-30
SYN_T0034,6,C6,DEP_04,UP_10,2026-04,2026-04-30,2.94,1.0,3.0,0.0,4.0,4.0,4.0,4.0,0.0,0.0,0.0,0.0,304.0,0.053,1,1,4.0,4.0,4.0,0.0,0.0,4.0,9.0,0.692,1.0,0.0,0.286,0.0,0.0,2.344,16.0,9.987,0.213,0.286,2.097,1,18.0,0.0,synthetic_generator,demo_gen_seed42,SYNTHETIC,true,false,42,generator-synthetic-v1.0.0,synthetic-v1.0.0,2026-04-30
SYN_T0036,8,C8,DEP_01,UP_12,2026-04,2026-04-30,2.38,3.0,5.0,1.162,3.0,3.0,3.0,3.0,0.0,0.0,0.0,0.0,120.0,0.158,1,1,3.0,3.0,3.0,0.0,0.0,2.0,8.0,0.615,3.0,1.0,0.032,16.0,5.0,3.355,16.0,3.942,0.312,0.032,3.431,3,9.0,16.0,synthetic_generator,demo_gen_seed42,SYNTHETIC,true,false,42,generator-synthetic-v1.0.0,synthetic-v1.0.0,2026-04-30
SYN_T0039,9,C9,DEP_04,UP_03,2026-04,2026-04-30,3.02,1.0,3.0,0.0,3.0,3.0,3.0,4.0,0.0,0.0,1.0,0.333,0.0,0.263,0,0,3.25,3.0,4.0,0.0,0.0,3.0,7.0,0.538,5.0,1.0,0.87,4.0,3.0,2.264,16.0,0.0,0.877,0.87,2.795,5,0.0,4.0,synthetic_generator,demo_gen_seed42,SYNTHETIC,true,false,42,generator-synthetic-v1.0.0,synthetic-v1.0.0,2026-04-30
SYN_T0041,11,C11,DEP_01,UP_05,2026-04,2026-04-30,4.03,3.0,5.0,1.095,4.0,4.0,4.0,4.0,0.0,0.0,0.0,0.0,61.0,0.263,0,1,4.0,4.0,4.0,0.0,0.0,5.0,7.0,0.538,5.0,0.0,0.616,16.0,5.0,3.077,16.0,2.004,0.628,0.616,3.573,5,18.0,16.0,synthetic_generator,demo_gen_seed42,SYNTHETIC,true,false,42,generator-synthetic-v1.0.0,synthetic-v1.0.0,2026-04-30
SYN_T0041,13,C13,DEP_01,UP_05,2026-04,2026-04-30,3.97,2.0,4.0,0.055,4.0,5.0,5.0,5.0,1.0,0.0,0.0,0.333,61.0,0.211,1,0,4.75,4.0,5.0,3.0,0.0,3.0,7.0,0.538,4.0,0.0,0.499,1.0,0.0,3.077,16.0,2.004,0.808,0.499,3.573,4,2.0,1.0,synthetic_generator,demo_gen_seed42,SYNTHETIC,true,false,42,generator-synthetic-v1.0.0,synthetic-v1.0.0,2026-04-30
SYN_T0043,1,C1,DEP_03,UP_07,2026-04,2026-04-30,2.99,2.0,4.0,1.108,3.0,3.0,3.0,3.0,0.0,0.0,0.0,0.0,151.0,0.105,0,1,3.0,3.0,3.0,0.0,0.0,3.0,7.0,0.538,2.0,1.0,0.551,16.0,5.0,2.288,16.0,4.961,0.599,0.551,1.884,2,5.0,16.0,synthetic_generator,demo_gen_seed42,SYNTHETIC,true,false,42,generator-synthetic-v1.0.0,synthetic-v1.0.0,2026-04-30
SYN_T0043,6,C6,DEP_03,UP_07,2026-04,2026-04-30,3.58,1.0,3.0,0.0,4.0,4.0,4.0,5.0,0.0,0.0,1.0,0.333,0.0,0.263,0,0,4.25,4.0,5.0,1.0,0.0,4.0,7.0,0.538,5.0,0.0,0.595,0.0,0.0,2.288,16.0,0.0,0.7,0.595,1.884,5,0.0,0.0,synthetic_generator,demo_gen_seed42,SYNTHETIC,true,false,42,generator-synthetic-v1.0.0,synthetic-v1.0.0,2026-04-30
SYN_T0043,10,C10,DEP_03,UP_07,2026-04,2026-04-30,3.03,2.0,4.0,0.0,4.0,4.0,4.0,4.0,0.0,0.0,0.0,0.0,0.0,0.211,0,1,4.0,4.0,4.0,0.0,0.0,4.0,7.0,0.538,4.0,0.0,0.682,4.0,2.0,2.288,16.0,0.0,0.554,0.682,1.884,4,11.0,4.0,synthetic_generator,demo_gen_seed42,SYNTHETIC,true,false,42,generator-synthetic-v1.0.0,synthetic-v1.0.0,2026-04-30
SYN_T0047,13,C13,DEP_02,UP_11,2026-04,2026-04-30,2.9,2.0,4.0,0.938,3.0,3.0,3.0,3.0,0.0,0.0,0.0,0.0,181.0,0.158,0,1,3.0,3.0,3.0,0.0,0.0,3.0,7.0,0.538,3.0,0.0,0.67,16.0,6.0,3.286,16.0,5.946,0.641,0.67,3.23,3,15.0,16.0,synthetic_generator,demo_gen_seed42,SYNTHETIC,true,false,42,generator-synthetic-v1.0.0,synthetic-v1.0.0,2026-04-30
SYN_T0048,8,C8,DEP_03,UP_12,2026-04,2026-04-30,3.47,3.0,5.0,0.922,4.0,4.0,4.0,4.0,0.0,0.0,0.0,0.0,30.0,0.263,0,1,4.0,4.0,4.0,0.0,0.0,2.0,7.0,0.538,5.0,0.0,0.813,16.0,11.0,2.917,16.0,0.986,0.67,0.813,2.919,5,18.0,16.0,synthetic_generator,demo_gen_seed42,SYNTHETIC,true,false,42,generator-synthetic-v1.0.0,synthetic-v1.0.0,2026-04-30
SYN_T0049,3,C3,DEP_04,UP_01,2026-04,2026-04-30,2.36,1.0,3.0,0.0,3.0,3.0,3.0,3.0,0.0,0.0,0.0,0.0,61.0,0.158,0,1,3.0,3.0,3.0,0.0,0.0,5.0,8.0,0.615,3.0,0.0,0.634,10.0,5.0,3.012,16.0,2.004,0.756,0.634,2.832,3,5.0,10.0,synthetic_generator,demo_gen_seed42,SYNTHETIC,true,false,42,generator-synthetic-v1.0.0,synthetic-v1.0.0,2026-04-30
SYN_T0052,5,C5,DEP_02,UP_04,2026-04,2026-04-30,3.53,3.0,5.0,0.057,5.0,5.0,5.0,5.0,0.0,0.0,0.0,0.0,212.0,0.211,1,1,5.0,5.0,5.0,4.0,0.0,3.0,6.0,0.462,4.0,2.0,0.024,2.0,2.0,3.014,16.0,6.965,0.308,0.024,3.719,4,13.0,2.0,synthetic_generator,demo_gen_seed42,SYNTHETIC,true,false,42,generator-synthetic-v1.0.0,synthetic-v1.0.0,2026-04-30
SYN_T0053,3,C3,DEP_03,UP_05,2026-04,2026-04-30,2.64,1.0,3.0,1.019,3.0,2.0,2.0,2.0,-1.0,0.0,0.0,-0.333,242.0,0.053,0,0,2.25,2.0,3.0,0.0,0.0,5.0,9.0,0.692,1.0,0.0,0.706,10.0,6.0,2.098,16.0,7.95,0.513,0.706,1.902,1,2.0,10.0,synthetic_generator,demo_gen_seed42,SYNTHETIC,true,false,42,generator-synthetic-v1.0.0,synthetic-v1.0.0,2026-04-30
SYN_T0053,11,C11,DEP_03,UP_05,2026-04,2026-04-30,2.55,3.0,5.0,0.727,4.0,4.0,4.0,4.0,0.0,0.0,0.0,0.0,151.0,0.211,0,1,4.0,4.0,4.0,0.0,0.0,5.0,9.0,0.692,4.0,1.0,0.81,16.0,11.0,2.098,16.0,4.961,0.685,0.81,1.902,4,11.0,16.0,synthetic_generator,demo_gen_seed42,SYNTHETIC,true,false,42,generator-synthetic-v1.0.0,synthetic-v1.0.0,2026-04-30
SYN_T0055,5,C5,DEP_05,UP_07,2026-04,2026-04-30,3.51,3.0,5.0,0.932,4.0,4.0,4.0,4.0,0.0,0.0,0.0,0.0,181.0,0.105,0,1,4.0,4.0,4.0,0.0,0.0,3.0,8.0,0.615,2.0,0.0,0.586,16.0,8.0,2.421,16.0,5.946,0.497,0.586,2.811,2,6.0,16.0,synthetic_generator,demo_gen_seed42,SYNTHETIC,true,false,42,generator-synthetic-v1.0.0,synthetic-v1.0.0,2026-04-30
SYN_T0059,4,C4,DEP_04,UP_11,2026-04,2026-04-30,2.02,2.0,4.0,0.0,3.0,3.0,3.0,3.0,0.0,0.0,0.0,0.0,30.0,0.263,0,1,3.0,3.0,3.0,0.0,0.0,2.0,7.0,0.538,5.0,1.0,0.717,16.0,12.0,2.484,16.0,0.986,0.683,0.717,2.533,5,4.0,16.0,synthetic_generator,demo_gen_seed42,SYNTHETIC,true,false,42,generator-synthetic-v1.0.0,synthetic-v1.0.0,2026-04-30
SYN_T0060,7,C7,DEP_05,UP_12,2026-04,2026-04-30,1.85,2.0,4.0,1.939,2.0,2.0,2.0,2.0,0.0,0.0,0.0,0.0,151.0,0.053,1,1,2.0,2.0,2.0,0.0,0.0,5.0,6.0,0.462,1.0,0.0,0.399,16.0,9.0,3.153,16.0,4.961,0.504,0.399,3.498,1,5.0,16.0,synthetic_generator,demo_gen_seed42,SYNTHETIC,true,false,42,generator-synthetic-v1.0.0,synthetic-v1.0.0,2026-04-30
SYN_T0061,5,C5,DEP_01,UP_01,2026-04,2026-04-30,1.41,3.0,5.0,1.906,2.0,2.0,2.0,2.0,0.0,0.0,0.0,0.0,89.0,0.105,0,1,2.0,2.0,2.0,0.0,0.0,3.0,7.0,0.538,2.0,1.0,0.569,16.0,11.0,1.955,16.0,2.924,0.532,0.569,1.53,2,16.0,16.0,synthetic_generator,demo_gen_seed42,SYNTHETIC,true,false,42,generator-synthetic-v1.0.0,synthetic-v1.0.0,2026-04-30
SYN_T0064,3,C3,DEP_04,UP_04,2026-04,2026-04-30,4.48,1.0,3.0,0.0,5.0,5.0,5.0,5.0,0.0,0.0,0.0,0.0,120.0,0.158,1,1,5.0,5.0,5.0,4.0,0.0,5.0,8.0,0.615,3.0,1.0,0.426,0.0,0.0,2.908,16.0,3.942,0.809,0.426,3.598,3,4.0,0.0,synthetic_generator,demo_gen_seed42,SYNTHETIC,true,false,42,generator-synthetic-v1.0.0,synthetic-v1.0.0,2026-04-30
SYN_T0064,5,C5,DEP_04,UP_04,2026-04,2026-04-30,3.51,3.0,5.0,0.0,5.0,5.0,5.0,5.0,0.0,0.0,0.0,0.0,273.0,0.105,1,1,5.0,5.0,5.0,4.0,0.0,3.0,8.0,0.615,2.0,0.0,0.465,6.0,2.0,2.908,16.0,8.968,0.609,0.465,3.598,2,9.0,6.0,synthetic_generator,demo_gen_seed42,SYNTHETIC,true,false,42,generator-synthetic-v1.0.0,synthetic-v1.0.0,2026-04-30
SYN_T0065,2,C2,DEP_05,UP_05,2026-04,2026-04-30,3.03,3.0,5.0,1.867,4.0,4.0,4.0,4.0,0.0,0.0,0.0,0.0,212.0,0.263,1,1,4.0,4.0,4.0,0.0,0.0,4.0,10.0,0.769,5.0,0.0,0.417,16.0,13.0,3.05,16.0,6.965,0.482,0.417,2.804,5,10.0,16.0,synthetic_generator,demo_gen_seed42,SYNTHETIC,true,false,42,generator-synthetic-v1.0.0,synthetic-v1.0.0,2026-04-30
SYN_T0066,2,C2,DEP_01,UP_06,2026-04,2026-04-30,4.46,3.0,5.0,0.0,5.0,5.0,5.0,5.0,0.0,0.0,0.0,0.0,120.0,0.158,0,1,5.0,5.0,5.0,4.0,0.0,4.0,7.0,0.538,3.0,0.0,0.504,9.0,4.0,3.095,16.0,3.942,0.613,0.504,3.301,3,4.0,9.0,synthetic_generator,demo_gen_seed42,SYNTHETIC,true,false,42,generator-synthetic-v1.0.0,synthetic-v1.0.0,2026-04-30
SYN_T0066,3,C3,DEP_01,UP_06,2026-04,2026-04-30,2.9,1.0,3.0,0.0,3.0,3.0,2.0,3.0,0.0,-1.0,1.0,0.0,89.0,0.105,1,0,2.75,2.0,3.0,0.0,0.0,5.0,7.0,0.538,2.0,2.0,0.399,13.0,9.0,3.095,16.0,2.924,0.502,0.399,3.301,2,0.0,13.0,synthetic_generator,demo_gen_seed42,SYNTHETIC,true,false,42,generator-synthetic-v1.0.0,synthetic-v1.0.0,2026-04-30
SYN_T0066,7,C7,DEP_01,UP_06,2026-04,2026-04-30,2.43,2.0,4.0,0.835,3.0,3.0,3.0,3.0,0.0,0.0,0.0,0.0,242.0,0.053,0,1,3.0,3.0,3.0,0.0,0.0,5.0,7.0,0.538,1.0,0.0,0.502,16.0,10.0,3.095,16.0,7.95,0.556,0.502,3.301,1,8.0,16.0,synthetic_generator,demo_gen_seed42,SYNTHETIC,true,false,42,generator-synthetic-v1.0.0,synthetic-v1.0.0,2026-04-30
SYN_T0068,3,C3,DEP_03,UP_08,2026-04,2026-04-30,2.33,1.0,3.0,0.148,3.0,3.0,3.0,3.0,0.0,0.0,0.0,0.0,89.0,0.158,1,1,3.0,3.0,3.0,0.0,0.0,5.0,7.0,0.538,3.0,2.0,0.234,1.0,0.0,2.554,16.0,2.924,0.422,0.234,2.577,3,11.0,1.0,synthetic_generator,demo_gen_seed42,SYNTHETIC,true,false,42,generator-synthetic-v1.0.0,synthetic-v1.0.0,2026-04-30
SYN_T0071,2,C2,DEP_01,UP_11,2026-04,2026-04-30,3.78,3.0,5.0,0.126,4.0,4.0,4.0,4.0,0.0,0.0,0.0,0.0,212.0,0.158,0,1,4.0,4.0,4.0,0.0,0.0,4.0,6.0,0.462,3.0,0.0,0.928,16.0,10.0,2.039,16.0,6.965,0.761,0.928,2.071,3,7.0,16.0,synthetic_generator,demo_gen_seed42,SYNTHETIC,true,false,42,generator-synthetic-v1.0.0,synthetic-v1.0.0,2026-04-30
SYN_T0073,12,C12,DEP_03,UP_01,2026-04,2026-04-30,2.49,1.0,3.0,0.137,3.0,3.0,3.0,3.0,0.0,0.0,0.0,0.0,151.0,0.316,1,1,3.0,3.0,3.0,0.0,0.0,2.0,7.0,0.538,6.0,1.0,0.429,0.0,0.0,2.42,16.0,4.961,0.637,0.429,2.339,6,4.0,0.0,synthetic_generator,demo_gen_seed42,SYNTHETIC,true,false,42,generator-synthetic-v1.0.0,synthetic-v1.0.0,2026-04-30
SYN_T0077,6,C6,DEP_02,UP_05,2026-04,2026-04-30,1.63,1.0,3.0,0.017,2.0,2.0,2.0,2.0,0.0,0.0,0.0,0.0,0.0,0.105,0,1,2.0,2.0,2.0,0.0,0.0,4.0,7.0,0.538,2.0,0.0,0.701,16.0,7.0,2.492,16.0,0.0,0.661,0.701,2.679,2,18.0,16.0,synthetic_generator,demo_gen_seed42,SYNTHETIC,true,false,42,generator-synthetic-v1.0.0,synthetic-v1.0.0,2026-04-30
SYN_T0078,13,C13,DEP_03,UP_06,2026-04,2026-04-30,2.82,2.0,4.0,0.0,5.0,5.0,4.0,4.0,0.0,-1.0,0.0,-0.333,151.0,0.263,1,0,4.5,4.0,5.0,2.0,0.0,3.0,8.0,0.615,5.0,2.0,0.374,4.0,4.0,2.75,16.0,4.961,0.593,0.374,2.882,5,1.0,4.0,synthetic_generator,demo_gen_seed42,SYNTHETIC,true,false,42,generator-synthetic-v1.0.0,synthetic-v1.0.0,2026-04-30
SYN_T0080,3,C3,DEP_05,UP_08,2026-04,2026-04-30,4.22,1.0,3.0,0.0,4.0,4.0,4.0,5.0,0.0,0.0,1.0,0.333,0.0,0.211,0,0,4.25,4.0,5.0,1.0,0.0,5.0,6.0,0.462,4.0,1.0,0.637,0.0,0.0,2.646,16.0,0.0,0.839,0.637,2.897,4,0.0,0.0,synthetic_generator,demo_gen_seed42,SYNTHETIC,true,false,42,generator-synthetic-v1.0.0,synthetic-v1.0.0,2026-04-30
SYN_T0081,13,C13,DEP_01,UP_09,2026-04,2026-04-30,3.21,2.0,4.0,0.0,4.0,4.0,4.0,4.0,0.0,0.0,0.0,0.0,61.0,0.158,0,1,4.0,4.0,4.0,0.0,0.0,3.0,9.0,0.692,3.0,1.0,0.853,3.0,3.0,2.908,16.0,2.004,0.775,0.853,2.43,3,5.0,3.0,synthetic_generator,demo_gen_seed42,SYNTHETIC,true,false,42,generator-synthetic-v1.0.0,synthetic-v1.0.0,2026-04-30
SYN_T0082,4,C4,DEP_02,UP_10,2026-04,2026-04-30,2.2,2.0,4.0,1.077,2.0,2.0,2.0,2.0,0.0,0.0,0.0,0.0,0.0,0.053,0,1,2.0,2.0,2.0,0.0,0.0,2.0,7.0,0.538,1.0,1.0,0.551,16.0,10.0,2.352,16.0,0.0,0.41,0.551,2.379,1,18.0,16.0,synthetic_generator,demo_gen_seed42,SYNTHETIC,true,false,42,generator-synthetic-v1.0.0,synthetic-v1.0.0,2026-04-30
SYN_T0084,13,C13,DEP_04,UP_12,2026-04,2026-04-30,3.49,2.0,4.0,0.173,5.0,5.0,5.0,5.0,0.0,0.0,0.0,0.0,120.0,0.263,0,1,5.0,5.0,5.0,4.0,0.0,3.0,7.0,0.538,5.0,0.0,0.883,1.0,0.0,2.584,16.0,3.942,0.816,0.883,2.435,5,4.0,1.0,synthetic_generator,demo_gen_seed42,SYNTHETIC,true,false,42,generator-synthetic-v1.0.0,synthetic-v1.0.0,2026-04-30
SYN_T0085,9,C9,DEP_05,UP_01,2026-04,2026-04-30,1.39,1.0,3.0,1.852,2.0,1.0,1.0,1.0,-1.0,0.0,0.0,-0.333,89.0,0.158,1,0,1.25,1.0,2.0,0.0,3.0,3.0,6.0,0.462,3.0,0.0,0.428,16.0,9.0,2.242,16.0,2.924,0.586,0.428,2.663,3,2.0,16.0,synthetic_generator,demo_gen_seed42,SYNTHETIC,true,false,42,generator-synthetic-v1.0.0,synthetic-v1.0.0,2026-04-30
SYN_T0086,1,C1,DEP_01,UP_02,2026-04,2026-04-30,4.13,2.0,4.0,0.0,5.0,5.0,5.0,5.0,0.0,0.0,0.0,0.0,89.0,0.158,0,1,5.0,5.0,5.0,4.0,0.0,3.0,8.0,0.615,3.0,3.0,0.798,0.0,0.0,2.822,16.0,2.924,0.799,0.798,2.84,3,6.0,0.0,synthetic_generator,demo_gen_seed42,SYNTHETIC,true,false,42,generator-synthetic-v1.0.0,synthetic-v1.0.0,2026-04-30
SYN_T0086,12,C12,DEP_01,UP_02,2026-04,2026-04-30,1.87,1.0,3.0,0.095,2.0,2.0,2.0,3.0,0.0,0.0,1.0,0.333,0.0,0.105,0,0,2.25,2.0,3.0,0.0,0.0,2.0,8.0,0.615,2.0,1.0,0.788,15.0,10.0,2.822,16.0,0.0,0.811,0.788,2.84,2,0.0,15.0,synthetic_generator,demo_gen_seed42,SYNTHETIC,true,false,42,generator-synthetic-v1.0.0,synthetic-v1.0.0,2026-04-30
SYN_T0089,12,C12,DEP_04,UP_05,2026-04,2026-04-30,3.54,1.0,3.0,0.0,5.0,5.0,5.0,5.0,0.0,0.0,0.0,0.0,181.0,0.158,0,1,5.0,5.0,5.0,4.0,0.0,2.0,8.0,0.615,3.0,0.0,0.595,0.0,0.0,2.957,16.0,5.946,0.546,0.595,3.708,3,12.0,0.0,synthetic_generator,demo_gen_seed42,SYNTHETIC,true,false,42,generator-synthetic-v1.0.0,synthetic-v1.0.0,2026-04-30
SYN_T0091,6,C6,DEP_01,UP_07,2026-04,2026-04-30,1.46,1.0,3.0,1.015,2.0,2.0,2.0,2.0,0.0,0.0,0.0,0.0,30.0,0.211,1,1,2.0,2.0,2.0,0.0,0.0,4.0,6.0,0.462,4.0,1.0,0.317,16.0,8.0,3.118,16.0,0.986,0.423,0.317,3.493,4,18.0,16.0,synthetic_generator,demo_gen_seed42,SYNTHETIC,true,false,42,generator-synthetic-v1.0.0,synthetic-v1.0.0,2026-04-30
SYN_T0093,5,C5,DEP_03,UP_09,2026-04,2026-04-30,3.34,3.0,5.0,0.89,4.0,4.0,4.0,4.0,0.0,0.0,0.0,0.0,30.0,0.263,0,1,4.0,4.0,4.0,0.0,0.0,3.0,6.0,0.462,5.0,1.0,0.541,16.0,8.0,2.815,16.0,0.986,0.68,0.541,3.294,5,4.0,16.0,synthetic_generator,demo_gen_seed42,SYNTHETIC,true,false,42,generator-synthetic-v1.0.0,synthetic-v1.0.0,2026-04-30
SYN_T0094,3,C3,DEP_04,UP_10,2026-04,2026-04-30,2.8,1.0,3.0,0.0,3.0,3.0,3.0,3.0,0.0,0.0,0.0,0.0,365.0,0.105,1,1,3.0,3.0,3.0,0.0,0.0,5.0,7.0,0.538,2.0,1.0,0.265,5.0,2.0,2.652,16.0,11.991,0.38,0.265,2.359,2,9.0,5.0,synthetic_generator,demo_gen_seed42,SYNTHETIC,true,false,42,generator-synthetic-v1.0.0,synthetic-v1.0.0,2026-04-30
SYN_T0094,10,C10,DEP_04,UP_10,2026-04,2026-04-30,1.94,2.0,4.0,2.245,2.0,2.0,2.0,2.0,0.0,0.0,0.0,0.0,212.0,0.105,1,1,2.0,2.0,2.0,0.0,0.0,4.0,7.0,0.538,2.0,0.0,0.279,16.0,7.0,2.652,16.0,6.965,0.364,0.279,2.359,2,7.0,16.0,synthetic_generator,demo_gen_seed42,SYNTHETIC,true,false,42,generator-synthetic-v1.0.0,synthetic-v1.0.0,2026-04-30
SYN_T0097,10,C10,DEP_02,UP_01,2026-04,2026-04-30,1.56,2.0,4.0,2.215,2.0,2.0,2.0,2.0,0.0,0.0,0.0,0.0,30.0,0.105,1,1,2.0,2.0,2.0,0.0,0.0,4.0,8.0,0.615,2.0,1.0,0.463,16.0,11.0,2.172,16.0,0.986,0.511,0.463,2.038,2,18.0,16.0,synthetic_generator,demo_gen_seed42,SYNTHETIC,true,false,42,generator-synthetic-v1.0.0,synthetic-v1.0.0,2026-04-30
SYN_T0002,3,C3,DEP_02,UP_02,2026-05,2026-05-31,3.28,1.0,3.0,0.0,3.0,3.0,4.0,4.0,0.0,1.0,0.0,0.333,31.0,0.1,0,0,3.5,3.0,4.0,0.0,0.0,5.0,7.0,0.538,2.0,1.0,0.562,0.0,0.0,2.294,17.0,1.018,0.635,0.562,2.675,2,1.0,0.0,synthetic_generator,demo_gen_seed42,SYNTHETIC,true,false,42,generator-synthetic-v1.0.0,synthetic-v1.0.0,2026-05-31
SYN_T0002,6,C6,DEP_02,UP_02,2026-05,2026-05-31,2.67,1.0,3.0,0.0,3.0,3.0,3.0,3.0,0.0,0.0,0.0,0.0,31.0,0.1,0,1,3.0,3.0,3.0,0.0,0.0,4.0,7.0,0.538,2.0,0.0,0.699,0.0,0.0,2.294,17.0,1.018,0.559,0.699,,2,19.0,0.0,synthetic_generator,demo_gen_seed42,SYNTHETIC,true,false,42,generator-synthetic-v1.0.0,synthetic-v1.0.0,2026-05-31
SYN_T0003,4,C4,DEP_03,UP_03,2026-05,2026-05-31,3.24,2.0,4.0,0.991,3.0,3.0,3.0,3.0,0.0,0.0,0.0,0.0,0.0,0.3,0,1,3.0,3.0,3.0,0.0,0.0,2.0,6.0,0.462,6.0,1.0,0.649,17.0,12.0,3.215,17.0,0.0,0.664,0.649,3.489,6,6.0,17.0,synthetic_generator,demo_gen_seed42,SYNTHETIC,true,false,42,generator-synthetic-v1.0.0,synthetic-v1.0.0,2026-05-31
SYN_T0003,8,C8,DEP_03,UP_03,2026-05,2026-05-31,4.52,3.0,5.0,0.01,5.0,5.0,5.0,5.0,0.0,0.0,0.0,0.0,151.0,0.15,0,1,5.0,5.0,5.0,4.0,0.0,2.0,6.0,0.462,3.0,0.0,0.529,0.0,0.0,3.215,17.0,4.961,0.603,0.529,3.489,3,19.0,0.0,synthetic_generator,demo_gen_seed42,SYNTHETIC,true,false,42,generator-synthetic-v1.0.0,synthetic-v1.0.0,2026-05-31
SYN_T0004,10,C10,DEP_04,UP_04,2026-05,2026-05-31,3.85,2.0,4.0,0.0,5.0,5.0,5.0,5.0,0.0,0.0,0.0,0.0,335.0,0.15,1,1,5.0,5.0,5.0,4.0,0.0,4.0,7.0,0.538,3.0,1.0,0.457,0.0,0.0,3.104,17.0,11.005,0.485,0.457,3.293,3,19.0,0.0,synthetic_generator,demo_gen_seed42,SYNTHETIC,true,false,42,generator-synthetic-v1.0.0,synthetic-v1.0.0,2026-05-31
SYN_T0005,1,C1,DEP_05,UP_05,2026-05,2026-05-31,2.87,2.0,4.0,0.022,4.0,4.0,4.0,4.0,0.0,0.0,0.0,0.0,365.0,0.05,1,1,4.0,4.0,4.0,0.0,0.0,3.0,8.0,0.615,1.0,1.0,0.458,3.0,2.0,1.553,17.0,11.991,0.379,0.458,2.253,1,12.0,3.0,synthetic_generator,demo_gen_seed42,SYNTHETIC,true,false,42,generator-synthetic-v1.0.0,synthetic-v1.0.0,2026-05-31
SYN_T0006,11,C11,DEP_01,UP_06,2026-05,2026-05-31,2.59,3.0,5.0,1.849,3.0,3.0,3.0,3.0,0.0,0.0,0.0,0.0,61.0,0.2,0,1,3.0,3.0,3.0,0.0,0.0,5.0,7.0,0.538,4.0,0.0,0.514,17.0,10.0,1.985,17.0,2.004,0.623,0.514,2.418,4,19.0,17.0,synthetic_generator,demo_gen_seed42,SYNTHETIC,true,false,42,generator-synthetic-v1.0.0,synthetic-v1.0.0,2026-05-31
SYN_T0007,9,C9,DEP_02,UP_07,2026-05,2026-05-31,3.8,1.0,3.0,0.0,4.0,4.0,5.0,5.0,0.0,1.0,0.0,0.333,31.0,0.25,1,0,4.5,4.0,5.0,2.0,0.0,3.0,7.0,0.538,5.0,1.0,0.397,0.0,0.0,2.894,17.0,1.018,0.766,0.397,3.504,5,1.0,0.0,synthetic_generator,demo_gen_seed42,SYNTHETIC,true,false,42,generator-synthetic-v1.0.0,synthetic-v1.0.0,2026-05-31
SYN_T0009,12,C12,DEP_04,UP_09,2026-05,2026-05-31,3.11,1.0,3.0,0.0,5.0,5.0,5.0,4.0,0.0,0.0,-1.0,-0.333,120.0,0.25,0,0,4.75,4.0,5.0,3.0,0.0,2.0,7.0,0.538,5.0,1.0,0.919,0.0,0.0,2.7,17.0,3.942,0.933,0.919,3.051,5,0.0,0.0,synthetic_generator,demo_gen_seed42,SYNTHETIC,true,false,42,generator-synthetic-v1.0.0,synthetic-v1.0.0,2026-05-31
SYN_T0010,2,C2,DEP_05,UP_10,2026-05,2026-05-31,2.07,3.0,5.0,2.937,2.0,2.0,2.0,2.0,0.0,0.0,0.0,0.0,999.0,0.0,1,1,2.0,2.0,2.0,0.0,0.0,4.0,7.0,0.538,0.0,0.0,0.373,17.0,12.0,2.196,17.0,13.0,0.319,0.373,2.526,0,19.0,17.0,synthetic_generator,demo_gen_seed42,SYNTHETIC,true,false,42,generator-synthetic-v1.0.0,synthetic-v1.0.0,2026-05-31
SYN_T0010,5,C5,DEP_05,UP_10,2026-05,2026-05-31,3.89,3.0,5.0,0.014,5.0,5.0,5.0,5.0,0.0,0.0,0.0,0.0,151.0,0.1,1,1,5.0,5.0,5.0,4.0,0.0,3.0,7.0,0.538,2.0,0.0,0.268,11.0,7.0,2.196,17.0,4.961,0.44,0.268,2.526,2,5.0,11.0,synthetic_generator,demo_gen_seed42,SYNTHETIC,true,false,42,generator-synthetic-v1.0.0,synthetic-v1.0.0,2026-05-31
SYN_T0011,13,C13,DEP_01,UP_11,2026-05,2026-05-31,4.35,2.0,4.0,0.0,4.0,4.0,5.0,5.0,0.0,1.0,0.0,0.333,31.0,0.15,0,0,4.5,4.0,5.0,2.0,0.0,3.0,8.0,0.615,3.0,0.0,0.907,0.0,0.0,3.222,17.0,1.018,0.816,0.907,3.331,3,1.0,0.0,synthetic_generator,demo_gen_seed42,SYNTHETIC,true,false,42,generator-synthetic-v1.0.0,synthetic-v1.0.0,2026-05-31
SYN_T0012,5,C5,DEP_02,UP_12,2026-05,2026-05-31,3.69,3.0,5.0,1.212,5.0,5.0,5.0,5.0,0.0,0.0,0.0,0.0,92.0,0.25,0,1,5.0,5.0,5.0,4.0,0.0,3.0,7.0,0.538,5.0,0.0,0.537,12.0,5.0,3.282,17.0,3.022,0.793,0.537,3.385,5,4.0,12.0,synthetic_generator,demo_gen_seed42,SYNTHETIC,true,false,42,generator-synthetic-v1.0.0,synthetic-v1.0.0,2026-05-31
SYN_T0013,11,C11,DEP_03,UP_01,2026-05,2026-05-31,3.2,3.0,5.0,1.232,4.0,4.0,4.0,4.0,0.0,0.0,0.0,0.0,120.0,0.1,0,1,4.0,4.0,4.0,0.0,0.0,5.0,7.0,0.538,2.0,0.0,0.736,17.0,13.0,2.755,17.0,3.942,0.677,0.736,3.038,2,4.0,17.0,synthetic_generator,demo_gen_seed42,SYNTHETIC,true,false,42,generator-synthetic-v1.0.0,synthetic-v1.0.0,2026-05-31
SYN_T0013,12,C12,DEP_03,UP_01,2026-05,2026-05-31,3.44,1.0,3.0,0.0,4.0,4.0,4.0,4.0,0.0,0.0,0.0,0.0,92.0,0.25,0,1,4.0,4.0,4.0,0.0,0.0,2.0,7.0,0.538,5.0,1.0,0.744,0.0,0.0,2.755,17.0,3.022,0.656,0.744,3.038,5,10.0,0.0,synthetic_generator,demo_gen_seed42,SYNTHETIC,true,false,42,generator-synthetic-v1.0.0,synthetic-v1.0.0,2026-05-31
SYN_T0015,9,C9,DEP_05,UP_03,2026-05,2026-05-31,2.63,1.0,3.0,0.081,3.0,3.0,3.0,3.0,0.0,0.0,0.0,0.0,335.0,0.05,0,1,3.0,3.0,3.0,0.0,0.0,3.0,8.0,0.615,1.0,0.0,0.655,0.0,0.0,2.992,17.0,11.005,0.604,0.655,3.375,1,19.0,0.0,synthetic_generator,demo_gen_seed42,SYNTHETIC,true,false,42,generator-synthetic-v1.0.0,synthetic-v1.0.0,2026-05-31
SYN_T0016,5,C5,DEP_01,UP_04,2026-05,2026-05-31,2.7,3.0,5.0,1.061,4.0,4.0,4.0,4.0,0.0,0.0,0.0,0.0,0.0,0.2,1,1,4.0,4.0,4.0,0.0,0.0,3.0,7.0,0.538,4.0,0.0,0.001,17.0,7.0,2.306,17.0,0.0,0.445,0.001,2.792,4,5.0,17.0,synthetic_generator,demo_gen_seed42,SYNTHETIC,true,false,42,generator-synthetic-v1.0.0,synthetic-v1.0.0,2026-05-31
SYN_T0016,12,C12,DEP_01,UP_04,2026-05,2026-05-31,2.79,1.0,3.0,0.0,4.0,4.0,4.0,4.0,0.0,0.0,0.0,0.0,31.0,0.1,1,1,4.0,4.0,4.0,0.0,0.0,2.0,7.0,0.538,2.0,2.0,0.231,0.0,0.0,2.306,17.0,1.018,0.387,0.231,2.792,2,10.0,0.0,synthetic_generator,demo_gen_seed42,SYNTHETIC,true,false,42,generator-synthetic-v1.0.0,synthetic-v1.0.0,2026-05-31
SYN_T0020,3,C3,DEP_05,UP_08,2026-05,2026-05-31,3.79,1.0,3.0,0.0,4.0,4.0,4.0,4.0,0.0,0.0,0.0,0.0,212.0,0.15,0,1,4.0,4.0,4.0,0.0,0.0,5.0,7.0,0.538,3.0,3.0,0.681,0.0,0.0,2.748,17.0,6.965,0.673,0.681,3.214,3,7.0,0.0,synthetic_generator,demo_gen_seed42,SYNTHETIC,true,false,42,generator-synthetic-v1.0.0,synthetic-v1.0.0,2026-05-31
SYN_T0024,10,C10,DEP_04,UP_12,2026-05,2026-05-31,3.15,2.0,4.0,0.0,5.0,5.0,5.0,5.0,0.0,0.0,0.0,0.0,31.0,0.25,0,1,5.0,5.0,5.0,4.0,0.0,4.0,7.0,0.538,5.0,0.0,0.749,2.0,0.0,2.626,17.0,1.018,0.729,0.749,3.047,5,5.0,2.0,synthetic_generator,demo_gen_seed42,SYNTHETIC,true,false,42,generator-synthetic-v1.0.0,synthetic-v1.0.0,2026-05-31
SYN_T0025,13,C13,DEP_05,UP_01,2026-05,2026-05-31,0.37,2.0,4.0,1.789,2.0,1.0,1.0,1.0,-1.0,0.0,0.0,-0.333,212.0,0.05,0,0,1.25,1.0,2.0,0.0,3.0,3.0,7.0,0.538,1.0,1.0,0.748,17.0,9.0,2.563,17.0,6.965,0.665,0.748,2.881,1,2.0,17.0,synthetic_generator,demo_gen_seed42,SYNTHETIC,true,false,42,generator-synthetic-v1.0.0,synthetic-v1.0.0,2026-05-31
SYN_T0027,6,C6,DEP_02,UP_03,2026-05,2026-05-31,3.96,1.0,3.0,0.0,3.0,3.0,3.0,4.0,0.0,0.0,1.0,0.333,0.0,0.25,1,0,3.25,3.0,4.0,0.0,0.0,4.0,7.0,0.538,5.0,0.0,0.333,2.0,0.0,3.011,17.0,0.0,0.684,0.333,3.162,5,0.0,2.0,synthetic_generator,demo_gen_seed42,SYNTHETIC,true,false,42,generator-synthetic-v1.0.0,synthetic-v1.0.0,2026-05-31
SYN_T0028,1,C1,DEP_03,UP_04,2026-05,2026-05-31,2.82,2.0,4.0,0.908,3.0,3.0,3.0,3.0,0.0,0.0,0.0,0.0,304.0,0.1,1,1,3.0,3.0,3.0,0.0,0.0,3.0,7.0,0.538,2.0,2.0,0.278,17.0,8.0,2.854,17.0,9.987,0.356,0.278,2.426,2,19.0,17.0,synthetic_generator,demo_gen_seed42,SYNTHETIC,true,false,42,generator-synthetic-v1.0.0,synthetic-v1.0.0,2026-05-31
SYN_T0031,8,C8,DEP_01,UP_07,2026-05,2026-05-31,3.07,3.0,5.0,1.87,4.0,4.0,4.0,3.0,0.0,0.0,-1.0,-0.333,0.0,0.25,1,0,3.75,3.0,4.0,0.0,0.0,2.0,7.0,0.538,5.0,1.0,0.432,17.0,10.0,3.802,17.0,0.0,0.678,0.432,4.158,5,0.0,17.0,synthetic_generator,demo_gen_seed42,SYNTHETIC,true,false,42,generator-synthetic-v1.0.0,synthetic-v1.0.0,2026-05-31
SYN_T0034,2,C2,DEP_04,UP_10,2026-05,2026-05-31,2.61,3.0,5.0,1.336,4.0,4.0,4.0,4.0,0.0,0.0,0.0,0.0,61.0,0.15,1,1,4.0,4.0,4.0,0.0,0.0,4.0,9.0,0.692,3.0,0.0,0.455,17.0,11.0,2.358,17.0,2.004,0.476,0.455,2.58,3,12.0,17.0,synthetic_generator,demo_gen_seed42,SYNTHETIC,true,false,42,generator-synthetic-v1.0.0,synthetic-v1.0.0,2026-05-31
SYN_T0034,4,C4,DEP_04,UP_10,2026-05,2026-05-31,2.68,2.0,4.0,0.021,3.0,3.0,4.0,4.0,0.0,1.0,0.0,0.333,0.0,0.15,1,0,3.5,3.0,4.0,0.0,0.0,2.0,9.0,0.692,3.0,1.0,0.225,13.0,9.0,2.358,17.0,0.0,0.428,0.225,2.58,3,1.0,13.0,synthetic_generator,demo_gen_seed42,SYNTHETIC,true,false,42,generator-synthetic-v1.0.0,synthetic-v1.0.0,2026-05-31
SYN_T0038,11,C11,DEP_03,UP_02,2026-05,2026-05-31,3.13,3.0,5.0,1.003,4.0,3.0,3.0,4.0,-1.0,0.0,1.0,0.0,0.0,0.3,0,0,3.5,3.0,4.0,0.0,0.0,5.0,7.0,0.538,6.0,1.0,0.783,17.0,9.0,2.263,17.0,0.0,0.877,0.783,2.863,6,0.0,17.0,synthetic_generator,demo_gen_seed42,SYNTHETIC,true,false,42,generator-synthetic-v1.0.0,synthetic-v1.0.0,2026-05-31
SYN_T0040,4,C4,DEP_05,UP_04,2026-05,2026-05-31,1.55,2.0,4.0,3.007,2.0,2.0,2.0,2.0,0.0,0.0,0.0,0.0,92.0,0.1,0,1,2.0,2.0,2.0,0.0,0.0,2.0,8.0,0.615,2.0,0.0,0.76,17.0,6.0,3.176,17.0,3.022,0.553,0.76,3.327,2,17.0,17.0,synthetic_generator,demo_gen_seed42,SYNTHETIC,true,false,42,generator-synthetic-v1.0.0,synthetic-v1.0.0,2026-05-31
SYN_T0041,5,C5,DEP_01,UP_05,2026-05,2026-05-31,2.52,3.0,5.0,1.998,3.0,3.0,3.0,3.0,0.0,0.0,0.0,0.0,273.0,0.15,0,1,3.0,3.0,3.0,0.0,0.0,3.0,7.0,0.538,3.0,1.0,0.638,17.0,7.0,3.11,17.0,8.968,0.594,0.638,3.648,3,7.0,17.0,synthetic_generator,demo_gen_seed42,SYNTHETIC,true,false,42,generator-synthetic-v1.0.0,synthetic-v1.0.0,2026-05-31
SYN_T0042,10,C10,DEP_02,UP_06,2026-05,2026-05-31,2.95,2.0,4.0,1.054,3.0,3.0,3.0,3.0,0.0,0.0,0.0,0.0,365.0,0.05,1,1,3.0,3.0,3.0,0.0,0.0,4.0,6.0,0.462,1.0,1.0,0.449,17.0,6.0,3.013,17.0,11.991,0.372,0.449,3.096,1,19.0,17.0,synthetic_generator,demo_gen_seed42,SYNTHETIC,true,false,42,generator-synthetic-v1.0.0,synthetic-v1.0.0,2026-05-31
SYN_T0047,7,C7,DEP_02,UP_11,2026-05,2026-05-31,2.27,2.0,4.0,1.04,3.0,3.0,3.0,3.0,0.0,0.0,0.0,0.0,0.0,0.2,0,1,3.0,3.0,3.0,0.0,0.0,5.0,7.0,0.538,4.0,1.0,0.728,17.0,11.0,3.255,17.0,0.0,0.728,0.728,2.761,4,11.0,17.0,synthetic_generator,demo_gen_seed42,SYNTHETIC,true,false,42,generator-synthetic-v1.0.0,synthetic-v1.0.0,2026-05-31
SYN_T0049,2,C2,DEP_04,UP_01,2026-05,2026-05-31,2.33,3.0,5.0,1.977,3.0,3.0,3.0,3.0,0.0,0.0,0.0,0.0,0.0,0.3,0,1,3.0,3.0,3.0,0.0,0.0,4.0,8.0,0.615,6.0,0.0,0.729,17.0,10.0,3.053,17.0,0.0,0.672,0.729,3.709,6,4.0,17.0,synthetic_generator,demo_gen_seed42,SYNTHETIC,true,false,42,generator-synthetic-v1.0.0,synthetic-v1.0.0,2026-05-31
SYN_T0049,11,C11,DEP_04,UP_01,2026-05,2026-05-31,2.75,3.0,5.0,1.036,3.0,3.0,3.0,3.0,0.0,0.0,0.0,0.0,0.0,0.1,0,1,3.0,3.0,3.0,0.0,0.0,5.0,8.0,0.615,2.0,0.0,0.58,17.0,10.0,3.053,17.0,0.0,0.491,0.58,3.709,2,16.0,17.0,synthetic_generator,demo_gen_seed42,SYNTHETIC,true,false,42,generator-synthetic-v1.0.0,synthetic-v1.0.0,2026-05-31
SYN_T0050,12,C12,DEP_05,UP_02,2026-05,2026-05-31,2.78,1.0,3.0,0.0,4.0,4.0,4.0,4.0,0.0,0.0,0.0,0.0,61.0,0.15,1,1,4.0,4.0,4.0,0.0,0.0,2.0,6.0,0.462,3.0,1.0,0.253,0.0,0.0,2.748,17.0,2.004,0.544,0.253,2.882,3,3.0,0.0,synthetic_generator,demo_gen_seed42,SYNTHETIC,true,false,42,generator-synthetic-v1.0.0,synthetic-v1.0.0,2026-05-31
SYN_T0051,10,C10,DEP_01,UP_03,2026-05,2026-05-31,2.0,2.0,4.0,2.252,2.0,2.0,2.0,2.0,0.0,0.0,0.0,0.0,31.0,0.05,1,1,2.0,2.0,2.0,0.0,0.0,4.0,6.0,0.462,1.0,0.0,0.433,17.0,8.0,2.85,17.0,1.018,0.396,0.433,2.73,1,8.0,17.0,synthetic_generator,demo_gen_seed42,SYNTHETIC,true,false,42,generator-synthetic-v1.0.0,synthetic-v1.0.0,2026-05-31
SYN_T0051,13,C13,DEP_01,UP_03,2026-05,2026-05-31,3.47,2.0,4.0,0.0,4.0,5.0,4.0,4.0,1.0,-1.0,0.0,0.0,61.0,0.25,0,0,4.25,4.0,5.0,1.0,0.0,3.0,6.0,0.462,5.0,0.0,0.53,1.0,1.0,2.85,17.0,2.004,0.636,0.53,2.73,5,1.0,1.0,synthetic_generator,demo_gen_seed42,SYNTHETIC,true,false,42,generator-synthetic-v1.0.0,synthetic-v1.0.0,2026-05-31
SYN_T0053,10,C10,DEP_03,UP_05,2026-05,2026-05-31,1.45,2.0,4.0,1.006,2.0,2.0,2.0,2.0,0.0,0.0,0.0,0.0,0.0,0.05,0,1,2.0,2.0,2.0,0.0,0.0,4.0,9.0,0.692,1.0,1.0,0.697,17.0,10.0,2.096,17.0,0.0,0.354,0.697,,1,19.0,17.0,synthetic_generator,demo_gen_seed42,SYNTHETIC,true,false,42,generator-synthetic-v1.0.0,synthetic-v1.0.0,2026-05-31
SYN_T0054,8,C8,DEP_04,UP_06,2026-05,2026-05-31,3.22,3.0,5.0,0.0,5.0,5.0,5.0,5.0,0.0,0.0,0.0,0.0,61.0,0.1,1,1,5.0,5.0,5.0,4.0,0.0,2.0,5.0,0.385,2.0,0.0,0.47,0.0,0.0,2.582,17.0,2.004,0.444,0.47,2.81,2,19.0,0.0,synthetic_generator,demo_gen_seed42,SYNTHETIC,true,false,42,generator-synthetic-v1.0.0,synthetic-v1.0.0,2026-05-31
SYN_T0056,2,C2,DEP_01,UP_08,2026-05,2026-05-31,4.49,3.0,5.0,0.0,5.0,5.0,5.0,5.0,0.0,0.0,0.0,0.0,243.0,0.05,0,1,5.0,5.0,5.0,4.0,0.0,4.0,8.0,0.615,1.0,2.0,0.716,9.0,3.0,2.421,17.0,7.983,0.421,0.716,2.553,1,7.0,9.0,synthetic_generator,demo_gen_seed42,SYNTHETIC,true,false,42,generator-synthetic-v1.0.0,synthetic-v1.0.0,2026-05-31
SYN_T0058,9,C9,DEP_03,UP_10,2026-05,2026-05-31,2.15,1.0,3.0,0.171,3.0,3.0,3.0,3.0,0.0,0.0,0.0,0.0,31.0,0.15,1,1,3.0,3.0,3.0,0.0,0.0,3.0,7.0,0.538,3.0,0.0,0.376,0.0,0.0,3.588,17.0,1.018,0.534,0.376,3.493,3,19.0,0.0,synthetic_generator,demo_gen_seed42,SYNTHETIC,true,false,42,generator-synthetic-v1.0.0,synthetic-v1.0.0,2026-05-31
SYN_T0059,12,C12,DEP_04,UP_11,2026-05,2026-05-31,2.56,1.0,3.0,0.0,3.0,3.0,3.0,3.0,0.0,0.0,0.0,0.0,0.0,0.1,0,1,3.0,3.0,3.0,0.0,0.0,2.0,7.0,0.538,2.0,0.0,0.799,0.0,0.0,2.487,17.0,0.0,0.471,0.799,2.531,2,19.0,0.0,synthetic_generator,demo_gen_seed42,SYNTHETIC,true,false,42,generator-synthetic-v1.0.0,synthetic-v1.0.0,2026-05-31
SYN_T0060,5,C5,DEP_05,UP_12,2026-05,2026-05-31,3.81,3.0,5.0,0.067,5.0,5.0,5.0,5.0,0.0,0.0,0.0,0.0,61.0,0.1,1,1,5.0,5.0,5.0,4.0,0.0,3.0,6.0,0.462,2.0,0.0,0.429,12.0,7.0,3.153,17.0,2.004,0.454,0.429,3.161,2,4.0,12.0,synthetic_generator,demo_gen_seed42,SYNTHETIC,true,false,42,generator-synthetic-v1.0.0,synthetic-v1.0.0,2026-05-31
SYN_T0063,7,C7,DEP_03,UP_03,2026-05,2026-05-31,3.55,2.0,4.0,0.0,5.0,4.0,4.0,4.0,-1.0,0.0,0.0,-0.333,243.0,0.2,0,0,4.25,4.0,5.0,1.0,0.0,5.0,7.0,0.538,4.0,0.0,0.653,2.0,0.0,2.828,17.0,7.983,0.809,0.653,2.897,4,2.0,2.0,synthetic_generator,demo_gen_seed42,SYNTHETIC,true,false,42,generator-synthetic-v1.0.0,synthetic-v1.0.0,2026-05-31
SYN_T0063,11,C11,DEP_03,UP_03,2026-05,2026-05-31,2.8,3.0,5.0,1.26,4.0,4.0,3.0,3.0,0.0,-1.0,0.0,-0.333,0.0,0.05,1,0,3.5,3.0,4.0,0.0,0.0,5.0,7.0,0.538,1.0,0.0,0.45,17.0,14.0,2.828,17.0,0.0,0.49,0.45,2.897,1,1.0,17.0,synthetic_generator,demo_gen_seed42,SYNTHETIC,true,false,42,generator-synthetic-v1.0.0,synthetic-v1.0.0,2026-05-31
SYN_T0065,6,C6,DEP_05,UP_05,2026-05,2026-05-31,1.39,1.0,3.0,0.699,2.0,2.0,2.0,2.0,0.0,0.0,0.0,0.0,0.0,0.1,0,1,2.0,2.0,2.0,0.0,0.0,4.0,10.0,0.769,2.0,1.0,0.628,17.0,12.0,3.057,17.0,0.0,0.451,0.628,3.175,2,19.0,17.0,synthetic_generator,demo_gen_seed42,SYNTHETIC,true,false,42,generator-synthetic-v1.0.0,synthetic-v1.0.0,2026-05-31
SYN_T0066,6,C6,DEP_01,UP_06,2026-05,2026-05-31,4.3,1.0,3.0,0.0,5.0,5.0,5.0,5.0,0.0,0.0,0.0,0.0,182.0,0.2,1,1,5.0,5.0,5.0,4.0,0.0,4.0,7.0,0.538,4.0,1.0,0.477,0.0,0.0,3.142,17.0,5.979,0.567,0.477,3.894,4,11.0,0.0,synthetic_generator,demo_gen_seed42,SYNTHETIC,true,false,42,generator-synthetic-v1.0.0,synthetic-v1.0.0,2026-05-31
SYN_T0069,10,C10,DEP_04,UP_09,2026-05,2026-05-31,3.07,2.0,4.0,0.0,5.0,5.0,5.0,5.0,0.0,0.0,0.0,0.0,120.0,0.2,1,1,5.0,5.0,5.0,4.0,0.0,4.0,7.0,0.538,4.0,0.0,0.337,3.0,2.0,3.211,17.0,3.942,0.628,0.337,3.709,4,6.0,3.0,synthetic_generator,demo_gen_seed42,SYNTHETIC,true,false,42,generator-synthetic-v1.0.0,synthetic-v1.0.0,2026-05-31
SYN_T0070,6,C6,DEP_05,UP_10,2026-05,2026-05-31,2.03,1.0,3.0,0.122,3.0,3.0,3.0,3.0,0.0,0.0,0.0,0.0,31.0,0.1,0,1,3.0,3.0,3.0,0.0,0.0,4.0,6.0,0.462,2.0,0.0,0.594,9.0,6.0,2.802,17.0,1.018,0.603,0.594,2.797,2,7.0,9.0,synthetic_generator,demo_gen_seed42,SYNTHETIC,true,false,42,generator-synthetic-v1.0.0,synthetic-v1.0.0,2026-05-31
SYN_T0073,1,C1,DEP_03,UP_01,2026-05,2026-05-31,3.27,2.0,4.0,0.0,3.0,3.0,3.0,4.0,0.0,0.0,1.0,0.333,151.0,0.05,1,0,3.25,3.0,4.0,0.0,0.0,3.0,7.0,0.538,1.0,0.0,0.439,15.0,9.0,2.411,17.0,4.961,0.551,0.439,2.279,1,0.0,15.0,synthetic_generator,demo_gen_seed42,SYNTHETIC,true,false,42,generator-synthetic-v1.0.0,synthetic-v1.0.0,2026-05-31
SYN_T0073,4,C4,DEP_03,UP_01,2026-05,2026-05-31,3.4,2.0,4.0,0.064,3.0,4.0,4.0,4.0,1.0,0.0,0.0,0.333,61.0,0.1,1,0,3.75,3.0,4.0,0.0,0.0,2.0,7.0,0.538,2.0,0.0,0.49,14.0,8.0,2.411,17.0,2.004,0.565,0.49,2.279,2,2.0,14.0,synthetic_generator,demo_gen_seed42,SYNTHETIC,true,false,42,generator-synthetic-v1.0.0,synthetic-v1.0.0,2026-05-31
SYN_T0074,1,C1,DEP_04,UP_02,2026-05,2026-05-31,3.8,2.0,4.0,0.0,4.0,5.0,5.0,5.0,1.0,0.0,0.0,0.333,0.0,0.25,0,0,4.75,4.0,5.0,3.0,0.0,3.0,9.0,0.692,5.0,0.0,0.619,0.0,0.0,2.992,17.0,0.0,0.763,0.619,2.771,5,2.0,0.0,synthetic_generator,demo_gen_seed42,SYNTHETIC,true,false,42,generator-synthetic-v1.0.0,synthetic-v1.0.0,2026-05-31
SYN_T0075,2,C2,DEP_05,UP_03,2026-05,2026-05-31,3.06,3.0,5.0,0.0,5.0,5.0,5.0,5.0,0.0,0.0,0.0,0.0,212.0,0.1,0,1,5.0,5.0,5.0,4.0,0.0,4.0,6.0,0.462,2.0,0.0,0.601,7.0,3.0,2.793,17.0,6.965,0.553,0.601,2.932,2,9.0,7.0,synthetic_generator,demo_gen_seed42,SYNTHETIC,true,false,42,generator-synthetic-v1.0.0,synthetic-v1.0.0,2026-05-31
SYN_T0076,7,C7,DEP_01,UP_04,2026-05,2026-05-31,2.65,2.0,4.0,0.0,5.0,5.0,5.0,4.0,0.0,0.0,-1.0,-0.333,151.0,0.3,0,0,4.75,4.0,5.0,3.0,0.0,5.0,8.0,0.615,6.0,0.0,0.724,4.0,3.0,3.061,17.0,4.961,0.767,0.724,2.762,6,0.0,4.0,synthetic_generator,demo_gen_seed42,SYNTHETIC,true,false,42,generator-synthetic-v1.0.0,synthetic-v1.0.0,2026-05-31
SYN_T0082,12,C12,DEP_02,UP_10,2026-05,2026-05-31,2.79,1.0,3.0,0.0,4.0,4.0,4.0,4.0,0.0,0.0,0.0,0.0,182.0,0.1,0,1,4.0,4.0,4.0,0.0,0.0,2.0,7.0,0.538,2.0,1.0,0.564,0.0,0.0,2.364,17.0,5.979,0.477,0.564,2.554,2,13.0,0.0,synthetic_generator,demo_gen_seed42,SYNTHETIC,true,false,42,generator-synthetic-v1.0.0,synthetic-v1.0.0,2026-05-31
SYN_T0083,12,C12,DEP_03,UP_11,2026-05,2026-05-31,4.05,1.0,3.0,0.0,5.0,5.0,5.0,5.0,0.0,0.0,0.0,0.0,335.0,0.1,0,1,5.0,5.0,5.0,4.0,0.0,2.0,7.0,0.538,2.0,0.0,0.637,0.0,0.0,2.586,17.0,11.005,0.606,0.637,2.767,2,11.0,0.0,synthetic_generator,demo_gen_seed42,SYNTHETIC,true,false,42,generator-synthetic-v1.0.0,synthetic-v1.0.0,2026-05-31
SYN_T0084,5,C5,DEP_04,UP_12,2026-05,2026-05-31,3.4,3.0,5.0,0.861,3.0,4.0,4.0,4.0,1.0,0.0,0.0,0.333,396.0,0.1,0,0,3.75,3.0,4.0,0.0,0.0,3.0,7.0,0.538,2.0,0.0,0.852,17.0,11.0,2.607,17.0,13.0,0.84,0.852,2.981,2,2.0,17.0,synthetic_generator,demo_gen_seed42,SYNTHETIC,true,false,42,generator-synthetic-v1.0.0,synthetic-v1.0.0,2026-05-31
SYN_T0086,5,C5,DEP_01,UP_02,2026-05,2026-05-31,2.67,3.0,5.0,3.243,3.0,3.0,3.0,3.0,0.0,0.0,0.0,0.0,61.0,0.15,0,1,3.0,3.0,3.0,0.0,0.0,3.0,8.0,0.615,3.0,0.0,0.858,17.0,13.0,2.825,17.0,2.004,0.687,0.858,2.869,3,19.0,17.0,synthetic_generator,demo_gen_seed42,SYNTHETIC,true,false,42,generator-synthetic-v1.0.0,synthetic-v1.0.0,2026-05-31
SYN_T0086,7,C7,DEP_01,UP_02,2026-05,2026-05-31,1.09,2.0,4.0,2.042,2.0,2.0,2.0,2.0,0.0,0.0,0.0,0.0,92.0,0.1,0,1,2.0,2.0,2.0,0.0,0.0,5.0,8.0,0.615,2.0,0.0,0.685,17.0,9.0,2.825,17.0,3.022,0.417,0.685,2.869,2,11.0,17.0,synthetic_generator,demo_gen_seed42,SYNTHETIC,true,false,42,generator-synthetic-v1.0.0,synthetic-v1.0.0,2026-05-31
SYN_T0087,5,C5,DEP_02,UP_03,2026-05,2026-05-31,2.48,3.0,5.0,1.697,3.0,3.0,3.0,3.0,0.0,0.0,0.0,0.0,92.0,0.2,0,1,3.0,3.0,3.0,0.0,0.0,3.0,7.0,0.538,4.0,0.0,0.525,17.0,11.0,2.448,17.0,3.022,0.562,0.525,2.798,4,11.0,17.0,synthetic_generator,demo_gen_seed42,SYNTHETIC,true,false,42,generator-synthetic-v1.0.0,synthetic-v1.0.0,2026-05-31
SYN_T0090,6,C6,DEP_05,UP_06,2026-05,2026-05-31,2.11,1.0,3.0,0.849,2.0,2.0,2.0,2.0,0.0,0.0,0.0,0.0,999.0,0.0,1,1,2.0,2.0,2.0,0.0,0.0,4.0,7.0,0.538,0.0,1.0,0.125,17.0,10.0,2.9,17.0,13.0,0.24,0.125,3.222,0,3.0,17.0,synthetic_generator,demo_gen_seed42,SYNTHETIC,true,false,42,generator-synthetic-v1.0.0,synthetic-v1.0.0,2026-05-31
SYN_T0093,3,C3,DEP_03,UP_09,2026-05,2026-05-31,2.17,1.0,3.0,0.0,2.0,2.0,2.0,2.0,0.0,0.0,0.0,0.0,61.0,0.3,0,1,2.0,2.0,2.0,0.0,0.0,5.0,6.0,0.462,6.0,1.0,0.581,17.0,12.0,2.812,17.0,2.004,0.62,0.581,2.76,6,11.0,17.0,synthetic_generator,demo_gen_seed42,SYNTHETIC,true,false,42,generator-synthetic-v1.0.0,synthetic-v1.0.0,2026-05-31
SYN_T0094,6,C6,DEP_04,UP_10,2026-05,2026-05-31,2.43,1.0,3.0,0.74,3.0,3.0,3.0,3.0,0.0,0.0,0.0,0.0,92.0,0.3,1,1,3.0,3.0,3.0,0.0,0.0,4.0,7.0,0.538,6.0,0.0,0.362,13.0,6.0,2.665,17.0,3.022,0.561,0.362,2.879,6,3.0,13.0,synthetic_generator,demo_gen_seed42,SYNTHETIC,true,false,42,generator-synthetic-v1.0.0,synthetic-v1.0.0,2026-05-31
SYN_T0096,9,C9,DEP_01,UP_12,2026-05,2026-05-31,3.67,1.0,3.0,0.0,5.0,5.0,5.0,5.0,0.0,0.0,0.0,0.0,212.0,0.25,0,1,5.0,5.0,5.0,4.0,0.0,3.0,6.0,0.462,5.0,0.0,0.616,0.0,0.0,1.942,17.0,6.965,0.611,0.616,2.216,5,14.0,0.0,synthetic_generator,demo_gen_seed42,SYNTHETIC,true,false,42,generator-synthetic-v1.0.0,synthetic-v1.0.0,2026-05-31
SYN_T0097,10,C10,DEP_02,UP_01,2026-05,2026-05-31,2.0,2.0,4.0,1.955,2.0,2.0,2.0,2.0,0.0,0.0,0.0,0.0,61.0,0.1,1,1,2.0,2.0,2.0,0.0,0.0,4.0,8.0,0.615,2.0,1.0,0.413,17.0,11.0,2.185,17.0,2.004,0.468,0.413,2.386,2,19.0,17.0,synthetic_generator,demo_gen_seed42,SYNTHETIC,true,false,42,generator-synthetic-v1.0.0,synthetic-v1.0.0,2026-05-31
SYN_T0099,6,C6,DEP_04,UP_03,2026-05,2026-05-31,2.84,1.0,3.0,0.0,3.0,2.0,2.0,3.0,-1.0,0.0,1.0,0.0,0.0,0.15,0,0,2.5,2.0,3.0,0.0,0.0,4.0,9.0,0.692,3.0,1.0,0.763,2.0,2.0,2.913,17.0,0.0,0.861,0.763,2.753,3,0.0,2.0,synthetic_generator,demo_gen_seed42,SYNTHETIC,true,false,42,generator-synthetic-v1.0.0,synthetic-v1.0.0,2026-05-31
SYN_T0099,13,C13,DEP_04,UP_03,2026-05,2026-05-31,4.02,2.0,4.0,0.0,5.0,5.0,5.0,5.0,0.0,0.0,0.0,0.0,61.0,0.4,0,1,5.0,5.0,5.0,4.0,0.0,3.0,9.0,0.692,8.0,0.0,0.666,1.0,1.0,2.913,17.0,2.004,0.724,0.666,2.753,8,7.0,1.0,synthetic_generator,demo_gen_seed42,SYNTHETIC,true,false,42,generator-synthetic-v1.0.0,synthetic-v1.0.0,2026-05-31
SYN_T0004,1,C1,DEP_04,UP_04,2026-06,2026-06-30,2.64,2.0,4.0,1.104,3.0,3.0,3.0,3.0,0.0,0.0,0.0,0.0,150.0,0.095,0,1,3.0,3.0,3.0,0.0,0.0,3.0,7.0,0.538,2.0,0.0,0.516,18.0,9.0,3.13,18.0,4.928,0.564,0.516,3.575,2,7.0,18.0,synthetic_generator,demo_gen_seed42,SYNTHETIC,true,false,42,generator-synthetic-v1.0.0,synthetic-v1.0.0,2026-06-30
SYN_T0005,3,C3,DEP_05,UP_05,2026-06,2026-06-30,3.56,1.0,3.0,0.0,5.0,5.0,5.0,5.0,0.0,0.0,0.0,0.0,303.0,0.095,1,1,5.0,5.0,5.0,4.0,0.0,5.0,8.0,0.615,2.0,0.0,0.303,0.0,0.0,1.575,18.0,9.954,0.224,1.5,1.958,2,15.0,0.0,synthetic_generator,demo_gen_seed42,SYNTHETIC,true,false,42,generator-synthetic-v1.0.0,synthetic-v1.0.0,2026-06-30
SYN_T0007,13,C13,DEP_02,UP_07,2026-06,2026-06-30,2.45,2.0,4.0,0.0,4.0,4.0,3.0,3.0,0.0,-1.0,0.0,-0.333,30.0,0.143,1,0,3.5,3.0,4.0,0.0,0.0,3.0,7.0,0.538,3.0,1.0,0.388,2.0,2.0,2.871,18.0,0.986,0.688,0.388,2.477,3,1.0,2.0,synthetic_generator,demo_gen_seed42,SYNTHETIC,true,false,42,generator-synthetic-v1.0.0,synthetic-v1.0.0,2026-06-30
SYN_T0008,11,C11,DEP_03,UP_08,2026-06,2026-06-30,2.96,3.0,5.0,5.7,3.0,3.0,3.0,3.0,0.0,0.0,0.0,0.0,242.0,0.048,0,1,3.0,3.0,3.0,0.0,0.0,5.0,8.0,0.615,1.0,1.0,0.565,18.0,10.0,2.552,18.0,7.95,0.431,0.565,2.852,1,8.0,18.0,synthetic_generator,demo_gen_seed42,SYNTHETIC,true,false,42,generator-synthetic-v1.0.0,synthetic-v1.0.0,2026-06-30
SYN_T0009,12,C12,DEP_04,UP_09,2026-06,2026-06-30,4.19,1.0,3.0,0.0,5.0,5.0,4.0,5.0,0.0,-1.0,1.0,0.0,0.0,0.286,0,0,4.75,4.0,5.0,3.0,0.0,2.0,7.0,0.538,6.0,0.0,0.872,0.0,0.0,2.742,18.0,0.0,0.947,0.872,3.447,6,0.0,0.0,synthetic_generator,demo_gen_seed42,SYNTHETIC,true,false,42,generator-synthetic-v1.0.0,synthetic-v1.0.0,2026-06-30
SYN_T0010,11,C11,DEP_05,UP_10,2026-06,2026-06-30,3.97,3.0,5.0,0.0,4.0,5.0,5.0,5.0,1.0,0.0,0.0,0.333,0.0,0.095,1,0,4.75,4.0,5.0,3.0,0.0,5.0,7.0,0.538,2.0,0.0,0.32,10.0,8.0,2.198,18.0,0.0,0.595,0.32,2.229,2,2.0,10.0,synthetic_generator,demo_gen_seed42,SYNTHETIC,true,false,42,generator-synthetic-v1.0.0,synthetic-v1.0.0,2026-06-30
SYN_T0012,2,C2,DEP_02,UP_12,2026-06,2026-06-30,3.84,3.0,5.0,0.005,5.0,5.0,5.0,5.0,0.0,0.0,0.0,0.0,303.0,0.143,0,1,5.0,5.0,5.0,4.0,0.0,4.0,7.0,0.538,3.0,0.0,0.528,5.0,4.0,3.267,18.0,9.954,0.652,0.528,3.02,3,12.0,5.0,synthetic_generator,demo_gen_seed42,SYNTHETIC,true,false,42,generator-synthetic-v1.0.0,synthetic-v1.0.0,2026-06-30
SYN_T0013,3,C3,DEP_03,UP_01,2026-06,2026-06-30,2.17,1.0,3.0,0.103,3.0,3.0,3.0,3.0,0.0,0.0,0.0,0.0,122.0,0.143,0,1,3.0,3.0,3.0,0.0,0.0,5.0,7.0,0.538,3.0,0.0,0.721,8.0,6.0,2.769,18.0,4.008,0.662,0.721,3.007,3,7.0,8.0,synthetic_generator,demo_gen_seed42,SYNTHETIC,true,false,42,generator-synthetic-v1.0.0,synthetic-v1.0.0,2026-06-30
SYN_T0015,6,C6,DEP_05,UP_03,2026-06,2026-06-30,1.66,1.0,3.0,1.191,2.0,2.0,2.0,2.0,0.0,0.0,0.0,0.0,61.0,0.143,0,1,2.0,2.0,2.0,0.0,0.0,4.0,8.0,0.615,3.0,1.0,0.774,18.0,14.0,3.03,18.0,2.004,0.717,0.774,3.67,3,20.0,18.0,synthetic_generator,demo_gen_seed42,SYNTHETIC,true,false,42,generator-synthetic-v1.0.0,synthetic-v1.0.0,2026-06-30
SYN_T0018,6,C6,DEP_03,UP_06,2026-06,2026-06-30,2.14,1.0,3.0,0.371,3.0,3.0,3.0,3.0,0.0,0.0,0.0,0.0,456.0,0.143,0,1,3.0,3.0,3.0,0.0,0.0,4.0,6.0,0.462,3.0,0.0,0.545,0.0,0.0,2.211,18.0,13.0,0.534,0.545,2.04,3,9.0,0.0,synthetic_generator,demo_gen_seed42,SYNTHETIC,true,false,42,generator-synthetic-v1.0.0,synthetic-v1.0.0,2026-06-30
SYN_T0024,9,C9,DEP_04,UP_12,2026-06,2026-06-30,2.92,1.0,3.0,0.0,4.0,4.0,4.0,4.0,0.0,0.0,0.0,0.0,122.0,0.143,0,1,4.0,4.0,4.0,0.0,0.0,3.0,7.0,0.538,3.0,0.0,0.887,0.0,0.0,2.642,18.0,4.008,0.739,0.887,2.91,3,7.0,0.0,synthetic_generator,demo_gen_seed42,SYNTHETIC,true,false,42,generator-synthetic-v1.0.0,synthetic-v1.0.0,2026-06-30
SYN_T0028,8,C8,DEP_03,UP_04,2026-06,2026-06-30,2.91,3.0,5.0,1.709,4.0,4.0,4.0,4.0,0.0,0.0,0.0,0.0,334.0,0.143,1,1,4.0,4.0,4.0,0.0,0.0,2.0,7.0,0.538,3.0,0.0,0.453,18.0,10.0,2.85,18.0,10.972,0.453,0.453,2.776,3,11.0,18.0,synthetic_generator,demo_gen_seed42,SYNTHETIC,true,false,42,generator-synthetic-v1.0.0,synthetic-v1.0.0,2026-06-30
SYN_T0030,10,C10,DEP_05,UP_06,2026-06,2026-06-30,2.93,2.0,4.0,1.058,3.0,3.0,3.0,3.0,0.0,0.0,0.0,0.0,273.0,0.143,1,1,3.0,3.0,3.0,0.0,0.0,4.0,8.0,0.615,3.0,0.0,0.416,17.0,12.0,2.97,18.0,8.968,0.445,0.416,3.35,3,8.0,17.0,synthetic_generator,demo_gen_seed42,SYNTHETIC,true,false,42,generator-synthetic-v1.0.0,synthetic-v1.0.0,2026-06-30
SYN_T0031,8,C8,DEP_01,UP_07,2026-06,2026-06-30,2.7,3.0,5.0,1.92,4.0,4.0,3.0,3.0,0.0,-1.0,0.0,-0.333,30.0,0.238,0,0,3.5,3.0,4.0,0.0,0.0,2.0,7.0,0.538,5.0,1.0,0.526,18.0,10.0,3.803,18.0,0.986,0.73,0.526,3.832,5,1.0,18.0,synthetic_generator,demo_gen_seed42,SYNTHETIC,true,false,42,generator-synthetic-v1.0.0,synthetic-v1.0.0,2026-06-30
SYN_T0031,13,C13,DEP_01,UP_07,2026-06,2026-06-30,3.81,2.0,4.0,0.0,4.0,4.0,4.0,4.0,0.0,0.0,0.0,0.0,91.0,0.143,0,1,4.0,4.0,4.0,0.0,0.0,3.0,7.0,0.538,3.0,1.0,0.65,13.0,6.0,3.803,18.0,2.989,0.752,0.65,3.832,3,3.0,13.0,synthetic_generator,demo_gen_seed42,SYNTHETIC,true,false,42,generator-synthetic-v1.0.0,synthetic-v1.0.0,2026-06-30
SYN_T0035,5,C5,DEP_05,UP_11,2026-06,2026-06-30,3.83,3.0,5.0,0.0,4.0,4.0,4.0,4.0,0.0,0.0,0.0,0.0,181.0,0.143,0,1,4.0,4.0,4.0,0.0,0.0,3.0,8.0,0.615,3.0,0.0,0.842,16.0,11.0,3.17,18.0,5.946,0.754,0.842,3.28,3,4.0,16.0,synthetic_generator,demo_gen_seed42,SYNTHETIC,true,false,42,generator-synthetic-v1.0.0,synthetic-v1.0.0,2026-06-30
SYN_T0037,7,C7,DEP_02,UP_01,2026-06,2026-06-30,2.83,2.0,4.0,0.0,4.0,4.0,4.0,4.0,0.0,0.0,0.0,0.0,122.0,0.238,0,1,4.0,4.0,4.0,0.0,0.0,5.0,8.0,0.615,5.0,0.0,0.694,11.0,5.0,2.57,18.0,4.008,0.788,0.694,2.472,5,6.0,11.0,synthetic_generator,demo_gen_seed42,SYNTHETIC,true,false,42,generator-synthetic-v1.0.0,synthetic-v1.0.0,2026-06-30
SYN_T0038,8,C8,DEP_03,UP_02,2026-06,2026-06-30,3.24,3.0,5.0,0.0,4.0,4.0,4.0,4.0,0.0,0.0,0.0,0.0,181.0,0.19,0,1,4.0,4.0,4.0,0.0,0.0,2.0,7.0,0.538,4.0,0.0,0.925,18.0,12.0,2.271,18.0,5.946,0.753,-0.05,2.417,4,9.0,18.0,synthetic_generator,demo_gen_seed42,SYNTHETIC,true,false,42,generator-synthetic-v1.0.0,synthetic-v1.0.0,2026-06-30
SYN_T0041,7,C7,DEP_01,UP_05,2026-06,2026-06-30,3.17,2.0,4.0,0.123,4.0,4.0,4.0,4.0,0.0,0.0,0.0,0.0,181.0,0.238,0,1,4.0,4.0,4.0,0.0,0.0,5.0,7.0,0.538,5.0,0.0,0.624,0.0,0.0,3.136,18.0,5.946,0.69,0.624,3.566,5,5.0,0.0,synthetic_generator,demo_gen_seed42,SYNTHETIC,true,false,42,generator-synthetic-v1.0.0,synthetic-v1.0.0,2026-06-30
SYN_T0044,6,C6,DEP_04,UP_08,2026-06,2026-06-30,3.91,1.0,3.0,0.0,4.0,4.0,5.0,5.0,0.0,1.0,0.0,0.333,30.0,0.286,0,0,4.5,4.0,5.0,2.0,0.0,4.0,10.0,0.769,6.0,0.0,0.825,0.0,0.0,2.924,18.0,0.986,0.824,0.825,3.147,6,1.0,0.0,synthetic_generator,demo_gen_seed42,SYNTHETIC,true,false,42,generator-synthetic-v1.0.0,synthetic-v1.0.0,2026-06-30
SYN_T0045,7,C7,DEP_05,UP_09,2026-06,2026-06-30,2.86,2.0,4.0,0.106,3.0,3.0,4.0,4.0,0.0,1.0,0.0,0.333,0.0,0.286,1,0,3.5,3.0,4.0,0.0,0.0,5.0,8.0,0.615,6.0,1.0,0.346,12.0,5.0,2.841,18.0,0.0,0.359,0.346,2.718,6,1.0,12.0,synthetic_generator,demo_gen_seed42,SYNTHETIC,true,false,42,generator-synthetic-v1.0.0,synthetic-v1.0.0,2026-06-30
SYN_T0047,2,C2,DEP_02,UP_11,2026-06,2026-06-30,2.64,3.0,5.0,2.046,3.0,3.0,3.0,3.0,0.0,0.0,0.0,0.0,212.0,0.143,0,1,3.0,3.0,3.0,0.0,0.0,4.0,7.0,0.538,3.0,0.0,0.557,18.0,12.0,3.253,18.0,6.965,0.657,0.557,3.219,3,3.0,18.0,synthetic_generator,demo_gen_seed42,SYNTHETIC,true,false,42,generator-synthetic-v1.0.0,synthetic-v1.0.0,2026-06-30
SYN_T0048,2,C2,DEP_03,UP_12,2026-06,2026-06-30,3.89,3.0,5.0,0.0,4.0,4.0,5.0,5.0,0.0,1.0,0.0,0.333,30.0,0.19,0,0,4.5,4.0,5.0,2.0,0.0,4.0,7.0,0.538,4.0,2.0,0.835,16.0,11.0,2.953,18.0,0.986,0.955,0.835,3.011,4,1.0,16.0,synthetic_generator,demo_gen_seed42,SYNTHETIC,true,false,42,generator-synthetic-v1.0.0,synthetic-v1.0.0,2026-06-30
SYN_T0049,9,C9,DEP_04,UP_01,2026-06,2026-06-30,3.96,1.0,3.0,5.7,5.0,5.0,5.0,5.0,0.0,0.0,0.0,0.0,150.0,0.19,0,1,5.0,5.0,5.0,4.0,0.0,3.0,8.0,0.615,4.0,0.0,0.681,0.0,0.0,3.056,18.0,4.928,0.713,0.681,3.117,4,7.0,0.0,synthetic_generator,demo_gen_seed42,SYNTHETIC,true,false,42,generator-synthetic-v1.0.0,synthetic-v1.0.0,2026-06-30
SYN_T0052,6,C6,DEP_02,UP_04,2026-06,2026-06-30,2.24,1.0,3.0,0.0,3.0,3.0,3.0,3.0,0.0,0.0,0.0,0.0,999.0,0.0,1,1,3.0,3.0,3.0,0.0,0.0,4.0,6.0,0.462,0.0,1.0,0.075,0.0,0.0,3.064,18.0,13.0,0.167,0.075,3.567,0,20.0,0.0,synthetic_generator,demo_gen_seed42,SYNTHETIC,true,false,42,generator-synthetic-v1.0.0,synthetic-v1.0.0,2026-06-30
SYN_T0052,10,C10,DEP_02,UP_04,2026-06,2026-06-30,2.99,2.0,4.0,0.885,3.0,3.0,3.0,3.0,0.0,0.0,0.0,0.0,150.0,0.048,1,1,3.0,3.0,3.0,0.0,0.0,4.0,6.0,0.462,1.0,0.0,0.007,18.0,10.0,3.064,18.0,4.928,0.29,0.007,3.567,1,20.0,18.0,synthetic_generator,demo_gen_seed42,SYNTHETIC,true,false,42,generator-synthetic-v1.0.0,synthetic-v1.0.0,2026-06-30
SYN_T0057,12,C12,DEP_02,UP_09,2026-06,2026-06-30,2.9,1.0,3.0,0.0,3.0,3.0,3.0,3.0,0.0,0.0,0.0,0.0,30.0,0.143,0,1,3.0,3.0,3.0,0.0,0.0,2.0,6.0,0.462,3.0,1.0,0.578,2.0,2.0,2.656,18.0,0.986,0.507,0.578,2.301,3,11.0,2.0,synthetic_generator,demo_gen_seed42,SYNTHETIC,true,false,42,generator-synthetic-v1.0.0,synthetic-v1.0.0,2026-06-30
SYN_T0057,13,C13,DEP_02,UP_09,2026-06,2026-06-30,4.1,2.0,4.0,0.0,5.0,5.0,5.0,5.0,0.0,0.0,0.0,0.0,30.0,0.238,0,1,5.0,5.0,5.0,4.0,0.0,3.0,6.0,0.462,5.0,0.0,0.653,0.0,0.0,2.656,18.0,0.986,0.602,0.653,2.301,5,14.0,0.0,synthetic_generator,demo_gen_seed42,SYNTHETIC,true,false,42,generator-synthetic-v1.0.0,synthetic-v1.0.0,2026-06-30
SYN_T0058,9,C9,DEP_03,UP_10,2026-06,2026-06-30,2.15,1.0,3.0,0.0,3.0,3.0,3.0,3.0,0.0,0.0,0.0,0.0,61.0,0.143,0,1,3.0,3.0,3.0,0.0,0.0,3.0,7.0,0.538,3.0,0.0,0.582,0.0,0.0,3.602,18.0,2.004,0.547,0.582,3.828,3,20.0,0.0,synthetic_generator,demo_gen_seed42,SYNTHETIC,true,false,42,generator-synthetic-v1.0.0,synthetic-v1.0.0,2026-06-30
SYN_T0058,13,C13,DEP_03,UP_10,2026-06,2026-06-30,4.34,2.0,4.0,0.0,5.0,5.0,5.0,5.0,0.0,0.0,0.0,0.0,150.0,0.19,0,1,5.0,5.0,5.0,4.0,0.0,3.0,7.0,0.538,4.0,0.0,0.606,3.0,1.0,3.602,18.0,4.928,0.68,0.606,3.828,4,5.0,3.0,synthetic_generator,demo_gen_seed42,SYNTHETIC,true,false,42,generator-synthetic-v1.0.0,synthetic-v1.0.0,2026-06-30
SYN_T0059,11,C11,DEP_04,UP_11,2026-06,2026-06-30,2.94,3.0,5.0,2.985,2.0,2.0,2.0,2.0,0.0,0.0,0.0,0.0,181.0,0.19,0,1,2.0,2.0,2.0,0.0,0.0,5.0,7.0,0.538,4.0,1.0,0.601,18.0,13.0,2.482,18.0,5.946,0.62,0.601,2.397,4,20.0,18.0,synthetic_generator,demo_gen_seed42,SYNTHETIC,true,false,42,generator-synthetic-v1.0.0,synthetic-v1.0.0,2026-06-30
SYN_T0060,3,C3,DEP_05,UP_12,2026-06,2026-06-30,3.76,1.0,3.0,0.0,4.0,4.0,4.0,4.0,0.0,0.0,0.0,0.0,150.0,0.238,1,1,4.0,4.0,4.0,0.0,0.0,5.0,6.0,0.462,5.0,0.0,0.354,0.0,0.0,3.201,18.0,4.928,0.485,0.354,4.013,5,15.0,0.0,synthetic_generator,demo_gen_seed42,SYNTHETIC,true,false,42,generator-synthetic-v1.0.0,synthetic-v1.0.0,2026-06-30
SYN_T0061,9,C9,DEP_01,UP_01,2026-06,2026-06-30,3.83,1.0,3.0,0.0,5.0,5.0,5.0,5.0,0.0,0.0,0.0,0.0,0.0,0.238,0,1,5.0,5.0,5.0,4.0,0.0,3.0,7.0,0.538,5.0,2.0,0.557,0.0,0.0,1.965,18.0,0.0,0.664,0.557,2.262,5,14.0,0.0,synthetic_generator,demo_gen_seed42,SYNTHETIC,true,false,42,generator-synthetic-v1.0.0,synthetic-v1.0.0,2026-06-30
SYN_T0061,10,C10,DEP_01,UP_01,2026-06,2026-06-30,2.59,2.0,4.0,0.0,3.0,3.0,4.0,4.0,0.0,1.0,0.0,0.333,30.0,0.143,0,0,3.5,3.0,4.0,0.0,0.0,4.0,7.0,0.538,3.0,1.0,0.84,12.0,7.0,1.965,18.0,0.986,0.777,0.84,2.262,3,1.0,12.0,synthetic_generator,demo_gen_seed42,SYNTHETIC,true,false,42,generator-synthetic-v1.0.0,synthetic-v1.0.0,2026-06-30
SYN_T0062,1,C1,DEP_02,UP_02,2026-06,2026-06-30,2.77,2.0,4.0,0.034,4.0,4.0,4.0,4.0,0.0,0.0,0.0,0.0,91.0,0.19,0,1,4.0,4.0,4.0,0.0,0.0,3.0,6.0,0.462,4.0,0.0,0.518,2.0,2.0,2.594,18.0,2.989,0.566,0.518,2.965,4,15.0,2.0,synthetic_generator,demo_gen_seed42,SYNTHETIC,true,false,42,generator-synthetic-v1.0.0,synthetic-v1.0.0,2026-06-30
SYN_T0063,8,C8,DEP_03,UP_03,2026-06,2026-06-30,3.56,3.0,5.0,0.0,4.0,5.0,5.0,5.0,1.0,0.0,0.0,0.333,61.0,0.238,0,0,4.75,4.0,5.0,3.0,0.0,2.0,7.0,0.538,5.0,2.0,0.665,15.0,9.0,2.847,18.0,2.004,0.763,0.665,3.172,5,2.0,15.0,synthetic_generator,demo_gen_seed42,SYNTHETIC,true,false,42,generator-synthetic-v1.0.0,synthetic-v1.0.0,2026-06-30
SYN_T0065,5,C5,DEP_05,UP_05,2026-06,2026-06-30,3.9,3.0,5.0,0.0,5.0,5.0,5.0,5.0,0.0,0.0,0.0,0.0,303.0,0.095,0,1,5.0,5.0,5.0,4.0,0.0,3.0,10.0,0.769,2.0,0.0,0.5,8.0,6.0,3.108,18.0,9.954,0.497,0.5,3.969,2,9.0,8.0,synthetic_generator,demo_gen_seed42,SYNTHETIC,true,false,42,generator-synthetic-v1.0.0,synthetic-v1.0.0,2026-06-30
SYN_T0069,2,C2,DEP_04,UP_09,2026-06,2026-06-30,3.03,3.0,5.0,1.081,4.0,4.0,4.0,4.0,0.0,0.0,0.0,0.0,303.0,0.143,1,1,4.0,4.0,4.0,0.0,0.0,4.0,7.0,0.538,3.0,1.0,0.366,18.0,6.0,3.195,18.0,9.954,0.405,0.366,2.926,3,13.0,18.0,synthetic_generator,demo_gen_seed42,SYNTHETIC,true,false,42,generator-synthetic-v1.0.0,synthetic-v1.0.0,2026-06-30
SYN_T0071,4,C4,DEP_01,UP_11,2026-06,2026-06-30,2.6,2.0,4.0,0.0,4.0,4.0,3.0,4.0,0.0,-1.0,1.0,0.0,0.0,0.095,0,0,3.75,3.0,4.0,0.0,0.0,2.0,6.0,0.462,2.0,0.0,0.939,4.0,3.0,2.08,18.0,0.0,0.822,0.939,2.488,2,0.0,4.0,synthetic_generator,demo_gen_seed42,SYNTHETIC,true,false,42,generator-synthetic-v1.0.0,synthetic-v1.0.0,2026-06-30
SYN_T0072,8,C8,DEP_02,UP_12,2026-06,2026-06-30,3.31,3.0,5.0,0.822,3.0,3.0,3.0,4.0,0.0,0.0,1.0,0.333,0.0,0.19,1,0,3.25,3.0,4.0,0.0,0.0,2.0,6.0,0.462,4.0,0.0,0.327,18.0,14.0,2.29,18.0,0.0,0.687,0.327,2.292,4,0.0,18.0,synthetic_generator,demo_gen_seed42,SYNTHETIC,true,false,42,generator-synthetic-v1.0.0,synthetic-v1.0.0,2026-06-30
SYN_T0072,9,C9,DEP_02,UP_12,2026-06,2026-06-30,2.68,1.0,3.0,0.189,3.0,3.0,3.0,3.0,0.0,0.0,0.0,0.0,212.0,0.19,1,1,3.0,3.0,3.0,0.0,0.0,3.0,6.0,0.462,4.0,1.0,0.196,1.0,1.0,2.29,18.0,6.965,0.452,0.196,2.292,4,16.0,1.0,synthetic_generator,demo_gen_seed42,SYNTHETIC,true,false,42,generator-synthetic-v1.0.0,synthetic-v1.0.0,2026-06-30
SYN_T0073,1,C1,DEP_03,UP_01,2026-06,2026-06-30,2.61,2.0,4.0,0.0,3.0,3.0,4.0,3.0,0.0,1.0,-1.0,0.0,181.0,0.048,1,0,3.25,3.0,4.0,0.0,0.0,3.0,7.0,0.538,1.0,0.0,0.431,16.0,10.0,2.44,18.0,5.946,0.492,0.431,2.923,1,0.0,16.0,synthetic_generator,demo_gen_seed42,SYNTHETIC,true,false,42,generator-synthetic-v1.0.0,synthetic-v1.0.0,2026-06-30
SYN_T0073,10,C10,DEP_03,UP_01,2026-06,2026-06-30,2.88,2.0,4.0,0.061,4.0,4.0,4.0,4.0,0.0,0.0,0.0,0.0,426.0,0.048,1,1,4.0,4.0,4.0,0.0,0.0,4.0,7.0,0.538,1.0,0.0,0.433,3.0,3.0,2.44,18.0,13.0,0.301,0.433,2.923,1,14.0,3.0,synthetic_generator,demo_gen_seed42,SYNTHETIC,true,false,42,generator-synthetic-v1.0.0,synthetic-v1.0.0,2026-06-30
SYN_T0076,7,C7,DEP_01,UP_04,2026-06,2026-06-30,4.03,2.0,4.0,0.0,5.0,5.0,4.0,5.0,0.0,-1.0,1.0,0.0,181.0,0.286,0,0,4.75,4.0,5.0,3.0,0.0,5.0,8.0,0.615,6.0,1.0,0.797,4.0,3.0,3.077,18.0,5.946,0.912,0.797,3.346,6,0.0,4.0,synthetic_generator,demo_gen_seed42,SYNTHETIC,true,false,42,generator-synthetic-v1.0.0,synthetic-v1.0.0,2026-06-30
SYN_T0077,11,C11,DEP_02,UP_05,2026-06,2026-06-30,4.28,3.0,5.0,0.03,5.0,5.0,5.0,5.0,0.0,0.0,0.0,0.0,181.0,0.143,0,1,5.0,5.0,5.0,4.0,0.0,5.0,7.0,0.538,3.0,1.0,0.704,8.0,4.0,2.518,18.0,5.946,0.727,0.704,2.83,3,9.0,8.0,synthetic_generator,demo_gen_seed42,SYNTHETIC,true,false,42,generator-synthetic-v1.0.0,synthetic-v1.0.0,2026-06-30
SYN_T0080,4,C4,DEP_05,UP_08,2026-06,2026-06-30,2.9,2.0,4.0,0.0,4.0,4.0,4.0,4.0,0.0,0.0,0.0,0.0,0.0,0.19,0,1,4.0,4.0,4.0,0.0,0.0,2.0,6.0,0.462,4.0,0.0,0.786,11.0,8.0,2.657,18.0,0.0,0.772,0.786,2.785,4,6.0,11.0,synthetic_generator,demo_gen_seed42,SYNTHETIC,true,false,42,generator-synthetic-v1.0.0,synthetic-v1.0.0,2026-06-30
SYN_T0081,10,C10,DEP_01,UP_09,2026-06,2026-06-30,3.1,2.0,4.0,0.027,4.0,4.0,4.0,4.0,0.0,0.0,0.0,0.0,150.0,0.19,0,1,4.0,4.0,4.0,0.0,0.0,4.0,9.0,0.692,4.0,1.0,0.818,0.0,0.0,2.959,18.0,4.928,0.801,0.818,3.14,4,19.0,0.0,synthetic_generator,demo_gen_seed42,SYNTHETIC,true,false,42,generator-synthetic-v1.0.0,synthetic-v1.0.0,2026-06-30
SYN_T0083,2,C2,DEP_03,UP_11,2026-06,2026-06-30,4.25,3.0,5.0,0.179,5.0,5.0,5.0,5.0,0.0,0.0,0.0,0.0,30.0,0.19,0,1,5.0,5.0,5.0,4.0,0.0,4.0,7.0,0.538,4.0,0.0,0.763,9.0,7.0,2.614,18.0,0.986,0.76,0.763,3.088,4,8.0,9.0,synthetic_generator,demo_gen_seed42,SYNTHETIC,true,false,42,generator-synthetic-v1.0.0,synthetic-v1.0.0,2026-06-30
SYN_T0083,5,C5,DEP_03,UP_11,2026-06,2026-06-30,2.91,3.0,5.0,0.914,3.0,4.0,4.0,4.0,1.0,0.0,0.0,0.333,0.0,0.286,0,0,3.75,3.0,4.0,0.0,0.0,3.0,7.0,0.538,6.0,1.0,0.822,18.0,13.0,2.614,18.0,0.0,0.704,0.822,3.088,6,2.0,18.0,synthetic_generator,demo_gen_seed42,SYNTHETIC,true,false,42,generator-synthetic-v1.0.0,synthetic-v1.0.0,2026-06-30
SYN_T0083,7,C7,DEP_03,UP_11,2026-06,2026-06-30,2.0,2.0,4.0,0.752,4.0,4.0,3.0,3.0,0.0,-1.0,0.0,-0.333,91.0,0.19,0,0,3.5,3.0,4.0,0.0,0.0,5.0,7.0,0.538,4.0,0.0,0.65,12.0,6.0,2.614,18.0,2.989,0.768,0.65,3.088,4,1.0,12.0,synthetic_generator,demo_gen_seed42,SYNTHETIC,true,false,42,generator-synthetic-v1.0.0,synthetic-v1.0.0,2026-06-30
SYN_T0085,10,C10,DEP_05,UP_01,2026-06,2026-06-30,2.4,2.0,4.0,1.034,2.0,2.0,3.0,3.0,0.0,1.0,0.0,0.333,0.0,0.143,1,0,2.5,2.0,3.0,0.0,0.0,4.0,6.0,0.462,3.0,0.0,0.377,18.0,14.0,2.192,18.0,0.0,0.551,0.377,1.743,3,1.0,18.0,synthetic_generator,demo_gen_seed42,SYNTHETIC,true,false,42,generator-synthetic-v1.0.0,synthetic-v1.0.0,2026-06-30
SYN_T0088,8,C8,DEP_03,UP_04,2026-06,2026-06-30,2.52,3.0,5.0,0.916,3.0,3.0,3.0,3.0,0.0,0.0,0.0,0.0,91.0,0.19,0,1,3.0,3.0,3.0,0.0,0.0,2.0,8.0,0.615,4.0,0.0,0.65,18.0,11.0,2.771,18.0,2.989,0.704,0.65,3.545,4,4.0,18.0,synthetic_generator,demo_gen_seed42,SYNTHETIC,true,false,42,generator-synthetic-v1.0.0,synthetic-v1.0.0,2026-06-30
SYN_T0089,5,C5,DEP_04,UP_05,2026-06,2026-06-30,1.81,3.0,5.0,2.062,3.0,3.0,3.0,3.0,0.0,0.0,0.0,0.0,30.0,0.19,0,1,3.0,3.0,3.0,0.0,0.0,3.0,8.0,0.615,4.0,1.0,0.614,18.0,11.0,3.029,18.0,0.986,0.697,0.614,4.042,4,3.0,18.0,synthetic_generator,demo_gen_seed42,SYNTHETIC,true,false,42,generator-synthetic-v1.0.0,synthetic-v1.0.0,2026-06-30
SYN_T0090,2,C2,DEP_05,UP_06,2026-06,2026-06-30,3.93,3.0,5.0,0.0,5.0,5.0,5.0,5.0,0.0,0.0,0.0,0.0,61.0,0.19,1,1,5.0,5.0,5.0,4.0,0.0,4.0,7.0,0.538,4.0,0.0,0.185,4.0,3.0,2.933,18.0,2.004,0.631,0.185,3.491,4,13.0,4.0,synthetic_generator,demo_gen_seed42,SYNTHETIC,true,false,42,generator-synthetic-v1.0.0,synthetic-v1.0.0,2026-06-30
SYN_T0091,9,C9,DEP_01,UP_07,2026-06,2026-06-30,4.34,1.0,3.0,0.0,5.0,5.0,5.0,5.0,0.0,0.0,0.0,0.0,212.0,0.19,1,1,5.0,5.0,5.0,4.0,0.0,3.0,6.0,0.462,4.0,2.0,0.26,0.0,0.0,3.121,18.0,6.965,0.501,0.26,3.524,4,10.0,0.0,synthetic_generator,demo_gen_seed42,SYNTHETIC,true,false,42,generator-synthetic-v1.0.0,synthetic-v1.0.0,2026-06-30
SYN_T0095,4,C4,DEP_05,UP_11,2026-06,2026-06-30,3.33,2.0,4.0,0.0,4.0,4.0,5.0,5.0,0.0,1.0,0.0,0.333,30.0,0.286,0,0,4.5,4.0,5.0,2.0,0.0,2.0,6.0,0.462,6.0,0.0,0.626,12.0,7.0,2.044,18.0,0.986,0.811,0.626,2.077,6,1.0,12.0,synthetic_generator,demo_gen_seed42,SYNTHETIC,true,false,42,generator-synthetic-v1.0.0,synthetic-v1.0.0,2026-06-30
SYN_T0098,11,C11,DEP_03,UP_02,2026-06,2026-06-30,2.4,3.0,5.0,0.046,3.0,4.0,4.0,4.0,1.0,0.0,0.0,0.333,30.0,0.238,0,0,3.75,3.0,4.0,0.0,0.0,5.0,7.0,0.538,5.0,1.0,0.602,18.0,11.0,2.364,18.0,0.986,0.687,0.602,2.858,5,2.0,18.0,synthetic_generator,demo_gen_seed42,SYNTHETIC,true,false,42,generator-synthetic-v1.0.0,synthetic-v1.0.0,2026-06-30
SYN_T0030,7,C7,DEP_05,UP_06,2025-10,2025-10-31,1.94,2.0,4.0,2.189,2.0,2.0,2.0,2.0,0.0,0.0,0.0,0.0,245.0,0.077,1,1,2.0,2.0,2.0,0.0,0.0,5.0,8.0,0.615,1.0,0.0,0.46,10.0,9.0,2.868,10.0,8.049,0.304,0.46,2.66,1,12.0,10.0,synthetic_generator,demo_gen_seed42,SYNTHETIC,true,false,42,generator-synthetic-v1.0.0,synthetic-v1.0.0,2025-10-31
SYN_T0033,11,C11,DEP_03,UP_09,2026-02,2026-02-28,3.98,3.0,5.0,0.0,5.0,5.0,5.0,5.0,0.0,0.0,0.0,0.0,0.0,0.235,0,1,5.0,5.0,5.0,4.0,0.0,5.0,7.0,0.538,4.0,1.0,0.911,2.0,1.0,2.662,14.0,0.0,0.857,0.911,3.047,4,11.0,2.0,synthetic_generator,demo_gen_seed42,SYNTHETIC,true,false,42,generator-synthetic-v1.0.0,synthetic-v1.0.0,2026-02-28
SYN_T0036,7,C7,DEP_01,UP_12,2026-02,2026-02-28,2.62,2.0,4.0,0.971,3.0,3.0,3.0,3.0,0.0,0.0,0.0,0.0,334.0,0.059,1,1,3.0,3.0,3.0,0.0,0.0,5.0,8.0,0.615,1.0,1.0,0.14,14.0,7.0,3.36,14.0,10.972,0.144,0.14,2.833,1,11.0,14.0,synthetic_generator,demo_gen_seed42,SYNTHETIC,true,false,42,generator-synthetic-v1.0.0,synthetic-v1.0.0,2026-02-28
SYN_T0085,4,C4,DEP_05,UP_01,2025-12,2025-12-31,4.15,2.0,4.0,0.0,4.0,4.0,5.0,5.0,0.0,1.0,0.0,0.333,31.0,0.2,0,0,4.5,4.0,5.0,2.0,0.0,2.0,6.0,0.462,3.0,0.0,0.505,5.0,3.0,2.218,12.0,1.018,0.677,0.505,2.215,3,1.0,5.0,synthetic_generator,demo_gen_seed42,SYNTHETIC,true,false,42,generator-synthetic-v1.0.0,synthetic-v1.0.0,2025-12-31
SYN_T0034,12,C12,DEP_04,UP_10,2025-08,2025-08-31,1.22,1.0,3.0,0.031,2.0,2.0,2.0,2.0,0.0,0.0,0.0,0.0,999.0,0.0,1,1,2.0,2.0,2.0,0.0,0.0,2.0,9.0,0.692,0.0,1.0,0.344,7.0,6.0,2.295,8.0,13.0,0.295,0.344,2.244,0,6.0,7.0,synthetic_generator,demo_gen_seed42,SYNTHETIC,true,false,42,generator-synthetic-v1.0.0,synthetic-v1.0.0,2025-08-31
SYN_T0031,2,C2,DEP_01,UP_07,2026-01,2026-01-31,2.76,3.0,5.0,2.018,3.0,3.0,3.0,3.0,0.0,0.0,0.0,0.0,31.0,0.25,0,1,3.0,3.0,3.0,0.0,0.0,4.0,7.0,0.538,4.0,0.0,0.602,13.0,6.0,3.744,13.0,1.018,0.695,0.602,3.646,4,4.0,13.0,synthetic_generator,demo_gen_seed42,SYNTHETIC,true,false,42,generator-synthetic-v1.0.0,synthetic-v1.0.0,2026-01-31
SYN_T0023,11,C11,DEP_03,UP_11,2025-12,2025-12-31,3.09,3.0,5.0,1.926,3.0,3.0,3.0,3.0,0.0,0.0,0.0,0.0,31.0,0.133,1,1,3.0,3.0,3.0,0.0,0.0,5.0,7.0,0.538,2.0,0.0,0.083,12.0,9.0,3.35,12.0,1.018,0.394,0.083,3.154,2,14.0,12.0,synthetic_generator,demo_gen_seed42,SYNTHETIC,true,false,42,generator-synthetic-v1.0.0,synthetic-v1.0.0,2025-12-31
SYN_T0016,7,C7,DEP_01,UP_04,2025-10,2025-10-31,2.93,2.0,4.0,0.0,4.0,4.0,4.0,4.0,0.0,0.0,0.0,0.0,214.0,0.077,1,1,4.0,4.0,4.0,0.0,0.0,5.0,7.0,0.538,1.0,0.0,0.124,0.0,0.0,2.22,10.0,7.03,0.211,0.124,2.356,1,12.0,0.0,synthetic_generator,demo_gen_seed42,SYNTHETIC,true,false,42,generator-synthetic-v1.0.0,synthetic-v1.0.0,2025-10-31
SYN_T0066,7,C7,DEP_01,UP_06,2026-04,2026-04-30,2.43,2.0,4.0,0.835,3.0,3.0,3.0,3.0,0.0,0.0,0.0,0.0,242.0,0.053,0,1,3.0,3.0,3.0,0.0,0.0,5.0,7.0,0.538,1.0,0.0,high,16.0,10.0,3.095,16.0,7.95,0.556,0.502,3.301,1,8.0,16.0,synthetic_generator,demo_gen_seed42,SYNTHETIC,true,false,42,generator-synthetic-v1.0.0,synthetic-v1.0.0,2026-04-30
SYN_T0076,7,C7,DEP_01,UP_04,2026-06,2026-06-30,4.03,2.0,4.0,0.0,5.0,5.0,4.0,5.0,0.0,-1.0,1.0,0.0,181.0,0.286,0,0,4.75,4.0,5.0,3.0,0.0,5.0,8.0,0.615,6.0,1.0,high,4.0,3.0,3.077,18.0,5.946,0.912,0.797,3.346,6,0.0,4.0,synthetic_generator,demo_gen_seed42,SYNTHETIC,true,false,42,generator-synthetic-v1.0.0,synthetic-v1.0.0,2026-06-30
SYN_T0035,7,C7,DEP_05,UP_11,2025-04,2025-04-30,2.58,2.0,4.0,1.015,3.0,3.0,3.0,3.0,0.0,0.0,0.0,0.0,61.0,0.286,0,1,3.0,3.0,3.0,0.0,0.0,5.0,8.0,0.615,2.0,0.0,high,4.0,4.0,2.845,4.0,2.004,0.825,0.979,3.159,2,5.0,4.0,synthetic_generator,demo_gen_seed42,SYNTHETIC,true,false,42,generator-synthetic-v1.0.0,synthetic-v1.0.0,2025-04-30
SYN_T0009,8,C8,DEP_04,UP_09,2025-13-01,2025-13-01,3.95,3.0,5.0,0.0,5.0,5.0,5.0,5.0,0.0,0.0,0.0,0.0,999.0,0.0,0,1,5.0,5.0,5.0,4.0,0.0,2.0,7.0,0.538,0.0,0.0,0.908,0.0,0.0,2.442,3.0,13.0,0.459,0.908,2.396,0,5.0,0.0,synthetic_generator,demo_gen_seed42,SYNTHETIC,true,false,42,generator-synthetic-v1.0.0,synthetic-v1.0.0,2025-03-31
SYN_T0027,4,C4,DEP_02,UP_03,2025-13-01,2025-13-01,2.73,2.0,4.0,0.125,3.0,3.0,3.0,3.0,0.0,0.0,0.0,0.0,999.0,0.0,1,1,3.0,3.0,3.0,0.0,0.0,2.0,7.0,0.538,0.0,1.0,0.266,1.0,1.0,2.794,1.0,13.0,0.19,0.266,2.794,0,3.0,1.0,synthetic_generator,demo_gen_seed42,SYNTHETIC,true,false,42,generator-synthetic-v1.0.0,synthetic-v1.0.0,2025-01-31
